game_id,season,week,event_time,team,opponent,actual_margin,game_result,source_provenance,recorded_at,split
NCAA-2021-352898,2021,1,2021-08-28T17:00:00+00:00,ILL,NEB,8,W,NCAA_OFFICIAL_SCOREBOARD_FEED|https://data.ncaa.com/casablanca/scoreboard/football/fbs/2021/01/scoreboard.json,2026-08-22T03:41:50+00:00,training
NCAA-2021-352793,2021,1,2021-08-28T18:00:00+00:00,FRES,UConn,45,W,NCAA_OFFICIAL_SCOREBOARD_FEED|https://data.ncaa.com/casablanca/scoreboard/football/fbs/2021/01/scoreboard.json,2026-08-22T03:41:50+00:00,training
NCAA-2021-353643,2021,1,2021-08-28T19:30:00+00:00,UCLA,HAW,34,W,NCAA_OFFICIAL_SCOREBOARD_FEED|https://data.ncaa.com/casablanca/scoreboard/football/fbs/2021/01/scoreboard.json,2026-08-22T03:41:50+00:00,training
NCAA-2021-353178,2021,1,2021-08-29T01:30:00+00:00,NMSU,UTEP,-27,L,NCAA_OFFICIAL_SCOREBOARD_FEED|https://data.ncaa.com/casablanca/scoreboard/football/fbs/2021/01/scoreboard.json,2026-08-22T03:41:50+00:00,training
NCAA-2021-353636,2021,1,2021-09-02T23:00:00+00:00,UCF,BOISE,5,W,NCAA_OFFICIAL_SCOREBOARD_FEED|https://data.ncaa.com/casablanca/scoreboard/football/fbs/2021/01/scoreboard.json,2026-08-22T03:41:50+00:00,training
NCAA-2021-353143,2021,1,2021-09-02T23:30:00+00:00,NCSU,USF,45,W,NCAA_OFFICIAL_SCOREBOARD_FEED|https://data.ncaa.com/casablanca/scoreboard/football/fbs/2021/01/scoreboard.json,2026-08-22T03:41:50+00:00,training
NCAA-2021-353045,2021,1,2021-09-03T00:00:00+00:00,MINN,OSU,-14,L,NCAA_OFFICIAL_SCOREBOARD_FEED|https://data.ncaa.com/casablanca/scoreboard/football/fbs/2021/01/scoreboard.json,2026-08-22T03:41:50+00:00,training
NCAA-2021-353741,2021,1,2021-09-03T22:00:00+00:00,VT,UNC,7,W,NCAA_OFFICIAL_SCOREBOARD_FEED|https://data.ncaa.com/casablanca/scoreboard/football/fbs/2021/01/scoreboard.json,2026-08-22T03:41:50+00:00,training
NCAA-2021-353136,2021,1,2021-09-03T23:00:00+00:00,CHAR,DUKE,3,W,NCAA_OFFICIAL_SCOREBOARD_FEED|https://data.ncaa.com/casablanca/scoreboard/football/fbs/2021/01/scoreboard.json,2026-08-22T03:41:50+00:00,training
NCAA-2021-353756,2021,1,2021-09-03T23:00:00+00:00,WAKE,ODU,32,W,NCAA_OFFICIAL_SCOREBOARD_FEED|https://data.ncaa.com/casablanca/scoreboard/football/fbs/2021/01/scoreboard.json,2026-08-22T03:41:50+00:00,training
NCAA-2021-353199,2021,1,2021-09-04T01:00:00+00:00,NU,MSU,-17,L,NCAA_OFFICIAL_SCOREBOARD_FEED|https://data.ncaa.com/casablanca/scoreboard/football/fbs/2021/01/scoreboard.json,2026-08-22T03:41:50+00:00,training
NCAA-2021-2081798,2021,1,2021-09-04T16:00:00+00:00,RUTG,TEM,47,W,NCAA_OFFICIAL_SCOREBOARD_FEED|https://data.ncaa.com/casablanca/scoreboard/football/fbs/2021/01/scoreboard.json,2026-08-22T03:41:50+00:00,training
NCAA-2021-353791,2021,1,2021-09-04T16:00:00+00:00,WIS,PSU,-6,L,NCAA_OFFICIAL_SCOREBOARD_FEED|https://data.ncaa.com/casablanca/scoreboard/football/fbs/2021/01/scoreboard.json,2026-08-22T03:41:50+00:00,training
NCAA-2021-353977,2021,1,2021-09-04T16:00:00+00:00,KSU,STAN,17,W,NCAA_OFFICIAL_SCOREBOARD_FEED|https://data.ncaa.com/casablanca/scoreboard/football/fbs/2021/01/scoreboard.json,2026-08-22T03:41:50+00:00,training
NCAA-2021-365768,2021,1,2021-09-04T16:00:00+00:00,OU,TLN,5,W,NCAA_OFFICIAL_SCOREBOARD_FEED|https://data.ncaa.com/casablanca/scoreboard/football/fbs/2021/01/scoreboard.json,2026-08-22T03:41:50+00:00,training
NCAA-2021-352576,2021,1,2021-09-04T18:00:00+00:00,ARK,RICE,21,W,NCAA_OFFICIAL_SCOREBOARD_FEED|https://data.ncaa.com/casablanca/scoreboard/football/fbs/2021/01/scoreboard.json,2026-08-22T03:41:50+00:00,training
NCAA-2021-353248,2021,1,2021-09-04T18:00:00+00:00,ORE,FRES,7,W,NCAA_OFFICIAL_SCOREBOARD_FEED|https://data.ncaa.com/casablanca/scoreboard/football/fbs/2021/01/scoreboard.json,2026-08-22T03:41:50+00:00,training
NCAA-2021-352919,2021,1,2021-09-04T19:30:00+00:00,IOWA,IU,28,W,NCAA_OFFICIAL_SCOREBOARD_FEED|https://data.ncaa.com/casablanca/scoreboard/football/fbs/2021/01/scoreboard.json,2026-08-22T03:41:50+00:00,training
NCAA-2021-353122,2021,1,2021-09-04T19:30:00+00:00,NAVY,MRSH,-42,L,NCAA_OFFICIAL_SCOREBOARD_FEED|https://data.ncaa.com/casablanca/scoreboard/football/fbs/2021/01/scoreboard.json,2026-08-22T03:41:50+00:00,training
NCAA-2021-353978,2021,1,2021-09-04T19:30:00+00:00,MIA,ALA,-31,L,NCAA_OFFICIAL_SCOREBOARD_FEED|https://data.ncaa.com/casablanca/scoreboard/football/fbs/2021/01/scoreboard.json,2026-08-22T03:41:50+00:00,training
NCAA-2021-352474,2021,1,2021-09-04T20:00:00+00:00,MSST,LT,1,W,NCAA_OFFICIAL_SCOREBOARD_FEED|https://data.ncaa.com/casablanca/scoreboard/football/fbs/2021/01/scoreboard.json,2026-08-22T03:41:50+00:00,training
NCAA-2021-353010,2021,1,2021-09-04T20:30:00+00:00,MD,WVU,6,W,NCAA_OFFICIAL_SCOREBOARD_FEED|https://data.ncaa.com/casablanca/scoreboard/football/fbs/2021/01/scoreboard.json,2026-08-22T03:41:50+00:00,training
NCAA-2021-364339,2021,1,2021-09-04T22:00:00+00:00,USC,SJSU,23,W,NCAA_OFFICIAL_SCOREBOARD_FEED|https://data.ncaa.com/casablanca/scoreboard/football/fbs/2021/01/scoreboard.json,2026-08-22T03:41:50+00:00,training
NCAA-2021-353304,2021,1,2021-09-04T23:00:00+00:00,PUR,ORST,9,W,NCAA_OFFICIAL_SCOREBOARD_FEED|https://data.ncaa.com/casablanca/scoreboard/football/fbs/2021/01/scoreboard.json,2026-08-22T03:41:50+00:00,training
NCAA-2021-353979,2021,1,2021-09-04T23:00:00+00:00,HOU,TTU,-17,L,NCAA_OFFICIAL_SCOREBOARD_FEED|https://data.ncaa.com/casablanca/scoreboard/football/fbs/2021/01/scoreboard.json,2026-08-22T03:41:50+00:00,training
NCAA-2021-352779,2021,1,2021-09-04T23:30:00+00:00,FLA,FAU,21,W,NCAA_OFFICIAL_SCOREBOARD_FEED|https://data.ncaa.com/casablanca/scoreboard/football/fbs/2021/01/scoreboard.json,2026-08-22T03:41:50+00:00,training
NCAA-2021-352899,2021,1,2021-09-04T23:30:00+00:00,ILL,UTSA,-7,L,NCAA_OFFICIAL_SCOREBOARD_FEED|https://data.ncaa.com/casablanca/scoreboard/football/fbs/2021/01/scoreboard.json,2026-08-22T03:41:50+00:00,training
NCAA-2021-353980,2021,1,2021-09-04T23:30:00+00:00,CLEM,UGA,-7,L,NCAA_OFFICIAL_SCOREBOARD_FEED|https://data.ncaa.com/casablanca/scoreboard/football/fbs/2021/01/scoreboard.json,2026-08-22T03:41:50+00:00,training
NCAA-2021-353644,2021,1,2021-09-05T00:30:00+00:00,UCLA,LSU,11,W,NCAA_OFFICIAL_SCOREBOARD_FEED|https://data.ncaa.com/casablanca/scoreboard/football/fbs/2021/01/scoreboard.json,2026-08-22T03:41:50+00:00,training
NCAA-2021-352611,2021,1,2021-09-05T02:30:00+00:00,CAL,NEV,-5,L,NCAA_OFFICIAL_SCOREBOARD_FEED|https://data.ncaa.com/casablanca/scoreboard/football/fbs/2021/01/scoreboard.json,2026-08-22T03:41:50+00:00,training
NCAA-2021-353411,2021,1,2021-09-05T02:30:00+00:00,SDSU,NMSU,18,W,NCAA_OFFICIAL_SCOREBOARD_FEED|https://data.ncaa.com/casablanca/scoreboard/football/fbs/2021/01/scoreboard.json,2026-08-22T03:41:50+00:00,training
NCAA-2021-353981,2021,1,2021-09-05T02:30:00+00:00,ARIZ,BYU,-8,L,NCAA_OFFICIAL_SCOREBOARD_FEED|https://data.ncaa.com/casablanca/scoreboard/football/fbs/2021/01/scoreboard.json,2026-08-22T03:41:50+00:00,training
NCAA-2021-353770,2021,1,2021-09-05T03:00:00+00:00,WSU,USU,-3,L,NCAA_OFFICIAL_SCOREBOARD_FEED|https://data.ncaa.com/casablanca/scoreboard/football/fbs/2021/01/scoreboard.json,2026-08-22T03:41:50+00:00,training
NCAA-2021-352800,2021,1,2021-09-06T00:30:00+00:00,FSU,ND,-3,L,NCAA_OFFICIAL_SCOREBOARD_FEED|https://data.ncaa.com/casablanca/scoreboard/football/fbs/2021/01/scoreboard.json,2026-08-22T03:41:50+00:00,training
NCAA-2021-353982,2021,1,2021-09-07T00:00:00+00:00,MISS,LOU,19,W,NCAA_OFFICIAL_SCOREBOARD_FEED|https://data.ncaa.com/casablanca/scoreboard/football/fbs/2021/01/scoreboard.json,2026-08-22T03:41:50+00:00,training
NCAA-2021-352534,2021,2,2021-09-11T01:30:00+00:00,BOISE,UTEP,41,W,NCAA_OFFICIAL_SCOREBOARD_FEED|https://data.ncaa.com/casablanca/scoreboard/football/fbs/2021/02/scoreboard.json,2026-08-22T03:41:50+00:00,training
NCAA-2021-353714,2021,2,2021-09-11T15:00:00+00:00,UVA,ILL,28,W,NCAA_OFFICIAL_SCOREBOARD_FEED|https://data.ncaa.com/casablanca/scoreboard/football/fbs/2021/02/scoreboard.json,2026-08-22T03:41:50+00:00,training
NCAA-2021-353228,2021,2,2021-09-11T16:00:00+00:00,OKST,TLSA,5,W,NCAA_OFFICIAL_SCOREBOARD_FEED|https://data.ncaa.com/casablanca/scoreboard/football/fbs/2021/02/scoreboard.json,2026-08-22T03:41:50+00:00,training
NCAA-2021-353262,2021,2,2021-09-11T16:00:00+00:00,OSU,ORE,-7,L,NCAA_OFFICIAL_SCOREBOARD_FEED|https://data.ncaa.com/casablanca/scoreboard/football/fbs/2021/02/scoreboard.json,2026-08-22T03:41:50+00:00,training
NCAA-2021-352737,2021,2,2021-09-11T17:00:00+00:00,ECU,SC,-3,L,NCAA_OFFICIAL_SCOREBOARD_FEED|https://data.ncaa.com/casablanca/scoreboard/football/fbs/2021/02/scoreboard.json,2026-08-22T03:41:50+00:00,training
NCAA-2021-353425,2021,2,2021-09-11T17:00:00+00:00,USF,FLA,-22,L,NCAA_OFFICIAL_SCOREBOARD_FEED|https://data.ncaa.com/casablanca/scoreboard/football/fbs/2021/02/scoreboard.json,2026-08-22T03:41:50+00:00,training
NCAA-2021-353524,2021,2,2021-09-11T17:00:00+00:00,TENN,PITT,-7,L,NCAA_OFFICIAL_SCOREBOARD_FEED|https://data.ncaa.com/casablanca/scoreboard/football/fbs/2021/02/scoreboard.json,2026-08-22T03:41:50+00:00,training
NCAA-2021-353474,2021,2,2021-09-11T18:00:00+00:00,SYR,RUTG,-10,L,NCAA_OFFICIAL_SCOREBOARD_FEED|https://data.ncaa.com/casablanca/scoreboard/football/fbs/2021/02/scoreboard.json,2026-08-22T03:41:50+00:00,training
NCAA-2021-353742,2021,2,2021-09-11T18:00:00+00:00,VT,MTSU,21,W,NCAA_OFFICIAL_SCOREBOARD_FEED|https://data.ncaa.com/casablanca/scoreboard/football/fbs/2021/02/scoreboard.json,2026-08-22T03:41:50+00:00,training
NCAA-2021-352668,2021,2,2021-09-11T19:30:00+00:00,COLO,TA&M,-3,L,NCAA_OFFICIAL_SCOREBOARD_FEED|https://data.ncaa.com/casablanca/scoreboard/football/fbs/2021/02/scoreboard.json,2026-08-22T03:41:50+00:00,training
NCAA-2021-352821,2021,2,2021-09-11T19:30:00+00:00,UGA,UAB,49,W,NCAA_OFFICIAL_SCOREBOARD_FEED|https://data.ncaa.com/casablanca/scoreboard/football/fbs/2021/02/scoreboard.json,2026-08-22T03:41:50+00:00,training
NCAA-2021-353123,2021,2,2021-09-11T19:30:00+00:00,NAVY,AF,-20,L,NCAA_OFFICIAL_SCOREBOARD_FEED|https://data.ncaa.com/casablanca/scoreboard/football/fbs/2021/02/scoreboard.json,2026-08-22T03:41:50+00:00,training
NCAA-2021-353503,2021,2,2021-09-11T19:30:00+00:00,TCU,CAL,2,W,NCAA_OFFICIAL_SCOREBOARD_FEED|https://data.ncaa.com/casablanca/scoreboard/football/fbs/2021/02/scoreboard.json,2026-08-22T03:41:50+00:00,training
NCAA-2021-352675,2021,2,2021-09-11T20:00:00+00:00,UConn,PUR,-49,L,NCAA_OFFICIAL_SCOREBOARD_FEED|https://data.ncaa.com/casablanca/scoreboard/football/fbs/2021/02/scoreboard.json,2026-08-22T03:41:50+00:00,training
NCAA-2021-352885,2021,2,2021-09-11T20:30:00+00:00,ISU,IOWA,-10,L,NCAA_OFFICIAL_SCOREBOARD_FEED|https://data.ncaa.com/casablanca/scoreboard/football/fbs/2021/02/scoreboard.json,2026-08-22T03:41:50+00:00,training
NCAA-2021-353318,2021,2,2021-09-11T22:30:00+00:00,RICE,HOU,-37,L,NCAA_OFFICIAL_SCOREBOARD_FEED|https://data.ncaa.com/casablanca/scoreboard/football/fbs/2021/02/scoreboard.json,2026-08-22T03:41:50+00:00,training
NCAA-2021-352475,2021,2,2021-09-11T23:00:00+00:00,MSST,NCSU,14,W,NCAA_OFFICIAL_SCOREBOARD_FEED|https://data.ncaa.com/casablanca/scoreboard/football/fbs/2021/02/scoreboard.json,2026-08-22T03:41:50+00:00,training
NCAA-2021-352577,2021,2,2021-09-11T23:00:00+00:00,ARK,TEX,19,W,NCAA_OFFICIAL_SCOREBOARD_FEED|https://data.ncaa.com/casablanca/scoreboard/football/fbs/2021/02/scoreboard.json,2026-08-22T03:41:50+00:00,training
NCAA-2021-353172,2021,2,2021-09-11T23:00:00+00:00,NM,NMSU,11,W,NCAA_OFFICIAL_SCOREBOARD_FEED|https://data.ncaa.com/casablanca/scoreboard/football/fbs/2021/02/scoreboard.json,2026-08-22T03:41:50+00:00,training
NCAA-2021-353454,2021,2,2021-09-11T23:00:00+00:00,SMU,UNT,23,W,NCAA_OFFICIAL_SCOREBOARD_FEED|https://data.ncaa.com/casablanca/scoreboard/football/fbs/2021/02/scoreboard.json,2026-08-22T03:41:50+00:00,training
NCAA-2021-352962,2021,2,2021-09-12T00:30:00+00:00,UK,MIZ,7,W,NCAA_OFFICIAL_SCOREBOARD_FEED|https://data.ncaa.com/casablanca/scoreboard/football/fbs/2021/02/scoreboard.json,2026-08-22T03:41:50+00:00,training
NCAA-2021-353032,2021,2,2021-09-12T01:00:00+00:00,MICH,WASH,21,W,NCAA_OFFICIAL_SCOREBOARD_FEED|https://data.ncaa.com/casablanca/scoreboard/football/fbs/2021/02/scoreboard.json,2026-08-22T03:41:50+00:00,training
NCAA-2021-352425,2021,2,2021-09-12T02:00:00+00:00,ARIZ,SDSU,-24,L,NCAA_OFFICIAL_SCOREBOARD_FEED|https://data.ncaa.com/casablanca/scoreboard/football/fbs/2021/02/scoreboard.json,2026-08-22T03:41:50+00:00,training
NCAA-2021-352696,2021,2,2021-09-12T02:00:00+00:00,CSU,VAN,-3,L,NCAA_OFFICIAL_SCOREBOARD_FEED|https://data.ncaa.com/casablanca/scoreboard/football/fbs/2021/02/scoreboard.json,2026-08-22T03:41:50+00:00,training
NCAA-2021-352604,2021,2,2021-09-12T02:15:00+00:00,BYU,UTAH,9,W,NCAA_OFFICIAL_SCOREBOARD_FEED|https://data.ncaa.com/casablanca/scoreboard/football/fbs/2021/02/scoreboard.json,2026-08-22T03:41:50+00:00,training
NCAA-2021-352440,2021,2,2021-09-12T02:30:00+00:00,ASU,UNLV,27,W,NCAA_OFFICIAL_SCOREBOARD_FEED|https://data.ncaa.com/casablanca/scoreboard/football/fbs/2021/02/scoreboard.json,2026-08-22T03:41:50+00:00,training
NCAA-2021-353255,2021,2,2021-09-12T03:00:00+00:00,ORST,HAW,18,W,NCAA_OFFICIAL_SCOREBOARD_FEED|https://data.ncaa.com/casablanca/scoreboard/football/fbs/2021/02/scoreboard.json,2026-08-22T03:41:50+00:00,training
NCAA-2021-364340,2021,2,2021-09-12T03:30:00+00:00,USC,STAN,-14,L,NCAA_OFFICIAL_SCOREBOARD_FEED|https://data.ncaa.com/casablanca/scoreboard/football/fbs/2021/02/scoreboard.json,2026-08-22T03:41:50+00:00,training
NCAA-2021-352983,2021,3,2021-09-17T23:30:00+00:00,LOU,UCF,7,W,NCAA_OFFICIAL_SCOREBOARD_FEED|https://data.ncaa.com/casablanca/scoreboard/football/fbs/2021/03/scoreboard.json,2026-08-22T03:41:51+00:00,training
NCAA-2021-352900,2021,3,2021-09-18T01:00:00+00:00,ILL,MD,-3,L,NCAA_OFFICIAL_SCOREBOARD_FEED|https://data.ncaa.com/casablanca/scoreboard/football/fbs/2021/03/scoreboard.json,2026-08-22T03:41:51+00:00,training
NCAA-2021-353039,2021,3,2021-09-18T16:00:00+00:00,MIA,MSU,-21,L,NCAA_OFFICIAL_SCOREBOARD_FEED|https://data.ncaa.com/casablanca/scoreboard/football/fbs/2021/03/scoreboard.json,2026-08-22T03:41:51+00:00,training
NCAA-2021-353221,2021,3,2021-09-18T16:00:00+00:00,OU,NEB,7,W,NCAA_OFFICIAL_SCOREBOARD_FEED|https://data.ncaa.com/casablanca/scoreboard/football/fbs/2021/03/scoreboard.json,2026-08-22T03:41:51+00:00,training
NCAA-2021-353482,2021,3,2021-09-18T16:00:00+00:00,TA&M,NM,34,W,NCAA_OFFICIAL_SCOREBOARD_FEED|https://data.ncaa.com/casablanca/scoreboard/football/fbs/2021/03/scoreboard.json,2026-08-22T03:41:51+00:00,training
NCAA-2021-353509,2021,3,2021-09-18T16:00:00+00:00,TEM,BC,-25,L,NCAA_OFFICIAL_SCOREBOARD_FEED|https://data.ncaa.com/casablanca/scoreboard/football/fbs/2021/03/scoreboard.json,2026-08-22T03:41:51+00:00,training
NCAA-2021-353820,2021,3,2021-09-18T16:00:00+00:00,WVU,VT,6,W,NCAA_OFFICIAL_SCOREBOARD_FEED|https://data.ncaa.com/casablanca/scoreboard/football/fbs/2021/03/scoreboard.json,2026-08-22T03:41:51+00:00,training
NCAA-2021-352669,2021,3,2021-09-18T17:00:00+00:00,COLO,MINN,-30,L,NCAA_OFFICIAL_SCOREBOARD_FEED|https://data.ncaa.com/casablanca/scoreboard/football/fbs/2021/03/scoreboard.json,2026-08-22T03:41:51+00:00,training
NCAA-2021-352913,2021,3,2021-09-18T17:00:00+00:00,IU,CIN,-14,L,NCAA_OFFICIAL_SCOREBOARD_FEED|https://data.ncaa.com/casablanca/scoreboard/football/fbs/2021/03/scoreboard.json,2026-08-22T03:41:51+00:00,training
NCAA-2021-352955,2021,3,2021-09-18T18:05:00+00:00,KSU,NEV,21,W,NCAA_OFFICIAL_SCOREBOARD_FEED|https://data.ncaa.com/casablanca/scoreboard/football/fbs/2021/03/scoreboard.json,2026-08-22T03:41:51+00:00,training
NCAA-2021-353151,2021,3,2021-09-18T18:30:00+00:00,ND,PUR,14,W,NCAA_OFFICIAL_SCOREBOARD_FEED|https://data.ncaa.com/casablanca/scoreboard/football/fbs/2021/03/scoreboard.json,2026-08-22T03:41:51+00:00,training
NCAA-2021-352941,2021,3,2021-09-18T19:30:00+00:00,KU,BAY,-38,L,NCAA_OFFICIAL_SCOREBOARD_FEED|https://data.ncaa.com/casablanca/scoreboard/football/fbs/2021/03/scoreboard.json,2026-08-22T03:41:51+00:00,training
NCAA-2021-352969,2021,3,2021-09-18T19:30:00+00:00,LT,SMU,-2,L,NCAA_OFFICIAL_SCOREBOARD_FEED|https://data.ncaa.com/casablanca/scoreboard/football/fbs/2021/03/scoreboard.json,2026-08-22T03:41:51+00:00,training
NCAA-2021-353263,2021,3,2021-09-18T19:30:00+00:00,OSU,TLSA,21,W,NCAA_OFFICIAL_SCOREBOARD_FEED|https://data.ncaa.com/casablanca/scoreboard/football/fbs/2021/03/scoreboard.json,2026-08-22T03:41:51+00:00,training
NCAA-2021-353758,2021,3,2021-09-18T19:30:00+00:00,WAKE,FSU,21,W,NCAA_OFFICIAL_SCOREBOARD_FEED|https://data.ncaa.com/casablanca/scoreboard/football/fbs/2021/03/scoreboard.json,2026-08-22T03:41:51+00:00,training
NCAA-2021-353772,2021,3,2021-09-18T19:30:00+00:00,WSU,USC,-31,L,NCAA_OFFICIAL_SCOREBOARD_FEED|https://data.ncaa.com/casablanca/scoreboard/football/fbs/2021/03/scoreboard.json,2026-08-22T03:41:51+00:00,training
NCAA-2021-352731,2021,3,2021-09-18T20:00:00+00:00,DUKE,NU,7,W,NCAA_OFFICIAL_SCOREBOARD_FEED|https://data.ncaa.com/casablanca/scoreboard/football/fbs/2021/03/scoreboard.json,2026-08-22T03:41:51+00:00,training
NCAA-2021-353018,2021,3,2021-09-18T20:00:00+00:00,MEM,MSST,2,W,NCAA_OFFICIAL_SCOREBOARD_FEED|https://data.ncaa.com/casablanca/scoreboard/football/fbs/2021/03/scoreboard.json,2026-08-22T03:41:51+00:00,training
NCAA-2021-352640,2021,3,2021-09-18T20:30:00+00:00,CLEM,GT,6,W,NCAA_OFFICIAL_SCOREBOARD_FEED|https://data.ncaa.com/casablanca/scoreboard/football/fbs/2021/03/scoreboard.json,2026-08-22T03:41:51+00:00,training
NCAA-2021-352780,2021,3,2021-09-18T20:30:00+00:00,FLA,ALA,-2,L,NCAA_OFFICIAL_SCOREBOARD_FEED|https://data.ncaa.com/casablanca/scoreboard/football/fbs/2021/03/scoreboard.json,2026-08-22T03:41:51+00:00,training
NCAA-2021-353616,2021,3,2021-09-18T22:00:00+00:00,UTSA,MTSU,14,W,NCAA_OFFICIAL_SCOREBOARD_FEED|https://data.ncaa.com/casablanca/scoreboard/football/fbs/2021/03/scoreboard.json,2026-08-22T03:41:51+00:00,training
NCAA-2021-352822,2021,3,2021-09-18T23:00:00+00:00,UGA,SC,27,W,NCAA_OFFICIAL_SCOREBOARD_FEED|https://data.ncaa.com/casablanca/scoreboard/football/fbs/2021/03/scoreboard.json,2026-08-22T03:41:51+00:00,training
NCAA-2021-353004,2021,3,2021-09-18T23:00:00+00:00,MRSH,ECU,-4,L,NCAA_OFFICIAL_SCOREBOARD_FEED|https://data.ncaa.com/casablanca/scoreboard/football/fbs/2021/03/scoreboard.json,2026-08-22T03:41:51+00:00,training
NCAA-2021-353412,2021,3,2021-09-18T23:00:00+00:00,SDSU,UTAH,2,W,NCAA_OFFICIAL_SCOREBOARD_FEED|https://data.ncaa.com/casablanca/scoreboard/football/fbs/2021/03/scoreboard.json,2026-08-22T03:41:51+00:00,training
NCAA-2021-353546,2021,3,2021-09-18T23:00:00+00:00,TTU,FIU,33,W,NCAA_OFFICIAL_SCOREBOARD_FEED|https://data.ncaa.com/casablanca/scoreboard/football/fbs/2021/03/scoreboard.json,2026-08-22T03:41:51+00:00,training
NCAA-2021-352419,2021,3,2021-09-18T23:30:00+00:00,AF,USU,-4,L,NCAA_OFFICIAL_SCOREBOARD_FEED|https://data.ncaa.com/casablanca/scoreboard/football/fbs/2021/03/scoreboard.json,2026-08-22T03:41:51+00:00,training
NCAA-2021-353193,2021,3,2021-09-18T23:30:00+00:00,UNT,UAB,-34,L,NCAA_OFFICIAL_SCOREBOARD_FEED|https://data.ncaa.com/casablanca/scoreboard/football/fbs/2021/03/scoreboard.json,2026-08-22T03:41:51+00:00,training
NCAA-2021-353291,2021,3,2021-09-18T23:30:00+00:00,PSU,AUB,8,W,NCAA_OFFICIAL_SCOREBOARD_FEED|https://data.ncaa.com/casablanca/scoreboard/football/fbs/2021/03/scoreboard.json,2026-08-22T03:41:51+00:00,training
NCAA-2021-353665,2021,3,2021-09-18T23:30:00+00:00,UNC,UVA,20,W,NCAA_OFFICIAL_SCOREBOARD_FEED|https://data.ncaa.com/casablanca/scoreboard/football/fbs/2021/03/scoreboard.json,2026-08-22T03:41:51+00:00,training
NCAA-2021-353242,2021,3,2021-09-19T00:00:00+00:00,MISS,TLN,40,W,NCAA_OFFICIAL_SCOREBOARD_FEED|https://data.ncaa.com/casablanca/scoreboard/football/fbs/2021/03/scoreboard.json,2026-08-22T03:41:51+00:00,training
NCAA-2021-353539,2021,3,2021-09-19T00:00:00+00:00,TEX,RICE,58,W,NCAA_OFFICIAL_SCOREBOARD_FEED|https://data.ncaa.com/casablanca/scoreboard/football/fbs/2021/03/scoreboard.json,2026-08-22T03:41:51+00:00,training
NCAA-2021-353728,2021,3,2021-09-19T00:00:00+00:00,VAN,STAN,-18,L,NCAA_OFFICIAL_SCOREBOARD_FEED|https://data.ncaa.com/casablanca/scoreboard/football/fbs/2021/03/scoreboard.json,2026-08-22T03:41:51+00:00,training
NCAA-2021-352535,2021,3,2021-09-19T01:00:00+00:00,BOISE,OKST,-1,L,NCAA_OFFICIAL_SCOREBOARD_FEED|https://data.ncaa.com/casablanca/scoreboard/football/fbs/2021/03/scoreboard.json,2026-08-22T03:41:51+00:00,training
NCAA-2021-352605,2021,3,2021-09-19T02:15:00+00:00,BYU,ASU,10,W,NCAA_OFFICIAL_SCOREBOARD_FEED|https://data.ncaa.com/casablanca/scoreboard/football/fbs/2021/03/scoreboard.json,2026-08-22T03:41:51+00:00,training
NCAA-2021-353898,2021,3,2021-09-19T02:30:00+00:00,UNLV,ISU,-45,L,NCAA_OFFICIAL_SCOREBOARD_FEED|https://data.ncaa.com/casablanca/scoreboard/football/fbs/2021/03/scoreboard.json,2026-08-22T03:41:51+00:00,training
NCAA-2021-353645,2021,3,2021-09-19T02:45:00+00:00,UCLA,FRES,-3,L,NCAA_OFFICIAL_SCOREBOARD_FEED|https://data.ncaa.com/casablanca/scoreboard/football/fbs/2021/03/scoreboard.json,2026-08-22T03:41:51+00:00,training
NCAA-2021-352864,2021,3,2021-09-19T04:30:00+00:00,HAW,SJSU,-4,L,NCAA_OFFICIAL_SCOREBOARD_FEED|https://data.ncaa.com/casablanca/scoreboard/football/fbs/2021/03/scoreboard.json,2026-08-22T03:41:51+00:00,training
NCAA-2021-353138,2021,4,2021-09-24T22:30:00+00:00,CHAR,MTSU,3,W,NCAA_OFFICIAL_SCOREBOARD_FEED|https://data.ncaa.com/casablanca/scoreboard/football/fbs/2021/04/scoreboard.json,2026-08-22T03:41:52+00:00,training
NCAA-2021-353715,2021,4,2021-09-24T23:00:00+00:00,UVA,WAKE,-20,L,NCAA_OFFICIAL_SCOREBOARD_FEED|https://data.ncaa.com/casablanca/scoreboard/football/fbs/2021/04/scoreboard.json,2026-08-22T03:41:52+00:00,training
NCAA-2021-352795,2021,4,2021-09-25T02:00:00+00:00,FRES,UNLV,8,W,NCAA_OFFICIAL_SCOREBOARD_FEED|https://data.ncaa.com/casablanca/scoreboard/football/fbs/2021/04/scoreboard.json,2026-08-22T03:41:52+00:00,training
NCAA-2021-352570,2021,4,2021-09-25T16:00:00+00:00,BC,MIZ,7,W,NCAA_OFFICIAL_SCOREBOARD_FEED|https://data.ncaa.com/casablanca/scoreboard/football/fbs/2021/04/scoreboard.json,2026-08-22T03:41:52+00:00,training
NCAA-2021-353984,2021,4,2021-09-25T16:00:00+00:00,WIS,ND,-28,L,NCAA_OFFICIAL_SCOREBOARD_FEED|https://data.ncaa.com/casablanca/scoreboard/football/fbs/2021/04/scoreboard.json,2026-08-22T03:41:52+00:00,training
NCAA-2021-363938,2021,4,2021-09-25T16:00:00+00:00,USU,BOISE,-24,L,NCAA_OFFICIAL_SCOREBOARD_FEED|https://data.ncaa.com/casablanca/scoreboard/football/fbs/2021/04/scoreboard.json,2026-08-22T03:41:52+00:00,training
NCAA-2021-352476,2021,4,2021-09-25T17:00:00+00:00,MSST,LSU,-3,L,NCAA_OFFICIAL_SCOREBOARD_FEED|https://data.ncaa.com/casablanca/scoreboard/football/fbs/2021/04/scoreboard.json,2026-08-22T03:41:52+00:00,training
NCAA-2021-353504,2021,4,2021-09-25T17:00:00+00:00,TCU,SMU,-8,L,NCAA_OFFICIAL_SCOREBOARD_FEED|https://data.ncaa.com/casablanca/scoreboard/football/fbs/2021/04/scoreboard.json,2026-08-22T03:41:52+00:00,training
NCAA-2021-353540,2021,4,2021-09-25T17:00:00+00:00,TEX,TTU,35,W,NCAA_OFFICIAL_SCOREBOARD_FEED|https://data.ncaa.com/casablanca/scoreboard/football/fbs/2021/04/scoreboard.json,2026-08-22T03:41:52+00:00,training
NCAA-2021-353729,2021,4,2021-09-25T17:00:00+00:00,VAN,UGA,-62,L,NCAA_OFFICIAL_SCOREBOARD_FEED|https://data.ncaa.com/casablanca/scoreboard/football/fbs/2021/04/scoreboard.json,2026-08-22T03:41:52+00:00,training
NCAA-2021-353019,2021,4,2021-09-25T19:30:00+00:00,MEM,UTSA,-3,L,NCAA_OFFICIAL_SCOREBOARD_FEED|https://data.ncaa.com/casablanca/scoreboard/football/fbs/2021/04/scoreboard.json,2026-08-22T03:41:52+00:00,training
NCAA-2021-353305,2021,4,2021-09-25T19:30:00+00:00,PUR,ILL,4,W,NCAA_OFFICIAL_SCOREBOARD_FEED|https://data.ncaa.com/casablanca/scoreboard/football/fbs/2021/04/scoreboard.json,2026-08-22T03:41:52+00:00,training
NCAA-2021-353693,2021,4,2021-09-25T19:30:00+00:00,UTAH,WSU,11,W,NCAA_OFFICIAL_SCOREBOARD_FEED|https://data.ncaa.com/casablanca/scoreboard/football/fbs/2021/04/scoreboard.json,2026-08-22T03:41:52+00:00,training
NCAA-2021-352732,2021,4,2021-09-25T20:00:00+00:00,DUKE,KU,19,W,NCAA_OFFICIAL_SCOREBOARD_FEED|https://data.ncaa.com/casablanca/scoreboard/football/fbs/2021/04/scoreboard.json,2026-08-22T03:41:52+00:00,training
NCAA-2021-352563,2021,4,2021-09-25T20:30:00+00:00,BAY,ISU,2,W,NCAA_OFFICIAL_SCOREBOARD_FEED|https://data.ncaa.com/casablanca/scoreboard/football/fbs/2021/04/scoreboard.json,2026-08-22T03:41:52+00:00,training
NCAA-2021-352676,2021,4,2021-09-25T20:30:00+00:00,UConn,WYO,-2,L,NCAA_OFFICIAL_SCOREBOARD_FEED|https://data.ncaa.com/casablanca/scoreboard/football/fbs/2021/04/scoreboard.json,2026-08-22T03:41:52+00:00,training
NCAA-2021-352802,2021,4,2021-09-25T20:30:00+00:00,FSU,LOU,-8,L,NCAA_OFFICIAL_SCOREBOARD_FEED|https://data.ncaa.com/casablanca/scoreboard/football/fbs/2021/04/scoreboard.json,2026-08-22T03:41:52+00:00,training
NCAA-2021-352921,2021,4,2021-09-25T20:30:00+00:00,IOWA,CSU,10,W,NCAA_OFFICIAL_SCOREBOARD_FEED|https://data.ncaa.com/casablanca/scoreboard/football/fbs/2021/04/scoreboard.json,2026-08-22T03:41:52+00:00,training
NCAA-2021-353034,2021,4,2021-09-25T20:30:00+00:00,MICH,RUTG,7,W,NCAA_OFFICIAL_SCOREBOARD_FEED|https://data.ncaa.com/casablanca/scoreboard/football/fbs/2021/04/scoreboard.json,2026-08-22T03:41:52+00:00,training
NCAA-2021-353145,2021,4,2021-09-25T20:30:00+00:00,NCSU,CLEM,6,W,NCAA_OFFICIAL_SCOREBOARD_FEED|https://data.ncaa.com/casablanca/scoreboard/football/fbs/2021/04/scoreboard.json,2026-08-22T03:41:52+00:00,training
NCAA-2021-353983,2021,4,2021-09-25T20:30:00+00:00,ARK,TA&M,10,W,NCAA_OFFICIAL_SCOREBOARD_FEED|https://data.ncaa.com/casablanca/scoreboard/football/fbs/2021/04/scoreboard.json,2026-08-22T03:41:52+00:00,training
NCAA-2021-352878,2021,4,2021-09-25T23:00:00+00:00,HOU,NAVY,8,W,NCAA_OFFICIAL_SCOREBOARD_FEED|https://data.ncaa.com/casablanca/scoreboard/football/fbs/2021/04/scoreboard.json,2026-08-22T03:41:52+00:00,training
NCAA-2021-352970,2021,4,2021-09-25T23:00:00+00:00,LT,UNT,7,W,NCAA_OFFICIAL_SCOREBOARD_FEED|https://data.ncaa.com/casablanca/scoreboard/football/fbs/2021/04/scoreboard.json,2026-08-22T03:41:52+00:00,training
NCAA-2021-352549,2021,4,2021-09-25T23:30:00+00:00,ALA,USM,49,W,NCAA_OFFICIAL_SCOREBOARD_FEED|https://data.ncaa.com/casablanca/scoreboard/football/fbs/2021/04/scoreboard.json,2026-08-22T03:41:52+00:00,training
NCAA-2021-352420,2021,4,2021-09-26T00:00:00+00:00,AF,FAU,24,W,NCAA_OFFICIAL_SCOREBOARD_FEED|https://data.ncaa.com/casablanca/scoreboard/football/fbs/2021/04/scoreboard.json,2026-08-22T03:41:52+00:00,training
NCAA-2021-352781,2021,4,2021-09-26T00:00:00+00:00,FLA,TENN,24,W,NCAA_OFFICIAL_SCOREBOARD_FEED|https://data.ncaa.com/casablanca/scoreboard/football/fbs/2021/04/scoreboard.json,2026-08-22T03:41:52+00:00,training
NCAA-2021-353095,2021,4,2021-09-26T00:00:00+00:00,MSU,NEB,3,W,NCAA_OFFICIAL_SCOREBOARD_FEED|https://data.ncaa.com/casablanca/scoreboard/football/fbs/2021/04/scoreboard.json,2026-08-22T03:41:52+00:00,training
NCAA-2021-353180,2021,4,2021-09-26T00:00:00+00:00,NMSU,HAW,-20,L,NCAA_OFFICIAL_SCOREBOARD_FEED|https://data.ncaa.com/casablanca/scoreboard/football/fbs/2021/04/scoreboard.json,2026-08-22T03:41:52+00:00,training
NCAA-2021-353229,2021,4,2021-09-26T00:00:00+00:00,OKST,KSU,11,W,NCAA_OFFICIAL_SCOREBOARD_FEED|https://data.ncaa.com/casablanca/scoreboard/football/fbs/2021/04/scoreboard.json,2026-08-22T03:41:52+00:00,training
NCAA-2021-353398,2021,4,2021-09-26T00:00:00+00:00,SC,UK,-6,L,NCAA_OFFICIAL_SCOREBOARD_FEED|https://data.ncaa.com/casablanca/scoreboard/football/fbs/2021/04/scoreboard.json,2026-08-22T03:41:52+00:00,training
NCAA-2021-353596,2021,4,2021-09-26T00:00:00+00:00,TLN,UAB,-7,L,NCAA_OFFICIAL_SCOREBOARD_FEED|https://data.ncaa.com/casablanca/scoreboard/football/fbs/2021/04/scoreboard.json,2026-08-22T03:41:52+00:00,training
NCAA-2021-353799,2021,4,2021-09-26T00:00:00+00:00,WKU,IU,-2,L,NCAA_OFFICIAL_SCOREBOARD_FEED|https://data.ncaa.com/casablanca/scoreboard/football/fbs/2021/04/scoreboard.json,2026-08-22T03:41:52+00:00,training
NCAA-2021-352837,2021,4,2021-09-26T00:30:00+00:00,GT,UNC,23,W,NCAA_OFFICIAL_SCOREBOARD_FEED|https://data.ncaa.com/casablanca/scoreboard/football/fbs/2021/04/scoreboard.json,2026-08-22T03:41:52+00:00,training
NCAA-2021-353222,2021,4,2021-09-26T00:30:00+00:00,OU,WVU,3,W,NCAA_OFFICIAL_SCOREBOARD_FEED|https://data.ncaa.com/casablanca/scoreboard/football/fbs/2021/04/scoreboard.json,2026-08-22T03:41:52+00:00,training
NCAA-2021-353700,2021,4,2021-09-26T01:00:00+00:00,UTEP,NM,7,W,NCAA_OFFICIAL_SCOREBOARD_FEED|https://data.ncaa.com/casablanca/scoreboard/football/fbs/2021/04/scoreboard.json,2026-08-22T03:41:52+00:00,training
NCAA-2021-352606,2021,4,2021-09-26T02:15:00+00:00,BYU,USF,8,W,NCAA_OFFICIAL_SCOREBOARD_FEED|https://data.ncaa.com/casablanca/scoreboard/football/fbs/2021/04/scoreboard.json,2026-08-22T03:41:52+00:00,training
NCAA-2021-352441,2021,4,2021-09-26T02:30:00+00:00,ASU,COLO,22,W,NCAA_OFFICIAL_SCOREBOARD_FEED|https://data.ncaa.com/casablanca/scoreboard/football/fbs/2021/04/scoreboard.json,2026-08-22T03:41:52+00:00,training
NCAA-2021-353765,2021,4,2021-09-26T02:30:00+00:00,WASH,CAL,7,W,NCAA_OFFICIAL_SCOREBOARD_FEED|https://data.ncaa.com/casablanca/scoreboard/football/fbs/2021/04/scoreboard.json,2026-08-22T03:41:52+00:00,training
NCAA-2021-353250,2021,4,2021-09-26T03:30:00+00:00,ORE,ARIZ,22,W,NCAA_OFFICIAL_SCOREBOARD_FEED|https://data.ncaa.com/casablanca/scoreboard/football/fbs/2021/04/scoreboard.json,2026-08-22T03:41:52+00:00,training
NCAA-2021-364341,2021,4,2021-09-26T03:30:00+00:00,USC,ORST,-18,L,NCAA_OFFICIAL_SCOREBOARD_FEED|https://data.ncaa.com/casablanca/scoreboard/football/fbs/2021/04/scoreboard.json,2026-08-22T03:41:52+00:00,training
NCAA-2021-353041,2021,5,2021-09-30T23:30:00+00:00,MIA,UVA,-2,L,NCAA_OFFICIAL_SCOREBOARD_FEED|https://data.ncaa.com/casablanca/scoreboard/football/fbs/2021/05/scoreboard.json,2026-08-22T03:41:52+00:00,training
NCAA-2021-353603,2021,5,2021-10-01T23:30:00+00:00,TLSA,HOU,-35,L,NCAA_OFFICIAL_SCOREBOARD_FEED|https://data.ncaa.com/casablanca/scoreboard/football/fbs/2021/05/scoreboard.json,2026-08-22T03:41:52+00:00,training
NCAA-2021-353013,2021,5,2021-10-02T01:00:00+00:00,MD,IOWA,-37,L,NCAA_OFFICIAL_SCOREBOARD_FEED|https://data.ncaa.com/casablanca/scoreboard/football/fbs/2021/05/scoreboard.json,2026-08-22T03:41:52+00:00,training
NCAA-2021-363939,2021,5,2021-10-02T01:00:00+00:00,USU,BYU,-14,L,NCAA_OFFICIAL_SCOREBOARD_FEED|https://data.ncaa.com/casablanca/scoreboard/football/fbs/2021/05/scoreboard.json,2026-08-22T03:41:52+00:00,training
NCAA-2021-352901,2021,5,2021-10-02T16:00:00+00:00,ILL,CHAR,10,W,NCAA_OFFICIAL_SCOREBOARD_FEED|https://data.ncaa.com/casablanca/scoreboard/football/fbs/2021/05/scoreboard.json,2026-08-22T03:41:52+00:00,training
NCAA-2021-353306,2021,5,2021-10-02T16:00:00+00:00,PUR,MINN,-7,L,NCAA_OFFICIAL_SCOREBOARD_FEED|https://data.ncaa.com/casablanca/scoreboard/football/fbs/2021/05/scoreboard.json,2026-08-22T03:41:52+00:00,training
NCAA-2021-353511,2021,5,2021-10-02T16:00:00+00:00,TEM,MEM,3,W,NCAA_OFFICIAL_SCOREBOARD_FEED|https://data.ncaa.com/casablanca/scoreboard/football/fbs/2021/05/scoreboard.json,2026-08-22T03:41:52+00:00,training
NCAA-2021-353759,2021,5,2021-10-02T16:30:00+00:00,WAKE,LOU,3,W,NCAA_OFFICIAL_SCOREBOARD_FEED|https://data.ncaa.com/casablanca/scoreboard/football/fbs/2021/05/scoreboard.json,2026-08-22T03:41:52+00:00,training
NCAA-2021-352823,2021,5,2021-10-02T17:00:00+00:00,UGA,ARK,37,W,NCAA_OFFICIAL_SCOREBOARD_FEED|https://data.ncaa.com/casablanca/scoreboard/football/fbs/2021/05/scoreboard.json,2026-08-22T03:41:52+00:00,training
NCAA-2021-352838,2021,5,2021-10-02T17:00:00+00:00,GT,PITT,-31,L,NCAA_OFFICIAL_SCOREBOARD_FEED|https://data.ncaa.com/casablanca/scoreboard/football/fbs/2021/05/scoreboard.json,2026-08-22T03:41:52+00:00,training
NCAA-2021-353054,2021,5,2021-10-02T17:00:00+00:00,MIZ,TENN,-38,L,NCAA_OFFICIAL_SCOREBOARD_FEED|https://data.ncaa.com/casablanca/scoreboard/football/fbs/2021/05/scoreboard.json,2026-08-22T03:41:52+00:00,training
NCAA-2021-353505,2021,5,2021-10-02T17:00:00+00:00,TCU,TEX,-5,L,NCAA_OFFICIAL_SCOREBOARD_FEED|https://data.ncaa.com/casablanca/scoreboard/football/fbs/2021/05/scoreboard.json,2026-08-22T03:41:52+00:00,training
NCAA-2021-353666,2021,5,2021-10-02T17:00:00+00:00,UNC,DUKE,31,W,NCAA_OFFICIAL_SCOREBOARD_FEED|https://data.ncaa.com/casablanca/scoreboard/football/fbs/2021/05/scoreboard.json,2026-08-22T03:41:52+00:00,training
NCAA-2021-353793,2021,5,2021-10-02T17:00:00+00:00,WIS,MICH,-21,L,NCAA_OFFICIAL_SCOREBOARD_FEED|https://data.ncaa.com/casablanca/scoreboard/football/fbs/2021/05/scoreboard.json,2026-08-22T03:41:52+00:00,training
NCAA-2021-352670,2021,5,2021-10-02T18:00:00+00:00,COLO,USC,-23,L,NCAA_OFFICIAL_SCOREBOARD_FEED|https://data.ncaa.com/casablanca/scoreboard/football/fbs/2021/05/scoreboard.json,2026-08-22T03:41:52+00:00,training
NCAA-2021-353152,2021,5,2021-10-02T18:30:00+00:00,ND,CIN,-11,L,NCAA_OFFICIAL_SCOREBOARD_FEED|https://data.ncaa.com/casablanca/scoreboard/football/fbs/2021/05/scoreboard.json,2026-08-22T03:41:52+00:00,training
NCAA-2021-352536,2021,5,2021-10-02T19:30:00+00:00,BOISE,NEV,-10,L,NCAA_OFFICIAL_SCOREBOARD_FEED|https://data.ncaa.com/casablanca/scoreboard/football/fbs/2021/05/scoreboard.json,2026-08-22T03:41:52+00:00,training
NCAA-2021-352774,2021,5,2021-10-02T19:30:00+00:00,FAU,FIU,37,W,NCAA_OFFICIAL_SCOREBOARD_FEED|https://data.ncaa.com/casablanca/scoreboard/football/fbs/2021/05/scoreboard.json,2026-08-22T03:41:52+00:00,training
NCAA-2021-352956,2021,5,2021-10-02T19:30:00+00:00,KSU,OU,-6,L,NCAA_OFFICIAL_SCOREBOARD_FEED|https://data.ncaa.com/casablanca/scoreboard/football/fbs/2021/05/scoreboard.json,2026-08-22T03:41:52+00:00,training
NCAA-2021-353124,2021,5,2021-10-02T19:30:00+00:00,NAVY,UCF,4,W,NCAA_OFFICIAL_SCOREBOARD_FEED|https://data.ncaa.com/casablanca/scoreboard/football/fbs/2021/05/scoreboard.json,2026-08-22T03:41:52+00:00,training
NCAA-2021-353371,2021,5,2021-10-02T19:30:00+00:00,RUTG,OSU,-39,L,NCAA_OFFICIAL_SCOREBOARD_FEED|https://data.ncaa.com/casablanca/scoreboard/football/fbs/2021/05/scoreboard.json,2026-08-22T03:41:52+00:00,training
NCAA-2021-353461,2021,5,2021-10-02T19:30:00+00:00,STAN,ORE,7,W,NCAA_OFFICIAL_SCOREBOARD_FEED|https://data.ncaa.com/casablanca/scoreboard/football/fbs/2021/05/scoreboard.json,2026-08-22T03:41:52+00:00,training
NCAA-2021-353821,2021,5,2021-10-02T19:30:00+00:00,WVU,TTU,-3,L,NCAA_OFFICIAL_SCOREBOARD_FEED|https://data.ncaa.com/casablanca/scoreboard/football/fbs/2021/05/scoreboard.json,2026-08-22T03:41:52+00:00,training
NCAA-2021-352550,2021,5,2021-10-02T20:30:00+00:00,ALA,MISS,21,W,NCAA_OFFICIAL_SCOREBOARD_FEED|https://data.ncaa.com/casablanca/scoreboard/football/fbs/2021/05/scoreboard.json,2026-08-22T03:41:52+00:00,training
NCAA-2021-352739,2021,5,2021-10-02T20:30:00+00:00,ECU,TLN,23,W,NCAA_OFFICIAL_SCOREBOARD_FEED|https://data.ncaa.com/casablanca/scoreboard/football/fbs/2021/05/scoreboard.json,2026-08-22T03:41:52+00:00,training
NCAA-2021-352803,2021,5,2021-10-02T20:30:00+00:00,FSU,SYR,3,W,NCAA_OFFICIAL_SCOREBOARD_FEED|https://data.ncaa.com/casablanca/scoreboard/football/fbs/2021/05/scoreboard.json,2026-08-22T03:41:52+00:00,training
NCAA-2021-353455,2021,5,2021-10-02T21:00:00+00:00,SMU,USF,24,W,NCAA_OFFICIAL_SCOREBOARD_FEED|https://data.ncaa.com/casablanca/scoreboard/football/fbs/2021/05/scoreboard.json,2026-08-22T03:41:52+00:00,training
NCAA-2021-352613,2021,5,2021-10-02T21:30:00+00:00,CAL,WSU,-15,L,NCAA_OFFICIAL_SCOREBOARD_FEED|https://data.ncaa.com/casablanca/scoreboard/football/fbs/2021/05/scoreboard.json,2026-08-22T03:41:52+00:00,training
NCAA-2021-353617,2021,5,2021-10-02T22:00:00+00:00,UTSA,UNLV,7,W,NCAA_OFFICIAL_SCOREBOARD_FEED|https://data.ncaa.com/casablanca/scoreboard/football/fbs/2021/05/scoreboard.json,2026-08-22T03:41:52+00:00,training
NCAA-2021-353173,2021,5,2021-10-02T22:30:00+00:00,NM,AF,-28,L,NCAA_OFFICIAL_SCOREBOARD_FEED|https://data.ncaa.com/casablanca/scoreboard/football/fbs/2021/05/scoreboard.json,2026-08-22T03:41:52+00:00,training
NCAA-2021-353320,2021,5,2021-10-02T22:30:00+00:00,RICE,USM,5,W,NCAA_OFFICIAL_SCOREBOARD_FEED|https://data.ncaa.com/casablanca/scoreboard/football/fbs/2021/05/scoreboard.json,2026-08-22T03:41:52+00:00,training
NCAA-2021-352886,2021,5,2021-10-02T23:00:00+00:00,ISU,KU,52,W,NCAA_OFFICIAL_SCOREBOARD_FEED|https://data.ncaa.com/casablanca/scoreboard/football/fbs/2021/05/scoreboard.json,2026-08-22T03:41:52+00:00,training
NCAA-2021-352964,2021,5,2021-10-02T23:00:00+00:00,UK,FLA,7,W,NCAA_OFFICIAL_SCOREBOARD_FEED|https://data.ncaa.com/casablanca/scoreboard/football/fbs/2021/05/scoreboard.json,2026-08-22T03:41:52+00:00,training
NCAA-2021-353102,2021,5,2021-10-02T23:00:00+00:00,MTSU,MRSH,6,W,NCAA_OFFICIAL_SCOREBOARD_FEED|https://data.ncaa.com/casablanca/scoreboard/football/fbs/2021/05/scoreboard.json,2026-08-22T03:41:52+00:00,training
NCAA-2021-353146,2021,5,2021-10-02T23:00:00+00:00,NCSU,LT,7,W,NCAA_OFFICIAL_SCOREBOARD_FEED|https://data.ncaa.com/casablanca/scoreboard/football/fbs/2021/05/scoreboard.json,2026-08-22T03:41:52+00:00,training
NCAA-2021-353483,2021,5,2021-10-02T23:00:00+00:00,TA&M,MSST,-4,L,NCAA_OFFICIAL_SCOREBOARD_FEED|https://data.ncaa.com/casablanca/scoreboard/football/fbs/2021/05/scoreboard.json,2026-08-22T03:41:52+00:00,training
NCAA-2021-353166,2021,5,2021-10-02T23:30:00+00:00,NEB,NU,49,W,NCAA_OFFICIAL_SCOREBOARD_FEED|https://data.ncaa.com/casablanca/scoreboard/football/fbs/2021/05/scoreboard.json,2026-08-22T03:41:52+00:00,training
NCAA-2021-353293,2021,5,2021-10-02T23:30:00+00:00,PSU,IU,24,W,NCAA_OFFICIAL_SCOREBOARD_FEED|https://data.ncaa.com/casablanca/scoreboard/football/fbs/2021/05/scoreboard.json,2026-08-22T03:41:52+00:00,training
NCAA-2021-353230,2021,5,2021-10-03T00:00:00+00:00,OKST,BAY,10,W,NCAA_OFFICIAL_SCOREBOARD_FEED|https://data.ncaa.com/casablanca/scoreboard/football/fbs/2021/05/scoreboard.json,2026-08-22T03:41:52+00:00,training
NCAA-2021-352641,2021,5,2021-10-03T00:30:00+00:00,CLEM,BC,6,W,NCAA_OFFICIAL_SCOREBOARD_FEED|https://data.ncaa.com/casablanca/scoreboard/football/fbs/2021/05/scoreboard.json,2026-08-22T03:41:52+00:00,training
NCAA-2021-353096,2021,5,2021-10-03T00:30:00+00:00,MSU,WKU,17,W,NCAA_OFFICIAL_SCOREBOARD_FEED|https://data.ncaa.com/casablanca/scoreboard/football/fbs/2021/05/scoreboard.json,2026-08-22T03:41:52+00:00,training
NCAA-2021-353730,2021,5,2021-10-03T00:30:00+00:00,VAN,UConn,2,W,NCAA_OFFICIAL_SCOREBOARD_FEED|https://data.ncaa.com/casablanca/scoreboard/football/fbs/2021/05/scoreboard.json,2026-08-22T03:41:52+00:00,training
NCAA-2021-353257,2021,5,2021-10-03T01:00:00+00:00,ORST,WASH,3,W,NCAA_OFFICIAL_SCOREBOARD_FEED|https://data.ncaa.com/casablanca/scoreboard/football/fbs/2021/05/scoreboard.json,2026-08-22T03:41:52+00:00,training
NCAA-2021-353701,2021,5,2021-10-03T01:00:00+00:00,UTEP,ODU,7,W,NCAA_OFFICIAL_SCOREBOARD_FEED|https://data.ncaa.com/casablanca/scoreboard/football/fbs/2021/05/scoreboard.json,2026-08-22T03:41:52+00:00,training
NCAA-2021-352991,2021,5,2021-10-03T02:00:00+00:00,LSU,AUB,-5,L,NCAA_OFFICIAL_SCOREBOARD_FEED|https://data.ncaa.com/casablanca/scoreboard/football/fbs/2021/05/scoreboard.json,2026-08-22T03:41:52+00:00,training
NCAA-2021-353440,2021,5,2021-10-03T02:30:00+00:00,SJSU,NMSU,6,W,NCAA_OFFICIAL_SCOREBOARD_FEED|https://data.ncaa.com/casablanca/scoreboard/football/fbs/2021/05/scoreboard.json,2026-08-22T03:41:52+00:00,training
NCAA-2021-353646,2021,5,2021-10-03T02:30:00+00:00,UCLA,ASU,-19,L,NCAA_OFFICIAL_SCOREBOARD_FEED|https://data.ncaa.com/casablanca/scoreboard/football/fbs/2021/05/scoreboard.json,2026-08-22T03:41:52+00:00,training
NCAA-2021-352865,2021,5,2021-10-03T03:00:00+00:00,HAW,FRES,3,W,NCAA_OFFICIAL_SCOREBOARD_FEED|https://data.ncaa.com/casablanca/scoreboard/football/fbs/2021/05/scoreboard.json,2026-08-22T03:41:52+00:00,training
NCAA-2021-353597,2021,6,2021-10-07T23:30:00+00:00,TLN,HOU,-18,L,NCAA_OFFICIAL_SCOREBOARD_FEED|https://data.ncaa.com/casablanca/scoreboard/football/fbs/2021/06/scoreboard.json,2026-08-22T03:41:53+00:00,training
NCAA-2021-352634,2021,6,2021-10-08T23:00:00+00:00,CIN,TEM,49,W,NCAA_OFFICIAL_SCOREBOARD_FEED|https://data.ncaa.com/casablanca/scoreboard/football/fbs/2021/06/scoreboard.json,2026-08-22T03:41:53+00:00,training
NCAA-2021-352788,2021,6,2021-10-09T00:00:00+00:00,FIU,CHAR,-12,L,NCAA_OFFICIAL_SCOREBOARD_FEED|https://data.ncaa.com/casablanca/scoreboard/football/fbs/2021/06/scoreboard.json,2026-08-22T03:41:53+00:00,training
NCAA-2021-352442,2021,6,2021-10-09T02:30:00+00:00,ASU,STAN,18,W,NCAA_OFFICIAL_SCOREBOARD_FEED|https://data.ncaa.com/casablanca/scoreboard/football/fbs/2021/06/scoreboard.json,2026-08-22T03:41:53+00:00,training
NCAA-2021-353265,2021,6,2021-10-09T16:00:00+00:00,OSU,MD,49,W,NCAA_OFFICIAL_SCOREBOARD_FEED|https://data.ncaa.com/casablanca/scoreboard/football/fbs/2021/06/scoreboard.json,2026-08-22T03:41:53+00:00,training
NCAA-2021-353526,2021,6,2021-10-09T16:00:00+00:00,TENN,SC,25,W,NCAA_OFFICIAL_SCOREBOARD_FEED|https://data.ncaa.com/casablanca/scoreboard/football/fbs/2021/06/scoreboard.json,2026-08-22T03:41:53+00:00,training
NCAA-2021-367063,2021,6,2021-10-09T16:00:00+00:00,RUTG,MSU,-18,L,NCAA_OFFICIAL_SCOREBOARD_FEED|https://data.ncaa.com/casablanca/scoreboard/football/fbs/2021/06/scoreboard.json,2026-08-22T03:41:53+00:00,training
NCAA-2021-352564,2021,6,2021-10-09T17:00:00+00:00,BAY,WVU,25,W,NCAA_OFFICIAL_SCOREBOARD_FEED|https://data.ncaa.com/casablanca/scoreboard/football/fbs/2021/06/scoreboard.json,2026-08-22T03:41:53+00:00,training
NCAA-2021-352782,2021,6,2021-10-09T17:00:00+00:00,FLA,VAN,42,W,NCAA_OFFICIAL_SCOREBOARD_FEED|https://data.ncaa.com/casablanca/scoreboard/football/fbs/2021/06/scoreboard.json,2026-08-22T03:41:53+00:00,training
NCAA-2021-353243,2021,6,2021-10-09T17:00:00+00:00,MISS,ARK,1,W,NCAA_OFFICIAL_SCOREBOARD_FEED|https://data.ncaa.com/casablanca/scoreboard/football/fbs/2021/06/scoreboard.json,2026-08-22T03:41:53+00:00,training
NCAA-2021-353985,2021,6,2021-10-09T17:00:00+00:00,TEX,OU,-7,L,NCAA_OFFICIAL_SCOREBOARD_FEED|https://data.ncaa.com/casablanca/scoreboard/football/fbs/2021/06/scoreboard.json,2026-08-22T03:41:53+00:00,training
NCAA-2021-352733,2021,6,2021-10-09T17:30:00+00:00,DUKE,GT,-4,L,NCAA_OFFICIAL_SCOREBOARD_FEED|https://data.ncaa.com/casablanca/scoreboard/football/fbs/2021/06/scoreboard.json,2026-08-22T03:41:53+00:00,training
NCAA-2021-352984,2021,6,2021-10-09T19:00:00+00:00,LOU,UVA,-1,L,NCAA_OFFICIAL_SCOREBOARD_FEED|https://data.ncaa.com/casablanca/scoreboard/football/fbs/2021/06/scoreboard.json,2026-08-22T03:41:53+00:00,training
NCAA-2021-353005,2021,6,2021-10-09T19:00:00+00:00,MRSH,ODU,7,W,NCAA_OFFICIAL_SCOREBOARD_FEED|https://data.ncaa.com/casablanca/scoreboard/football/fbs/2021/06/scoreboard.json,2026-08-22T03:41:53+00:00,training
NCAA-2021-352447,2021,6,2021-10-09T19:30:00+00:00,UAB,FAU,17,W,NCAA_OFFICIAL_SCOREBOARD_FEED|https://data.ncaa.com/casablanca/scoreboard/football/fbs/2021/06/scoreboard.json,2026-08-22T03:41:53+00:00,training
NCAA-2021-352607,2021,6,2021-10-09T19:30:00+00:00,BYU,BOISE,-9,L,NCAA_OFFICIAL_SCOREBOARD_FEED|https://data.ncaa.com/casablanca/scoreboard/football/fbs/2021/06/scoreboard.json,2026-08-22T03:41:53+00:00,training
NCAA-2021-352902,2021,6,2021-10-09T19:30:00+00:00,ILL,WIS,-24,L,NCAA_OFFICIAL_SCOREBOARD_FEED|https://data.ncaa.com/casablanca/scoreboard/football/fbs/2021/06/scoreboard.json,2026-08-22T03:41:53+00:00,training
NCAA-2021-353125,2021,6,2021-10-09T19:30:00+00:00,NAVY,SMU,-7,L,NCAA_OFFICIAL_SCOREBOARD_FEED|https://data.ncaa.com/casablanca/scoreboard/football/fbs/2021/06/scoreboard.json,2026-08-22T03:41:53+00:00,training
NCAA-2021-353477,2021,6,2021-10-09T19:30:00+00:00,SYR,WAKE,-3,L,NCAA_OFFICIAL_SCOREBOARD_FEED|https://data.ncaa.com/casablanca/scoreboard/football/fbs/2021/06/scoreboard.json,2026-08-22T03:41:53+00:00,training
NCAA-2021-353667,2021,6,2021-10-09T19:30:00+00:00,UNC,FSU,-10,L,NCAA_OFFICIAL_SCOREBOARD_FEED|https://data.ncaa.com/casablanca/scoreboard/football/fbs/2021/06/scoreboard.json,2026-08-22T03:41:53+00:00,training
NCAA-2021-353055,2021,6,2021-10-09T20:00:00+00:00,MIZ,UNT,13,W,NCAA_OFFICIAL_SCOREBOARD_FEED|https://data.ncaa.com/casablanca/scoreboard/football/fbs/2021/06/scoreboard.json,2026-08-22T03:41:53+00:00,training
NCAA-2021-353773,2021,6,2021-10-09T20:00:00+00:00,WSU,ORST,7,W,NCAA_OFFICIAL_SCOREBOARD_FEED|https://data.ncaa.com/casablanca/scoreboard/football/fbs/2021/06/scoreboard.json,2026-08-22T03:41:53+00:00,training
NCAA-2021-352586,2021,6,2021-10-09T20:30:00+00:00,AUB,UGA,-24,L,NCAA_OFFICIAL_SCOREBOARD_FEED|https://data.ncaa.com/casablanca/scoreboard/football/fbs/2021/06/scoreboard.json,2026-08-22T03:41:53+00:00,training
NCAA-2021-352697,2021,6,2021-10-09T20:30:00+00:00,CSU,SJSU,18,W,NCAA_OFFICIAL_SCOREBOARD_FEED|https://data.ncaa.com/casablanca/scoreboard/football/fbs/2021/06/scoreboard.json,2026-08-22T03:41:53+00:00,training
NCAA-2021-352922,2021,6,2021-10-09T21:00:00+00:00,IOWA,PSU,3,W,NCAA_OFFICIAL_SCOREBOARD_FEED|https://data.ncaa.com/casablanca/scoreboard/football/fbs/2021/06/scoreboard.json,2026-08-22T03:41:53+00:00,training
NCAA-2021-352421,2021,6,2021-10-09T23:00:00+00:00,AF,WYO,10,W,NCAA_OFFICIAL_SCOREBOARD_FEED|https://data.ncaa.com/casablanca/scoreboard/football/fbs/2021/06/scoreboard.json,2026-08-22T03:41:53+00:00,training
NCAA-2021-353448,2021,6,2021-10-09T23:00:00+00:00,USM,UTEP,-13,L,NCAA_OFFICIAL_SCOREBOARD_FEED|https://data.ncaa.com/casablanca/scoreboard/football/fbs/2021/06/scoreboard.json,2026-08-22T03:41:53+00:00,training
NCAA-2021-353547,2021,6,2021-10-09T23:00:00+00:00,TTU,TCU,-21,L,NCAA_OFFICIAL_SCOREBOARD_FEED|https://data.ncaa.com/casablanca/scoreboard/football/fbs/2021/06/scoreboard.json,2026-08-22T03:41:53+00:00,training
NCAA-2021-353638,2021,6,2021-10-09T23:00:00+00:00,UCF,ECU,4,W,NCAA_OFFICIAL_SCOREBOARD_FEED|https://data.ncaa.com/casablanca/scoreboard/football/fbs/2021/06/scoreboard.json,2026-08-22T03:41:53+00:00,training
NCAA-2021-353800,2021,6,2021-10-09T23:00:00+00:00,WKU,UTSA,-6,L,NCAA_OFFICIAL_SCOREBOARD_FEED|https://data.ncaa.com/casablanca/scoreboard/football/fbs/2021/06/scoreboard.json,2026-08-22T03:41:53+00:00,training
NCAA-2021-353167,2021,6,2021-10-09T23:30:00+00:00,NEB,MICH,-3,L,NCAA_OFFICIAL_SCOREBOARD_FEED|https://data.ncaa.com/casablanca/scoreboard/football/fbs/2021/06/scoreboard.json,2026-08-22T03:41:53+00:00,training
NCAA-2021-353744,2021,6,2021-10-09T23:30:00+00:00,VT,ND,-3,L,NCAA_OFFICIAL_SCOREBOARD_FEED|https://data.ncaa.com/casablanca/scoreboard/football/fbs/2021/06/scoreboard.json,2026-08-22T03:41:53+00:00,training
NCAA-2021-353484,2021,6,2021-10-10T00:00:00+00:00,TA&M,ALA,3,W,NCAA_OFFICIAL_SCOREBOARD_FEED|https://data.ncaa.com/casablanca/scoreboard/football/fbs/2021/06/scoreboard.json,2026-08-22T03:41:53+00:00,training
NCAA-2021-364342,2021,6,2021-10-10T00:00:00+00:00,USC,UTAH,-16,L,NCAA_OFFICIAL_SCOREBOARD_FEED|https://data.ncaa.com/casablanca/scoreboard/football/fbs/2021/06/scoreboard.json,2026-08-22T03:41:53+00:00,training
NCAA-2021-352965,2021,6,2021-10-10T00:30:00+00:00,UK,LSU,21,W,NCAA_OFFICIAL_SCOREBOARD_FEED|https://data.ncaa.com/casablanca/scoreboard/football/fbs/2021/06/scoreboard.json,2026-08-22T03:41:53+00:00,training
NCAA-2021-353604,2021,6,2021-10-10T01:00:00+00:00,TLSA,MEM,6,W,NCAA_OFFICIAL_SCOREBOARD_FEED|https://data.ncaa.com/casablanca/scoreboard/football/fbs/2021/06/scoreboard.json,2026-08-22T03:41:53+00:00,training
NCAA-2021-353414,2021,6,2021-10-10T02:00:00+00:00,SDSU,NM,24,W,NCAA_OFFICIAL_SCOREBOARD_FEED|https://data.ncaa.com/casablanca/scoreboard/football/fbs/2021/06/scoreboard.json,2026-08-22T03:41:53+00:00,training
NCAA-2021-353880,2021,6,2021-10-10T02:30:00+00:00,NEV,NMSU,27,W,NCAA_OFFICIAL_SCOREBOARD_FEED|https://data.ncaa.com/casablanca/scoreboard/football/fbs/2021/06/scoreboard.json,2026-08-22T03:41:53+00:00,training
NCAA-2021-352427,2021,6,2021-10-10T03:30:00+00:00,ARIZ,UCLA,-18,L,NCAA_OFFICIAL_SCOREBOARD_FEED|https://data.ncaa.com/casablanca/scoreboard/football/fbs/2021/06/scoreboard.json,2026-08-22T03:41:53+00:00,training
NCAA-2021-353020,2021,7,2021-10-14T23:30:00+00:00,MEM,NAVY,18,W,NCAA_OFFICIAL_SCOREBOARD_FEED|https://data.ncaa.com/casablanca/scoreboard/football/fbs/2021/07/scoreboard.json,2026-08-22T03:41:53+00:00,training
NCAA-2021-353194,2021,7,2021-10-15T23:00:00+00:00,UNT,MRSH,-28,L,NCAA_OFFICIAL_SCOREBOARD_FEED|https://data.ncaa.com/casablanca/scoreboard/football/fbs/2021/07/scoreboard.json,2026-08-22T03:41:53+00:00,training
NCAA-2021-353478,2021,7,2021-10-15T23:00:00+00:00,SYR,CLEM,-3,L,NCAA_OFFICIAL_SCOREBOARD_FEED|https://data.ncaa.com/casablanca/scoreboard/football/fbs/2021/07/scoreboard.json,2026-08-22T03:41:53+00:00,training
NCAA-2021-353251,2021,7,2021-10-16T02:30:00+00:00,ORE,CAL,7,W,NCAA_OFFICIAL_SCOREBOARD_FEED|https://data.ncaa.com/casablanca/scoreboard/football/fbs/2021/07/scoreboard.json,2026-08-22T03:41:53+00:00,training
NCAA-2021-353441,2021,7,2021-10-16T02:30:00+00:00,SJSU,SDSU,-6,L,NCAA_OFFICIAL_SCOREBOARD_FEED|https://data.ncaa.com/casablanca/scoreboard/football/fbs/2021/07/scoreboard.json,2026-08-22T03:41:53+00:00,training
NCAA-2021-353202,2021,7,2021-10-16T16:00:00+00:00,NU,RUTG,14,W,NCAA_OFFICIAL_SCOREBOARD_FEED|https://data.ncaa.com/casablanca/scoreboard/football/fbs/2021/07/scoreboard.json,2026-08-22T03:41:53+00:00,training
NCAA-2021-353716,2021,7,2021-10-16T16:30:00+00:00,UVA,DUKE,48,W,NCAA_OFFICIAL_SCOREBOARD_FEED|https://data.ncaa.com/casablanca/scoreboard/football/fbs/2021/07/scoreboard.json,2026-08-22T03:41:53+00:00,training
NCAA-2021-352579,2021,7,2021-10-16T17:00:00+00:00,ARK,AUB,-15,L,NCAA_OFFICIAL_SCOREBOARD_FEED|https://data.ncaa.com/casablanca/scoreboard/football/fbs/2021/07/scoreboard.json,2026-08-22T03:41:53+00:00,training
NCAA-2021-352635,2021,7,2021-10-16T17:00:00+00:00,CIN,UCF,35,W,NCAA_OFFICIAL_SCOREBOARD_FEED|https://data.ncaa.com/casablanca/scoreboard/football/fbs/2021/07/scoreboard.json,2026-08-22T03:41:53+00:00,training
NCAA-2021-352914,2021,7,2021-10-16T17:00:00+00:00,IU,MSU,-5,L,NCAA_OFFICIAL_SCOREBOARD_FEED|https://data.ncaa.com/casablanca/scoreboard/football/fbs/2021/07/scoreboard.json,2026-08-22T03:41:53+00:00,training
NCAA-2021-352992,2021,7,2021-10-16T17:00:00+00:00,LSU,FLA,7,W,NCAA_OFFICIAL_SCOREBOARD_FEED|https://data.ncaa.com/casablanca/scoreboard/football/fbs/2021/07/scoreboard.json,2026-08-22T03:41:53+00:00,training
NCAA-2021-353048,2021,7,2021-10-16T17:00:00+00:00,MINN,NEB,7,W,NCAA_OFFICIAL_SCOREBOARD_FEED|https://data.ncaa.com/casablanca/scoreboard/football/fbs/2021/07/scoreboard.json,2026-08-22T03:41:53+00:00,training
NCAA-2021-353056,2021,7,2021-10-16T17:00:00+00:00,MIZ,TA&M,-21,L,NCAA_OFFICIAL_SCOREBOARD_FEED|https://data.ncaa.com/casablanca/scoreboard/football/fbs/2021/07/scoreboard.json,2026-08-22T03:41:53+00:00,training
NCAA-2021-353427,2021,7,2021-10-16T17:00:00+00:00,USF,TLSA,-1,L,NCAA_OFFICIAL_SCOREBOARD_FEED|https://data.ncaa.com/casablanca/scoreboard/football/fbs/2021/07/scoreboard.json,2026-08-22T03:41:53+00:00,training
NCAA-2021-353541,2021,7,2021-10-16T17:00:00+00:00,TEX,OKST,-8,L,NCAA_OFFICIAL_SCOREBOARD_FEED|https://data.ncaa.com/casablanca/scoreboard/football/fbs/2021/07/scoreboard.json,2026-08-22T03:41:53+00:00,training
NCAA-2021-352923,2021,7,2021-10-16T19:30:00+00:00,IOWA,PUR,-17,L,NCAA_OFFICIAL_SCOREBOARD_FEED|https://data.ncaa.com/casablanca/scoreboard/football/fbs/2021/07/scoreboard.json,2026-08-22T03:41:53+00:00,training
NCAA-2021-353449,2021,7,2021-10-16T19:30:00+00:00,USM,UAB,-34,L,NCAA_OFFICIAL_SCOREBOARD_FEED|https://data.ncaa.com/casablanca/scoreboard/football/fbs/2021/07/scoreboard.json,2026-08-22T03:41:53+00:00,training
NCAA-2021-353745,2021,7,2021-10-16T19:30:00+00:00,VT,PITT,-21,L,NCAA_OFFICIAL_SCOREBOARD_FEED|https://data.ncaa.com/casablanca/scoreboard/football/fbs/2021/07/scoreboard.json,2026-08-22T03:41:53+00:00,training
NCAA-2021-352942,2021,7,2021-10-16T20:00:00+00:00,KU,TTU,-27,L,NCAA_OFFICIAL_SCOREBOARD_FEED|https://data.ncaa.com/casablanca/scoreboard/football/fbs/2021/07/scoreboard.json,2026-08-22T03:41:53+00:00,training
NCAA-2021-353400,2021,7,2021-10-16T20:00:00+00:00,SC,VAN,1,W,NCAA_OFFICIAL_SCOREBOARD_FEED|https://data.ncaa.com/casablanca/scoreboard/football/fbs/2021/07/scoreboard.json,2026-08-22T03:41:53+00:00,training
NCAA-2021-352565,2021,7,2021-10-16T20:30:00+00:00,BAY,BYU,14,W,NCAA_OFFICIAL_SCOREBOARD_FEED|https://data.ncaa.com/casablanca/scoreboard/football/fbs/2021/07/scoreboard.json,2026-08-22T03:41:53+00:00,training
NCAA-2021-352671,2021,7,2021-10-16T20:30:00+00:00,COLO,ARIZ,34,W,NCAA_OFFICIAL_SCOREBOARD_FEED|https://data.ncaa.com/casablanca/scoreboard/football/fbs/2021/07/scoreboard.json,2026-08-22T03:41:53+00:00,training
NCAA-2021-352824,2021,7,2021-10-16T20:30:00+00:00,UGA,UK,17,W,NCAA_OFFICIAL_SCOREBOARD_FEED|https://data.ncaa.com/casablanca/scoreboard/football/fbs/2021/07/scoreboard.json,2026-08-22T03:41:53+00:00,training
NCAA-2021-353236,2021,7,2021-10-16T20:30:00+00:00,ODU,WKU,-23,L,NCAA_OFFICIAL_SCOREBOARD_FEED|https://data.ncaa.com/casablanca/scoreboard/football/fbs/2021/07/scoreboard.json,2026-08-22T03:41:53+00:00,training
NCAA-2021-353668,2021,7,2021-10-16T20:30:00+00:00,UNC,MIA,3,W,NCAA_OFFICIAL_SCOREBOARD_FEED|https://data.ncaa.com/casablanca/scoreboard/football/fbs/2021/07/scoreboard.json,2026-08-22T03:41:53+00:00,training
NCAA-2021-353828,2021,7,2021-10-16T20:30:00+00:00,WYO,FRES,-17,L,NCAA_OFFICIAL_SCOREBOARD_FEED|https://data.ncaa.com/casablanca/scoreboard/football/fbs/2021/07/scoreboard.json,2026-08-22T03:41:53+00:00,training
NCAA-2021-353618,2021,7,2021-10-16T22:00:00+00:00,UTSA,RICE,45,W,NCAA_OFFICIAL_SCOREBOARD_FEED|https://data.ncaa.com/casablanca/scoreboard/football/fbs/2021/07/scoreboard.json,2026-08-22T03:41:53+00:00,training
NCAA-2021-352477,2021,7,2021-10-16T23:00:00+00:00,MSST,ALA,-40,L,NCAA_OFFICIAL_SCOREBOARD_FEED|https://data.ncaa.com/casablanca/scoreboard/football/fbs/2021/07/scoreboard.json,2026-08-22T03:41:53+00:00,training
NCAA-2021-353174,2021,7,2021-10-16T23:00:00+00:00,NM,CSU,-29,L,NCAA_OFFICIAL_SCOREBOARD_FEED|https://data.ncaa.com/casablanca/scoreboard/football/fbs/2021/07/scoreboard.json,2026-08-22T03:41:53+00:00,training
NCAA-2021-353899,2021,7,2021-10-16T23:00:00+00:00,UNLV,USU,-4,L,NCAA_OFFICIAL_SCOREBOARD_FEED|https://data.ncaa.com/casablanca/scoreboard/football/fbs/2021/07/scoreboard.json,2026-08-22T03:41:53+00:00,training
NCAA-2021-352571,2021,7,2021-10-16T23:30:00+00:00,BC,NCSU,-26,L,NCAA_OFFICIAL_SCOREBOARD_FEED|https://data.ncaa.com/casablanca/scoreboard/football/fbs/2021/07/scoreboard.json,2026-08-22T03:41:53+00:00,training
NCAA-2021-352957,2021,7,2021-10-16T23:30:00+00:00,KSU,ISU,-13,L,NCAA_OFFICIAL_SCOREBOARD_FEED|https://data.ncaa.com/casablanca/scoreboard/football/fbs/2021/07/scoreboard.json,2026-08-22T03:41:53+00:00,training
NCAA-2021-353774,2021,7,2021-10-16T23:30:00+00:00,WSU,STAN,3,W,NCAA_OFFICIAL_SCOREBOARD_FEED|https://data.ncaa.com/casablanca/scoreboard/football/fbs/2021/07/scoreboard.json,2026-08-22T03:41:53+00:00,training
NCAA-2021-353223,2021,7,2021-10-17T00:30:00+00:00,OU,TCU,21,W,NCAA_OFFICIAL_SCOREBOARD_FEED|https://data.ncaa.com/casablanca/scoreboard/football/fbs/2021/07/scoreboard.json,2026-08-22T03:41:53+00:00,training
NCAA-2021-353527,2021,7,2021-10-17T00:30:00+00:00,TENN,MISS,-5,L,NCAA_OFFICIAL_SCOREBOARD_FEED|https://data.ncaa.com/casablanca/scoreboard/football/fbs/2021/07/scoreboard.json,2026-08-22T03:41:53+00:00,training
NCAA-2021-352537,2021,7,2021-10-17T01:00:00+00:00,BOISE,AF,-7,L,NCAA_OFFICIAL_SCOREBOARD_FEED|https://data.ncaa.com/casablanca/scoreboard/football/fbs/2021/07/scoreboard.json,2026-08-22T03:41:53+00:00,training
NCAA-2021-353702,2021,7,2021-10-17T01:00:00+00:00,UTEP,LT,16,W,NCAA_OFFICIAL_SCOREBOARD_FEED|https://data.ncaa.com/casablanca/scoreboard/football/fbs/2021/07/scoreboard.json,2026-08-22T03:41:53+00:00,training
NCAA-2021-353766,2021,7,2021-10-17T01:30:00+00:00,WASH,UCLA,-7,L,NCAA_OFFICIAL_SCOREBOARD_FEED|https://data.ncaa.com/casablanca/scoreboard/football/fbs/2021/07/scoreboard.json,2026-08-22T03:41:53+00:00,training
NCAA-2021-353694,2021,7,2021-10-17T02:00:00+00:00,UTAH,ASU,14,W,NCAA_OFFICIAL_SCOREBOARD_FEED|https://data.ncaa.com/casablanca/scoreboard/football/fbs/2021/07/scoreboard.json,2026-08-22T03:41:53+00:00,training
NCAA-2021-353881,2021,7,2021-10-17T05:30:00+00:00,NEV,HAW,27,W,NCAA_OFFICIAL_SCOREBOARD_FEED|https://data.ncaa.com/casablanca/scoreboard/football/fbs/2021/07/scoreboard.json,2026-08-22T03:41:53+00:00,training
NCAA-2021-353139,2021,8,2021-10-21T23:30:00+00:00,CHAR,FAU,-29,L,NCAA_OFFICIAL_SCOREBOARD_FEED|https://data.ncaa.com/casablanca/scoreboard/football/fbs/2021/08/scoreboard.json,2026-08-22T03:41:54+00:00,training
NCAA-2021-353456,2021,8,2021-10-21T23:30:00+00:00,SMU,TLN,29,W,NCAA_OFFICIAL_SCOREBOARD_FEED|https://data.ncaa.com/casablanca/scoreboard/football/fbs/2021/08/scoreboard.json,2026-08-22T03:41:54+00:00,training
NCAA-2021-2084196,2021,8,2021-10-22T00:00:00+00:00,UNLV,SJSU,-7,L,NCAA_OFFICIAL_SCOREBOARD_FEED|https://data.ncaa.com/casablanca/scoreboard/football/fbs/2021/08/scoreboard.json,2026-08-22T03:41:54+00:00,training
NCAA-2021-352678,2021,8,2021-10-22T23:00:00+00:00,UConn,MTSU,-31,L,NCAA_OFFICIAL_SCOREBOARD_FEED|https://data.ncaa.com/casablanca/scoreboard/football/fbs/2021/08/scoreboard.json,2026-08-22T03:41:54+00:00,training
NCAA-2021-353639,2021,8,2021-10-23T00:00:00+00:00,UCF,MEM,17,W,NCAA_OFFICIAL_SCOREBOARD_FEED|https://data.ncaa.com/casablanca/scoreboard/football/fbs/2021/08/scoreboard.json,2026-08-22T03:41:54+00:00,training
NCAA-2021-352428,2021,8,2021-10-23T02:30:00+00:00,ARIZ,WASH,-5,L,NCAA_OFFICIAL_SCOREBOARD_FEED|https://data.ncaa.com/casablanca/scoreboard/football/fbs/2021/08/scoreboard.json,2026-08-22T03:41:54+00:00,training
NCAA-2021-363940,2021,8,2021-10-23T02:30:00+00:00,USU,CSU,2,W,NCAA_OFFICIAL_SCOREBOARD_FEED|https://data.ncaa.com/casablanca/scoreboard/football/fbs/2021/08/scoreboard.json,2026-08-22T03:41:54+00:00,training
NCAA-2021-353035,2021,8,2021-10-23T16:00:00+00:00,MICH,NU,26,W,NCAA_OFFICIAL_SCOREBOARD_FEED|https://data.ncaa.com/casablanca/scoreboard/football/fbs/2021/08/scoreboard.json,2026-08-22T03:41:54+00:00,training
NCAA-2021-353126,2021,8,2021-10-23T16:00:00+00:00,NAVY,CIN,-7,L,NCAA_OFFICIAL_SCOREBOARD_FEED|https://data.ncaa.com/casablanca/scoreboard/football/fbs/2021/08/scoreboard.json,2026-08-22T03:41:54+00:00,training
NCAA-2021-353294,2021,8,2021-10-23T16:00:00+00:00,PSU,ILL,-2,L,NCAA_OFFICIAL_SCOREBOARD_FEED|https://data.ncaa.com/casablanca/scoreboard/football/fbs/2021/08/scoreboard.json,2026-08-22T03:41:54+00:00,training
NCAA-2021-353746,2021,8,2021-10-23T16:30:00+00:00,VT,SYR,-5,L,NCAA_OFFICIAL_SCOREBOARD_FEED|https://data.ncaa.com/casablanca/scoreboard/football/fbs/2021/08/scoreboard.json,2026-08-22T03:41:54+00:00,training
NCAA-2021-352943,2021,8,2021-10-23T17:00:00+00:00,KU,OU,-12,L,NCAA_OFFICIAL_SCOREBOARD_FEED|https://data.ncaa.com/casablanca/scoreboard/football/fbs/2021/08/scoreboard.json,2026-08-22T03:41:54+00:00,training
NCAA-2021-353548,2021,8,2021-10-23T17:00:00+00:00,TTU,KSU,-1,L,NCAA_OFFICIAL_SCOREBOARD_FEED|https://data.ncaa.com/casablanca/scoreboard/football/fbs/2021/08/scoreboard.json,2026-08-22T03:41:54+00:00,training
NCAA-2021-353307,2021,8,2021-10-23T19:00:00+00:00,PUR,WIS,-17,L,NCAA_OFFICIAL_SCOREBOARD_FEED|https://data.ncaa.com/casablanca/scoreboard/football/fbs/2021/08/scoreboard.json,2026-08-22T03:41:54+00:00,training
NCAA-2021-352448,2021,8,2021-10-23T19:30:00+00:00,UAB,RICE,-6,L,NCAA_OFFICIAL_SCOREBOARD_FEED|https://data.ncaa.com/casablanca/scoreboard/football/fbs/2021/08/scoreboard.json,2026-08-22T03:41:54+00:00,training
NCAA-2021-353049,2021,8,2021-10-23T19:30:00+00:00,MINN,MD,18,W,NCAA_OFFICIAL_SCOREBOARD_FEED|https://data.ncaa.com/casablanca/scoreboard/football/fbs/2021/08/scoreboard.json,2026-08-22T03:41:54+00:00,training
NCAA-2021-353647,2021,8,2021-10-23T19:30:00+00:00,UCLA,ORE,-3,L,NCAA_OFFICIAL_SCOREBOARD_FEED|https://data.ncaa.com/casablanca/scoreboard/football/fbs/2021/08/scoreboard.json,2026-08-22T03:41:54+00:00,training
NCAA-2021-353775,2021,8,2021-10-23T19:30:00+00:00,WSU,BYU,-2,L,NCAA_OFFICIAL_SCOREBOARD_FEED|https://data.ncaa.com/casablanca/scoreboard/football/fbs/2021/08/scoreboard.json,2026-08-22T03:41:54+00:00,training
NCAA-2021-353829,2021,8,2021-10-23T19:30:00+00:00,WYO,NM,-11,L,NCAA_OFFICIAL_SCOREBOARD_FEED|https://data.ncaa.com/casablanca/scoreboard/football/fbs/2021/08/scoreboard.json,2026-08-22T03:41:54+00:00,training
NCAA-2021-352614,2021,8,2021-10-23T20:30:00+00:00,CAL,COLO,23,W,NCAA_OFFICIAL_SCOREBOARD_FEED|https://data.ncaa.com/casablanca/scoreboard/football/fbs/2021/08/scoreboard.json,2026-08-22T03:41:54+00:00,training
NCAA-2021-352887,2021,8,2021-10-23T20:30:00+00:00,ISU,OKST,3,W,NCAA_OFFICIAL_SCOREBOARD_FEED|https://data.ncaa.com/casablanca/scoreboard/football/fbs/2021/08/scoreboard.json,2026-08-22T03:41:54+00:00,training
NCAA-2021-353244,2021,8,2021-10-23T20:30:00+00:00,MISS,LSU,14,W,NCAA_OFFICIAL_SCOREBOARD_FEED|https://data.ncaa.com/casablanca/scoreboard/football/fbs/2021/08/scoreboard.json,2026-08-22T03:41:54+00:00,training
NCAA-2021-353279,2021,8,2021-10-23T20:30:00+00:00,PITT,CLEM,10,W,NCAA_OFFICIAL_SCOREBOARD_FEED|https://data.ncaa.com/casablanca/scoreboard/football/fbs/2021/08/scoreboard.json,2026-08-22T03:41:54+00:00,training
NCAA-2021-352879,2021,8,2021-10-23T21:00:00+00:00,HOU,ECU,7,W,NCAA_OFFICIAL_SCOREBOARD_FEED|https://data.ncaa.com/casablanca/scoreboard/football/fbs/2021/08/scoreboard.json,2026-08-22T03:41:54+00:00,training
NCAA-2021-352985,2021,8,2021-10-23T21:00:00+00:00,LOU,BC,14,W,NCAA_OFFICIAL_SCOREBOARD_FEED|https://data.ncaa.com/casablanca/scoreboard/football/fbs/2021/08/scoreboard.json,2026-08-22T03:41:54+00:00,training
NCAA-2021-353731,2021,8,2021-10-23T21:00:00+00:00,VAN,MSST,-39,L,NCAA_OFFICIAL_SCOREBOARD_FEED|https://data.ncaa.com/casablanca/scoreboard/football/fbs/2021/08/scoreboard.json,2026-08-22T03:41:54+00:00,training
NCAA-2021-352422,2021,8,2021-10-23T23:00:00+00:00,AF,SDSU,-6,L,NCAA_OFFICIAL_SCOREBOARD_FEED|https://data.ncaa.com/casablanca/scoreboard/football/fbs/2021/08/scoreboard.json,2026-08-22T03:41:54+00:00,training
NCAA-2021-352796,2021,8,2021-10-23T23:00:00+00:00,FRES,NEV,2,W,NCAA_OFFICIAL_SCOREBOARD_FEED|https://data.ncaa.com/casablanca/scoreboard/football/fbs/2021/08/scoreboard.json,2026-08-22T03:41:54+00:00,training
NCAA-2021-352971,2021,8,2021-10-23T23:00:00+00:00,LT,UTSA,-29,L,NCAA_OFFICIAL_SCOREBOARD_FEED|https://data.ncaa.com/casablanca/scoreboard/football/fbs/2021/08/scoreboard.json,2026-08-22T03:41:54+00:00,training
NCAA-2021-353153,2021,8,2021-10-23T23:30:00+00:00,ND,USC,15,W,NCAA_OFFICIAL_SCOREBOARD_FEED|https://data.ncaa.com/casablanca/scoreboard/football/fbs/2021/08/scoreboard.json,2026-08-22T03:41:54+00:00,training
NCAA-2021-353485,2021,8,2021-10-23T23:30:00+00:00,TA&M,SC,30,W,NCAA_OFFICIAL_SCOREBOARD_FEED|https://data.ncaa.com/casablanca/scoreboard/football/fbs/2021/08/scoreboard.json,2026-08-22T03:41:54+00:00,training
NCAA-2021-353506,2021,8,2021-10-23T23:30:00+00:00,TCU,WVU,-12,L,NCAA_OFFICIAL_SCOREBOARD_FEED|https://data.ncaa.com/casablanca/scoreboard/football/fbs/2021/08/scoreboard.json,2026-08-22T03:41:54+00:00,training
NCAA-2021-2157399,2021,8,2021-10-23T23:35:00+00:00,UVA,GT,8,W,NCAA_OFFICIAL_SCOREBOARD_FEED|https://data.ncaa.com/casablanca/scoreboard/football/fbs/2021/08/scoreboard.json,2026-08-22T03:41:54+00:00,training
NCAA-2021-352551,2021,8,2021-10-24T00:00:00+00:00,ALA,TENN,28,W,NCAA_OFFICIAL_SCOREBOARD_FEED|https://data.ncaa.com/casablanca/scoreboard/football/fbs/2021/08/scoreboard.json,2026-08-22T03:41:54+00:00,training
NCAA-2021-352789,2021,8,2021-10-24T00:00:00+00:00,FIU,WKU,-15,L,NCAA_OFFICIAL_SCOREBOARD_FEED|https://data.ncaa.com/casablanca/scoreboard/football/fbs/2021/08/scoreboard.json,2026-08-22T03:41:54+00:00,training
NCAA-2021-353428,2021,8,2021-10-24T00:00:00+00:00,USF,TEM,20,W,NCAA_OFFICIAL_SCOREBOARD_FEED|https://data.ncaa.com/casablanca/scoreboard/football/fbs/2021/08/scoreboard.json,2026-08-22T03:41:54+00:00,training
NCAA-2021-352915,2021,8,2021-10-24T00:30:00+00:00,IU,OSU,-47,L,NCAA_OFFICIAL_SCOREBOARD_FEED|https://data.ncaa.com/casablanca/scoreboard/football/fbs/2021/08/scoreboard.json,2026-08-22T03:41:54+00:00,training
NCAA-2021-353042,2021,8,2021-10-24T00:30:00+00:00,MIA,NCSU,1,W,NCAA_OFFICIAL_SCOREBOARD_FEED|https://data.ncaa.com/casablanca/scoreboard/football/fbs/2021/08/scoreboard.json,2026-08-22T03:41:54+00:00,training
NCAA-2021-353258,2021,8,2021-10-24T00:30:00+00:00,ORST,UTAH,8,W,NCAA_OFFICIAL_SCOREBOARD_FEED|https://data.ncaa.com/casablanca/scoreboard/football/fbs/2021/08/scoreboard.json,2026-08-22T03:41:54+00:00,training
NCAA-2021-352866,2021,8,2021-10-24T04:00:00+00:00,HAW,NMSU,14,W,NCAA_OFFICIAL_SCOREBOARD_FEED|https://data.ncaa.com/casablanca/scoreboard/football/fbs/2021/08/scoreboard.json,2026-08-22T03:41:54+00:00,training
NCAA-2021-352740,2021,9,2021-10-28T23:30:00+00:00,ECU,USF,15,W,NCAA_OFFICIAL_SCOREBOARD_FEED|https://data.ncaa.com/casablanca/scoreboard/football/fbs/2021/09/scoreboard.json,2026-08-22T03:41:54+00:00,training
NCAA-2021-353605,2021,9,2021-10-29T23:30:00+00:00,TLSA,NAVY,-3,L,NCAA_OFFICIAL_SCOREBOARD_FEED|https://data.ncaa.com/casablanca/scoreboard/football/fbs/2021/09/scoreboard.json,2026-08-22T03:41:54+00:00,training
NCAA-2021-353882,2021,9,2021-10-30T02:00:00+00:00,NEV,UNLV,31,W,NCAA_OFFICIAL_SCOREBOARD_FEED|https://data.ncaa.com/casablanca/scoreboard/football/fbs/2021/09/scoreboard.json,2026-08-22T03:41:54+00:00,training
NCAA-2021-352903,2021,9,2021-10-30T16:00:00+00:00,ILL,RUTG,-6,L,NCAA_OFFICIAL_SCOREBOARD_FEED|https://data.ncaa.com/casablanca/scoreboard/football/fbs/2021/09/scoreboard.json,2026-08-22T03:41:54+00:00,training
NCAA-2021-353598,2021,9,2021-10-30T16:00:00+00:00,TLN,CIN,-19,L,NCAA_OFFICIAL_SCOREBOARD_FEED|https://data.ncaa.com/casablanca/scoreboard/football/fbs/2021/09/scoreboard.json,2026-08-22T03:41:54+00:00,training
NCAA-2021-353795,2021,9,2021-10-30T16:00:00+00:00,WIS,IOWA,20,W,NCAA_OFFICIAL_SCOREBOARD_FEED|https://data.ncaa.com/casablanca/scoreboard/football/fbs/2021/09/scoreboard.json,2026-08-22T03:41:54+00:00,training
NCAA-2021-352566,2021,9,2021-10-30T17:00:00+00:00,BAY,TEX,7,W,NCAA_OFFICIAL_SCOREBOARD_FEED|https://data.ncaa.com/casablanca/scoreboard/football/fbs/2021/09/scoreboard.json,2026-08-22T03:41:54+00:00,training
NCAA-2021-352839,2021,9,2021-10-30T17:00:00+00:00,GT,VT,-9,L,NCAA_OFFICIAL_SCOREBOARD_FEED|https://data.ncaa.com/casablanca/scoreboard/football/fbs/2021/09/scoreboard.json,2026-08-22T03:41:54+00:00,training
NCAA-2021-353014,2021,9,2021-10-30T17:00:00+00:00,MD,IU,3,W,NCAA_OFFICIAL_SCOREBOARD_FEED|https://data.ncaa.com/casablanca/scoreboard/football/fbs/2021/09/scoreboard.json,2026-08-22T03:41:54+00:00,training
NCAA-2021-353098,2021,9,2021-10-30T17:00:00+00:00,MSU,MICH,4,W,NCAA_OFFICIAL_SCOREBOARD_FEED|https://data.ncaa.com/casablanca/scoreboard/football/fbs/2021/09/scoreboard.json,2026-08-22T03:41:54+00:00,training
NCAA-2021-353280,2021,9,2021-10-30T17:00:00+00:00,PITT,MIA,-4,L,NCAA_OFFICIAL_SCOREBOARD_FEED|https://data.ncaa.com/casablanca/scoreboard/football/fbs/2021/09/scoreboard.json,2026-08-22T03:41:54+00:00,training
NCAA-2021-353512,2021,9,2021-10-30T17:00:00+00:00,TEM,UCF,-42,L,NCAA_OFFICIAL_SCOREBOARD_FEED|https://data.ncaa.com/casablanca/scoreboard/football/fbs/2021/09/scoreboard.json,2026-08-22T03:41:54+00:00,training
NCAA-2021-353321,2021,9,2021-10-30T18:00:00+00:00,RICE,UNT,-6,L,NCAA_OFFICIAL_SCOREBOARD_FEED|https://data.ncaa.com/casablanca/scoreboard/football/fbs/2021/09/scoreboard.json,2026-08-22T03:41:54+00:00,training
NCAA-2021-353822,2021,9,2021-10-30T18:00:00+00:00,WVU,ISU,7,W,NCAA_OFFICIAL_SCOREBOARD_FEED|https://data.ncaa.com/casablanca/scoreboard/football/fbs/2021/09/scoreboard.json,2026-08-22T03:41:54+00:00,training
NCAA-2021-353006,2021,9,2021-10-30T19:30:00+00:00,MRSH,FIU,38,W,NCAA_OFFICIAL_SCOREBOARD_FEED|https://data.ncaa.com/casablanca/scoreboard/football/fbs/2021/09/scoreboard.json,2026-08-22T03:41:54+00:00,training
NCAA-2021-353103,2021,9,2021-10-30T19:30:00+00:00,MTSU,USM,25,W,NCAA_OFFICIAL_SCOREBOARD_FEED|https://data.ncaa.com/casablanca/scoreboard/football/fbs/2021/09/scoreboard.json,2026-08-22T03:41:54+00:00,training
NCAA-2021-353168,2021,9,2021-10-30T19:30:00+00:00,NEB,PUR,-5,L,NCAA_OFFICIAL_SCOREBOARD_FEED|https://data.ncaa.com/casablanca/scoreboard/football/fbs/2021/09/scoreboard.json,2026-08-22T03:41:54+00:00,training
NCAA-2021-353237,2021,9,2021-10-30T19:30:00+00:00,ODU,LT,3,W,NCAA_OFFICIAL_SCOREBOARD_FEED|https://data.ncaa.com/casablanca/scoreboard/football/fbs/2021/09/scoreboard.json,2026-08-22T03:41:54+00:00,training
NCAA-2021-353252,2021,9,2021-10-30T19:30:00+00:00,ORE,COLO,23,W,NCAA_OFFICIAL_SCOREBOARD_FEED|https://data.ncaa.com/casablanca/scoreboard/football/fbs/2021/09/scoreboard.json,2026-08-22T03:41:54+00:00,training
NCAA-2021-353479,2021,9,2021-10-30T19:30:00+00:00,SYR,BC,15,W,NCAA_OFFICIAL_SCOREBOARD_FEED|https://data.ncaa.com/casablanca/scoreboard/football/fbs/2021/09/scoreboard.json,2026-08-22T03:41:54+00:00,training
NCAA-2021-378488,2021,9,2021-10-30T19:30:00+00:00,FLA,UGA,-27,L,NCAA_OFFICIAL_SCOREBOARD_FEED|https://data.ncaa.com/casablanca/scoreboard/football/fbs/2021/09/scoreboard.json,2026-08-22T03:41:54+00:00,training
NCAA-2021-352443,2021,9,2021-10-30T20:00:00+00:00,ASU,WSU,-13,L,NCAA_OFFICIAL_SCOREBOARD_FEED|https://data.ncaa.com/casablanca/scoreboard/football/fbs/2021/09/scoreboard.json,2026-08-22T03:41:54+00:00,training
NCAA-2021-353732,2021,9,2021-10-30T20:00:00+00:00,VAN,MIZ,-9,L,NCAA_OFFICIAL_SCOREBOARD_FEED|https://data.ncaa.com/casablanca/scoreboard/football/fbs/2021/09/scoreboard.json,2026-08-22T03:41:54+00:00,training
NCAA-2021-353760,2021,9,2021-10-30T20:00:00+00:00,WAKE,DUKE,38,W,NCAA_OFFICIAL_SCOREBOARD_FEED|https://data.ncaa.com/casablanca/scoreboard/football/fbs/2021/09/scoreboard.json,2026-08-22T03:41:54+00:00,training
NCAA-2021-353801,2021,9,2021-10-30T20:00:00+00:00,WKU,CHAR,32,W,NCAA_OFFICIAL_SCOREBOARD_FEED|https://data.ncaa.com/casablanca/scoreboard/football/fbs/2021/09/scoreboard.json,2026-08-22T03:41:54+00:00,training
NCAA-2021-363941,2021,9,2021-10-30T20:00:00+00:00,USU,HAW,14,W,NCAA_OFFICIAL_SCOREBOARD_FEED|https://data.ncaa.com/casablanca/scoreboard/football/fbs/2021/09/scoreboard.json,2026-08-22T03:41:54+00:00,training
NCAA-2021-352642,2021,9,2021-10-30T20:30:00+00:00,CLEM,FSU,10,W,NCAA_OFFICIAL_SCOREBOARD_FEED|https://data.ncaa.com/casablanca/scoreboard/football/fbs/2021/09/scoreboard.json,2026-08-22T03:41:54+00:00,training
NCAA-2021-352958,2021,9,2021-10-30T20:30:00+00:00,KSU,TCU,19,W,NCAA_OFFICIAL_SCOREBOARD_FEED|https://data.ncaa.com/casablanca/scoreboard/football/fbs/2021/09/scoreboard.json,2026-08-22T03:41:54+00:00,training
NCAA-2021-353203,2021,9,2021-10-30T20:30:00+00:00,NU,MINN,-27,L,NCAA_OFFICIAL_SCOREBOARD_FEED|https://data.ncaa.com/casablanca/scoreboard/football/fbs/2021/09/scoreboard.json,2026-08-22T03:41:54+00:00,training
NCAA-2021-353224,2021,9,2021-10-30T20:30:00+00:00,OU,TTU,31,W,NCAA_OFFICIAL_SCOREBOARD_FEED|https://data.ncaa.com/casablanca/scoreboard/football/fbs/2021/09/scoreboard.json,2026-08-22T03:41:54+00:00,training
NCAA-2021-353442,2021,9,2021-10-30T21:00:00+00:00,SJSU,WYO,6,W,NCAA_OFFICIAL_SCOREBOARD_FEED|https://data.ncaa.com/casablanca/scoreboard/football/fbs/2021/09/scoreboard.json,2026-08-22T03:41:54+00:00,training
NCAA-2021-352775,2021,9,2021-10-30T22:00:00+00:00,FAU,UTEP,11,W,NCAA_OFFICIAL_SCOREBOARD_FEED|https://data.ncaa.com/casablanca/scoreboard/football/fbs/2021/09/scoreboard.json,2026-08-22T03:41:54+00:00,training
NCAA-2021-352478,2021,9,2021-10-30T23:00:00+00:00,MSST,UK,14,W,NCAA_OFFICIAL_SCOREBOARD_FEED|https://data.ncaa.com/casablanca/scoreboard/football/fbs/2021/09/scoreboard.json,2026-08-22T03:41:54+00:00,training
NCAA-2021-352615,2021,9,2021-10-30T23:00:00+00:00,CAL,ORST,14,W,NCAA_OFFICIAL_SCOREBOARD_FEED|https://data.ncaa.com/casablanca/scoreboard/football/fbs/2021/09/scoreboard.json,2026-08-22T03:41:54+00:00,training
NCAA-2021-352698,2021,9,2021-10-30T23:00:00+00:00,CSU,BOISE,-9,L,NCAA_OFFICIAL_SCOREBOARD_FEED|https://data.ncaa.com/casablanca/scoreboard/football/fbs/2021/09/scoreboard.json,2026-08-22T03:41:54+00:00,training
NCAA-2021-353147,2021,9,2021-10-30T23:30:00+00:00,NCSU,LOU,15,W,NCAA_OFFICIAL_SCOREBOARD_FEED|https://data.ncaa.com/casablanca/scoreboard/football/fbs/2021/09/scoreboard.json,2026-08-22T03:41:54+00:00,training
NCAA-2021-353154,2021,9,2021-10-30T23:30:00+00:00,ND,UNC,10,W,NCAA_OFFICIAL_SCOREBOARD_FEED|https://data.ncaa.com/casablanca/scoreboard/football/fbs/2021/09/scoreboard.json,2026-08-22T03:41:54+00:00,training
NCAA-2021-353266,2021,9,2021-10-30T23:30:00+00:00,OSU,PSU,9,W,NCAA_OFFICIAL_SCOREBOARD_FEED|https://data.ncaa.com/casablanca/scoreboard/football/fbs/2021/09/scoreboard.json,2026-08-22T03:41:54+00:00,training
NCAA-2021-352587,2021,9,2021-10-31T00:00:00+00:00,AUB,MISS,11,W,NCAA_OFFICIAL_SCOREBOARD_FEED|https://data.ncaa.com/casablanca/scoreboard/football/fbs/2021/09/scoreboard.json,2026-08-22T03:41:54+00:00,training
NCAA-2021-352880,2021,9,2021-10-31T00:00:00+00:00,HOU,SMU,7,W,NCAA_OFFICIAL_SCOREBOARD_FEED|https://data.ncaa.com/casablanca/scoreboard/football/fbs/2021/09/scoreboard.json,2026-08-22T03:41:54+00:00,training
NCAA-2021-353231,2021,9,2021-10-31T00:00:00+00:00,OKST,KU,52,W,NCAA_OFFICIAL_SCOREBOARD_FEED|https://data.ncaa.com/casablanca/scoreboard/football/fbs/2021/09/scoreboard.json,2026-08-22T03:41:54+00:00,training
NCAA-2021-364343,2021,9,2021-10-31T00:00:00+00:00,USC,ARIZ,7,W,NCAA_OFFICIAL_SCOREBOARD_FEED|https://data.ncaa.com/casablanca/scoreboard/football/fbs/2021/09/scoreboard.json,2026-08-22T03:41:54+00:00,training
NCAA-2021-353695,2021,9,2021-10-31T02:00:00+00:00,UTAH,UCLA,20,W,NCAA_OFFICIAL_SCOREBOARD_FEED|https://data.ncaa.com/casablanca/scoreboard/football/fbs/2021/09/scoreboard.json,2026-08-22T03:41:54+00:00,training
NCAA-2021-352608,2021,9,2021-10-31T02:15:00+00:00,BYU,UVA,17,W,NCAA_OFFICIAL_SCOREBOARD_FEED|https://data.ncaa.com/casablanca/scoreboard/football/fbs/2021/09/scoreboard.json,2026-08-22T03:41:54+00:00,training
NCAA-2021-353415,2021,9,2021-10-31T02:30:00+00:00,SDSU,FRES,-10,L,NCAA_OFFICIAL_SCOREBOARD_FEED|https://data.ncaa.com/casablanca/scoreboard/football/fbs/2021/09/scoreboard.json,2026-08-22T03:41:54+00:00,training
NCAA-2021-353462,2021,9,2021-10-31T02:30:00+00:00,STAN,WASH,-7,L,NCAA_OFFICIAL_SCOREBOARD_FEED|https://data.ncaa.com/casablanca/scoreboard/football/fbs/2021/09/scoreboard.json,2026-08-22T03:41:54+00:00,training
NCAA-2021-352572,2021,10,2021-11-06T00:30:00+00:00,BC,VT,14,W,NCAA_OFFICIAL_SCOREBOARD_FEED|https://data.ncaa.com/casablanca/scoreboard/football/fbs/2021/10/scoreboard.json,2026-08-22T03:41:55+00:00,training
NCAA-2021-353463,2021,10,2021-11-06T02:30:00+00:00,STAN,UTAH,-45,L,NCAA_OFFICIAL_SCOREBOARD_FEED|https://data.ncaa.com/casablanca/scoreboard/football/fbs/2021/10/scoreboard.json,2026-08-22T03:41:55+00:00,training
NCAA-2021-352449,2021,10,2021-11-06T16:00:00+00:00,UAB,LT,14,W,NCAA_OFFICIAL_SCOREBOARD_FEED|https://data.ncaa.com/casablanca/scoreboard/football/fbs/2021/10/scoreboard.json,2026-08-22T03:41:55+00:00,training
NCAA-2021-353669,2021,10,2021-11-06T16:00:00+00:00,UNC,WAKE,3,W,NCAA_OFFICIAL_SCOREBOARD_FEED|https://data.ncaa.com/casablanca/scoreboard/football/fbs/2021/10/scoreboard.json,2026-08-22T03:41:55+00:00,training
NCAA-2021-353043,2021,10,2021-11-06T16:30:00+00:00,MIA,GT,3,W,NCAA_OFFICIAL_SCOREBOARD_FEED|https://data.ncaa.com/casablanca/scoreboard/football/fbs/2021/10/scoreboard.json,2026-08-22T03:41:55+00:00,training
NCAA-2021-352734,2021,10,2021-11-06T17:00:00+00:00,DUKE,PITT,-25,L,NCAA_OFFICIAL_SCOREBOARD_FEED|https://data.ncaa.com/casablanca/scoreboard/football/fbs/2021/10/scoreboard.json,2026-08-22T03:41:55+00:00,training
NCAA-2021-352825,2021,10,2021-11-06T17:00:00+00:00,UGA,MIZ,37,W,NCAA_OFFICIAL_SCOREBOARD_FEED|https://data.ncaa.com/casablanca/scoreboard/football/fbs/2021/10/scoreboard.json,2026-08-22T03:41:55+00:00,training
NCAA-2021-352944,2021,10,2021-11-06T17:00:00+00:00,KU,KSU,-25,L,NCAA_OFFICIAL_SCOREBOARD_FEED|https://data.ncaa.com/casablanca/scoreboard/football/fbs/2021/10/scoreboard.json,2026-08-22T03:41:55+00:00,training
NCAA-2021-353021,2021,10,2021-11-06T17:00:00+00:00,MEM,SMU,3,W,NCAA_OFFICIAL_SCOREBOARD_FEED|https://data.ncaa.com/casablanca/scoreboard/football/fbs/2021/10/scoreboard.json,2026-08-22T03:41:55+00:00,training
NCAA-2021-353050,2021,10,2021-11-06T17:00:00+00:00,MINN,ILL,-8,L,NCAA_OFFICIAL_SCOREBOARD_FEED|https://data.ncaa.com/casablanca/scoreboard/football/fbs/2021/10/scoreboard.json,2026-08-22T03:41:55+00:00,training
NCAA-2021-353169,2021,10,2021-11-06T17:00:00+00:00,NEB,OSU,-9,L,NCAA_OFFICIAL_SCOREBOARD_FEED|https://data.ncaa.com/casablanca/scoreboard/football/fbs/2021/10/scoreboard.json,2026-08-22T03:41:55+00:00,training
NCAA-2021-352741,2021,10,2021-11-06T19:00:00+00:00,ECU,TEM,42,W,NCAA_OFFICIAL_SCOREBOARD_FEED|https://data.ncaa.com/casablanca/scoreboard/football/fbs/2021/10/scoreboard.json,2026-08-22T03:41:55+00:00,training
NCAA-2021-353450,2021,10,2021-11-06T19:00:00+00:00,USM,UNT,-24,L,NCAA_OFFICIAL_SCOREBOARD_FEED|https://data.ncaa.com/casablanca/scoreboard/football/fbs/2021/10/scoreboard.json,2026-08-22T03:41:55+00:00,training
NCAA-2021-352636,2021,10,2021-11-06T19:30:00+00:00,CIN,TLSA,8,W,NCAA_OFFICIAL_SCOREBOARD_FEED|https://data.ncaa.com/casablanca/scoreboard/football/fbs/2021/10/scoreboard.json,2026-08-22T03:41:55+00:00,training
NCAA-2021-353308,2021,10,2021-11-06T19:30:00+00:00,PUR,MSU,11,W,NCAA_OFFICIAL_SCOREBOARD_FEED|https://data.ncaa.com/casablanca/scoreboard/football/fbs/2021/10/scoreboard.json,2026-08-22T03:41:55+00:00,training
NCAA-2021-353372,2021,10,2021-11-06T19:30:00+00:00,RUTG,WIS,-49,L,NCAA_OFFICIAL_SCOREBOARD_FEED|https://data.ncaa.com/casablanca/scoreboard/football/fbs/2021/10/scoreboard.json,2026-08-22T03:41:55+00:00,training
NCAA-2021-353830,2021,10,2021-11-06T19:30:00+00:00,WYO,CSU,14,W,NCAA_OFFICIAL_SCOREBOARD_FEED|https://data.ncaa.com/casablanca/scoreboard/football/fbs/2021/10/scoreboard.json,2026-08-22T03:41:55+00:00,training
NCAA-2021-352429,2021,10,2021-11-06T20:00:00+00:00,ARIZ,CAL,7,W,NCAA_OFFICIAL_SCOREBOARD_FEED|https://data.ncaa.com/casablanca/scoreboard/football/fbs/2021/10/scoreboard.json,2026-08-22T03:41:55+00:00,training
NCAA-2021-353640,2021,10,2021-11-06T20:00:00+00:00,UCF,TLN,4,W,NCAA_OFFICIAL_SCOREBOARD_FEED|https://data.ncaa.com/casablanca/scoreboard/football/fbs/2021/10/scoreboard.json,2026-08-22T03:41:55+00:00,training
NCAA-2021-353015,2021,10,2021-11-06T20:30:00+00:00,MD,PSU,-17,L,NCAA_OFFICIAL_SCOREBOARD_FEED|https://data.ncaa.com/casablanca/scoreboard/football/fbs/2021/10/scoreboard.json,2026-08-22T03:41:55+00:00,training
NCAA-2021-353140,2021,10,2021-11-06T20:30:00+00:00,CHAR,RICE,7,W,NCAA_OFFICIAL_SCOREBOARD_FEED|https://data.ncaa.com/casablanca/scoreboard/football/fbs/2021/10/scoreboard.json,2026-08-22T03:41:55+00:00,training
NCAA-2021-353155,2021,10,2021-11-06T20:30:00+00:00,ND,NAVY,28,W,NCAA_OFFICIAL_SCOREBOARD_FEED|https://data.ncaa.com/casablanca/scoreboard/football/fbs/2021/10/scoreboard.json,2026-08-22T03:41:55+00:00,training
NCAA-2021-353486,2021,10,2021-11-06T20:30:00+00:00,TA&M,AUB,17,W,NCAA_OFFICIAL_SCOREBOARD_FEED|https://data.ncaa.com/casablanca/scoreboard/football/fbs/2021/10/scoreboard.json,2026-08-22T03:41:55+00:00,training
NCAA-2021-353507,2021,10,2021-11-06T20:30:00+00:00,TCU,BAY,2,W,NCAA_OFFICIAL_SCOREBOARD_FEED|https://data.ncaa.com/casablanca/scoreboard/football/fbs/2021/10/scoreboard.json,2026-08-22T03:41:55+00:00,training
NCAA-2021-353823,2021,10,2021-11-06T20:30:00+00:00,WVU,OKST,-21,L,NCAA_OFFICIAL_SCOREBOARD_FEED|https://data.ncaa.com/casablanca/scoreboard/football/fbs/2021/10/scoreboard.json,2026-08-22T03:41:55+00:00,training
NCAA-2021-352581,2021,10,2021-11-06T21:00:00+00:00,ARK,MSST,3,W,NCAA_OFFICIAL_SCOREBOARD_FEED|https://data.ncaa.com/casablanca/scoreboard/football/fbs/2021/10/scoreboard.json,2026-08-22T03:41:55+00:00,training
NCAA-2021-352805,2021,10,2021-11-06T21:00:00+00:00,FSU,NCSU,-14,L,NCAA_OFFICIAL_SCOREBOARD_FEED|https://data.ncaa.com/casablanca/scoreboard/football/fbs/2021/10/scoreboard.json,2026-08-22T03:41:55+00:00,training
NCAA-2021-353181,2021,10,2021-11-06T21:00:00+00:00,NMSU,USU,-22,L,NCAA_OFFICIAL_SCOREBOARD_FEED|https://data.ncaa.com/casablanca/scoreboard/football/fbs/2021/10/scoreboard.json,2026-08-22T03:41:55+00:00,training
NCAA-2021-352672,2021,10,2021-11-06T23:00:00+00:00,COLO,ORST,3,W,NCAA_OFFICIAL_SCOREBOARD_FEED|https://data.ncaa.com/casablanca/scoreboard/football/fbs/2021/10/scoreboard.json,2026-08-22T03:41:55+00:00,training
NCAA-2021-352776,2021,10,2021-11-06T23:00:00+00:00,FAU,MRSH,-15,L,NCAA_OFFICIAL_SCOREBOARD_FEED|https://data.ncaa.com/casablanca/scoreboard/football/fbs/2021/10/scoreboard.json,2026-08-22T03:41:55+00:00,training
NCAA-2021-352797,2021,10,2021-11-06T23:00:00+00:00,FRES,BOISE,-26,L,NCAA_OFFICIAL_SCOREBOARD_FEED|https://data.ncaa.com/casablanca/scoreboard/football/fbs/2021/10/scoreboard.json,2026-08-22T03:41:55+00:00,training
NCAA-2021-352966,2021,10,2021-11-06T23:00:00+00:00,UK,TENN,-3,L,NCAA_OFFICIAL_SCOREBOARD_FEED|https://data.ncaa.com/casablanca/scoreboard/football/fbs/2021/10/scoreboard.json,2026-08-22T03:41:55+00:00,training
NCAA-2021-353175,2021,10,2021-11-06T23:00:00+00:00,NM,UNLV,-14,L,NCAA_OFFICIAL_SCOREBOARD_FEED|https://data.ncaa.com/casablanca/scoreboard/football/fbs/2021/10/scoreboard.json,2026-08-22T03:41:55+00:00,training
NCAA-2021-353204,2021,10,2021-11-06T23:00:00+00:00,NU,IOWA,-5,L,NCAA_OFFICIAL_SCOREBOARD_FEED|https://data.ncaa.com/casablanca/scoreboard/football/fbs/2021/10/scoreboard.json,2026-08-22T03:41:55+00:00,training
NCAA-2021-353036,2021,10,2021-11-06T23:30:00+00:00,MICH,IU,22,W,NCAA_OFFICIAL_SCOREBOARD_FEED|https://data.ncaa.com/casablanca/scoreboard/football/fbs/2021/10/scoreboard.json,2026-08-22T03:41:55+00:00,training
NCAA-2021-353429,2021,10,2021-11-06T23:30:00+00:00,USF,HOU,-18,L,NCAA_OFFICIAL_SCOREBOARD_FEED|https://data.ncaa.com/casablanca/scoreboard/football/fbs/2021/10/scoreboard.json,2026-08-22T03:41:55+00:00,training
NCAA-2021-353767,2021,10,2021-11-06T23:30:00+00:00,WASH,ORE,-10,L,NCAA_OFFICIAL_SCOREBOARD_FEED|https://data.ncaa.com/casablanca/scoreboard/football/fbs/2021/10/scoreboard.json,2026-08-22T03:41:55+00:00,training
NCAA-2021-352552,2021,10,2021-11-07T00:00:00+00:00,ALA,LSU,6,W,NCAA_OFFICIAL_SCOREBOARD_FEED|https://data.ncaa.com/casablanca/scoreboard/football/fbs/2021/10/scoreboard.json,2026-08-22T03:41:55+00:00,training
NCAA-2021-352790,2021,10,2021-11-07T00:00:00+00:00,FIU,ODU,-23,L,NCAA_OFFICIAL_SCOREBOARD_FEED|https://data.ncaa.com/casablanca/scoreboard/football/fbs/2021/10/scoreboard.json,2026-08-22T03:41:55+00:00,training
NCAA-2021-352888,2021,10,2021-11-07T00:30:00+00:00,ISU,TEX,23,W,NCAA_OFFICIAL_SCOREBOARD_FEED|https://data.ncaa.com/casablanca/scoreboard/football/fbs/2021/10/scoreboard.json,2026-08-22T03:41:55+00:00,training
NCAA-2021-352986,2021,10,2021-11-07T00:30:00+00:00,LOU,CLEM,-6,L,NCAA_OFFICIAL_SCOREBOARD_FEED|https://data.ncaa.com/casablanca/scoreboard/football/fbs/2021/10/scoreboard.json,2026-08-22T03:41:55+00:00,training
NCAA-2021-353401,2021,10,2021-11-07T00:30:00+00:00,SC,FLA,23,W,NCAA_OFFICIAL_SCOREBOARD_FEED|https://data.ncaa.com/casablanca/scoreboard/football/fbs/2021/10/scoreboard.json,2026-08-22T03:41:55+00:00,training
NCAA-2021-352444,2021,10,2021-11-07T02:30:00+00:00,ASU,USC,15,W,NCAA_OFFICIAL_SCOREBOARD_FEED|https://data.ncaa.com/casablanca/scoreboard/football/fbs/2021/10/scoreboard.json,2026-08-22T03:41:55+00:00,training
NCAA-2021-353883,2021,10,2021-11-07T03:00:00+00:00,NEV,SJSU,31,W,NCAA_OFFICIAL_SCOREBOARD_FEED|https://data.ncaa.com/casablanca/scoreboard/football/fbs/2021/10/scoreboard.json,2026-08-22T03:41:55+00:00,training
NCAA-2021-353703,2021,10,2021-11-07T03:15:00+00:00,UTEP,UTSA,-21,L,NCAA_OFFICIAL_SCOREBOARD_FEED|https://data.ncaa.com/casablanca/scoreboard/football/fbs/2021/10/scoreboard.json,2026-08-22T03:41:55+00:00,training
NCAA-2021-352867,2021,10,2021-11-07T04:00:00+00:00,HAW,SDSU,-7,L,NCAA_OFFICIAL_SCOREBOARD_FEED|https://data.ncaa.com/casablanca/scoreboard/football/fbs/2021/10/scoreboard.json,2026-08-22T03:41:55+00:00,training
NCAA-2021-353281,2021,11,2021-11-12T00:30:00+00:00,PITT,UNC,7,W,NCAA_OFFICIAL_SCOREBOARD_FEED|https://data.ncaa.com/casablanca/scoreboard/football/fbs/2021/11/scoreboard.json,2026-08-22T03:41:55+00:00,training
NCAA-2021-353430,2021,11,2021-11-12T23:00:00+00:00,USF,CIN,-17,L,NCAA_OFFICIAL_SCOREBOARD_FEED|https://data.ncaa.com/casablanca/scoreboard/football/fbs/2021/11/scoreboard.json,2026-08-22T03:41:55+00:00,training
NCAA-2021-352538,2021,11,2021-11-13T02:00:00+00:00,BOISE,WYO,10,W,NCAA_OFFICIAL_SCOREBOARD_FEED|https://data.ncaa.com/casablanca/scoreboard/football/fbs/2021/11/scoreboard.json,2026-08-22T03:41:55+00:00,training
NCAA-2021-352553,2021,11,2021-11-13T17:00:00+00:00,ALA,NMSU,56,W,NCAA_OFFICIAL_SCOREBOARD_FEED|https://data.ncaa.com/casablanca/scoreboard/football/fbs/2021/11/scoreboard.json,2026-08-22T03:41:55+00:00,training
NCAA-2021-352567,2021,11,2021-11-13T17:00:00+00:00,BAY,OU,13,W,NCAA_OFFICIAL_SCOREBOARD_FEED|https://data.ncaa.com/casablanca/scoreboard/football/fbs/2021/11/scoreboard.json,2026-08-22T03:41:55+00:00,training
NCAA-2021-352588,2021,11,2021-11-13T17:00:00+00:00,AUB,MSST,-9,L,NCAA_OFFICIAL_SCOREBOARD_FEED|https://data.ncaa.com/casablanca/scoreboard/football/fbs/2021/11/scoreboard.json,2026-08-22T03:41:55+00:00,training
NCAA-2021-352643,2021,11,2021-11-13T17:00:00+00:00,CLEM,UConn,37,W,NCAA_OFFICIAL_SCOREBOARD_FEED|https://data.ncaa.com/casablanca/scoreboard/football/fbs/2021/11/scoreboard.json,2026-08-22T03:41:55+00:00,training
NCAA-2021-352916,2021,11,2021-11-13T17:00:00+00:00,IU,RUTG,-35,L,NCAA_OFFICIAL_SCOREBOARD_FEED|https://data.ncaa.com/casablanca/scoreboard/football/fbs/2021/11/scoreboard.json,2026-08-22T03:41:55+00:00,training
NCAA-2021-352959,2021,11,2021-11-13T17:00:00+00:00,KSU,WVU,17,W,NCAA_OFFICIAL_SCOREBOARD_FEED|https://data.ncaa.com/casablanca/scoreboard/football/fbs/2021/11/scoreboard.json,2026-08-22T03:41:55+00:00,training
NCAA-2021-352987,2021,11,2021-11-13T17:00:00+00:00,LOU,SYR,38,W,NCAA_OFFICIAL_SCOREBOARD_FEED|https://data.ncaa.com/casablanca/scoreboard/football/fbs/2021/11/scoreboard.json,2026-08-22T03:41:55+00:00,training
NCAA-2021-353022,2021,11,2021-11-13T17:00:00+00:00,MEM,ECU,-1,L,NCAA_OFFICIAL_SCOREBOARD_FEED|https://data.ncaa.com/casablanca/scoreboard/football/fbs/2021/11/scoreboard.json,2026-08-22T03:41:55+00:00,training
NCAA-2021-353295,2021,11,2021-11-13T17:00:00+00:00,PSU,MICH,-4,L,NCAA_OFFICIAL_SCOREBOARD_FEED|https://data.ncaa.com/casablanca/scoreboard/football/fbs/2021/11/scoreboard.json,2026-08-22T03:41:55+00:00,training
NCAA-2021-353457,2021,11,2021-11-13T17:00:00+00:00,SMU,UCF,27,W,NCAA_OFFICIAL_SCOREBOARD_FEED|https://data.ncaa.com/casablanca/scoreboard/football/fbs/2021/11/scoreboard.json,2026-08-22T03:41:55+00:00,training
NCAA-2021-353513,2021,11,2021-11-13T17:00:00+00:00,TEM,HOU,-29,L,NCAA_OFFICIAL_SCOREBOARD_FEED|https://data.ncaa.com/casablanca/scoreboard/football/fbs/2021/11/scoreboard.json,2026-08-22T03:41:55+00:00,training
NCAA-2021-353796,2021,11,2021-11-13T17:00:00+00:00,WIS,NU,28,W,NCAA_OFFICIAL_SCOREBOARD_FEED|https://data.ncaa.com/casablanca/scoreboard/football/fbs/2021/11/scoreboard.json,2026-08-22T03:41:55+00:00,training
NCAA-2021-352430,2021,11,2021-11-13T19:00:00+00:00,ARIZ,UTAH,-2,L,NCAA_OFFICIAL_SCOREBOARD_FEED|https://data.ncaa.com/casablanca/scoreboard/football/fbs/2021/11/scoreboard.json,2026-08-22T03:41:55+00:00,training
NCAA-2021-353322,2021,11,2021-11-13T19:00:00+00:00,RICE,WKU,-21,L,NCAA_OFFICIAL_SCOREBOARD_FEED|https://data.ncaa.com/casablanca/scoreboard/football/fbs/2021/11/scoreboard.json,2026-08-22T03:41:55+00:00,training
NCAA-2021-352806,2021,11,2021-11-13T20:30:00+00:00,FSU,MIA,3,W,NCAA_OFFICIAL_SCOREBOARD_FEED|https://data.ncaa.com/casablanca/scoreboard/football/fbs/2021/11/scoreboard.json,2026-08-22T03:41:55+00:00,training
NCAA-2021-352840,2021,11,2021-11-13T20:30:00+00:00,GT,BC,-11,L,NCAA_OFFICIAL_SCOREBOARD_FEED|https://data.ncaa.com/casablanca/scoreboard/football/fbs/2021/11/scoreboard.json,2026-08-22T03:41:55+00:00,training
NCAA-2021-352924,2021,11,2021-11-13T20:30:00+00:00,IOWA,MINN,5,W,NCAA_OFFICIAL_SCOREBOARD_FEED|https://data.ncaa.com/casablanca/scoreboard/football/fbs/2021/11/scoreboard.json,2026-08-22T03:41:55+00:00,training
NCAA-2021-352972,2021,11,2021-11-13T20:30:00+00:00,LT,CHAR,10,W,NCAA_OFFICIAL_SCOREBOARD_FEED|https://data.ncaa.com/casablanca/scoreboard/football/fbs/2021/11/scoreboard.json,2026-08-22T03:41:55+00:00,training
NCAA-2021-353007,2021,11,2021-11-13T20:30:00+00:00,MRSH,UAB,-7,L,NCAA_OFFICIAL_SCOREBOARD_FEED|https://data.ncaa.com/casablanca/scoreboard/football/fbs/2021/11/scoreboard.json,2026-08-22T03:41:55+00:00,training
NCAA-2021-353104,2021,11,2021-11-13T20:30:00+00:00,MTSU,FIU,40,W,NCAA_OFFICIAL_SCOREBOARD_FEED|https://data.ncaa.com/casablanca/scoreboard/football/fbs/2021/11/scoreboard.json,2026-08-22T03:41:55+00:00,training
NCAA-2021-353238,2021,11,2021-11-13T20:30:00+00:00,ODU,FAU,14,W,NCAA_OFFICIAL_SCOREBOARD_FEED|https://data.ncaa.com/casablanca/scoreboard/football/fbs/2021/11/scoreboard.json,2026-08-22T03:41:55+00:00,training
NCAA-2021-353267,2021,11,2021-11-13T20:30:00+00:00,OSU,PUR,28,W,NCAA_OFFICIAL_SCOREBOARD_FEED|https://data.ncaa.com/casablanca/scoreboard/football/fbs/2021/11/scoreboard.json,2026-08-22T03:41:55+00:00,training
NCAA-2021-353528,2021,11,2021-11-13T20:30:00+00:00,TENN,UGA,-24,L,NCAA_OFFICIAL_SCOREBOARD_FEED|https://data.ncaa.com/casablanca/scoreboard/football/fbs/2021/11/scoreboard.json,2026-08-22T03:41:55+00:00,training
NCAA-2021-353549,2021,11,2021-11-13T20:30:00+00:00,TTU,ISU,3,W,NCAA_OFFICIAL_SCOREBOARD_FEED|https://data.ncaa.com/casablanca/scoreboard/football/fbs/2021/11/scoreboard.json,2026-08-22T03:41:55+00:00,training
NCAA-2021-353619,2021,11,2021-11-13T20:30:00+00:00,UTSA,USM,10,W,NCAA_OFFICIAL_SCOREBOARD_FEED|https://data.ncaa.com/casablanca/scoreboard/football/fbs/2021/11/scoreboard.json,2026-08-22T03:41:55+00:00,training
NCAA-2021-353747,2021,11,2021-11-13T20:30:00+00:00,VT,DUKE,31,W,NCAA_OFFICIAL_SCOREBOARD_FEED|https://data.ncaa.com/casablanca/scoreboard/football/fbs/2021/11/scoreboard.json,2026-08-22T03:41:55+00:00,training
NCAA-2021-353057,2021,11,2021-11-13T21:00:00+00:00,MIZ,SC,3,W,NCAA_OFFICIAL_SCOREBOARD_FEED|https://data.ncaa.com/casablanca/scoreboard/football/fbs/2021/11/scoreboard.json,2026-08-22T03:41:55+00:00,training
NCAA-2021-353099,2021,11,2021-11-13T21:00:00+00:00,MSU,MD,19,W,NCAA_OFFICIAL_SCOREBOARD_FEED|https://data.ncaa.com/casablanca/scoreboard/football/fbs/2021/11/scoreboard.json,2026-08-22T03:41:55+00:00,training
NCAA-2021-353196,2021,11,2021-11-13T21:00:00+00:00,UNT,UTEP,3,W,NCAA_OFFICIAL_SCOREBOARD_FEED|https://data.ncaa.com/casablanca/scoreboard/football/fbs/2021/11/scoreboard.json,2026-08-22T03:41:55+00:00,training
NCAA-2021-353599,2021,11,2021-11-13T21:00:00+00:00,TLN,TLSA,-7,L,NCAA_OFFICIAL_SCOREBOARD_FEED|https://data.ncaa.com/casablanca/scoreboard/football/fbs/2021/11/scoreboard.json,2026-08-22T03:41:55+00:00,training
NCAA-2021-353901,2021,11,2021-11-13T21:00:00+00:00,UNLV,HAW,14,W,NCAA_OFFICIAL_SCOREBOARD_FEED|https://data.ncaa.com/casablanca/scoreboard/football/fbs/2021/11/scoreboard.json,2026-08-22T03:41:55+00:00,training
NCAA-2021-353259,2021,11,2021-11-13T22:30:00+00:00,ORST,STAN,21,W,NCAA_OFFICIAL_SCOREBOARD_FEED|https://data.ncaa.com/casablanca/scoreboard/football/fbs/2021/11/scoreboard.json,2026-08-22T03:41:55+00:00,training
NCAA-2021-352699,2021,11,2021-11-14T00:00:00+00:00,CSU,AF,-14,L,NCAA_OFFICIAL_SCOREBOARD_FEED|https://data.ncaa.com/casablanca/scoreboard/football/fbs/2021/11/scoreboard.json,2026-08-22T03:41:55+00:00,training
NCAA-2021-352798,2021,11,2021-11-14T00:00:00+00:00,FRES,NM,27,W,NCAA_OFFICIAL_SCOREBOARD_FEED|https://data.ncaa.com/casablanca/scoreboard/football/fbs/2021/11/scoreboard.json,2026-08-22T03:41:55+00:00,training
NCAA-2021-353246,2021,11,2021-11-14T00:00:00+00:00,MISS,TA&M,10,W,NCAA_OFFICIAL_SCOREBOARD_FEED|https://data.ncaa.com/casablanca/scoreboard/football/fbs/2021/11/scoreboard.json,2026-08-22T03:41:55+00:00,training
NCAA-2021-353733,2021,11,2021-11-14T00:00:00+00:00,VAN,UK,-17,L,NCAA_OFFICIAL_SCOREBOARD_FEED|https://data.ncaa.com/casablanca/scoreboard/football/fbs/2021/11/scoreboard.json,2026-08-22T03:41:55+00:00,training
NCAA-2021-353768,2021,11,2021-11-14T00:00:00+00:00,WASH,ASU,-5,L,NCAA_OFFICIAL_SCOREBOARD_FEED|https://data.ncaa.com/casablanca/scoreboard/football/fbs/2021/11/scoreboard.json,2026-08-22T03:41:55+00:00,training
NCAA-2021-352993,2021,11,2021-11-14T00:30:00+00:00,LSU,ARK,-3,L,NCAA_OFFICIAL_SCOREBOARD_FEED|https://data.ncaa.com/casablanca/scoreboard/football/fbs/2021/11/scoreboard.json,2026-08-22T03:41:55+00:00,training
NCAA-2021-353542,2021,11,2021-11-14T00:30:00+00:00,TEX,KU,-1,L,NCAA_OFFICIAL_SCOREBOARD_FEED|https://data.ncaa.com/casablanca/scoreboard/football/fbs/2021/11/scoreboard.json,2026-08-22T03:41:55+00:00,training
NCAA-2021-353718,2021,11,2021-11-14T00:30:00+00:00,UVA,ND,-25,L,NCAA_OFFICIAL_SCOREBOARD_FEED|https://data.ncaa.com/casablanca/scoreboard/football/fbs/2021/11/scoreboard.json,2026-08-22T03:41:55+00:00,training
NCAA-2021-353761,2021,11,2021-11-14T00:30:00+00:00,WAKE,NCSU,3,W,NCAA_OFFICIAL_SCOREBOARD_FEED|https://data.ncaa.com/casablanca/scoreboard/football/fbs/2021/11/scoreboard.json,2026-08-22T03:41:55+00:00,training
NCAA-2021-353648,2021,11,2021-11-14T02:00:00+00:00,UCLA,COLO,24,W,NCAA_OFFICIAL_SCOREBOARD_FEED|https://data.ncaa.com/casablanca/scoreboard/football/fbs/2021/11/scoreboard.json,2026-08-22T03:41:55+00:00,training
NCAA-2021-353253,2021,11,2021-11-14T03:30:00+00:00,ORE,WSU,14,W,NCAA_OFFICIAL_SCOREBOARD_FEED|https://data.ncaa.com/casablanca/scoreboard/football/fbs/2021/11/scoreboard.json,2026-08-22T03:41:55+00:00,training
NCAA-2021-353416,2021,11,2021-11-14T03:30:00+00:00,SDSU,NEV,2,W,NCAA_OFFICIAL_SCOREBOARD_FEED|https://data.ncaa.com/casablanca/scoreboard/football/fbs/2021/11/scoreboard.json,2026-08-22T03:41:55+00:00,training
NCAA-2021-353443,2021,11,2021-11-14T03:30:00+00:00,SJSU,USU,-31,L,NCAA_OFFICIAL_SCOREBOARD_FEED|https://data.ncaa.com/casablanca/scoreboard/football/fbs/2021/11/scoreboard.json,2026-08-22T03:41:55+00:00,training
NCAA-2021-352735,2021,12,2021-11-19T00:30:00+00:00,DUKE,LOU,-40,L,NCAA_OFFICIAL_SCOREBOARD_FEED|https://data.ncaa.com/casablanca/scoreboard/football/fbs/2021/12/scoreboard.json,2026-08-22T03:41:56+00:00,training
NCAA-2021-352973,2021,12,2021-11-20T01:00:00+00:00,LT,USM,-16,L,NCAA_OFFICIAL_SCOREBOARD_FEED|https://data.ncaa.com/casablanca/scoreboard/football/fbs/2021/12/scoreboard.json,2026-08-22T03:41:56+00:00,training
NCAA-2021-352881,2021,12,2021-11-20T02:00:00+00:00,HOU,MEM,18,W,NCAA_OFFICIAL_SCOREBOARD_FEED|https://data.ncaa.com/casablanca/scoreboard/football/fbs/2021/12/scoreboard.json,2026-08-22T03:41:56+00:00,training
NCAA-2021-353776,2021,12,2021-11-20T02:00:00+00:00,WSU,ARIZ,26,W,NCAA_OFFICIAL_SCOREBOARD_FEED|https://data.ncaa.com/casablanca/scoreboard/football/fbs/2021/12/scoreboard.json,2026-08-22T03:41:56+00:00,training
NCAA-2021-353884,2021,12,2021-11-20T02:00:00+00:00,NEV,AF,-2,L,NCAA_OFFICIAL_SCOREBOARD_FEED|https://data.ncaa.com/casablanca/scoreboard/football/fbs/2021/12/scoreboard.json,2026-08-22T03:41:56+00:00,training
NCAA-2021-352573,2021,12,2021-11-20T17:00:00+00:00,BC,FSU,-3,L,NCAA_OFFICIAL_SCOREBOARD_FEED|https://data.ncaa.com/casablanca/scoreboard/football/fbs/2021/12/scoreboard.json,2026-08-22T03:41:56+00:00,training
NCAA-2021-352644,2021,12,2021-11-20T17:00:00+00:00,CLEM,WAKE,21,W,NCAA_OFFICIAL_SCOREBOARD_FEED|https://data.ncaa.com/casablanca/scoreboard/football/fbs/2021/12/scoreboard.json,2026-08-22T03:41:56+00:00,training
NCAA-2021-352967,2021,12,2021-11-20T17:00:00+00:00,UK,NMSU,40,W,NCAA_OFFICIAL_SCOREBOARD_FEED|https://data.ncaa.com/casablanca/scoreboard/football/fbs/2021/12/scoreboard.json,2026-08-22T03:41:56+00:00,training
NCAA-2021-353225,2021,12,2021-11-20T17:00:00+00:00,OU,ISU,7,W,NCAA_OFFICIAL_SCOREBOARD_FEED|https://data.ncaa.com/casablanca/scoreboard/football/fbs/2021/12/scoreboard.json,2026-08-22T03:41:56+00:00,training
NCAA-2021-353268,2021,12,2021-11-20T17:00:00+00:00,OSU,MSU,49,W,NCAA_OFFICIAL_SCOREBOARD_FEED|https://data.ncaa.com/casablanca/scoreboard/football/fbs/2021/12/scoreboard.json,2026-08-22T03:41:56+00:00,training
NCAA-2021-353296,2021,12,2021-11-20T17:00:00+00:00,PSU,RUTG,28,W,NCAA_OFFICIAL_SCOREBOARD_FEED|https://data.ncaa.com/casablanca/scoreboard/football/fbs/2021/12/scoreboard.json,2026-08-22T03:41:56+00:00,training
NCAA-2021-353600,2021,12,2021-11-20T17:00:00+00:00,TLN,USF,31,W,NCAA_OFFICIAL_SCOREBOARD_FEED|https://data.ncaa.com/casablanca/scoreboard/football/fbs/2021/12/scoreboard.json,2026-08-22T03:41:56+00:00,training
NCAA-2021-353803,2021,12,2021-11-20T17:00:00+00:00,WKU,FAU,35,W,NCAA_OFFICIAL_SCOREBOARD_FEED|https://data.ncaa.com/casablanca/scoreboard/football/fbs/2021/12/scoreboard.json,2026-08-22T03:41:56+00:00,training
NCAA-2021-353824,2021,12,2021-11-20T17:00:00+00:00,WVU,TEX,8,W,NCAA_OFFICIAL_SCOREBOARD_FEED|https://data.ncaa.com/casablanca/scoreboard/football/fbs/2021/12/scoreboard.json,2026-08-22T03:41:56+00:00,training
NCAA-2021-380406,2021,12,2021-11-20T17:00:00+00:00,NU,PUR,-18,L,NCAA_OFFICIAL_SCOREBOARD_FEED|https://data.ncaa.com/casablanca/scoreboard/football/fbs/2021/12/scoreboard.json,2026-08-22T03:41:56+00:00,training
NCAA-2021-352925,2021,12,2021-11-20T19:00:00+00:00,IOWA,ILL,10,W,NCAA_OFFICIAL_SCOREBOARD_FEED|https://data.ncaa.com/casablanca/scoreboard/football/fbs/2021/12/scoreboard.json,2026-08-22T03:41:56+00:00,training
NCAA-2021-353156,2021,12,2021-11-20T19:30:00+00:00,ND,GT,55,W,NCAA_OFFICIAL_SCOREBOARD_FEED|https://data.ncaa.com/casablanca/scoreboard/football/fbs/2021/12/scoreboard.json,2026-08-22T03:41:56+00:00,training
NCAA-2021-352673,2021,12,2021-11-20T20:00:00+00:00,COLO,WASH,3,W,NCAA_OFFICIAL_SCOREBOARD_FEED|https://data.ncaa.com/casablanca/scoreboard/football/fbs/2021/12/scoreboard.json,2026-08-22T03:41:56+00:00,training
NCAA-2021-352554,2021,12,2021-11-20T20:30:00+00:00,ALA,ARK,7,W,NCAA_OFFICIAL_SCOREBOARD_FEED|https://data.ncaa.com/casablanca/scoreboard/football/fbs/2021/12/scoreboard.json,2026-08-22T03:41:56+00:00,training
NCAA-2021-352637,2021,12,2021-11-20T20:30:00+00:00,CIN,SMU,34,W,NCAA_OFFICIAL_SCOREBOARD_FEED|https://data.ncaa.com/casablanca/scoreboard/football/fbs/2021/12/scoreboard.json,2026-08-22T03:41:56+00:00,training
NCAA-2021-352917,2021,12,2021-11-20T20:30:00+00:00,IU,MINN,-21,L,NCAA_OFFICIAL_SCOREBOARD_FEED|https://data.ncaa.com/casablanca/scoreboard/football/fbs/2021/12/scoreboard.json,2026-08-22T03:41:56+00:00,training
NCAA-2021-353016,2021,12,2021-11-20T20:30:00+00:00,MD,MICH,-41,L,NCAA_OFFICIAL_SCOREBOARD_FEED|https://data.ncaa.com/casablanca/scoreboard/football/fbs/2021/12/scoreboard.json,2026-08-22T03:41:56+00:00,training
NCAA-2021-353105,2021,12,2021-11-20T20:30:00+00:00,MTSU,ODU,-7,L,NCAA_OFFICIAL_SCOREBOARD_FEED|https://data.ncaa.com/casablanca/scoreboard/football/fbs/2021/12/scoreboard.json,2026-08-22T03:41:56+00:00,training
NCAA-2021-353127,2021,12,2021-11-20T20:30:00+00:00,NAVY,ECU,-3,L,NCAA_OFFICIAL_SCOREBOARD_FEED|https://data.ncaa.com/casablanca/scoreboard/football/fbs/2021/12/scoreboard.json,2026-08-22T03:41:56+00:00,training
NCAA-2021-353141,2021,12,2021-11-20T20:30:00+00:00,CHAR,MRSH,-21,L,NCAA_OFFICIAL_SCOREBOARD_FEED|https://data.ncaa.com/casablanca/scoreboard/football/fbs/2021/12/scoreboard.json,2026-08-22T03:41:56+00:00,training
NCAA-2021-353282,2021,12,2021-11-20T20:30:00+00:00,PITT,UVA,10,W,NCAA_OFFICIAL_SCOREBOARD_FEED|https://data.ncaa.com/casablanca/scoreboard/football/fbs/2021/12/scoreboard.json,2026-08-22T03:41:56+00:00,training
NCAA-2021-353620,2021,12,2021-11-20T20:30:00+00:00,UTSA,UAB,3,W,NCAA_OFFICIAL_SCOREBOARD_FEED|https://data.ncaa.com/casablanca/scoreboard/football/fbs/2021/12/scoreboard.json,2026-08-22T03:41:56+00:00,training
NCAA-2021-353797,2021,12,2021-11-20T20:30:00+00:00,WIS,NEB,7,W,NCAA_OFFICIAL_SCOREBOARD_FEED|https://data.ncaa.com/casablanca/scoreboard/football/fbs/2021/12/scoreboard.json,2026-08-22T03:41:56+00:00,training
NCAA-2021-353058,2021,12,2021-11-20T21:00:00+00:00,MIZ,FLA,1,W,NCAA_OFFICIAL_SCOREBOARD_FEED|https://data.ncaa.com/casablanca/scoreboard/football/fbs/2021/12/scoreboard.json,2026-08-22T03:41:56+00:00,training
NCAA-2021-353148,2021,12,2021-11-20T21:00:00+00:00,NCSU,SYR,24,W,NCAA_OFFICIAL_SCOREBOARD_FEED|https://data.ncaa.com/casablanca/scoreboard/football/fbs/2021/12/scoreboard.json,2026-08-22T03:41:56+00:00,training
NCAA-2021-353508,2021,12,2021-11-20T21:00:00+00:00,TCU,KU,3,W,NCAA_OFFICIAL_SCOREBOARD_FEED|https://data.ncaa.com/casablanca/scoreboard/football/fbs/2021/12/scoreboard.json,2026-08-22T03:41:56+00:00,training
NCAA-2021-353606,2021,12,2021-11-20T21:00:00+00:00,TLSA,TEM,34,W,NCAA_OFFICIAL_SCOREBOARD_FEED|https://data.ncaa.com/casablanca/scoreboard/football/fbs/2021/12/scoreboard.json,2026-08-22T03:41:56+00:00,training
NCAA-2021-353641,2021,12,2021-11-20T21:00:00+00:00,UCF,UConn,32,W,NCAA_OFFICIAL_SCOREBOARD_FEED|https://data.ncaa.com/casablanca/scoreboard/football/fbs/2021/12/scoreboard.json,2026-08-22T03:41:56+00:00,training
NCAA-2021-353704,2021,12,2021-11-20T21:00:00+00:00,UTEP,RICE,10,W,NCAA_OFFICIAL_SCOREBOARD_FEED|https://data.ncaa.com/casablanca/scoreboard/football/fbs/2021/12/scoreboard.json,2026-08-22T03:41:56+00:00,training
NCAA-2021-364344,2021,12,2021-11-20T21:00:00+00:00,USC,UCLA,-29,L,NCAA_OFFICIAL_SCOREBOARD_FEED|https://data.ncaa.com/casablanca/scoreboard/football/fbs/2021/12/scoreboard.json,2026-08-22T03:41:56+00:00,training
NCAA-2021-352960,2021,12,2021-11-20T22:30:00+00:00,KSU,BAY,-10,L,NCAA_OFFICIAL_SCOREBOARD_FEED|https://data.ncaa.com/casablanca/scoreboard/football/fbs/2021/12/scoreboard.json,2026-08-22T03:41:56+00:00,training
NCAA-2021-352791,2021,12,2021-11-21T00:00:00+00:00,FIU,UNT,-42,L,NCAA_OFFICIAL_SCOREBOARD_FEED|https://data.ncaa.com/casablanca/scoreboard/football/fbs/2021/12/scoreboard.json,2026-08-22T03:41:56+00:00,training
NCAA-2021-353402,2021,12,2021-11-21T00:00:00+00:00,SC,AUB,4,W,NCAA_OFFICIAL_SCOREBOARD_FEED|https://data.ncaa.com/casablanca/scoreboard/football/fbs/2021/12/scoreboard.json,2026-08-22T03:41:56+00:00,training
NCAA-2021-353464,2021,12,2021-11-21T00:00:00+00:00,STAN,CAL,-30,L,NCAA_OFFICIAL_SCOREBOARD_FEED|https://data.ncaa.com/casablanca/scoreboard/football/fbs/2021/12/scoreboard.json,2026-08-22T03:41:56+00:00,training
NCAA-2021-353044,2021,12,2021-11-21T00:30:00+00:00,MIA,VT,12,W,NCAA_OFFICIAL_SCOREBOARD_FEED|https://data.ncaa.com/casablanca/scoreboard/football/fbs/2021/12/scoreboard.json,2026-08-22T03:41:56+00:00,training
NCAA-2021-353247,2021,12,2021-11-21T00:30:00+00:00,MISS,VAN,14,W,NCAA_OFFICIAL_SCOREBOARD_FEED|https://data.ncaa.com/casablanca/scoreboard/football/fbs/2021/12/scoreboard.json,2026-08-22T03:41:56+00:00,training
NCAA-2021-353696,2021,12,2021-11-21T00:30:00+00:00,UTAH,ORE,31,W,NCAA_OFFICIAL_SCOREBOARD_FEED|https://data.ncaa.com/casablanca/scoreboard/football/fbs/2021/12/scoreboard.json,2026-08-22T03:41:56+00:00,training
NCAA-2021-353550,2021,12,2021-11-21T01:00:00+00:00,TTU,OKST,-23,L,NCAA_OFFICIAL_SCOREBOARD_FEED|https://data.ncaa.com/casablanca/scoreboard/football/fbs/2021/12/scoreboard.json,2026-08-22T03:41:56+00:00,training
NCAA-2021-363942,2021,12,2021-11-21T01:00:00+00:00,USU,WYO,-27,L,NCAA_OFFICIAL_SCOREBOARD_FEED|https://data.ncaa.com/casablanca/scoreboard/football/fbs/2021/12/scoreboard.json,2026-08-22T03:41:56+00:00,training
NCAA-2021-352539,2021,12,2021-11-21T02:00:00+00:00,BOISE,NM,37,W,NCAA_OFFICIAL_SCOREBOARD_FEED|https://data.ncaa.com/casablanca/scoreboard/football/fbs/2021/12/scoreboard.json,2026-08-22T03:41:56+00:00,training
NCAA-2021-353260,2021,12,2021-11-21T03:30:00+00:00,ORST,ASU,14,W,NCAA_OFFICIAL_SCOREBOARD_FEED|https://data.ncaa.com/casablanca/scoreboard/football/fbs/2021/12/scoreboard.json,2026-08-22T03:41:56+00:00,training
NCAA-2021-353902,2021,12,2021-11-21T03:30:00+00:00,UNLV,SDSU,-8,L,NCAA_OFFICIAL_SCOREBOARD_FEED|https://data.ncaa.com/casablanca/scoreboard/football/fbs/2021/12/scoreboard.json,2026-08-22T03:41:56+00:00,training
NCAA-2021-352868,2021,12,2021-11-21T04:00:00+00:00,HAW,CSU,5,W,NCAA_OFFICIAL_SCOREBOARD_FEED|https://data.ncaa.com/casablanca/scoreboard/football/fbs/2021/12/scoreboard.json,2026-08-22T03:41:56+00:00,training
NCAA-2021-353444,2021,13,2021-11-25T20:30:00+00:00,SJSU,FRES,-31,L,NCAA_OFFICIAL_SCOREBOARD_FEED|https://data.ncaa.com/casablanca/scoreboard/football/fbs/2021/13/scoreboard.json,2026-08-22T03:41:56+00:00,training
NCAA-2021-352480,2021,13,2021-11-26T00:30:00+00:00,MSST,MISS,-10,L,NCAA_OFFICIAL_SCOREBOARD_FEED|https://data.ncaa.com/casablanca/scoreboard/football/fbs/2021/13/scoreboard.json,2026-08-22T03:41:56+00:00,training
NCAA-2021-353417,2021,13,2021-11-26T17:00:00+00:00,SDSU,BOISE,11,W,NCAA_OFFICIAL_SCOREBOARD_FEED|https://data.ncaa.com/casablanca/scoreboard/football/fbs/2021/13/scoreboard.json,2026-08-22T03:41:56+00:00,training
NCAA-2021-353543,2021,13,2021-11-26T17:00:00+00:00,TEX,KSU,5,W,NCAA_OFFICIAL_SCOREBOARD_FEED|https://data.ncaa.com/casablanca/scoreboard/football/fbs/2021/13/scoreboard.json,2026-08-22T03:41:56+00:00,training
NCAA-2021-353176,2021,13,2021-11-26T18:00:00+00:00,NM,USU,-25,L,NCAA_OFFICIAL_SCOREBOARD_FEED|https://data.ncaa.com/casablanca/scoreboard/football/fbs/2021/13/scoreboard.json,2026-08-22T03:41:56+00:00,training
NCAA-2021-353170,2021,13,2021-11-26T18:30:00+00:00,NEB,IOWA,-7,L,NCAA_OFFICIAL_SCOREBOARD_FEED|https://data.ncaa.com/casablanca/scoreboard/football/fbs/2021/13/scoreboard.json,2026-08-22T03:41:56+00:00,training
NCAA-2021-352450,2021,13,2021-11-26T19:00:00+00:00,UAB,UTEP,17,W,NCAA_OFFICIAL_SCOREBOARD_FEED|https://data.ncaa.com/casablanca/scoreboard/football/fbs/2021/13/scoreboard.json,2026-08-22T03:41:56+00:00,training
NCAA-2021-352423,2021,13,2021-11-26T20:30:00+00:00,AF,UNLV,34,W,NCAA_OFFICIAL_SCOREBOARD_FEED|https://data.ncaa.com/casablanca/scoreboard/football/fbs/2021/13/scoreboard.json,2026-08-22T03:41:56+00:00,training
NCAA-2021-352582,2021,13,2021-11-26T20:30:00+00:00,ARK,MIZ,17,W,NCAA_OFFICIAL_SCOREBOARD_FEED|https://data.ncaa.com/casablanca/scoreboard/football/fbs/2021/13/scoreboard.json,2026-08-22T03:41:56+00:00,training
NCAA-2021-352742,2021,13,2021-11-26T20:30:00+00:00,ECU,CIN,-22,L,NCAA_OFFICIAL_SCOREBOARD_FEED|https://data.ncaa.com/casablanca/scoreboard/football/fbs/2021/13/scoreboard.json,2026-08-22T03:41:56+00:00,training
NCAA-2021-353642,2021,13,2021-11-26T20:30:00+00:00,UCF,USF,4,W,NCAA_OFFICIAL_SCOREBOARD_FEED|https://data.ncaa.com/casablanca/scoreboard/football/fbs/2021/13/scoreboard.json,2026-08-22T03:41:56+00:00,training
NCAA-2021-353697,2021,13,2021-11-26T21:00:00+00:00,UTAH,COLO,15,W,NCAA_OFFICIAL_SCOREBOARD_FEED|https://data.ncaa.com/casablanca/scoreboard/football/fbs/2021/13/scoreboard.json,2026-08-22T03:41:56+00:00,training
NCAA-2021-352889,2021,13,2021-11-26T21:30:00+00:00,ISU,TCU,34,W,NCAA_OFFICIAL_SCOREBOARD_FEED|https://data.ncaa.com/casablanca/scoreboard/football/fbs/2021/13/scoreboard.json,2026-08-22T03:41:56+00:00,training
NCAA-2021-353149,2021,13,2021-11-27T00:00:00+00:00,NCSU,UNC,4,W,NCAA_OFFICIAL_SCOREBOARD_FEED|https://data.ncaa.com/casablanca/scoreboard/football/fbs/2021/13/scoreboard.json,2026-08-22T03:41:56+00:00,training
NCAA-2021-353769,2021,13,2021-11-27T01:00:00+00:00,WASH,WSU,-27,L,NCAA_OFFICIAL_SCOREBOARD_FEED|https://data.ncaa.com/casablanca/scoreboard/football/fbs/2021/13/scoreboard.json,2026-08-22T03:41:56+00:00,training
NCAA-2021-352568,2021,13,2021-11-27T17:00:00+00:00,BAY,TTU,3,W,NCAA_OFFICIAL_SCOREBOARD_FEED|https://data.ncaa.com/casablanca/scoreboard/football/fbs/2021/13/scoreboard.json,2026-08-22T03:41:56+00:00,training
NCAA-2021-352574,2021,13,2021-11-27T17:00:00+00:00,BC,WAKE,-31,L,NCAA_OFFICIAL_SCOREBOARD_FEED|https://data.ncaa.com/casablanca/scoreboard/football/fbs/2021/13/scoreboard.json,2026-08-22T03:41:56+00:00,training
NCAA-2021-352679,2021,13,2021-11-27T17:00:00+00:00,UConn,HOU,-28,L,NCAA_OFFICIAL_SCOREBOARD_FEED|https://data.ncaa.com/casablanca/scoreboard/football/fbs/2021/13/scoreboard.json,2026-08-22T03:41:56+00:00,training
NCAA-2021-352784,2021,13,2021-11-27T17:00:00+00:00,FLA,FSU,3,W,NCAA_OFFICIAL_SCOREBOARD_FEED|https://data.ncaa.com/casablanca/scoreboard/football/fbs/2021/13/scoreboard.json,2026-08-22T03:41:56+00:00,training
NCAA-2021-352841,2021,13,2021-11-27T17:00:00+00:00,GT,UGA,-45,L,NCAA_OFFICIAL_SCOREBOARD_FEED|https://data.ncaa.com/casablanca/scoreboard/football/fbs/2021/13/scoreboard.json,2026-08-22T03:41:56+00:00,training
NCAA-2021-353037,2021,13,2021-11-27T17:00:00+00:00,MICH,OSU,15,W,NCAA_OFFICIAL_SCOREBOARD_FEED|https://data.ncaa.com/casablanca/scoreboard/football/fbs/2021/13/scoreboard.json,2026-08-22T03:41:56+00:00,training
NCAA-2021-353373,2021,13,2021-11-27T17:00:00+00:00,RUTG,MD,-24,L,NCAA_OFFICIAL_SCOREBOARD_FEED|https://data.ncaa.com/casablanca/scoreboard/football/fbs/2021/13/scoreboard.json,2026-08-22T03:41:56+00:00,training
NCAA-2021-353514,2021,13,2021-11-27T17:00:00+00:00,TEM,NAVY,-24,L,NCAA_OFFICIAL_SCOREBOARD_FEED|https://data.ncaa.com/casablanca/scoreboard/football/fbs/2021/13/scoreboard.json,2026-08-22T03:41:56+00:00,training
NCAA-2021-352736,2021,13,2021-11-27T17:30:00+00:00,DUKE,MIA,-37,L,NCAA_OFFICIAL_SCOREBOARD_FEED|https://data.ncaa.com/casablanca/scoreboard/football/fbs/2021/13/scoreboard.json,2026-08-22T03:41:56+00:00,training
NCAA-2021-353323,2021,13,2021-11-27T18:00:00+00:00,RICE,LT,4,W,NCAA_OFFICIAL_SCOREBOARD_FEED|https://data.ncaa.com/casablanca/scoreboard/football/fbs/2021/13/scoreboard.json,2026-08-22T03:41:56+00:00,training
NCAA-2021-353197,2021,13,2021-11-27T19:00:00+00:00,UNT,UTSA,22,W,NCAA_OFFICIAL_SCOREBOARD_FEED|https://data.ncaa.com/casablanca/scoreboard/football/fbs/2021/13/scoreboard.json,2026-08-22T03:41:56+00:00,training
NCAA-2021-353239,2021,13,2021-11-27T19:00:00+00:00,ODU,CHAR,22,W,NCAA_OFFICIAL_SCOREBOARD_FEED|https://data.ncaa.com/casablanca/scoreboard/football/fbs/2021/13/scoreboard.json,2026-08-22T03:41:56+00:00,training
NCAA-2021-353451,2021,13,2021-11-27T20:00:00+00:00,USM,FIU,20,W,NCAA_OFFICIAL_SCOREBOARD_FEED|https://data.ncaa.com/casablanca/scoreboard/football/fbs/2021/13/scoreboard.json,2026-08-22T03:41:56+00:00,training
NCAA-2021-353831,2021,13,2021-11-27T20:00:00+00:00,WYO,HAW,-24,L,NCAA_OFFICIAL_SCOREBOARD_FEED|https://data.ncaa.com/casablanca/scoreboard/football/fbs/2021/13/scoreboard.json,2026-08-22T03:41:56+00:00,training
NCAA-2021-352589,2021,13,2021-11-27T20:30:00+00:00,AUB,ALA,-2,L,NCAA_OFFICIAL_SCOREBOARD_FEED|https://data.ncaa.com/casablanca/scoreboard/football/fbs/2021/13/scoreboard.json,2026-08-22T03:41:56+00:00,training
NCAA-2021-352904,2021,13,2021-11-27T20:30:00+00:00,ILL,NU,33,W,NCAA_OFFICIAL_SCOREBOARD_FEED|https://data.ncaa.com/casablanca/scoreboard/football/fbs/2021/13/scoreboard.json,2026-08-22T03:41:56+00:00,training
NCAA-2021-353008,2021,13,2021-11-27T20:30:00+00:00,MRSH,WKU,-32,L,NCAA_OFFICIAL_SCOREBOARD_FEED|https://data.ncaa.com/casablanca/scoreboard/football/fbs/2021/13/scoreboard.json,2026-08-22T03:41:56+00:00,training
NCAA-2021-353100,2021,13,2021-11-27T20:30:00+00:00,MSU,PSU,3,W,NCAA_OFFICIAL_SCOREBOARD_FEED|https://data.ncaa.com/casablanca/scoreboard/football/fbs/2021/13/scoreboard.json,2026-08-22T03:41:56+00:00,training
NCAA-2021-353254,2021,13,2021-11-27T20:30:00+00:00,ORE,ORST,9,W,NCAA_OFFICIAL_SCOREBOARD_FEED|https://data.ncaa.com/casablanca/scoreboard/football/fbs/2021/13/scoreboard.json,2026-08-22T03:41:56+00:00,training
NCAA-2021-353309,2021,13,2021-11-27T20:30:00+00:00,PUR,IU,37,W,NCAA_OFFICIAL_SCOREBOARD_FEED|https://data.ncaa.com/casablanca/scoreboard/football/fbs/2021/13/scoreboard.json,2026-08-22T03:41:56+00:00,training
NCAA-2021-353530,2021,13,2021-11-27T20:45:00+00:00,TENN,VAN,24,W,NCAA_OFFICIAL_SCOREBOARD_FEED|https://data.ncaa.com/casablanca/scoreboard/football/fbs/2021/13/scoreboard.json,2026-08-22T03:41:56+00:00,training
NCAA-2021-359686,2021,13,2021-11-27T20:45:00+00:00,UVA,VT,-5,L,NCAA_OFFICIAL_SCOREBOARD_FEED|https://data.ncaa.com/casablanca/scoreboard/football/fbs/2021/13/scoreboard.json,2026-08-22T03:41:56+00:00,training
NCAA-2021-352445,2021,13,2021-11-27T21:00:00+00:00,ASU,ARIZ,23,W,NCAA_OFFICIAL_SCOREBOARD_FEED|https://data.ncaa.com/casablanca/scoreboard/football/fbs/2021/13/scoreboard.json,2026-08-22T03:41:56+00:00,training
NCAA-2021-353051,2021,13,2021-11-27T21:00:00+00:00,MINN,WIS,10,W,NCAA_OFFICIAL_SCOREBOARD_FEED|https://data.ncaa.com/casablanca/scoreboard/football/fbs/2021/13/scoreboard.json,2026-08-22T03:41:56+00:00,training
NCAA-2021-353458,2021,13,2021-11-27T21:00:00+00:00,SMU,TLSA,-3,L,NCAA_OFFICIAL_SCOREBOARD_FEED|https://data.ncaa.com/casablanca/scoreboard/football/fbs/2021/13/scoreboard.json,2026-08-22T03:41:56+00:00,training
NCAA-2021-352777,2021,13,2021-11-28T00:00:00+00:00,FAU,MTSU,-10,L,NCAA_OFFICIAL_SCOREBOARD_FEED|https://data.ncaa.com/casablanca/scoreboard/football/fbs/2021/13/scoreboard.json,2026-08-22T03:41:56+00:00,training
NCAA-2021-352945,2021,13,2021-11-28T00:00:00+00:00,KU,WVU,-6,L,NCAA_OFFICIAL_SCOREBOARD_FEED|https://data.ncaa.com/casablanca/scoreboard/football/fbs/2021/13/scoreboard.json,2026-08-22T03:41:56+00:00,training
NCAA-2021-352995,2021,13,2021-11-28T00:00:00+00:00,LSU,TA&M,3,W,NCAA_OFFICIAL_SCOREBOARD_FEED|https://data.ncaa.com/casablanca/scoreboard/football/fbs/2021/13/scoreboard.json,2026-08-22T03:41:56+00:00,training
NCAA-2021-352988,2021,13,2021-11-28T00:30:00+00:00,LOU,UK,-31,L,NCAA_OFFICIAL_SCOREBOARD_FEED|https://data.ncaa.com/casablanca/scoreboard/football/fbs/2021/13/scoreboard.json,2026-08-22T03:41:56+00:00,training
NCAA-2021-353023,2021,13,2021-11-28T00:30:00+00:00,MEM,TLN,5,W,NCAA_OFFICIAL_SCOREBOARD_FEED|https://data.ncaa.com/casablanca/scoreboard/football/fbs/2021/13/scoreboard.json,2026-08-22T03:41:56+00:00,training
NCAA-2021-353233,2021,13,2021-11-28T00:30:00+00:00,OKST,OU,4,W,NCAA_OFFICIAL_SCOREBOARD_FEED|https://data.ncaa.com/casablanca/scoreboard/football/fbs/2021/13/scoreboard.json,2026-08-22T03:41:56+00:00,training
NCAA-2021-353403,2021,13,2021-11-28T00:30:00+00:00,SC,CLEM,-30,L,NCAA_OFFICIAL_SCOREBOARD_FEED|https://data.ncaa.com/casablanca/scoreboard/football/fbs/2021/13/scoreboard.json,2026-08-22T03:41:56+00:00,training
NCAA-2021-353480,2021,13,2021-11-28T00:30:00+00:00,SYR,PITT,-17,L,NCAA_OFFICIAL_SCOREBOARD_FEED|https://data.ncaa.com/casablanca/scoreboard/football/fbs/2021/13/scoreboard.json,2026-08-22T03:41:56+00:00,training
NCAA-2021-353465,2021,13,2021-11-28T01:00:00+00:00,STAN,ND,-31,L,NCAA_OFFICIAL_SCOREBOARD_FEED|https://data.ncaa.com/casablanca/scoreboard/football/fbs/2021/13/scoreboard.json,2026-08-22T03:41:56+00:00,training
NCAA-2021-352700,2021,13,2021-11-28T02:00:00+00:00,CSU,NEV,-42,L,NCAA_OFFICIAL_SCOREBOARD_FEED|https://data.ncaa.com/casablanca/scoreboard/football/fbs/2021/13/scoreboard.json,2026-08-22T03:41:56+00:00,training
NCAA-2021-353649,2021,13,2021-11-28T03:30:00+00:00,UCLA,CAL,28,W,NCAA_OFFICIAL_SCOREBOARD_FEED|https://data.ncaa.com/casablanca/scoreboard/football/fbs/2021/13/scoreboard.json,2026-08-22T03:41:56+00:00,training
NCAA-2021-364345,2021,13,2021-11-28T03:30:00+00:00,USC,BYU,-4,L,NCAA_OFFICIAL_SCOREBOARD_FEED|https://data.ncaa.com/casablanca/scoreboard/football/fbs/2021/13/scoreboard.json,2026-08-22T03:41:56+00:00,training
NCAA-2021-380457,2021,14,2021-12-04T00:00:00+00:00,UTSA,WKU,8,W,NCAA_OFFICIAL_SCOREBOARD_FEED|https://data.ncaa.com/casablanca/scoreboard/football/fbs/2021/14/scoreboard.json,2026-08-22T03:41:57+00:00,training
NCAA-2021-380458,2021,14,2021-12-04T01:00:00+00:00,UTAH,ORE,28,W,NCAA_OFFICIAL_SCOREBOARD_FEED|https://data.ncaa.com/casablanca/scoreboard/football/fbs/2021/14/scoreboard.json,2026-08-22T03:41:57+00:00,training
NCAA-2021-380459,2021,14,2021-12-04T17:00:00+00:00,OKST,BAY,-5,L,NCAA_OFFICIAL_SCOREBOARD_FEED|https://data.ncaa.com/casablanca/scoreboard/football/fbs/2021/14/scoreboard.json,2026-08-22T03:41:57+00:00,training
NCAA-2021-380860,2021,14,2021-12-04T20:00:00+00:00,SDSU,USU,-33,L,NCAA_OFFICIAL_SCOREBOARD_FEED|https://data.ncaa.com/casablanca/scoreboard/football/fbs/2021/14/scoreboard.json,2026-08-22T03:41:57+00:00,training
NCAA-2021-380461,2021,14,2021-12-04T21:00:00+00:00,CIN,HOU,15,W,NCAA_OFFICIAL_SCOREBOARD_FEED|https://data.ncaa.com/casablanca/scoreboard/football/fbs/2021/14/scoreboard.json,2026-08-22T03:41:57+00:00,training
NCAA-2021-380462,2021,14,2021-12-04T21:00:00+00:00,ALA,UGA,17,W,NCAA_OFFICIAL_SCOREBOARD_FEED|https://data.ncaa.com/casablanca/scoreboard/football/fbs/2021/14/scoreboard.json,2026-08-22T03:41:57+00:00,training
NCAA-2021-380463,2021,14,2021-12-05T01:00:00+00:00,WAKE,PITT,-24,L,NCAA_OFFICIAL_SCOREBOARD_FEED|https://data.ncaa.com/casablanca/scoreboard/football/fbs/2021/14/scoreboard.json,2026-08-22T03:41:57+00:00,training
NCAA-2021-380464,2021,14,2021-12-05T01:00:00+00:00,IOWA,MICH,-39,L,NCAA_OFFICIAL_SCOREBOARD_FEED|https://data.ncaa.com/casablanca/scoreboard/football/fbs/2021/14/scoreboard.json,2026-08-22T03:41:57+00:00,training
NCAA-2021-352616,2021,14,2021-12-05T04:00:00+00:00,CAL,USC,10,W,NCAA_OFFICIAL_SCOREBOARD_FEED|https://data.ncaa.com/casablanca/scoreboard/football/fbs/2021/14/scoreboard.json,2026-08-22T03:41:57+00:00,training
NCAA-2022-28582,2022,1,2022-08-27T16:30:00+00:00,NU,NEB,3,W,NCAA_OFFICIAL_SCOREBOARD_FEED|https://data.ncaa.com/casablanca/scoreboard/football/fbs/2022/01/scoreboard.json,2026-08-22T03:42:11+00:00,training
NCAA-2022-28590,2022,1,2022-08-27T20:00:00+00:00,ILL,WYO,32,W,NCAA_OFFICIAL_SCOREBOARD_FEED|https://data.ncaa.com/casablanca/scoreboard/football/fbs/2022/01/scoreboard.json,2026-08-22T03:42:11+00:00,training
NCAA-2022-409692,2022,1,2022-08-27T23:00:00+00:00,FAU,CHAR,30,W,NCAA_OFFICIAL_SCOREBOARD_FEED|https://data.ncaa.com/casablanca/scoreboard/football/fbs/2022/01/scoreboard.json,2026-08-22T03:42:11+00:00,training
NCAA-2022-28594,2022,1,2022-08-28T01:00:00+00:00,UTEP,UNT,-18,L,NCAA_OFFICIAL_SCOREBOARD_FEED|https://data.ncaa.com/casablanca/scoreboard/football/fbs/2022/01/scoreboard.json,2026-08-22T03:42:11+00:00,training
NCAA-2022-410121,2022,1,2022-08-28T02:00:00+00:00,NMSU,NEV,-11,L,NCAA_OFFICIAL_SCOREBOARD_FEED|https://data.ncaa.com/casablanca/scoreboard/football/fbs/2022/01/scoreboard.json,2026-08-22T03:42:11+00:00,training
NCAA-2022-28668,2022,1,2022-09-01T23:00:00+00:00,PITT,WVU,7,W,NCAA_OFFICIAL_SCOREBOARD_FEED|https://data.ncaa.com/casablanca/scoreboard/football/fbs/2022/01/scoreboard.json,2026-08-22T03:42:11+00:00,training
NCAA-2022-28675,2022,1,2022-09-02T00:00:00+00:00,PUR,PSU,-4,L,NCAA_OFFICIAL_SCOREBOARD_FEED|https://data.ncaa.com/casablanca/scoreboard/football/fbs/2022/01/scoreboard.json,2026-08-22T03:42:11+00:00,training
NCAA-2022-409995,2022,1,2022-09-02T00:00:00+00:00,MIZ,LT,28,W,NCAA_OFFICIAL_SCOREBOARD_FEED|https://data.ncaa.com/casablanca/scoreboard/football/fbs/2022/01/scoreboard.json,2026-08-22T03:42:11+00:00,training
NCAA-2022-409988,2022,1,2022-09-02T01:00:00+00:00,MINN,NMSU,38,W,NCAA_OFFICIAL_SCOREBOARD_FEED|https://data.ncaa.com/casablanca/scoreboard/football/fbs/2022/01/scoreboard.json,2026-08-22T03:42:11+00:00,training
NCAA-2022-409650,2022,1,2022-09-02T23:30:00+00:00,DUKE,TEM,30,W,NCAA_OFFICIAL_SCOREBOARD_FEED|https://data.ncaa.com/casablanca/scoreboard/football/fbs/2022/01/scoreboard.json,2026-08-22T03:42:11+00:00,training
NCAA-2022-409832,2022,1,2022-09-03T00:00:00+00:00,IU,ILL,3,W,NCAA_OFFICIAL_SCOREBOARD_FEED|https://data.ncaa.com/casablanca/scoreboard/football/fbs/2022/01/scoreboard.json,2026-08-22T03:42:11+00:00,training
NCAA-2022-28724,2022,1,2022-09-03T16:00:00+00:00,MICH,CSU,44,W,NCAA_OFFICIAL_SCOREBOARD_FEED|https://data.ncaa.com/casablanca/scoreboard/football/fbs/2022/01/scoreboard.json,2026-08-22T03:42:11+00:00,training
NCAA-2022-409493,2022,1,2022-09-03T16:00:00+00:00,BC,RUTG,-1,L,NCAA_OFFICIAL_SCOREBOARD_FEED|https://data.ncaa.com/casablanca/scoreboard/football/fbs/2022/01/scoreboard.json,2026-08-22T03:42:11+00:00,training
NCAA-2022-409657,2022,1,2022-09-03T16:00:00+00:00,ECU,NCSU,-1,L,NCAA_OFFICIAL_SCOREBOARD_FEED|https://data.ncaa.com/casablanca/scoreboard/football/fbs/2022/01/scoreboard.json,2026-08-22T03:42:11+00:00,training
NCAA-2022-28802,2022,1,2022-09-03T19:30:00+00:00,WYO,TLSA,3,W,NCAA_OFFICIAL_SCOREBOARD_FEED|https://data.ncaa.com/casablanca/scoreboard/football/fbs/2022/01/scoreboard.json,2026-08-22T03:42:11+00:00,training
NCAA-2022-28815,2022,1,2022-09-03T19:30:00+00:00,OU,UTEP,32,W,NCAA_OFFICIAL_SCOREBOARD_FEED|https://data.ncaa.com/casablanca/scoreboard/football/fbs/2022/01/scoreboard.json,2026-08-22T03:42:11+00:00,training
NCAA-2022-28816,2022,1,2022-09-03T19:30:00+00:00,ARK,CIN,7,W,NCAA_OFFICIAL_SCOREBOARD_FEED|https://data.ncaa.com/casablanca/scoreboard/football/fbs/2022/01/scoreboard.json,2026-08-22T03:42:11+00:00,training
NCAA-2022-28818,2022,1,2022-09-03T19:30:00+00:00,UTSA,HOU,-2,L,NCAA_OFFICIAL_SCOREBOARD_FEED|https://data.ncaa.com/casablanca/scoreboard/football/fbs/2022/01/scoreboard.json,2026-08-22T03:42:11+00:00,training
NCAA-2022-28824,2022,1,2022-09-03T19:30:00+00:00,UGA,ORE,46,W,NCAA_OFFICIAL_SCOREBOARD_FEED|https://data.ncaa.com/casablanca/scoreboard/football/fbs/2022/01/scoreboard.json,2026-08-22T03:42:11+00:00,training
NCAA-2022-410339,2022,1,2022-09-03T19:30:00+00:00,SDSU,ARIZ,-18,L,NCAA_OFFICIAL_SCOREBOARD_FEED|https://data.ncaa.com/casablanca/scoreboard/football/fbs/2022/01/scoreboard.json,2026-08-22T03:42:11+00:00,training
NCAA-2022-410353,2022,1,2022-09-03T20:00:00+00:00,USF,BYU,-29,L,NCAA_OFFICIAL_SCOREBOARD_FEED|https://data.ncaa.com/casablanca/scoreboard/football/fbs/2022/01/scoreboard.json,2026-08-22T03:42:11+00:00,training
NCAA-2022-422143,2022,1,2022-09-03T22:00:00+00:00,USC,RICE,52,W,NCAA_OFFICIAL_SCOREBOARD_FEED|https://data.ncaa.com/casablanca/scoreboard/football/fbs/2022/01/scoreboard.json,2026-08-22T03:42:11+00:00,training
NCAA-2022-409699,2022,1,2022-09-03T23:00:00+00:00,FLA,UTAH,3,W,NCAA_OFFICIAL_SCOREBOARD_FEED|https://data.ncaa.com/casablanca/scoreboard/football/fbs/2022/01/scoreboard.json,2026-08-22T03:42:11+00:00,training
NCAA-2022-28888,2022,1,2022-09-03T23:30:00+00:00,ALA,USU,55,W,NCAA_OFFICIAL_SCOREBOARD_FEED|https://data.ncaa.com/casablanca/scoreboard/football/fbs/2022/01/scoreboard.json,2026-08-22T03:42:11+00:00,training
NCAA-2022-28907,2022,1,2022-09-03T23:30:00+00:00,OSU,ND,11,W,NCAA_OFFICIAL_SCOREBOARD_FEED|https://data.ncaa.com/casablanca/scoreboard/football/fbs/2022/01/scoreboard.json,2026-08-22T03:42:11+00:00,training
NCAA-2022-410030,2022,1,2022-09-03T23:30:00+00:00,MSST,MEM,26,W,NCAA_OFFICIAL_SCOREBOARD_FEED|https://data.ncaa.com/casablanca/scoreboard/football/fbs/2022/01/scoreboard.json,2026-08-22T03:42:11+00:00,training
NCAA-2022-410142,2022,1,2022-09-03T23:30:00+00:00,UNT,SMU,-38,L,NCAA_OFFICIAL_SCOREBOARD_FEED|https://data.ncaa.com/casablanca/scoreboard/football/fbs/2022/01/scoreboard.json,2026-08-22T03:42:11+00:00,training
NCAA-2022-28911,2022,1,2022-09-04T00:00:00+00:00,SYR,LOU,24,W,NCAA_OFFICIAL_SCOREBOARD_FEED|https://data.ncaa.com/casablanca/scoreboard/football/fbs/2022/01/scoreboard.json,2026-08-22T03:42:11+00:00,training
NCAA-2022-28909,2022,1,2022-09-04T02:30:00+00:00,ORST,BOISE,17,W,NCAA_OFFICIAL_SCOREBOARD_FEED|https://data.ncaa.com/casablanca/scoreboard/football/fbs/2022/01/scoreboard.json,2026-08-22T03:42:11+00:00,training
NCAA-2022-28699,2022,1,2022-09-04T04:00:00+00:00,HAW,WKU,-32,L,NCAA_OFFICIAL_SCOREBOARD_FEED|https://data.ncaa.com/casablanca/scoreboard/football/fbs/2022/01/scoreboard.json,2026-08-22T03:42:11+00:00,training
NCAA-2022-2276794,2022,1,2022-09-04T23:30:00+00:00,LSU,FSU,-1,L,NCAA_OFFICIAL_SCOREBOARD_FEED|https://data.ncaa.com/casablanca/scoreboard/football/fbs/2022/01/scoreboard.json,2026-08-22T03:42:11+00:00,training
NCAA-2022-409755,2022,1,2022-09-06T00:00:00+00:00,GT,CLEM,-31,L,NCAA_OFFICIAL_SCOREBOARD_FEED|https://data.ncaa.com/casablanca/scoreboard/football/fbs/2022/01/scoreboard.json,2026-08-22T03:42:11+00:00,training
NCAA-2022-410529,2022,2,2022-09-09T23:30:00+00:00,UCF,LOU,-6,L,NCAA_OFFICIAL_SCOREBOARD_FEED|https://data.ncaa.com/casablanca/scoreboard/football/fbs/2022/02/scoreboard.json,2026-08-22T03:42:12+00:00,training
NCAA-2022-410115,2022,2,2022-09-10T01:00:00+00:00,NM,BOISE,-17,L,NCAA_OFFICIAL_SCOREBOARD_FEED|https://data.ncaa.com/casablanca/scoreboard/football/fbs/2022/02/scoreboard.json,2026-08-22T03:42:12+00:00,training
NCAA-2022-28942,2022,2,2022-09-10T16:00:00+00:00,KSU,MIZ,28,W,NCAA_OFFICIAL_SCOREBOARD_FEED|https://data.ncaa.com/casablanca/scoreboard/football/fbs/2022/02/scoreboard.json,2026-08-22T03:42:12+00:00,training
NCAA-2022-28944,2022,2,2022-09-10T16:00:00+00:00,NU,DUKE,-8,L,NCAA_OFFICIAL_SCOREBOARD_FEED|https://data.ncaa.com/casablanca/scoreboard/football/fbs/2022/02/scoreboard.json,2026-08-22T03:42:12+00:00,training
NCAA-2022-409437,2022,2,2022-09-10T16:00:00+00:00,ARK,SC,14,W,NCAA_OFFICIAL_SCOREBOARD_FEED|https://data.ncaa.com/casablanca/scoreboard/football/fbs/2022/02/scoreboard.json,2026-08-22T03:42:12+00:00,training
NCAA-2022-410438,2022,2,2022-09-10T16:00:00+00:00,TEX,ALA,-1,L,NCAA_OFFICIAL_SCOREBOARD_FEED|https://data.ncaa.com/casablanca/scoreboard/football/fbs/2022/02/scoreboard.json,2026-08-22T03:42:12+00:00,training
NCAA-2022-410614,2022,2,2022-09-10T16:00:00+00:00,VAN,WAKE,-20,L,NCAA_OFFICIAL_SCOREBOARD_FEED|https://data.ncaa.com/casablanca/scoreboard/football/fbs/2022/02/scoreboard.json,2026-08-22T03:42:12+00:00,training
NCAA-2022-29066,2022,2,2022-09-10T19:30:00+00:00,AF,COLO,31,W,NCAA_OFFICIAL_SCOREBOARD_FEED|https://data.ncaa.com/casablanca/scoreboard/football/fbs/2022/02/scoreboard.json,2026-08-22T03:42:12+00:00,training
NCAA-2022-410080,2022,2,2022-09-10T19:30:00+00:00,CHAR,MD,-35,L,NCAA_OFFICIAL_SCOREBOARD_FEED|https://data.ncaa.com/casablanca/scoreboard/football/fbs/2022/02/scoreboard.json,2026-08-22T03:42:12+00:00,training
NCAA-2022-410670,2022,2,2022-09-10T19:30:00+00:00,WIS,WSU,-3,L,NCAA_OFFICIAL_SCOREBOARD_FEED|https://data.ncaa.com/casablanca/scoreboard/football/fbs/2022/02/scoreboard.json,2026-08-22T03:42:12+00:00,training
NCAA-2022-29086,2022,2,2022-09-10T20:00:00+00:00,TTU,HOU,3,W,NCAA_OFFICIAL_SCOREBOARD_FEED|https://data.ncaa.com/casablanca/scoreboard/football/fbs/2022/02/scoreboard.json,2026-08-22T03:42:12+00:00,training
NCAA-2022-29087,2022,2,2022-09-10T20:00:00+00:00,ILL,UVA,21,W,NCAA_OFFICIAL_SCOREBOARD_FEED|https://data.ncaa.com/casablanca/scoreboard/football/fbs/2022/02/scoreboard.json,2026-08-22T03:42:12+00:00,training
NCAA-2022-29092,2022,2,2022-09-10T20:00:00+00:00,IOWA,ISU,-3,L,NCAA_OFFICIAL_SCOREBOARD_FEED|https://data.ncaa.com/casablanca/scoreboard/football/fbs/2022/02/scoreboard.json,2026-08-22T03:42:12+00:00,training
NCAA-2022-409523,2022,2,2022-09-10T20:00:00+00:00,CAL,UNLV,6,W,NCAA_OFFICIAL_SCOREBOARD_FEED|https://data.ncaa.com/casablanca/scoreboard/football/fbs/2022/02/scoreboard.json,2026-08-22T03:42:12+00:00,training
NCAA-2022-409613,2022,2,2022-09-10T20:00:00+00:00,CSU,MTSU,-15,L,NCAA_OFFICIAL_SCOREBOARD_FEED|https://data.ncaa.com/casablanca/scoreboard/football/fbs/2022/02/scoreboard.json,2026-08-22T03:42:12+00:00,training
NCAA-2022-410697,2022,2,2022-09-10T22:00:00+00:00,WVU,KU,-13,L,NCAA_OFFICIAL_SCOREBOARD_FEED|https://data.ncaa.com/casablanca/scoreboard/football/fbs/2022/02/scoreboard.json,2026-08-22T03:42:12+00:00,training
NCAA-2022-29195,2022,2,2022-09-10T23:00:00+00:00,FLA,UK,-10,L,NCAA_OFFICIAL_SCOREBOARD_FEED|https://data.ncaa.com/casablanca/scoreboard/football/fbs/2022/02/scoreboard.json,2026-08-22T03:42:12+00:00,training
NCAA-2022-29192,2022,2,2022-09-10T23:30:00+00:00,OKST,ASU,17,W,NCAA_OFFICIAL_SCOREBOARD_FEED|https://data.ncaa.com/casablanca/scoreboard/football/fbs/2022/02/scoreboard.json,2026-08-22T03:42:12+00:00,training
NCAA-2022-409465,2022,2,2022-09-10T23:30:00+00:00,AUB,SJSU,8,W,NCAA_OFFICIAL_SCOREBOARD_FEED|https://data.ncaa.com/casablanca/scoreboard/football/fbs/2022/02/scoreboard.json,2026-08-22T03:42:12+00:00,training
NCAA-2022-410389,2022,2,2022-09-10T23:30:00+00:00,STAN,USC,-13,L,NCAA_OFFICIAL_SCOREBOARD_FEED|https://data.ncaa.com/casablanca/scoreboard/football/fbs/2022/02/scoreboard.json,2026-08-22T03:42:12+00:00,training
NCAA-2022-409967,2022,2,2022-09-11T00:00:00+00:00,MICH,HAW,46,W,NCAA_OFFICIAL_SCOREBOARD_FEED|https://data.ncaa.com/casablanca/scoreboard/football/fbs/2022/02/scoreboard.json,2026-08-22T03:42:12+00:00,training
NCAA-2022-410627,2022,2,2022-09-11T00:00:00+00:00,VT,BC,17,W,NCAA_OFFICIAL_SCOREBOARD_FEED|https://data.ncaa.com/casablanca/scoreboard/football/fbs/2022/02/scoreboard.json,2026-08-22T03:42:12+00:00,training
NCAA-2022-29202,2022,2,2022-09-11T01:00:00+00:00,UTEP,NMSU,7,W,NCAA_OFFICIAL_SCOREBOARD_FEED|https://data.ncaa.com/casablanca/scoreboard/football/fbs/2022/02/scoreboard.json,2026-08-22T03:42:12+00:00,training
NCAA-2022-409515,2022,2,2022-09-11T02:15:00+00:00,BYU,BAY,6,W,NCAA_OFFICIAL_SCOREBOARD_FEED|https://data.ncaa.com/casablanca/scoreboard/football/fbs/2022/02/scoreboard.json,2026-08-22T03:42:12+00:00,training
NCAA-2022-409714,2022,2,2022-09-11T02:30:00+00:00,FRES,ORST,-3,L,NCAA_OFFICIAL_SCOREBOARD_FEED|https://data.ncaa.com/casablanca/scoreboard/football/fbs/2022/02/scoreboard.json,2026-08-22T03:42:12+00:00,training
NCAA-2022-409429,2022,2,2022-09-11T03:00:00+00:00,ARIZ,MSST,-22,L,NCAA_OFFICIAL_SCOREBOARD_FEED|https://data.ncaa.com/casablanca/scoreboard/football/fbs/2022/02/scoreboard.json,2026-08-22T03:42:12+00:00,training
NCAA-2022-409917,2022,3,2022-09-16T23:30:00+00:00,LOU,FSU,-4,L,NCAA_OFFICIAL_SCOREBOARD_FEED|https://data.ncaa.com/casablanca/scoreboard/football/fbs/2022/03/scoreboard.json,2026-08-22T03:42:12+00:00,training
NCAA-2022-29236,2022,3,2022-09-17T00:00:00+00:00,WYO,AF,3,W,NCAA_OFFICIAL_SCOREBOARD_FEED|https://data.ncaa.com/casablanca/scoreboard/football/fbs/2022/03/scoreboard.json,2026-08-22T03:42:12+00:00,training
NCAA-2022-29260,2022,3,2022-09-17T16:00:00+00:00,SC,UGA,-41,L,NCAA_OFFICIAL_SCOREBOARD_FEED|https://data.ncaa.com/casablanca/scoreboard/football/fbs/2022/03/scoreboard.json,2026-08-22T03:42:12+00:00,training
NCAA-2022-409834,2022,3,2022-09-17T16:00:00+00:00,IU,WKU,3,W,NCAA_OFFICIAL_SCOREBOARD_FEED|https://data.ncaa.com/casablanca/scoreboard/football/fbs/2022/03/scoreboard.json,2026-08-22T03:42:12+00:00,training
NCAA-2022-410109,2022,3,2022-09-17T16:00:00+00:00,NEB,OU,-35,L,NCAA_OFFICIAL_SCOREBOARD_FEED|https://data.ncaa.com/casablanca/scoreboard/football/fbs/2022/03/scoreboard.json,2026-08-22T03:42:12+00:00,training
NCAA-2022-410396,2022,3,2022-09-17T16:00:00+00:00,SYR,PUR,3,W,NCAA_OFFICIAL_SCOREBOARD_FEED|https://data.ncaa.com/casablanca/scoreboard/football/fbs/2022/03/scoreboard.json,2026-08-22T03:42:12+00:00,training
NCAA-2022-410424,2022,3,2022-09-17T18:00:00+00:00,TEM,RUTG,-2,L,NCAA_OFFICIAL_SCOREBOARD_FEED|https://data.ncaa.com/casablanca/scoreboard/football/fbs/2022/03/scoreboard.json,2026-08-22T03:42:12+00:00,training
NCAA-2022-410094,2022,3,2022-09-17T18:30:00+00:00,ND,CAL,7,W,NCAA_OFFICIAL_SCOREBOARD_FEED|https://data.ncaa.com/casablanca/scoreboard/football/fbs/2022/03/scoreboard.json,2026-08-22T03:42:12+00:00,training
NCAA-2022-29273,2022,3,2022-09-17T19:00:00+00:00,UNLV,UNT,31,W,NCAA_OFFICIAL_SCOREBOARD_FEED|https://data.ncaa.com/casablanca/scoreboard/football/fbs/2022/03/scoreboard.json,2026-08-22T03:42:12+00:00,training
NCAA-2022-29411,2022,3,2022-09-17T19:00:00+00:00,KSU,TLN,-7,L,NCAA_OFFICIAL_SCOREBOARD_FEED|https://data.ncaa.com/casablanca/scoreboard/football/fbs/2022/03/scoreboard.json,2026-08-22T03:42:12+00:00,training
NCAA-2022-409466,2022,3,2022-09-17T19:30:00+00:00,AUB,PSU,-29,L,NCAA_OFFICIAL_SCOREBOARD_FEED|https://data.ncaa.com/casablanca/scoreboard/football/fbs/2022/03/scoreboard.json,2026-08-22T03:42:12+00:00,training
NCAA-2022-409757,2022,3,2022-09-17T19:30:00+00:00,GT,MISS,-42,L,NCAA_OFFICIAL_SCOREBOARD_FEED|https://data.ncaa.com/casablanca/scoreboard/football/fbs/2022/03/scoreboard.json,2026-08-22T03:42:12+00:00,training
NCAA-2022-409990,2022,3,2022-09-17T19:30:00+00:00,MINN,COLO,42,W,NCAA_OFFICIAL_SCOREBOARD_FEED|https://data.ncaa.com/casablanca/scoreboard/football/fbs/2022/03/scoreboard.json,2026-08-22T03:42:12+00:00,training
NCAA-2022-410199,2022,3,2022-09-17T19:30:00+00:00,ORE,BYU,21,W,NCAA_OFFICIAL_SCOREBOARD_FEED|https://data.ncaa.com/casablanca/scoreboard/football/fbs/2022/03/scoreboard.json,2026-08-22T03:42:12+00:00,training
NCAA-2022-410671,2022,3,2022-09-17T19:30:00+00:00,WIS,NMSU,59,W,NCAA_OFFICIAL_SCOREBOARD_FEED|https://data.ncaa.com/casablanca/scoreboard/football/fbs/2022/03/scoreboard.json,2026-08-22T03:42:12+00:00,training
NCAA-2022-29435,2022,3,2022-09-17T20:00:00+00:00,HOU,KU,-18,L,NCAA_OFFICIAL_SCOREBOARD_FEED|https://data.ncaa.com/casablanca/scoreboard/football/fbs/2022/03/scoreboard.json,2026-08-22T03:42:12+00:00,training
NCAA-2022-409925,2022,3,2022-09-17T22:00:00+00:00,LSU,MSST,15,W,NCAA_OFFICIAL_SCOREBOARD_FEED|https://data.ncaa.com/casablanca/scoreboard/football/fbs/2022/03/scoreboard.json,2026-08-22T03:42:12+00:00,training
NCAA-2022-410087,2022,3,2022-09-17T23:00:00+00:00,NCSU,TTU,13,W,NCAA_OFFICIAL_SCOREBOARD_FEED|https://data.ncaa.com/casablanca/scoreboard/football/fbs/2022/03/scoreboard.json,2026-08-22T03:42:12+00:00,training
NCAA-2022-29539,2022,3,2022-09-17T23:30:00+00:00,FAU,UCF,-26,L,NCAA_OFFICIAL_SCOREBOARD_FEED|https://data.ncaa.com/casablanca/scoreboard/football/fbs/2022/03/scoreboard.json,2026-08-22T03:42:12+00:00,training
NCAA-2022-409701,2022,3,2022-09-17T23:30:00+00:00,FLA,USF,3,W,NCAA_OFFICIAL_SCOREBOARD_FEED|https://data.ncaa.com/casablanca/scoreboard/football/fbs/2022/03/scoreboard.json,2026-08-22T03:42:12+00:00,training
NCAA-2022-409848,2022,3,2022-09-17T23:30:00+00:00,IOWA,NEV,27,W,NCAA_OFFICIAL_SCOREBOARD_FEED|https://data.ncaa.com/casablanca/scoreboard/football/fbs/2022/03/scoreboard.json,2026-08-22T03:42:12+00:00,training
NCAA-2022-409946,2022,3,2022-09-17T23:30:00+00:00,MD,SMU,7,W,NCAA_OFFICIAL_SCOREBOARD_FEED|https://data.ncaa.com/casablanca/scoreboard/football/fbs/2022/03/scoreboard.json,2026-08-22T03:42:12+00:00,training
NCAA-2022-410643,2022,3,2022-09-17T23:30:00+00:00,WASH,MSU,11,W,NCAA_OFFICIAL_SCOREBOARD_FEED|https://data.ncaa.com/casablanca/scoreboard/football/fbs/2022/03/scoreboard.json,2026-08-22T03:42:12+00:00,training
NCAA-2022-409551,2022,3,2022-09-18T00:00:00+00:00,CLEM,LT,28,W,NCAA_OFFICIAL_SCOREBOARD_FEED|https://data.ncaa.com/casablanca/scoreboard/football/fbs/2022/03/scoreboard.json,2026-08-22T03:42:12+00:00,training
NCAA-2022-410116,2022,3,2022-09-18T00:00:00+00:00,NM,UTEP,17,W,NCAA_OFFICIAL_SCOREBOARD_FEED|https://data.ncaa.com/casablanca/scoreboard/football/fbs/2022/03/scoreboard.json,2026-08-22T03:42:12+00:00,training
NCAA-2022-410439,2022,3,2022-09-18T00:00:00+00:00,TEX,UTSA,21,W,NCAA_OFFICIAL_SCOREBOARD_FEED|https://data.ncaa.com/casablanca/scoreboard/football/fbs/2022/03/scoreboard.json,2026-08-22T03:42:12+00:00,training
NCAA-2022-2277422,2022,3,2022-09-18T01:00:00+00:00,TA&M,MIA,8,W,NCAA_OFFICIAL_SCOREBOARD_FEED|https://data.ncaa.com/casablanca/scoreboard/football/fbs/2022/03/scoreboard.json,2026-08-22T03:42:12+00:00,training
NCAA-2022-410586,2022,3,2022-09-18T02:00:00+00:00,UTAH,SDSU,28,W,NCAA_OFFICIAL_SCOREBOARD_FEED|https://data.ncaa.com/casablanca/scoreboard/football/fbs/2022/03/scoreboard.json,2026-08-22T03:42:12+00:00,training
NCAA-2022-410629,2022,4,2022-09-22T23:30:00+00:00,VT,WVU,-23,L,NCAA_OFFICIAL_SCOREBOARD_FEED|https://data.ncaa.com/casablanca/scoreboard/football/fbs/2022/04/scoreboard.json,2026-08-22T03:42:13+00:00,training
NCAA-2022-410397,2022,4,2022-09-23T23:00:00+00:00,SYR,UVA,2,W,NCAA_OFFICIAL_SCOREBOARD_FEED|https://data.ncaa.com/casablanca/scoreboard/football/fbs/2022/04/scoreboard.json,2026-08-22T03:42:13+00:00,training
NCAA-2022-409396,2022,4,2022-09-24T00:00:00+00:00,AF,NEV,28,W,NCAA_OFFICIAL_SCOREBOARD_FEED|https://data.ncaa.com/casablanca/scoreboard/football/fbs/2022/04/scoreboard.json,2026-08-22T03:42:13+00:00,training
NCAA-2022-410594,2022,4,2022-09-24T01:00:00+00:00,UTEP,BOISE,17,W,NCAA_OFFICIAL_SCOREBOARD_FEED|https://data.ncaa.com/casablanca/scoreboard/football/fbs/2022/04/scoreboard.json,2026-08-22T03:42:13+00:00,training
NCAA-2022-409467,2022,4,2022-09-24T16:00:00+00:00,AUB,MIZ,3,W,NCAA_OFFICIAL_SCOREBOARD_FEED|https://data.ncaa.com/casablanca/scoreboard/football/fbs/2022/04/scoreboard.json,2026-08-22T03:42:13+00:00,training
NCAA-2022-409806,2022,4,2022-09-24T16:00:00+00:00,ISU,BAY,-7,L,NCAA_OFFICIAL_SCOREBOARD_FEED|https://data.ncaa.com/casablanca/scoreboard/football/fbs/2022/04/scoreboard.json,2026-08-22T03:42:13+00:00,training
NCAA-2022-409868,2022,4,2022-09-24T16:00:00+00:00,KU,DUKE,8,W,NCAA_OFFICIAL_SCOREBOARD_FEED|https://data.ncaa.com/casablanca/scoreboard/football/fbs/2022/04/scoreboard.json,2026-08-22T03:42:13+00:00,training
NCAA-2022-409918,2022,4,2022-09-24T16:00:00+00:00,LOU,USF,38,W,NCAA_OFFICIAL_SCOREBOARD_FEED|https://data.ncaa.com/casablanca/scoreboard/football/fbs/2022/04/scoreboard.json,2026-08-22T03:42:13+00:00,training
NCAA-2022-409969,2022,4,2022-09-24T16:00:00+00:00,MICH,MD,7,W,NCAA_OFFICIAL_SCOREBOARD_FEED|https://data.ncaa.com/casablanca/scoreboard/football/fbs/2022/04/scoreboard.json,2026-08-22T03:42:13+00:00,training
NCAA-2022-410382,2022,4,2022-09-24T16:00:00+00:00,SMU,TCU,-8,L,NCAA_OFFICIAL_SCOREBOARD_FEED|https://data.ncaa.com/casablanca/scoreboard/football/fbs/2022/04/scoreboard.json,2026-08-22T03:42:13+00:00,training
NCAA-2022-410636,2022,4,2022-09-24T16:00:00+00:00,WAKE,CLEM,-6,L,NCAA_OFFICIAL_SCOREBOARD_FEED|https://data.ncaa.com/casablanca/scoreboard/football/fbs/2022/04/scoreboard.json,2026-08-22T03:42:13+00:00,training
NCAA-2022-409586,2022,4,2022-09-24T18:00:00+00:00,COLO,UCLA,-28,L,NCAA_OFFICIAL_SCOREBOARD_FEED|https://data.ncaa.com/casablanca/scoreboard/football/fbs/2022/04/scoreboard.json,2026-08-22T03:42:13+00:00,training
NCAA-2022-409544,2022,4,2022-09-24T19:30:00+00:00,CIN,IU,21,W,NCAA_OFFICIAL_SCOREBOARD_FEED|https://data.ncaa.com/casablanca/scoreboard/football/fbs/2022/04/scoreboard.json,2026-08-22T03:42:13+00:00,training
NCAA-2022-409953,2022,4,2022-09-24T19:30:00+00:00,MEM,UNT,10,W,NCAA_OFFICIAL_SCOREBOARD_FEED|https://data.ncaa.com/casablanca/scoreboard/football/fbs/2022/04/scoreboard.json,2026-08-22T03:42:13+00:00,training
NCAA-2022-409983,2022,4,2022-09-24T19:30:00+00:00,MIA,MTSU,-14,L,NCAA_OFFICIAL_SCOREBOARD_FEED|https://data.ncaa.com/casablanca/scoreboard/football/fbs/2022/04/scoreboard.json,2026-08-22T03:42:13+00:00,training
NCAA-2022-410039,2022,4,2022-09-24T19:30:00+00:00,MSU,MINN,-27,L,NCAA_OFFICIAL_SCOREBOARD_FEED|https://data.ncaa.com/casablanca/scoreboard/football/fbs/2022/04/scoreboard.json,2026-08-22T03:42:13+00:00,training
NCAA-2022-410432,2022,4,2022-09-24T19:30:00+00:00,TENN,FLA,5,W,NCAA_OFFICIAL_SCOREBOARD_FEED|https://data.ncaa.com/casablanca/scoreboard/football/fbs/2022/04/scoreboard.json,2026-08-22T03:42:13+00:00,training
NCAA-2022-410446,2022,4,2022-09-24T19:30:00+00:00,TTU,TEX,3,W,NCAA_OFFICIAL_SCOREBOARD_FEED|https://data.ncaa.com/casablanca/scoreboard/football/fbs/2022/04/scoreboard.json,2026-08-22T03:42:13+00:00,training
NCAA-2022-410558,2022,4,2022-09-24T19:30:00+00:00,UNC,ND,-13,L,NCAA_OFFICIAL_SCOREBOARD_FEED|https://data.ncaa.com/casablanca/scoreboard/football/fbs/2022/04/scoreboard.json,2026-08-22T03:42:13+00:00,training
NCAA-2022-410677,2022,4,2022-09-24T19:30:00+00:00,WKU,FIU,73,W,NCAA_OFFICIAL_SCOREBOARD_FEED|https://data.ncaa.com/casablanca/scoreboard/football/fbs/2022/04/scoreboard.json,2026-08-22T03:42:13+00:00,training
NCAA-2022-410193,2022,4,2022-09-24T20:00:00+00:00,MISS,TLSA,8,W,NCAA_OFFICIAL_SCOREBOARD_FEED|https://data.ncaa.com/casablanca/scoreboard/football/fbs/2022/04/scoreboard.json,2026-08-22T03:42:13+00:00,training
NCAA-2022-410530,2022,4,2022-09-24T20:00:00+00:00,UCF,GT,17,W,NCAA_OFFICIAL_SCOREBOARD_FEED|https://data.ncaa.com/casablanca/scoreboard/football/fbs/2022/04/scoreboard.json,2026-08-22T03:42:13+00:00,training
NCAA-2022-410650,2022,4,2022-09-24T20:00:00+00:00,WSU,ORE,-3,L,NCAA_OFFICIAL_SCOREBOARD_FEED|https://data.ncaa.com/casablanca/scoreboard/football/fbs/2022/04/scoreboard.json,2026-08-22T03:42:13+00:00,training
NCAA-2022-409524,2022,4,2022-09-24T21:30:00+00:00,CAL,ARIZ,18,W,NCAA_OFFICIAL_SCOREBOARD_FEED|https://data.ncaa.com/casablanca/scoreboard/football/fbs/2022/04/scoreboard.json,2026-08-22T03:42:13+00:00,training
NCAA-2022-409660,2022,4,2022-09-24T22:00:00+00:00,ECU,NAVY,-3,L,NCAA_OFFICIAL_SCOREBOARD_FEED|https://data.ncaa.com/casablanca/scoreboard/football/fbs/2022/04/scoreboard.json,2026-08-22T03:42:13+00:00,training
NCAA-2022-409798,2022,4,2022-09-24T22:00:00+00:00,HOU,RICE,7,W,NCAA_OFFICIAL_SCOREBOARD_FEED|https://data.ncaa.com/casablanca/scoreboard/football/fbs/2022/04/scoreboard.json,2026-08-22T03:42:13+00:00,training
NCAA-2022-410298,2022,4,2022-09-24T23:00:00+00:00,RUTG,IOWA,-17,L,NCAA_OFFICIAL_SCOREBOARD_FEED|https://data.ncaa.com/casablanca/scoreboard/football/fbs/2022/04/scoreboard.json,2026-08-22T03:42:13+00:00,training
NCAA-2022-410580,2022,4,2022-09-24T23:00:00+00:00,USU,UNLV,-10,L,NCAA_OFFICIAL_SCOREBOARD_FEED|https://data.ncaa.com/casablanca/scoreboard/football/fbs/2022/04/scoreboard.json,2026-08-22T03:42:13+00:00,training
NCAA-2022-423342,2022,4,2022-09-24T23:00:00+00:00,TA&M,ARK,2,W,NCAA_OFFICIAL_SCOREBOARD_FEED|https://data.ncaa.com/casablanca/scoreboard/football/fbs/2022/04/scoreboard.json,2026-08-22T03:42:13+00:00,training
NCAA-2022-409403,2022,4,2022-09-24T23:30:00+00:00,ALA,VAN,52,W,NCAA_OFFICIAL_SCOREBOARD_FEED|https://data.ncaa.com/casablanca/scoreboard/football/fbs/2022/04/scoreboard.json,2026-08-22T03:42:13+00:00,training
NCAA-2022-409926,2022,4,2022-09-24T23:30:00+00:00,LSU,NM,38,W,NCAA_OFFICIAL_SCOREBOARD_FEED|https://data.ncaa.com/casablanca/scoreboard/football/fbs/2022/04/scoreboard.json,2026-08-22T03:42:13+00:00,training
NCAA-2022-410215,2022,4,2022-09-24T23:30:00+00:00,OSU,WIS,31,W,NCAA_OFFICIAL_SCOREBOARD_FEED|https://data.ncaa.com/casablanca/scoreboard/football/fbs/2022/04/scoreboard.json,2026-08-22T03:42:13+00:00,training
NCAA-2022-410271,2022,4,2022-09-24T23:30:00+00:00,PUR,FAU,2,W,NCAA_OFFICIAL_SCOREBOARD_FEED|https://data.ncaa.com/casablanca/scoreboard/football/fbs/2022/04/scoreboard.json,2026-08-22T03:42:13+00:00,training
NCAA-2022-410327,2022,4,2022-09-24T23:30:00+00:00,SC,CHAR,36,W,NCAA_OFFICIAL_SCOREBOARD_FEED|https://data.ncaa.com/casablanca/scoreboard/football/fbs/2022/04/scoreboard.json,2026-08-22T03:42:13+00:00,training
NCAA-2022-409721,2022,4,2022-09-25T00:00:00+00:00,FSU,BC,30,W,NCAA_OFFICIAL_SCOREBOARD_FEED|https://data.ncaa.com/casablanca/scoreboard/football/fbs/2022/04/scoreboard.json,2026-08-22T03:42:13+00:00,training
NCAA-2022-410122,2022,4,2022-09-25T00:00:00+00:00,NMSU,HAW,19,W,NCAA_OFFICIAL_SCOREBOARD_FEED|https://data.ncaa.com/casablanca/scoreboard/football/fbs/2022/04/scoreboard.json,2026-08-22T03:42:13+00:00,training
NCAA-2022-410172,2022,4,2022-09-25T00:00:00+00:00,OU,KSU,-7,L,NCAA_OFFICIAL_SCOREBOARD_FEED|https://data.ncaa.com/casablanca/scoreboard/football/fbs/2022/04/scoreboard.json,2026-08-22T03:42:13+00:00,training
NCAA-2022-410206,2022,4,2022-09-25T01:30:00+00:00,ORST,USC,-3,L,NCAA_OFFICIAL_SCOREBOARD_FEED|https://data.ncaa.com/casablanca/scoreboard/football/fbs/2022/04/scoreboard.json,2026-08-22T03:42:13+00:00,training
NCAA-2022-409516,2022,4,2022-09-25T02:15:00+00:00,BYU,WYO,14,W,NCAA_OFFICIAL_SCOREBOARD_FEED|https://data.ncaa.com/casablanca/scoreboard/football/fbs/2022/04/scoreboard.json,2026-08-22T03:42:13+00:00,training
NCAA-2022-409459,2022,4,2022-09-25T02:30:00+00:00,ASU,UTAH,-21,L,NCAA_OFFICIAL_SCOREBOARD_FEED|https://data.ncaa.com/casablanca/scoreboard/football/fbs/2022/04/scoreboard.json,2026-08-22T03:42:13+00:00,training
NCAA-2022-410644,2022,4,2022-09-25T02:30:00+00:00,WASH,STAN,18,W,NCAA_OFFICIAL_SCOREBOARD_FEED|https://data.ncaa.com/casablanca/scoreboard/football/fbs/2022/04/scoreboard.json,2026-08-22T03:42:13+00:00,training
NCAA-2022-409517,2022,5,2022-09-30T00:00:00+00:00,BYU,USU,12,W,NCAA_OFFICIAL_SCOREBOARD_FEED|https://data.ncaa.com/casablanca/scoreboard/football/fbs/2022/05/scoreboard.json,2026-08-22T03:42:14+00:00,training
NCAA-2022-409799,2022,5,2022-09-30T23:00:00+00:00,HOU,TLN,-3,L,NCAA_OFFICIAL_SCOREBOARD_FEED|https://data.ncaa.com/casablanca/scoreboard/football/fbs/2022/05/scoreboard.json,2026-08-22T03:42:14+00:00,training
NCAA-2022-410045,2022,5,2022-09-30T23:30:00+00:00,MTSU,UTSA,-15,L,NCAA_OFFICIAL_SCOREBOARD_FEED|https://data.ncaa.com/casablanca/scoreboard/football/fbs/2022/05/scoreboard.json,2026-08-22T03:42:14+00:00,training
NCAA-2022-409502,2022,5,2022-10-01T00:00:00+00:00,BOISE,SDSU,22,W,NCAA_OFFICIAL_SCOREBOARD_FEED|https://data.ncaa.com/casablanca/scoreboard/football/fbs/2022/05/scoreboard.json,2026-08-22T03:42:14+00:00,training
NCAA-2022-410538,2022,5,2022-10-01T02:30:00+00:00,UCLA,WASH,8,W,NCAA_OFFICIAL_SCOREBOARD_FEED|https://data.ncaa.com/casablanca/scoreboard/football/fbs/2022/05/scoreboard.json,2026-08-22T03:42:14+00:00,training
NCAA-2022-2277725,2022,5,2022-10-01T03:00:00+00:00,UNLV,NM,11,W,NCAA_OFFICIAL_SCOREBOARD_FEED|https://data.ncaa.com/casablanca/scoreboard/football/fbs/2022/05/scoreboard.json,2026-08-22T03:42:14+00:00,training
NCAA-2022-409397,2022,5,2022-10-01T16:00:00+00:00,AF,NAVY,3,W,NCAA_OFFICIAL_SCOREBOARD_FEED|https://data.ncaa.com/casablanca/scoreboard/football/fbs/2022/05/scoreboard.json,2026-08-22T03:42:14+00:00,training
NCAA-2022-409495,2022,5,2022-10-01T16:00:00+00:00,BC,LOU,1,W,NCAA_OFFICIAL_SCOREBOARD_FEED|https://data.ncaa.com/casablanca/scoreboard/football/fbs/2022/05/scoreboard.json,2026-08-22T03:42:14+00:00,training
NCAA-2022-409849,2022,5,2022-10-01T16:00:00+00:00,IOWA,MICH,-13,L,NCAA_OFFICIAL_SCOREBOARD_FEED|https://data.ncaa.com/casablanca/scoreboard/football/fbs/2022/05/scoreboard.json,2026-08-22T03:42:14+00:00,training
NCAA-2022-409884,2022,5,2022-10-01T16:00:00+00:00,KSU,TTU,9,W,NCAA_OFFICIAL_SCOREBOARD_FEED|https://data.ncaa.com/casablanca/scoreboard/football/fbs/2022/05/scoreboard.json,2026-08-22T03:42:14+00:00,training
NCAA-2022-409954,2022,5,2022-10-01T16:00:00+00:00,MEM,TEM,21,W,NCAA_OFFICIAL_SCOREBOARD_FEED|https://data.ncaa.com/casablanca/scoreboard/football/fbs/2022/05/scoreboard.json,2026-08-22T03:42:14+00:00,training
NCAA-2022-409991,2022,5,2022-10-01T16:00:00+00:00,MINN,PUR,-10,L,NCAA_OFFICIAL_SCOREBOARD_FEED|https://data.ncaa.com/casablanca/scoreboard/football/fbs/2022/05/scoreboard.json,2026-08-22T03:42:14+00:00,training
NCAA-2022-410194,2022,5,2022-10-01T16:00:00+00:00,MISS,UK,3,W,NCAA_OFFICIAL_SCOREBOARD_FEED|https://data.ncaa.com/casablanca/scoreboard/football/fbs/2022/05/scoreboard.json,2026-08-22T03:42:14+00:00,training
NCAA-2022-410417,2022,5,2022-10-01T16:00:00+00:00,TCU,OU,31,W,NCAA_OFFICIAL_SCOREBOARD_FEED|https://data.ncaa.com/casablanca/scoreboard/football/fbs/2022/05/scoreboard.json,2026-08-22T03:42:14+00:00,training
NCAA-2022-410672,2022,5,2022-10-01T16:00:00+00:00,WIS,ILL,-24,L,NCAA_OFFICIAL_SCOREBOARD_FEED|https://data.ncaa.com/casablanca/scoreboard/football/fbs/2022/05/scoreboard.json,2026-08-22T03:42:14+00:00,training
NCAA-2022-410587,2022,5,2022-10-01T18:00:00+00:00,UTAH,ORST,26,W,NCAA_OFFICIAL_SCOREBOARD_FEED|https://data.ncaa.com/casablanca/scoreboard/football/fbs/2022/05/scoreboard.json,2026-08-22T03:42:14+00:00,training
NCAA-2022-410355,2022,5,2022-10-01T18:30:00+00:00,USF,ECU,-20,L,NCAA_OFFICIAL_SCOREBOARD_FEED|https://data.ncaa.com/casablanca/scoreboard/football/fbs/2022/05/scoreboard.json,2026-08-22T03:42:14+00:00,training
NCAA-2022-409439,2022,5,2022-10-01T19:30:00+00:00,ARK,ALA,-23,L,NCAA_OFFICIAL_SCOREBOARD_FEED|https://data.ncaa.com/casablanca/scoreboard/football/fbs/2022/05/scoreboard.json,2026-08-22T03:42:14+00:00,training
NCAA-2022-409488,2022,5,2022-10-01T19:30:00+00:00,BAY,OKST,-11,L,NCAA_OFFICIAL_SCOREBOARD_FEED|https://data.ncaa.com/casablanca/scoreboard/football/fbs/2022/05/scoreboard.json,2026-08-22T03:42:14+00:00,training
NCAA-2022-409722,2022,5,2022-10-01T19:30:00+00:00,FSU,WAKE,-10,L,NCAA_OFFICIAL_SCOREBOARD_FEED|https://data.ncaa.com/casablanca/scoreboard/football/fbs/2022/05/scoreboard.json,2026-08-22T03:42:14+00:00,training
NCAA-2022-409869,2022,5,2022-10-01T19:30:00+00:00,KU,ISU,3,W,NCAA_OFFICIAL_SCOREBOARD_FEED|https://data.ncaa.com/casablanca/scoreboard/football/fbs/2022/05/scoreboard.json,2026-08-22T03:42:14+00:00,training
NCAA-2022-409947,2022,5,2022-10-01T19:30:00+00:00,MD,MSU,14,W,NCAA_OFFICIAL_SCOREBOARD_FEED|https://data.ncaa.com/casablanca/scoreboard/football/fbs/2022/05/scoreboard.json,2026-08-22T03:42:14+00:00,training
NCAA-2022-410216,2022,5,2022-10-01T19:30:00+00:00,OSU,RUTG,39,W,NCAA_OFFICIAL_SCOREBOARD_FEED|https://data.ncaa.com/casablanca/scoreboard/football/fbs/2022/05/scoreboard.json,2026-08-22T03:42:14+00:00,training
NCAA-2022-410257,2022,5,2022-10-01T19:30:00+00:00,PSU,NU,10,W,NCAA_OFFICIAL_SCOREBOARD_FEED|https://data.ncaa.com/casablanca/scoreboard/football/fbs/2022/05/scoreboard.json,2026-08-22T03:42:14+00:00,training
NCAA-2022-410559,2022,5,2022-10-01T19:30:00+00:00,UNC,VT,31,W,NCAA_OFFICIAL_SCOREBOARD_FEED|https://data.ncaa.com/casablanca/scoreboard/football/fbs/2022/05/scoreboard.json,2026-08-22T03:42:14+00:00,training
NCAA-2022-410032,2022,5,2022-10-01T20:00:00+00:00,MSST,TA&M,18,W,NCAA_OFFICIAL_SCOREBOARD_FEED|https://data.ncaa.com/casablanca/scoreboard/football/fbs/2022/05/scoreboard.json,2026-08-22T03:42:14+00:00,training
NCAA-2022-410144,2022,5,2022-10-01T20:00:00+00:00,UNT,FAU,17,W,NCAA_OFFICIAL_SCOREBOARD_FEED|https://data.ncaa.com/casablanca/scoreboard/football/fbs/2022/05/scoreboard.json,2026-08-22T03:42:14+00:00,training
NCAA-2022-410651,2022,5,2022-10-01T21:30:00+00:00,WSU,CAL,19,W,NCAA_OFFICIAL_SCOREBOARD_FEED|https://data.ncaa.com/casablanca/scoreboard/football/fbs/2022/05/scoreboard.json,2026-08-22T03:42:14+00:00,training
NCAA-2022-410081,2022,5,2022-10-01T22:00:00+00:00,CHAR,UTEP,-6,L,NCAA_OFFICIAL_SCOREBOARD_FEED|https://data.ncaa.com/casablanca/scoreboard/football/fbs/2022/05/scoreboard.json,2026-08-22T03:42:14+00:00,training
NCAA-2022-409468,2022,5,2022-10-01T23:00:00+00:00,AUB,LSU,-4,L,NCAA_OFFICIAL_SCOREBOARD_FEED|https://data.ncaa.com/casablanca/scoreboard/football/fbs/2022/05/scoreboard.json,2026-08-22T03:42:14+00:00,training
NCAA-2022-410495,2022,5,2022-10-01T23:00:00+00:00,TLSA,CIN,-10,L,NCAA_OFFICIAL_SCOREBOARD_FEED|https://data.ncaa.com/casablanca/scoreboard/football/fbs/2022/05/scoreboard.json,2026-08-22T03:42:14+00:00,training
NCAA-2022-409552,2022,5,2022-10-01T23:30:00+00:00,CLEM,NCSU,10,W,NCAA_OFFICIAL_SCOREBOARD_FEED|https://data.ncaa.com/casablanca/scoreboard/football/fbs/2022/05/scoreboard.json,2026-08-22T03:42:14+00:00,training
NCAA-2022-409652,2022,5,2022-10-01T23:30:00+00:00,DUKE,UVA,21,W,NCAA_OFFICIAL_SCOREBOARD_FEED|https://data.ncaa.com/casablanca/scoreboard/football/fbs/2022/05/scoreboard.json,2026-08-22T03:42:14+00:00,training
NCAA-2022-409997,2022,5,2022-10-01T23:30:00+00:00,MIZ,UGA,-4,L,NCAA_OFFICIAL_SCOREBOARD_FEED|https://data.ncaa.com/casablanca/scoreboard/football/fbs/2022/05/scoreboard.json,2026-08-22T03:42:14+00:00,training
NCAA-2022-410110,2022,5,2022-10-01T23:30:00+00:00,NEB,IU,14,W,NCAA_OFFICIAL_SCOREBOARD_FEED|https://data.ncaa.com/casablanca/scoreboard/football/fbs/2022/05/scoreboard.json,2026-08-22T03:42:14+00:00,training
NCAA-2022-410285,2022,5,2022-10-01T23:30:00+00:00,RICE,UAB,4,W,NCAA_OFFICIAL_SCOREBOARD_FEED|https://data.ncaa.com/casablanca/scoreboard/football/fbs/2022/05/scoreboard.json,2026-08-22T03:42:14+00:00,training
NCAA-2022-410440,2022,5,2022-10-01T23:30:00+00:00,TEX,WVU,18,W,NCAA_OFFICIAL_SCOREBOARD_FEED|https://data.ncaa.com/casablanca/scoreboard/football/fbs/2022/05/scoreboard.json,2026-08-22T03:42:14+00:00,training
NCAA-2022-410707,2022,5,2022-10-01T23:30:00+00:00,WYO,SJSU,-17,L,NCAA_OFFICIAL_SCOREBOARD_FEED|https://data.ncaa.com/casablanca/scoreboard/football/fbs/2022/05/scoreboard.json,2026-08-22T03:42:14+00:00,training
NCAA-2022-410123,2022,5,2022-10-02T00:00:00+00:00,NMSU,FIU,-14,L,NCAA_OFFICIAL_SCOREBOARD_FEED|https://data.ncaa.com/casablanca/scoreboard/football/fbs/2022/05/scoreboard.json,2026-08-22T03:42:14+00:00,training
NCAA-2022-410244,2022,5,2022-10-02T00:00:00+00:00,PITT,GT,-5,L,NCAA_OFFICIAL_SCOREBOARD_FEED|https://data.ncaa.com/casablanca/scoreboard/football/fbs/2022/05/scoreboard.json,2026-08-22T03:42:14+00:00,training
NCAA-2022-409431,2022,5,2022-10-02T01:30:00+00:00,ARIZ,COLO,23,W,NCAA_OFFICIAL_SCOREBOARD_FEED|https://data.ncaa.com/casablanca/scoreboard/football/fbs/2022/05/scoreboard.json,2026-08-22T03:42:14+00:00,training
NCAA-2022-422145,2022,5,2022-10-02T02:30:00+00:00,USC,ASU,17,W,NCAA_OFFICIAL_SCOREBOARD_FEED|https://data.ncaa.com/casablanca/scoreboard/football/fbs/2022/05/scoreboard.json,2026-08-22T03:42:14+00:00,training
NCAA-2022-410200,2022,5,2022-10-02T03:00:00+00:00,ORE,STAN,18,W,NCAA_OFFICIAL_SCOREBOARD_FEED|https://data.ncaa.com/casablanca/scoreboard/football/fbs/2022/05/scoreboard.json,2026-08-22T03:42:14+00:00,training
NCAA-2022-410531,2022,6,2022-10-05T23:00:00+00:00,UCF,SMU,22,W,NCAA_OFFICIAL_SCOREBOARD_FEED|https://data.ncaa.com/casablanca/scoreboard/football/fbs/2022/06/scoreboard.json,2026-08-22T03:42:14+00:00,training
NCAA-2022-410299,2022,6,2022-10-07T23:00:00+00:00,RUTG,NEB,-1,L,NCAA_OFFICIAL_SCOREBOARD_FEED|https://data.ncaa.com/casablanca/scoreboard/football/fbs/2022/06/scoreboard.json,2026-08-22T03:42:14+00:00,training
NCAA-2022-409955,2022,6,2022-10-07T23:30:00+00:00,MEM,HOU,-1,L,NCAA_OFFICIAL_SCOREBOARD_FEED|https://data.ncaa.com/casablanca/scoreboard/football/fbs/2022/06/scoreboard.json,2026-08-22T03:42:14+00:00,training
NCAA-2022-2278039,2022,6,2022-10-08T02:30:00+00:00,NEV,CSU,-3,L,NCAA_OFFICIAL_SCOREBOARD_FEED|https://data.ncaa.com/casablanca/scoreboard/football/fbs/2022/06/scoreboard.json,2026-08-22T03:42:14+00:00,training
NCAA-2022-410369,2022,6,2022-10-08T02:30:00+00:00,SJSU,UNLV,33,W,NCAA_OFFICIAL_SCOREBOARD_FEED|https://data.ncaa.com/casablanca/scoreboard/football/fbs/2022/06/scoreboard.json,2026-08-22T03:42:14+00:00,training
NCAA-2022-2278078,2022,6,2022-10-08T16:00:00+00:00,OU,TEX,-49,L,NCAA_OFFICIAL_SCOREBOARD_FEED|https://data.ncaa.com/casablanca/scoreboard/football/fbs/2022/06/scoreboard.json,2026-08-22T03:42:14+00:00,training
NCAA-2022-409703,2022,6,2022-10-08T16:00:00+00:00,FLA,MIZ,7,W,NCAA_OFFICIAL_SCOREBOARD_FEED|https://data.ncaa.com/casablanca/scoreboard/football/fbs/2022/06/scoreboard.json,2026-08-22T03:42:14+00:00,training
NCAA-2022-409835,2022,6,2022-10-08T16:00:00+00:00,IU,MICH,-21,L,NCAA_OFFICIAL_SCOREBOARD_FEED|https://data.ncaa.com/casablanca/scoreboard/football/fbs/2022/06/scoreboard.json,2026-08-22T03:42:14+00:00,training
NCAA-2022-409870,2022,6,2022-10-08T16:00:00+00:00,KU,TCU,-7,L,NCAA_OFFICIAL_SCOREBOARD_FEED|https://data.ncaa.com/casablanca/scoreboard/football/fbs/2022/06/scoreboard.json,2026-08-22T03:42:14+00:00,training
NCAA-2022-409927,2022,6,2022-10-08T16:00:00+00:00,LSU,TENN,-27,L,NCAA_OFFICIAL_SCOREBOARD_FEED|https://data.ncaa.com/casablanca/scoreboard/football/fbs/2022/06/scoreboard.json,2026-08-22T03:42:14+00:00,training
NCAA-2022-409948,2022,6,2022-10-08T16:00:00+00:00,MD,PUR,-2,L,NCAA_OFFICIAL_SCOREBOARD_FEED|https://data.ncaa.com/casablanca/scoreboard/football/fbs/2022/06/scoreboard.json,2026-08-22T03:42:14+00:00,training
NCAA-2022-410033,2022,6,2022-10-08T16:00:00+00:00,MSST,ARK,23,W,NCAA_OFFICIAL_SCOREBOARD_FEED|https://data.ncaa.com/casablanca/scoreboard/football/fbs/2022/06/scoreboard.json,2026-08-22T03:42:14+00:00,training
NCAA-2022-410601,2022,6,2022-10-08T16:00:00+00:00,UVA,LOU,-17,L,NCAA_OFFICIAL_SCOREBOARD_FEED|https://data.ncaa.com/casablanca/scoreboard/football/fbs/2022/06/scoreboard.json,2026-08-22T03:42:14+00:00,training
NCAA-2022-409545,2022,6,2022-10-08T18:30:00+00:00,CIN,USF,4,W,NCAA_OFFICIAL_SCOREBOARD_FEED|https://data.ncaa.com/casablanca/scoreboard/football/fbs/2022/06/scoreboard.json,2026-08-22T03:42:14+00:00,training
NCAA-2022-409410,2022,6,2022-10-08T19:30:00+00:00,UAB,MTSU,27,W,NCAA_OFFICIAL_SCOREBOARD_FEED|https://data.ncaa.com/casablanca/scoreboard/football/fbs/2022/06/scoreboard.json,2026-08-22T03:42:14+00:00,training
NCAA-2022-409743,2022,6,2022-10-08T19:30:00+00:00,UGA,AUB,32,W,NCAA_OFFICIAL_SCOREBOARD_FEED|https://data.ncaa.com/casablanca/scoreboard/football/fbs/2022/06/scoreboard.json,2026-08-22T03:42:14+00:00,training
NCAA-2022-410067,2022,6,2022-10-08T19:30:00+00:00,NAVY,TLSA,32,W,NCAA_OFFICIAL_SCOREBOARD_FEED|https://data.ncaa.com/casablanca/scoreboard/football/fbs/2022/06/scoreboard.json,2026-08-22T03:42:14+00:00,training
NCAA-2022-410152,2022,6,2022-10-08T19:30:00+00:00,NU,WIS,-35,L,NCAA_OFFICIAL_SCOREBOARD_FEED|https://data.ncaa.com/casablanca/scoreboard/football/fbs/2022/06/scoreboard.json,2026-08-22T03:42:14+00:00,training
NCAA-2022-410180,2022,6,2022-10-08T19:30:00+00:00,OKST,TTU,10,W,NCAA_OFFICIAL_SCOREBOARD_FEED|https://data.ncaa.com/casablanca/scoreboard/football/fbs/2022/06/scoreboard.json,2026-08-22T03:42:14+00:00,training
NCAA-2022-410245,2022,6,2022-10-08T19:30:00+00:00,PITT,VT,16,W,NCAA_OFFICIAL_SCOREBOARD_FEED|https://data.ncaa.com/casablanca/scoreboard/football/fbs/2022/06/scoreboard.json,2026-08-22T03:42:14+00:00,training
NCAA-2022-410489,2022,6,2022-10-08T19:30:00+00:00,TLN,ECU,15,W,NCAA_OFFICIAL_SCOREBOARD_FEED|https://data.ncaa.com/casablanca/scoreboard/football/fbs/2022/06/scoreboard.json,2026-08-22T03:42:14+00:00,training
NCAA-2022-410539,2022,6,2022-10-08T19:30:00+00:00,UCLA,UTAH,10,W,NCAA_OFFICIAL_SCOREBOARD_FEED|https://data.ncaa.com/casablanca/scoreboard/football/fbs/2022/06/scoreboard.json,2026-08-22T03:42:14+00:00,training
NCAA-2022-409460,2022,6,2022-10-08T20:00:00+00:00,ASU,WASH,7,W,NCAA_OFFICIAL_SCOREBOARD_FEED|https://data.ncaa.com/casablanca/scoreboard/football/fbs/2022/06/scoreboard.json,2026-08-22T03:42:14+00:00,training
NCAA-2022-409758,2022,6,2022-10-08T20:00:00+00:00,GT,DUKE,3,W,NCAA_OFFICIAL_SCOREBOARD_FEED|https://data.ncaa.com/casablanca/scoreboard/football/fbs/2022/06/scoreboard.json,2026-08-22T03:42:14+00:00,training
NCAA-2022-409984,2022,6,2022-10-08T20:00:00+00:00,MIA,UNC,-3,L,NCAA_OFFICIAL_SCOREBOARD_FEED|https://data.ncaa.com/casablanca/scoreboard/football/fbs/2022/06/scoreboard.json,2026-08-22T03:42:14+00:00,training
NCAA-2022-410040,2022,6,2022-10-08T20:00:00+00:00,MSU,OSU,-29,L,NCAA_OFFICIAL_SCOREBOARD_FEED|https://data.ncaa.com/casablanca/scoreboard/football/fbs/2022/06/scoreboard.json,2026-08-22T03:42:14+00:00,training
NCAA-2022-410615,2022,6,2022-10-08T20:00:00+00:00,VAN,MISS,-24,L,NCAA_OFFICIAL_SCOREBOARD_FEED|https://data.ncaa.com/casablanca/scoreboard/football/fbs/2022/06/scoreboard.json,2026-08-22T03:42:14+00:00,training
NCAA-2022-410509,2022,6,2022-10-08T22:00:00+00:00,UTSA,WKU,3,W,NCAA_OFFICIAL_SCOREBOARD_FEED|https://data.ncaa.com/casablanca/scoreboard/football/fbs/2022/06/scoreboard.json,2026-08-22T03:42:14+00:00,training
NCAA-2022-2278305,2022,6,2022-10-08T23:00:00+00:00,LT,UTEP,10,W,NCAA_OFFICIAL_SCOREBOARD_FEED|https://data.ncaa.com/casablanca/scoreboard/football/fbs/2022/06/scoreboard.json,2026-08-22T03:42:14+00:00,training
NCAA-2022-410117,2022,6,2022-10-08T23:00:00+00:00,NM,WYO,-13,L,NCAA_OFFICIAL_SCOREBOARD_FEED|https://data.ncaa.com/casablanca/scoreboard/football/fbs/2022/06/scoreboard.json,2026-08-22T03:42:14+00:00,training
NCAA-2022-410581,2022,6,2022-10-08T23:00:00+00:00,USU,AF,7,W,NCAA_OFFICIAL_SCOREBOARD_FEED|https://data.ncaa.com/casablanca/scoreboard/football/fbs/2022/06/scoreboard.json,2026-08-22T03:42:14+00:00,training
NCAA-2022-2278293,2022,6,2022-10-08T23:30:00+00:00,ND,BYU,8,W,NCAA_OFFICIAL_SCOREBOARD_FEED|https://data.ncaa.com/casablanca/scoreboard/football/fbs/2022/06/scoreboard.json,2026-08-22T03:42:14+00:00,training
NCAA-2022-409496,2022,6,2022-10-08T23:30:00+00:00,BC,CLEM,-28,L,NCAA_OFFICIAL_SCOREBOARD_FEED|https://data.ncaa.com/casablanca/scoreboard/football/fbs/2022/06/scoreboard.json,2026-08-22T03:42:14+00:00,training
NCAA-2022-409807,2022,6,2022-10-08T23:30:00+00:00,ISU,KSU,-1,L,NCAA_OFFICIAL_SCOREBOARD_FEED|https://data.ncaa.com/casablanca/scoreboard/football/fbs/2022/06/scoreboard.json,2026-08-22T03:42:14+00:00,training
NCAA-2022-409821,2022,6,2022-10-08T23:30:00+00:00,ILL,IOWA,3,W,NCAA_OFFICIAL_SCOREBOARD_FEED|https://data.ncaa.com/casablanca/scoreboard/football/fbs/2022/06/scoreboard.json,2026-08-22T03:42:14+00:00,training
NCAA-2022-409891,2022,6,2022-10-08T23:30:00+00:00,UK,SC,-10,L,NCAA_OFFICIAL_SCOREBOARD_FEED|https://data.ncaa.com/casablanca/scoreboard/football/fbs/2022/06/scoreboard.json,2026-08-22T03:42:14+00:00,training
NCAA-2022-422146,2022,6,2022-10-08T23:30:00+00:00,USC,WSU,16,W,NCAA_OFFICIAL_SCOREBOARD_FEED|https://data.ncaa.com/casablanca/scoreboard/football/fbs/2022/06/scoreboard.json,2026-08-22T03:42:14+00:00,training
NCAA-2022-2278076,2022,6,2022-10-09T00:00:00+00:00,ALA,TA&M,4,W,NCAA_OFFICIAL_SCOREBOARD_FEED|https://data.ncaa.com/casablanca/scoreboard/football/fbs/2022/06/scoreboard.json,2026-08-22T03:42:14+00:00,training
NCAA-2022-409432,2022,6,2022-10-09T00:00:00+00:00,ARIZ,ORE,-27,L,NCAA_OFFICIAL_SCOREBOARD_FEED|https://data.ncaa.com/casablanca/scoreboard/football/fbs/2022/06/scoreboard.json,2026-08-22T03:42:14+00:00,training
NCAA-2022-410089,2022,6,2022-10-09T00:00:00+00:00,NCSU,FSU,2,W,NCAA_OFFICIAL_SCOREBOARD_FEED|https://data.ncaa.com/casablanca/scoreboard/football/fbs/2022/06/scoreboard.json,2026-08-22T03:42:14+00:00,training
NCAA-2022-409503,2022,6,2022-10-09T01:45:00+00:00,BOISE,FRES,20,W,NCAA_OFFICIAL_SCOREBOARD_FEED|https://data.ncaa.com/casablanca/scoreboard/football/fbs/2022/06/scoreboard.json,2026-08-22T03:42:14+00:00,training
NCAA-2022-410342,2022,6,2022-10-09T02:30:00+00:00,SDSU,HAW,2,W,NCAA_OFFICIAL_SCOREBOARD_FEED|https://data.ncaa.com/casablanca/scoreboard/football/fbs/2022/06/scoreboard.json,2026-08-22T03:42:14+00:00,training
NCAA-2022-410390,2022,6,2022-10-09T03:00:00+00:00,STAN,ORST,-1,L,NCAA_OFFICIAL_SCOREBOARD_FEED|https://data.ncaa.com/casablanca/scoreboard/football/fbs/2022/06/scoreboard.json,2026-08-22T03:42:14+00:00,training
NCAA-2022-410532,2022,7,2022-10-13T23:00:00+00:00,UCF,TEM,57,W,NCAA_OFFICIAL_SCOREBOARD_FEED|https://data.ncaa.com/casablanca/scoreboard/football/fbs/2022/07/scoreboard.json,2026-08-22T03:42:15+00:00,training
NCAA-2022-410699,2022,7,2022-10-13T23:00:00+00:00,WVU,BAY,3,W,NCAA_OFFICIAL_SCOREBOARD_FEED|https://data.ncaa.com/casablanca/scoreboard/football/fbs/2022/07/scoreboard.json,2026-08-22T03:42:15+00:00,training
NCAA-2022-410383,2022,7,2022-10-14T23:30:00+00:00,SMU,NAVY,6,W,NCAA_OFFICIAL_SCOREBOARD_FEED|https://data.ncaa.com/casablanca/scoreboard/football/fbs/2022/07/scoreboard.json,2026-08-22T03:42:15+00:00,training
NCAA-2022-409708,2022,7,2022-10-15T00:00:00+00:00,FIU,UTSA,-20,L,NCAA_OFFICIAL_SCOREBOARD_FEED|https://data.ncaa.com/casablanca/scoreboard/football/fbs/2022/07/scoreboard.json,2026-08-22T03:42:15+00:00,training
NCAA-2022-409822,2022,7,2022-10-15T16:00:00+00:00,ILL,MINN,12,W,NCAA_OFFICIAL_SCOREBOARD_FEED|https://data.ncaa.com/casablanca/scoreboard/football/fbs/2022/07/scoreboard.json,2026-08-22T03:42:15+00:00,training
NCAA-2022-409970,2022,7,2022-10-15T16:00:00+00:00,MICH,PSU,24,W,NCAA_OFFICIAL_SCOREBOARD_FEED|https://data.ncaa.com/casablanca/scoreboard/football/fbs/2022/07/scoreboard.json,2026-08-22T03:42:15+00:00,training
NCAA-2022-410173,2022,7,2022-10-15T16:00:00+00:00,OU,KU,10,W,NCAA_OFFICIAL_SCOREBOARD_FEED|https://data.ncaa.com/casablanca/scoreboard/football/fbs/2022/07/scoreboard.json,2026-08-22T03:42:15+00:00,training
NCAA-2022-410195,2022,7,2022-10-15T16:00:00+00:00,MISS,AUB,14,W,NCAA_OFFICIAL_SCOREBOARD_FEED|https://data.ncaa.com/casablanca/scoreboard/football/fbs/2022/07/scoreboard.json,2026-08-22T03:42:15+00:00,training
NCAA-2022-410441,2022,7,2022-10-15T16:00:00+00:00,TEX,ISU,3,W,NCAA_OFFICIAL_SCOREBOARD_FEED|https://data.ncaa.com/casablanca/scoreboard/football/fbs/2022/07/scoreboard.json,2026-08-22T03:42:15+00:00,training
NCAA-2022-410630,2022,7,2022-10-15T16:30:00+00:00,VT,MIA,-6,L,NCAA_OFFICIAL_SCOREBOARD_FEED|https://data.ncaa.com/casablanca/scoreboard/football/fbs/2022/07/scoreboard.json,2026-08-22T03:42:15+00:00,training
NCAA-2022-409587,2022,7,2022-10-15T18:00:00+00:00,COLO,CAL,7,W,NCAA_OFFICIAL_SCOREBOARD_FEED|https://data.ncaa.com/casablanca/scoreboard/football/fbs/2022/07/scoreboard.json,2026-08-22T03:42:15+00:00,training
NCAA-2022-409411,2022,7,2022-10-15T19:30:00+00:00,UAB,CHAR,14,W,NCAA_OFFICIAL_SCOREBOARD_FEED|https://data.ncaa.com/casablanca/scoreboard/football/fbs/2022/07/scoreboard.json,2026-08-22T03:42:15+00:00,training
NCAA-2022-409518,2022,7,2022-10-15T19:30:00+00:00,BYU,ARK,-17,L,NCAA_OFFICIAL_SCOREBOARD_FEED|https://data.ncaa.com/casablanca/scoreboard/football/fbs/2022/07/scoreboard.json,2026-08-22T03:42:15+00:00,training
NCAA-2022-409744,2022,7,2022-10-15T19:30:00+00:00,UGA,VAN,55,W,NCAA_OFFICIAL_SCOREBOARD_FEED|https://data.ncaa.com/casablanca/scoreboard/football/fbs/2022/07/scoreboard.json,2026-08-22T03:42:15+00:00,training
NCAA-2022-409836,2022,7,2022-10-15T19:30:00+00:00,IU,MD,-5,L,NCAA_OFFICIAL_SCOREBOARD_FEED|https://data.ncaa.com/casablanca/scoreboard/football/fbs/2022/07/scoreboard.json,2026-08-22T03:42:15+00:00,training
NCAA-2022-410046,2022,7,2022-10-15T19:30:00+00:00,MTSU,WKU,-18,L,NCAA_OFFICIAL_SCOREBOARD_FEED|https://data.ncaa.com/casablanca/scoreboard/football/fbs/2022/07/scoreboard.json,2026-08-22T03:42:15+00:00,training
NCAA-2022-410399,2022,7,2022-10-15T19:30:00+00:00,SYR,NCSU,15,W,NCAA_OFFICIAL_SCOREBOARD_FEED|https://data.ncaa.com/casablanca/scoreboard/football/fbs/2022/07/scoreboard.json,2026-08-22T03:42:15+00:00,training
NCAA-2022-410418,2022,7,2022-10-15T19:30:00+00:00,TCU,OKST,3,W,NCAA_OFFICIAL_SCOREBOARD_FEED|https://data.ncaa.com/casablanca/scoreboard/football/fbs/2022/07/scoreboard.json,2026-08-22T03:42:15+00:00,training
NCAA-2022-410433,2022,7,2022-10-15T19:30:00+00:00,TENN,ALA,3,W,NCAA_OFFICIAL_SCOREBOARD_FEED|https://data.ncaa.com/casablanca/scoreboard/football/fbs/2022/07/scoreboard.json,2026-08-22T03:42:15+00:00,training
NCAA-2022-410041,2022,7,2022-10-15T20:00:00+00:00,MSU,WIS,6,W,NCAA_OFFICIAL_SCOREBOARD_FEED|https://data.ncaa.com/casablanca/scoreboard/football/fbs/2022/07/scoreboard.json,2026-08-22T03:42:15+00:00,training
NCAA-2022-410145,2022,7,2022-10-15T20:00:00+00:00,UNT,LT,20,W,NCAA_OFFICIAL_SCOREBOARD_FEED|https://data.ncaa.com/casablanca/scoreboard/football/fbs/2022/07/scoreboard.json,2026-08-22T03:42:15+00:00,training
NCAA-2022-410645,2022,7,2022-10-15T21:30:00+00:00,WASH,ARIZ,10,W,NCAA_OFFICIAL_SCOREBOARD_FEED|https://data.ncaa.com/casablanca/scoreboard/football/fbs/2022/07/scoreboard.json,2026-08-22T03:42:15+00:00,training
NCAA-2022-409695,2022,7,2022-10-15T22:00:00+00:00,FAU,RICE,3,W,NCAA_OFFICIAL_SCOREBOARD_FEED|https://data.ncaa.com/casablanca/scoreboard/football/fbs/2022/07/scoreboard.json,2026-08-22T03:42:15+00:00,training
NCAA-2022-409615,2022,7,2022-10-15T23:00:00+00:00,CSU,USU,-4,L,NCAA_OFFICIAL_SCOREBOARD_FEED|https://data.ncaa.com/casablanca/scoreboard/football/fbs/2022/07/scoreboard.json,2026-08-22T03:42:15+00:00,training
NCAA-2022-409704,2022,7,2022-10-15T23:00:00+00:00,FLA,LSU,-10,L,NCAA_OFFICIAL_SCOREBOARD_FEED|https://data.ncaa.com/casablanca/scoreboard/football/fbs/2022/07/scoreboard.json,2026-08-22T03:42:15+00:00,training
NCAA-2022-409661,2022,7,2022-10-15T23:30:00+00:00,ECU,MEM,2,W,NCAA_OFFICIAL_SCOREBOARD_FEED|https://data.ncaa.com/casablanca/scoreboard/football/fbs/2022/07/scoreboard.json,2026-08-22T03:42:15+00:00,training
NCAA-2022-409723,2022,7,2022-10-15T23:30:00+00:00,FSU,CLEM,-6,L,NCAA_OFFICIAL_SCOREBOARD_FEED|https://data.ncaa.com/casablanca/scoreboard/football/fbs/2022/07/scoreboard.json,2026-08-22T03:42:15+00:00,training
NCAA-2022-409892,2022,7,2022-10-15T23:30:00+00:00,UK,MSST,10,W,NCAA_OFFICIAL_SCOREBOARD_FEED|https://data.ncaa.com/casablanca/scoreboard/football/fbs/2022/07/scoreboard.json,2026-08-22T03:42:15+00:00,training
NCAA-2022-410095,2022,7,2022-10-15T23:30:00+00:00,ND,STAN,-2,L,NCAA_OFFICIAL_SCOREBOARD_FEED|https://data.ncaa.com/casablanca/scoreboard/football/fbs/2022/07/scoreboard.json,2026-08-22T03:42:15+00:00,training
NCAA-2022-410272,2022,7,2022-10-15T23:30:00+00:00,PUR,NEB,6,W,NCAA_OFFICIAL_SCOREBOARD_FEED|https://data.ncaa.com/casablanca/scoreboard/football/fbs/2022/07/scoreboard.json,2026-08-22T03:42:15+00:00,training
NCAA-2022-409653,2022,7,2022-10-16T00:00:00+00:00,DUKE,UNC,-3,L,NCAA_OFFICIAL_SCOREBOARD_FEED|https://data.ncaa.com/casablanca/scoreboard/football/fbs/2022/07/scoreboard.json,2026-08-22T03:42:15+00:00,training
NCAA-2022-410124,2022,7,2022-10-16T00:00:00+00:00,NMSU,NM,12,W,NCAA_OFFICIAL_SCOREBOARD_FEED|https://data.ncaa.com/casablanca/scoreboard/football/fbs/2022/07/scoreboard.json,2026-08-22T03:42:15+00:00,training
NCAA-2022-410588,2022,7,2022-10-16T00:00:00+00:00,UTAH,USC,1,W,NCAA_OFFICIAL_SCOREBOARD_FEED|https://data.ncaa.com/casablanca/scoreboard/football/fbs/2022/07/scoreboard.json,2026-08-22T03:42:15+00:00,training
NCAA-2022-410207,2022,7,2022-10-16T01:00:00+00:00,ORST,WSU,14,W,NCAA_OFFICIAL_SCOREBOARD_FEED|https://data.ncaa.com/casablanca/scoreboard/football/fbs/2022/07/scoreboard.json,2026-08-22T03:42:15+00:00,training
NCAA-2022-2278618,2022,7,2022-10-16T01:30:00+00:00,UNLV,AF,-35,L,NCAA_OFFICIAL_SCOREBOARD_FEED|https://data.ncaa.com/casablanca/scoreboard/football/fbs/2022/07/scoreboard.json,2026-08-22T03:42:15+00:00,training
NCAA-2022-409715,2022,7,2022-10-16T02:45:00+00:00,FRES,SJSU,7,W,NCAA_OFFICIAL_SCOREBOARD_FEED|https://data.ncaa.com/casablanca/scoreboard/football/fbs/2022/07/scoreboard.json,2026-08-22T03:42:15+00:00,training
NCAA-2022-409786,2022,7,2022-10-16T03:59:00+00:00,HAW,NEV,15,W,NCAA_OFFICIAL_SCOREBOARD_FEED|https://data.ncaa.com/casablanca/scoreboard/football/fbs/2022/07/scoreboard.json,2026-08-22T03:42:15+00:00,training
NCAA-2022-409759,2022,8,2022-10-20T23:30:00+00:00,GT,UVA,-7,L,NCAA_OFFICIAL_SCOREBOARD_FEED|https://data.ncaa.com/casablanca/scoreboard/football/fbs/2022/08/scoreboard.json,2026-08-22T03:42:15+00:00,training
NCAA-2022-410426,2022,8,2022-10-21T23:30:00+00:00,TEM,TLSA,-11,L,NCAA_OFFICIAL_SCOREBOARD_FEED|https://data.ncaa.com/casablanca/scoreboard/football/fbs/2022/08/scoreboard.json,2026-08-22T03:42:15+00:00,training
NCAA-2022-410679,2022,8,2022-10-22T00:00:00+00:00,WKU,UAB,3,W,NCAA_OFFICIAL_SCOREBOARD_FEED|https://data.ncaa.com/casablanca/scoreboard/football/fbs/2022/08/scoreboard.json,2026-08-22T03:42:15+00:00,training
NCAA-2022-409489,2022,8,2022-10-22T16:00:00+00:00,BAY,KU,12,W,NCAA_OFFICIAL_SCOREBOARD_FEED|https://data.ncaa.com/casablanca/scoreboard/football/fbs/2022/08/scoreboard.json,2026-08-22T03:42:15+00:00,training
NCAA-2022-409553,2022,8,2022-10-22T16:00:00+00:00,CLEM,SYR,6,W,NCAA_OFFICIAL_SCOREBOARD_FEED|https://data.ncaa.com/casablanca/scoreboard/football/fbs/2022/08/scoreboard.json,2026-08-22T03:42:15+00:00,training
NCAA-2022-410068,2022,8,2022-10-22T16:00:00+00:00,NAVY,HOU,-18,L,NCAA_OFFICIAL_SCOREBOARD_FEED|https://data.ncaa.com/casablanca/scoreboard/football/fbs/2022/08/scoreboard.json,2026-08-22T03:42:15+00:00,training
NCAA-2022-410217,2022,8,2022-10-22T16:00:00+00:00,OSU,IOWA,44,W,NCAA_OFFICIAL_SCOREBOARD_FEED|https://data.ncaa.com/casablanca/scoreboard/football/fbs/2022/08/scoreboard.json,2026-08-22T03:42:15+00:00,training
NCAA-2022-410300,2022,8,2022-10-22T16:00:00+00:00,RUTG,IU,7,W,NCAA_OFFICIAL_SCOREBOARD_FEED|https://data.ncaa.com/casablanca/scoreboard/football/fbs/2022/08/scoreboard.json,2026-08-22T03:42:15+00:00,training
NCAA-2022-410384,2022,8,2022-10-22T16:00:00+00:00,SMU,CIN,-2,L,NCAA_OFFICIAL_SCOREBOARD_FEED|https://data.ncaa.com/casablanca/scoreboard/football/fbs/2022/08/scoreboard.json,2026-08-22T03:42:15+00:00,training
NCAA-2022-409985,2022,8,2022-10-22T16:30:00+00:00,MIA,DUKE,-24,L,NCAA_OFFICIAL_SCOREBOARD_FEED|https://data.ncaa.com/casablanca/scoreboard/football/fbs/2022/08/scoreboard.json,2026-08-22T03:42:15+00:00,training
NCAA-2022-410096,2022,8,2022-10-22T18:30:00+00:00,ND,UNLV,23,W,NCAA_OFFICIAL_SCOREBOARD_FEED|https://data.ncaa.com/casablanca/scoreboard/football/fbs/2022/08/scoreboard.json,2026-08-22T03:42:15+00:00,training
NCAA-2022-2278849,2022,8,2022-10-22T19:00:00+00:00,LT,RICE,-1,L,NCAA_OFFICIAL_SCOREBOARD_FEED|https://data.ncaa.com/casablanca/scoreboard/football/fbs/2022/08/scoreboard.json,2026-08-22T03:42:15+00:00,training
NCAA-2022-410447,2022,8,2022-10-22T19:00:00+00:00,TTU,WVU,38,W,NCAA_OFFICIAL_SCOREBOARD_FEED|https://data.ncaa.com/casablanca/scoreboard/football/fbs/2022/08/scoreboard.json,2026-08-22T03:42:15+00:00,training
NCAA-2022-409928,2022,8,2022-10-22T19:30:00+00:00,LSU,MISS,25,W,NCAA_OFFICIAL_SCOREBOARD_FEED|https://data.ncaa.com/casablanca/scoreboard/football/fbs/2022/08/scoreboard.json,2026-08-22T03:42:15+00:00,training
NCAA-2022-409949,2022,8,2022-10-22T19:30:00+00:00,MD,NU,7,W,NCAA_OFFICIAL_SCOREBOARD_FEED|https://data.ncaa.com/casablanca/scoreboard/football/fbs/2022/08/scoreboard.json,2026-08-22T03:42:15+00:00,training
NCAA-2022-410082,2022,8,2022-10-22T19:30:00+00:00,CHAR,FIU,-19,L,NCAA_OFFICIAL_SCOREBOARD_FEED|https://data.ncaa.com/casablanca/scoreboard/football/fbs/2022/08/scoreboard.json,2026-08-22T03:42:15+00:00,training
NCAA-2022-410181,2022,8,2022-10-22T19:30:00+00:00,OKST,TEX,7,W,NCAA_OFFICIAL_SCOREBOARD_FEED|https://data.ncaa.com/casablanca/scoreboard/football/fbs/2022/08/scoreboard.json,2026-08-22T03:42:15+00:00,training
NCAA-2022-410201,2022,8,2022-10-22T19:30:00+00:00,ORE,UCLA,15,W,NCAA_OFFICIAL_SCOREBOARD_FEED|https://data.ncaa.com/casablanca/scoreboard/football/fbs/2022/08/scoreboard.json,2026-08-22T03:42:15+00:00,training
NCAA-2022-410490,2022,8,2022-10-22T19:30:00+00:00,TLN,MEM,10,W,NCAA_OFFICIAL_SCOREBOARD_FEED|https://data.ncaa.com/casablanca/scoreboard/football/fbs/2022/08/scoreboard.json,2026-08-22T03:42:15+00:00,training
NCAA-2022-410510,2022,8,2022-10-22T19:30:00+00:00,UTSA,UNT,4,W,NCAA_OFFICIAL_SCOREBOARD_FEED|https://data.ncaa.com/casablanca/scoreboard/football/fbs/2022/08/scoreboard.json,2026-08-22T03:42:15+00:00,training
NCAA-2022-410638,2022,8,2022-10-22T19:30:00+00:00,WAKE,BC,28,W,NCAA_OFFICIAL_SCOREBOARD_FEED|https://data.ncaa.com/casablanca/scoreboard/football/fbs/2022/08/scoreboard.json,2026-08-22T03:42:15+00:00,training
NCAA-2022-410673,2022,8,2022-10-22T19:30:00+00:00,WIS,PUR,11,W,NCAA_OFFICIAL_SCOREBOARD_FEED|https://data.ncaa.com/casablanca/scoreboard/football/fbs/2022/08/scoreboard.json,2026-08-22T03:42:15+00:00,training
NCAA-2022-409616,2022,8,2022-10-22T20:00:00+00:00,CSU,HAW,4,W,NCAA_OFFICIAL_SCOREBOARD_FEED|https://data.ncaa.com/casablanca/scoreboard/football/fbs/2022/08/scoreboard.json,2026-08-22T03:42:15+00:00,training
NCAA-2022-409998,2022,8,2022-10-22T20:00:00+00:00,MIZ,VAN,3,W,NCAA_OFFICIAL_SCOREBOARD_FEED|https://data.ncaa.com/casablanca/scoreboard/football/fbs/2022/08/scoreboard.json,2026-08-22T03:42:15+00:00,training
NCAA-2022-410391,2022,8,2022-10-22T20:00:00+00:00,STAN,ASU,1,W,NCAA_OFFICIAL_SCOREBOARD_FEED|https://data.ncaa.com/casablanca/scoreboard/football/fbs/2022/08/scoreboard.json,2026-08-22T03:42:15+00:00,training
NCAA-2022-410595,2022,8,2022-10-22T20:00:00+00:00,UTEP,FAU,3,W,NCAA_OFFICIAL_SCOREBOARD_FEED|https://data.ncaa.com/casablanca/scoreboard/football/fbs/2022/08/scoreboard.json,2026-08-22T03:42:15+00:00,training
NCAA-2022-410118,2022,8,2022-10-22T22:30:00+00:00,NM,FRES,-32,L,NCAA_OFFICIAL_SCOREBOARD_FEED|https://data.ncaa.com/casablanca/scoreboard/football/fbs/2022/08/scoreboard.json,2026-08-22T03:42:15+00:00,training
NCAA-2022-409398,2022,8,2022-10-22T23:00:00+00:00,AF,BOISE,-5,L,NCAA_OFFICIAL_SCOREBOARD_FEED|https://data.ncaa.com/casablanca/scoreboard/football/fbs/2022/08/scoreboard.json,2026-08-22T03:42:15+00:00,training
NCAA-2022-409405,2022,8,2022-10-22T23:00:00+00:00,ALA,MSST,24,W,NCAA_OFFICIAL_SCOREBOARD_FEED|https://data.ncaa.com/casablanca/scoreboard/football/fbs/2022/08/scoreboard.json,2026-08-22T03:42:15+00:00,training
NCAA-2022-409662,2022,8,2022-10-22T23:30:00+00:00,ECU,UCF,21,W,NCAA_OFFICIAL_SCOREBOARD_FEED|https://data.ncaa.com/casablanca/scoreboard/football/fbs/2022/08/scoreboard.json,2026-08-22T03:42:15+00:00,training
NCAA-2022-410258,2022,8,2022-10-22T23:30:00+00:00,PSU,MINN,28,W,NCAA_OFFICIAL_SCOREBOARD_FEED|https://data.ncaa.com/casablanca/scoreboard/football/fbs/2022/08/scoreboard.json,2026-08-22T03:42:15+00:00,training
NCAA-2022-410329,2022,8,2022-10-22T23:30:00+00:00,SC,TA&M,6,W,NCAA_OFFICIAL_SCOREBOARD_FEED|https://data.ncaa.com/casablanca/scoreboard/football/fbs/2022/08/scoreboard.json,2026-08-22T03:42:15+00:00,training
NCAA-2022-409919,2022,8,2022-10-23T00:00:00+00:00,LOU,PITT,14,W,NCAA_OFFICIAL_SCOREBOARD_FEED|https://data.ncaa.com/casablanca/scoreboard/football/fbs/2022/08/scoreboard.json,2026-08-22T03:42:15+00:00,training
NCAA-2022-410208,2022,8,2022-10-23T00:00:00+00:00,ORST,COLO,33,W,NCAA_OFFICIAL_SCOREBOARD_FEED|https://data.ncaa.com/casablanca/scoreboard/football/fbs/2022/08/scoreboard.json,2026-08-22T03:42:15+00:00,training
NCAA-2022-410419,2022,8,2022-10-23T00:00:00+00:00,TCU,KSU,10,W,NCAA_OFFICIAL_SCOREBOARD_FEED|https://data.ncaa.com/casablanca/scoreboard/football/fbs/2022/08/scoreboard.json,2026-08-22T03:42:15+00:00,training
NCAA-2022-410708,2022,8,2022-10-23T01:45:00+00:00,WYO,USU,14,W,NCAA_OFFICIAL_SCOREBOARD_FEED|https://data.ncaa.com/casablanca/scoreboard/football/fbs/2022/08/scoreboard.json,2026-08-22T03:42:15+00:00,training
NCAA-2022-2278930,2022,8,2022-10-23T02:30:00+00:00,NEV,SDSU,-16,L,NCAA_OFFICIAL_SCOREBOARD_FEED|https://data.ncaa.com/casablanca/scoreboard/football/fbs/2022/08/scoreboard.json,2026-08-22T03:42:15+00:00,training
NCAA-2022-409525,2022,8,2022-10-23T02:30:00+00:00,CAL,WASH,-7,L,NCAA_OFFICIAL_SCOREBOARD_FEED|https://data.ncaa.com/casablanca/scoreboard/football/fbs/2022/08/scoreboard.json,2026-08-22T03:42:15+00:00,training
NCAA-2022-410090,2022,9,2022-10-27T23:30:00+00:00,NCSU,VT,1,W,NCAA_OFFICIAL_SCOREBOARD_FEED|https://data.ncaa.com/casablanca/scoreboard/football/fbs/2022/09/scoreboard.json,2026-08-22T03:42:16+00:00,training
NCAA-2022-410652,2022,9,2022-10-28T02:00:00+00:00,WSU,UTAH,-4,L,NCAA_OFFICIAL_SCOREBOARD_FEED|https://data.ncaa.com/casablanca/scoreboard/football/fbs/2022/09/scoreboard.json,2026-08-22T03:42:16+00:00,training
NCAA-2022-409519,2022,9,2022-10-29T00:00:00+00:00,BYU,ECU,-3,L,NCAA_OFFICIAL_SCOREBOARD_FEED|https://data.ncaa.com/casablanca/scoreboard/football/fbs/2022/09/scoreboard.json,2026-08-22T03:42:16+00:00,training
NCAA-2022-409709,2022,9,2022-10-29T00:00:00+00:00,FIU,LT,8,W,NCAA_OFFICIAL_SCOREBOARD_FEED|https://data.ncaa.com/casablanca/scoreboard/football/fbs/2022/09/scoreboard.json,2026-08-22T03:42:16+00:00,training
NCAA-2022-409469,2022,9,2022-10-29T16:00:00+00:00,AUB,ARK,-14,L,NCAA_OFFICIAL_SCOREBOARD_FEED|https://data.ncaa.com/casablanca/scoreboard/football/fbs/2022/09/scoreboard.json,2026-08-22T03:42:16+00:00,training
NCAA-2022-409724,2022,9,2022-10-29T16:00:00+00:00,FSU,GT,25,W,NCAA_OFFICIAL_SCOREBOARD_FEED|https://data.ncaa.com/casablanca/scoreboard/football/fbs/2022/09/scoreboard.json,2026-08-22T03:42:16+00:00,training
NCAA-2022-409800,2022,9,2022-10-29T16:00:00+00:00,HOU,USF,15,W,NCAA_OFFICIAL_SCOREBOARD_FEED|https://data.ncaa.com/casablanca/scoreboard/football/fbs/2022/09/scoreboard.json,2026-08-22T03:42:16+00:00,training
NCAA-2022-409808,2022,9,2022-10-29T16:00:00+00:00,ISU,OU,-14,L,NCAA_OFFICIAL_SCOREBOARD_FEED|https://data.ncaa.com/casablanca/scoreboard/football/fbs/2022/09/scoreboard.json,2026-08-22T03:42:16+00:00,training
NCAA-2022-410259,2022,9,2022-10-29T16:00:00+00:00,PSU,OSU,-13,L,NCAA_OFFICIAL_SCOREBOARD_FEED|https://data.ncaa.com/casablanca/scoreboard/football/fbs/2022/09/scoreboard.json,2026-08-22T03:42:16+00:00,training
NCAA-2022-410400,2022,9,2022-10-29T16:00:00+00:00,SYR,ND,-17,L,NCAA_OFFICIAL_SCOREBOARD_FEED|https://data.ncaa.com/casablanca/scoreboard/football/fbs/2022/09/scoreboard.json,2026-08-22T03:42:16+00:00,training
NCAA-2022-410700,2022,9,2022-10-29T16:00:00+00:00,WVU,TCU,-10,L,NCAA_OFFICIAL_SCOREBOARD_FEED|https://data.ncaa.com/casablanca/scoreboard/football/fbs/2022/09/scoreboard.json,2026-08-22T03:42:16+00:00,training
NCAA-2022-410602,2022,9,2022-10-29T16:30:00+00:00,UVA,MIA,-2,L,NCAA_OFFICIAL_SCOREBOARD_FEED|https://data.ncaa.com/casablanca/scoreboard/football/fbs/2022/09/scoreboard.json,2026-08-22T03:42:16+00:00,training
NCAA-2022-410286,2022,9,2022-10-29T18:00:00+00:00,RICE,CHAR,-33,L,NCAA_OFFICIAL_SCOREBOARD_FEED|https://data.ncaa.com/casablanca/scoreboard/football/fbs/2022/09/scoreboard.json,2026-08-22T03:42:16+00:00,training
NCAA-2022-409992,2022,9,2022-10-29T18:30:00+00:00,MINN,RUTG,31,W,NCAA_OFFICIAL_SCOREBOARD_FEED|https://data.ncaa.com/casablanca/scoreboard/football/fbs/2022/09/scoreboard.json,2026-08-22T03:42:16+00:00,training
NCAA-2022-2279207,2022,9,2022-10-29T19:30:00+00:00,UGA,FLA,22,W,NCAA_OFFICIAL_SCOREBOARD_FEED|https://data.ncaa.com/casablanca/scoreboard/football/fbs/2022/09/scoreboard.json,2026-08-22T03:42:16+00:00,training
NCAA-2022-409526,2022,9,2022-10-29T19:30:00+00:00,CAL,ORE,-18,L,NCAA_OFFICIAL_SCOREBOARD_FEED|https://data.ncaa.com/casablanca/scoreboard/football/fbs/2022/09/scoreboard.json,2026-08-22T03:42:16+00:00,training
NCAA-2022-409850,2022,9,2022-10-29T19:30:00+00:00,IOWA,NU,20,W,NCAA_OFFICIAL_SCOREBOARD_FEED|https://data.ncaa.com/casablanca/scoreboard/football/fbs/2022/09/scoreboard.json,2026-08-22T03:42:16+00:00,training
NCAA-2022-409885,2022,9,2022-10-29T19:30:00+00:00,KSU,OKST,48,W,NCAA_OFFICIAL_SCOREBOARD_FEED|https://data.ncaa.com/casablanca/scoreboard/football/fbs/2022/09/scoreboard.json,2026-08-22T03:42:16+00:00,training
NCAA-2022-409920,2022,9,2022-10-29T19:30:00+00:00,LOU,WAKE,27,W,NCAA_OFFICIAL_SCOREBOARD_FEED|https://data.ncaa.com/casablanca/scoreboard/football/fbs/2022/09/scoreboard.json,2026-08-22T03:42:16+00:00,training
NCAA-2022-410069,2022,9,2022-10-29T19:30:00+00:00,NAVY,TEM,7,W,NCAA_OFFICIAL_SCOREBOARD_FEED|https://data.ncaa.com/casablanca/scoreboard/football/fbs/2022/09/scoreboard.json,2026-08-22T03:42:16+00:00,training
NCAA-2022-410111,2022,9,2022-10-29T19:30:00+00:00,NEB,ILL,-17,L,NCAA_OFFICIAL_SCOREBOARD_FEED|https://data.ncaa.com/casablanca/scoreboard/football/fbs/2022/09/scoreboard.json,2026-08-22T03:42:16+00:00,training
NCAA-2022-410496,2022,9,2022-10-29T19:30:00+00:00,TLSA,SMU,-11,L,NCAA_OFFICIAL_SCOREBOARD_FEED|https://data.ncaa.com/casablanca/scoreboard/football/fbs/2022/09/scoreboard.json,2026-08-22T03:42:16+00:00,training
NCAA-2022-410533,2022,9,2022-10-29T19:30:00+00:00,UCF,CIN,4,W,NCAA_OFFICIAL_SCOREBOARD_FEED|https://data.ncaa.com/casablanca/scoreboard/football/fbs/2022/09/scoreboard.json,2026-08-22T03:42:16+00:00,training
NCAA-2022-410680,2022,9,2022-10-29T19:30:00+00:00,WKU,UNT,-27,L,NCAA_OFFICIAL_SCOREBOARD_FEED|https://data.ncaa.com/casablanca/scoreboard/football/fbs/2022/09/scoreboard.json,2026-08-22T03:42:16+00:00,training
NCAA-2022-410330,2022,9,2022-10-29T20:00:00+00:00,SC,MIZ,-13,L,NCAA_OFFICIAL_SCOREBOARD_FEED|https://data.ncaa.com/casablanca/scoreboard/football/fbs/2022/09/scoreboard.json,2026-08-22T03:42:16+00:00,training
NCAA-2022-409433,2022,9,2022-10-29T22:00:00+00:00,ARIZ,USC,-8,L,NCAA_OFFICIAL_SCOREBOARD_FEED|https://data.ncaa.com/casablanca/scoreboard/football/fbs/2022/09/scoreboard.json,2026-08-22T03:42:16+00:00,training
NCAA-2022-409504,2022,9,2022-10-29T23:00:00+00:00,BOISE,CSU,39,W,NCAA_OFFICIAL_SCOREBOARD_FEED|https://data.ncaa.com/casablanca/scoreboard/football/fbs/2022/09/scoreboard.json,2026-08-22T03:42:16+00:00,training
NCAA-2022-409696,2022,9,2022-10-29T23:00:00+00:00,FAU,UAB,7,W,NCAA_OFFICIAL_SCOREBOARD_FEED|https://data.ncaa.com/casablanca/scoreboard/football/fbs/2022/09/scoreboard.json,2026-08-22T03:42:16+00:00,training
NCAA-2022-410435,2022,9,2022-10-29T23:00:00+00:00,TENN,UK,38,W,NCAA_OFFICIAL_SCOREBOARD_FEED|https://data.ncaa.com/casablanca/scoreboard/football/fbs/2022/09/scoreboard.json,2026-08-22T03:42:16+00:00,training
NCAA-2022-409030,2022,9,2022-10-29T23:30:00+00:00,TA&M,MISS,-3,L,NCAA_OFFICIAL_SCOREBOARD_FEED|https://data.ncaa.com/casablanca/scoreboard/football/fbs/2022/09/scoreboard.json,2026-08-22T03:42:16+00:00,training
NCAA-2022-409588,2022,9,2022-10-29T23:30:00+00:00,COLO,ASU,-8,L,NCAA_OFFICIAL_SCOREBOARD_FEED|https://data.ncaa.com/casablanca/scoreboard/football/fbs/2022/09/scoreboard.json,2026-08-22T03:42:16+00:00,training
NCAA-2022-409971,2022,9,2022-10-29T23:30:00+00:00,MICH,MSU,22,W,NCAA_OFFICIAL_SCOREBOARD_FEED|https://data.ncaa.com/casablanca/scoreboard/football/fbs/2022/09/scoreboard.json,2026-08-22T03:42:16+00:00,training
NCAA-2022-410448,2022,9,2022-10-29T23:30:00+00:00,TTU,BAY,-28,L,NCAA_OFFICIAL_SCOREBOARD_FEED|https://data.ncaa.com/casablanca/scoreboard/football/fbs/2022/09/scoreboard.json,2026-08-22T03:42:16+00:00,training
NCAA-2022-410560,2022,9,2022-10-30T00:00:00+00:00,UNC,PITT,18,W,NCAA_OFFICIAL_SCOREBOARD_FEED|https://data.ncaa.com/casablanca/scoreboard/football/fbs/2022/09/scoreboard.json,2026-08-22T03:42:16+00:00,training
NCAA-2022-410596,2022,9,2022-10-30T01:00:00+00:00,UTEP,MTSU,-11,L,NCAA_OFFICIAL_SCOREBOARD_FEED|https://data.ncaa.com/casablanca/scoreboard/football/fbs/2022/09/scoreboard.json,2026-08-22T03:42:16+00:00,training
NCAA-2022-409716,2022,9,2022-10-30T02:30:00+00:00,FRES,SDSU,4,W,NCAA_OFFICIAL_SCOREBOARD_FEED|https://data.ncaa.com/casablanca/scoreboard/football/fbs/2022/09/scoreboard.json,2026-08-22T03:42:16+00:00,training
NCAA-2022-410370,2022,9,2022-10-30T02:30:00+00:00,SJSU,NEV,7,W,NCAA_OFFICIAL_SCOREBOARD_FEED|https://data.ncaa.com/casablanca/scoreboard/football/fbs/2022/09/scoreboard.json,2026-08-22T03:42:16+00:00,training
NCAA-2022-410540,2022,9,2022-10-30T02:30:00+00:00,UCLA,STAN,25,W,NCAA_OFFICIAL_SCOREBOARD_FEED|https://data.ncaa.com/casablanca/scoreboard/football/fbs/2022/09/scoreboard.json,2026-08-22T03:42:16+00:00,training
NCAA-2022-409787,2022,9,2022-10-30T04:00:00+00:00,HAW,WYO,-7,L,NCAA_OFFICIAL_SCOREBOARD_FEED|https://data.ncaa.com/casablanca/scoreboard/football/fbs/2022/09/scoreboard.json,2026-08-22T03:42:16+00:00,training
NCAA-2022-410287,2022,10,2022-11-03T23:00:00+00:00,RICE,UTEP,7,W,NCAA_OFFICIAL_SCOREBOARD_FEED|https://data.ncaa.com/casablanca/scoreboard/football/fbs/2022/10/scoreboard.json,2026-08-22T03:42:16+00:00,training
NCAA-2022-409497,2022,10,2022-11-04T23:00:00+00:00,BC,DUKE,-7,L,NCAA_OFFICIAL_SCOREBOARD_FEED|https://data.ncaa.com/casablanca/scoreboard/football/fbs/2022/10/scoreboard.json,2026-08-22T03:42:16+00:00,training
NCAA-2022-410646,2022,10,2022-11-05T02:30:00+00:00,WASH,ORST,3,W,NCAA_OFFICIAL_SCOREBOARD_FEED|https://data.ncaa.com/casablanca/scoreboard/football/fbs/2022/10/scoreboard.json,2026-08-22T03:42:16+00:00,training
NCAA-2022-409031,2022,10,2022-11-05T16:00:00+00:00,TA&M,FLA,-17,L,NCAA_OFFICIAL_SCOREBOARD_FEED|https://data.ncaa.com/casablanca/scoreboard/football/fbs/2022/10/scoreboard.json,2026-08-22T03:42:16+00:00,training
NCAA-2022-409999,2022,10,2022-11-05T16:00:00+00:00,MIZ,UK,-4,L,NCAA_OFFICIAL_SCOREBOARD_FEED|https://data.ncaa.com/casablanca/scoreboard/football/fbs/2022/10/scoreboard.json,2026-08-22T03:42:16+00:00,training
NCAA-2022-410083,2022,10,2022-11-05T16:00:00+00:00,CHAR,WKU,-52,L,NCAA_OFFICIAL_SCOREBOARD_FEED|https://data.ncaa.com/casablanca/scoreboard/football/fbs/2022/10/scoreboard.json,2026-08-22T03:42:16+00:00,training
NCAA-2022-410112,2022,10,2022-11-05T16:00:00+00:00,NEB,MINN,-7,L,NCAA_OFFICIAL_SCOREBOARD_FEED|https://data.ncaa.com/casablanca/scoreboard/football/fbs/2022/10/scoreboard.json,2026-08-22T03:42:16+00:00,training
NCAA-2022-410153,2022,10,2022-11-05T16:00:00+00:00,NU,OSU,-14,L,NCAA_OFFICIAL_SCOREBOARD_FEED|https://data.ncaa.com/casablanca/scoreboard/football/fbs/2022/10/scoreboard.json,2026-08-22T03:42:16+00:00,training
NCAA-2022-410273,2022,10,2022-11-05T16:00:00+00:00,PUR,IOWA,-21,L,NCAA_OFFICIAL_SCOREBOARD_FEED|https://data.ncaa.com/casablanca/scoreboard/football/fbs/2022/10/scoreboard.json,2026-08-22T03:42:16+00:00,training
NCAA-2022-410420,2022,10,2022-11-05T16:00:00+00:00,TCU,TTU,10,W,NCAA_OFFICIAL_SCOREBOARD_FEED|https://data.ncaa.com/casablanca/scoreboard/football/fbs/2022/10/scoreboard.json,2026-08-22T03:42:16+00:00,training
NCAA-2022-410497,2022,10,2022-11-05T16:00:00+00:00,TLSA,TLN,-14,L,NCAA_OFFICIAL_SCOREBOARD_FEED|https://data.ncaa.com/casablanca/scoreboard/football/fbs/2022/10/scoreboard.json,2026-08-22T03:42:16+00:00,training
NCAA-2022-410603,2022,10,2022-11-05T16:00:00+00:00,UVA,UNC,-3,L,NCAA_OFFICIAL_SCOREBOARD_FEED|https://data.ncaa.com/casablanca/scoreboard/football/fbs/2022/10/scoreboard.json,2026-08-22T03:42:16+00:00,training
NCAA-2022-410674,2022,10,2022-11-05T16:00:00+00:00,WIS,MD,13,W,NCAA_OFFICIAL_SCOREBOARD_FEED|https://data.ncaa.com/casablanca/scoreboard/football/fbs/2022/10/scoreboard.json,2026-08-22T03:42:16+00:00,training
NCAA-2022-410631,2022,10,2022-11-05T16:30:00+00:00,VT,GT,-1,L,NCAA_OFFICIAL_SCOREBOARD_FEED|https://data.ncaa.com/casablanca/scoreboard/football/fbs/2022/10/scoreboard.json,2026-08-22T03:42:16+00:00,training
NCAA-2022-410427,2022,10,2022-11-05T18:00:00+00:00,TEM,USF,26,W,NCAA_OFFICIAL_SCOREBOARD_FEED|https://data.ncaa.com/casablanca/scoreboard/football/fbs/2022/10/scoreboard.json,2026-08-22T03:42:16+00:00,training
NCAA-2022-2279495,2022,10,2022-11-05T19:00:00+00:00,LT,MTSU,16,W,NCAA_OFFICIAL_SCOREBOARD_FEED|https://data.ncaa.com/casablanca/scoreboard/football/fbs/2022/10/scoreboard.json,2026-08-22T03:42:16+00:00,training
NCAA-2022-410174,2022,10,2022-11-05T19:00:00+00:00,OU,BAY,-3,L,NCAA_OFFICIAL_SCOREBOARD_FEED|https://data.ncaa.com/casablanca/scoreboard/football/fbs/2022/10/scoreboard.json,2026-08-22T03:42:16+00:00,training
NCAA-2022-409412,2022,10,2022-11-05T19:30:00+00:00,UAB,UTSA,-6,L,NCAA_OFFICIAL_SCOREBOARD_FEED|https://data.ncaa.com/casablanca/scoreboard/football/fbs/2022/10/scoreboard.json,2026-08-22T03:42:16+00:00,training
NCAA-2022-409589,2022,10,2022-11-05T19:30:00+00:00,COLO,ORE,-39,L,NCAA_OFFICIAL_SCOREBOARD_FEED|https://data.ncaa.com/casablanca/scoreboard/football/fbs/2022/10/scoreboard.json,2026-08-22T03:42:16+00:00,training
NCAA-2022-409745,2022,10,2022-11-05T19:30:00+00:00,UGA,TENN,14,W,NCAA_OFFICIAL_SCOREBOARD_FEED|https://data.ncaa.com/casablanca/scoreboard/football/fbs/2022/10/scoreboard.json,2026-08-22T03:42:16+00:00,training
NCAA-2022-409809,2022,10,2022-11-05T19:30:00+00:00,ISU,WVU,17,W,NCAA_OFFICIAL_SCOREBOARD_FEED|https://data.ncaa.com/casablanca/scoreboard/football/fbs/2022/10/scoreboard.json,2026-08-22T03:42:16+00:00,training
NCAA-2022-409823,2022,10,2022-11-05T19:30:00+00:00,ILL,MSU,-8,L,NCAA_OFFICIAL_SCOREBOARD_FEED|https://data.ncaa.com/casablanca/scoreboard/football/fbs/2022/10/scoreboard.json,2026-08-22T03:42:16+00:00,training
NCAA-2022-409837,2022,10,2022-11-05T19:30:00+00:00,IU,PSU,-31,L,NCAA_OFFICIAL_SCOREBOARD_FEED|https://data.ncaa.com/casablanca/scoreboard/football/fbs/2022/10/scoreboard.json,2026-08-22T03:42:16+00:00,training
NCAA-2022-409871,2022,10,2022-11-05T19:30:00+00:00,KU,OKST,21,W,NCAA_OFFICIAL_SCOREBOARD_FEED|https://data.ncaa.com/casablanca/scoreboard/football/fbs/2022/10/scoreboard.json,2026-08-22T03:42:16+00:00,training
NCAA-2022-409956,2022,10,2022-11-05T19:30:00+00:00,MEM,UCF,-7,L,NCAA_OFFICIAL_SCOREBOARD_FEED|https://data.ncaa.com/casablanca/scoreboard/football/fbs/2022/10/scoreboard.json,2026-08-22T03:42:16+00:00,training
NCAA-2022-410246,2022,10,2022-11-05T19:30:00+00:00,PITT,SYR,10,W,NCAA_OFFICIAL_SCOREBOARD_FEED|https://data.ncaa.com/casablanca/scoreboard/football/fbs/2022/10/scoreboard.json,2026-08-22T03:42:16+00:00,training
NCAA-2022-410392,2022,10,2022-11-05T19:30:00+00:00,STAN,WSU,-38,L,NCAA_OFFICIAL_SCOREBOARD_FEED|https://data.ncaa.com/casablanca/scoreboard/football/fbs/2022/10/scoreboard.json,2026-08-22T03:42:16+00:00,training
NCAA-2022-410582,2022,10,2022-11-05T19:30:00+00:00,USU,NM,17,W,NCAA_OFFICIAL_SCOREBOARD_FEED|https://data.ncaa.com/casablanca/scoreboard/football/fbs/2022/10/scoreboard.json,2026-08-22T03:42:16+00:00,training
NCAA-2022-409546,2022,10,2022-11-05T20:00:00+00:00,CIN,NAVY,10,W,NCAA_OFFICIAL_SCOREBOARD_FEED|https://data.ncaa.com/casablanca/scoreboard/football/fbs/2022/10/scoreboard.json,2026-08-22T03:42:16+00:00,training
NCAA-2022-410146,2022,10,2022-11-05T20:00:00+00:00,UNT,FIU,38,W,NCAA_OFFICIAL_SCOREBOARD_FEED|https://data.ncaa.com/casablanca/scoreboard/football/fbs/2022/10/scoreboard.json,2026-08-22T03:42:16+00:00,training
NCAA-2022-409505,2022,10,2022-11-05T23:00:00+00:00,BOISE,BYU,-3,L,NCAA_OFFICIAL_SCOREBOARD_FEED|https://data.ncaa.com/casablanca/scoreboard/football/fbs/2022/10/scoreboard.json,2026-08-22T03:42:16+00:00,training
NCAA-2022-409886,2022,10,2022-11-05T23:00:00+00:00,KSU,TEX,-7,L,NCAA_OFFICIAL_SCOREBOARD_FEED|https://data.ncaa.com/casablanca/scoreboard/football/fbs/2022/10/scoreboard.json,2026-08-22T03:42:16+00:00,training
NCAA-2022-409929,2022,10,2022-11-05T23:00:00+00:00,LSU,ALA,1,W,NCAA_OFFICIAL_SCOREBOARD_FEED|https://data.ncaa.com/casablanca/scoreboard/football/fbs/2022/10/scoreboard.json,2026-08-22T03:42:16+00:00,training
NCAA-2022-410343,2022,10,2022-11-05T23:00:00+00:00,SDSU,UNLV,4,W,NCAA_OFFICIAL_SCOREBOARD_FEED|https://data.ncaa.com/casablanca/scoreboard/football/fbs/2022/10/scoreboard.json,2026-08-22T03:42:16+00:00,training
NCAA-2022-410385,2022,10,2022-11-05T23:00:00+00:00,SMU,HOU,14,W,NCAA_OFFICIAL_SCOREBOARD_FEED|https://data.ncaa.com/casablanca/scoreboard/football/fbs/2022/10/scoreboard.json,2026-08-22T03:42:16+00:00,training
NCAA-2022-409986,2022,10,2022-11-05T23:30:00+00:00,MIA,FSU,-42,L,NCAA_OFFICIAL_SCOREBOARD_FEED|https://data.ncaa.com/casablanca/scoreboard/football/fbs/2022/10/scoreboard.json,2026-08-22T03:42:16+00:00,training
NCAA-2022-410034,2022,10,2022-11-05T23:30:00+00:00,MSST,AUB,6,W,NCAA_OFFICIAL_SCOREBOARD_FEED|https://data.ncaa.com/casablanca/scoreboard/football/fbs/2022/10/scoreboard.json,2026-08-22T03:42:16+00:00,training
NCAA-2022-410097,2022,10,2022-11-05T23:30:00+00:00,ND,CLEM,21,W,NCAA_OFFICIAL_SCOREBOARD_FEED|https://data.ncaa.com/casablanca/scoreboard/football/fbs/2022/10/scoreboard.json,2026-08-22T03:42:16+00:00,training
NCAA-2022-410301,2022,10,2022-11-05T23:30:00+00:00,RUTG,MICH,-35,L,NCAA_OFFICIAL_SCOREBOARD_FEED|https://data.ncaa.com/casablanca/scoreboard/football/fbs/2022/10/scoreboard.json,2026-08-22T03:42:16+00:00,training
NCAA-2022-410589,2022,10,2022-11-05T23:30:00+00:00,UTAH,ARIZ,25,W,NCAA_OFFICIAL_SCOREBOARD_FEED|https://data.ncaa.com/casablanca/scoreboard/football/fbs/2022/10/scoreboard.json,2026-08-22T03:42:16+00:00,training
NCAA-2022-410616,2022,10,2022-11-05T23:30:00+00:00,VAN,SC,-11,L,NCAA_OFFICIAL_SCOREBOARD_FEED|https://data.ncaa.com/casablanca/scoreboard/football/fbs/2022/10/scoreboard.json,2026-08-22T03:42:16+00:00,training
NCAA-2022-410091,2022,10,2022-11-06T00:00:00+00:00,NCSU,WAKE,9,W,NCAA_OFFICIAL_SCOREBOARD_FEED|https://data.ncaa.com/casablanca/scoreboard/football/fbs/2022/10/scoreboard.json,2026-08-22T03:42:16+00:00,training
NCAA-2022-409461,2022,10,2022-11-06T01:30:00+00:00,ASU,UCLA,-14,L,NCAA_OFFICIAL_SCOREBOARD_FEED|https://data.ncaa.com/casablanca/scoreboard/football/fbs/2022/10/scoreboard.json,2026-08-22T03:42:16+00:00,training
NCAA-2022-409717,2022,10,2022-11-06T02:30:00+00:00,FRES,HAW,42,W,NCAA_OFFICIAL_SCOREBOARD_FEED|https://data.ncaa.com/casablanca/scoreboard/football/fbs/2022/10/scoreboard.json,2026-08-22T03:42:16+00:00,training
NCAA-2022-410371,2022,10,2022-11-06T02:30:00+00:00,SJSU,CSU,12,W,NCAA_OFFICIAL_SCOREBOARD_FEED|https://data.ncaa.com/casablanca/scoreboard/football/fbs/2022/10/scoreboard.json,2026-08-22T03:42:16+00:00,training
NCAA-2022-422147,2022,10,2022-11-06T02:30:00+00:00,USC,CAL,6,W,NCAA_OFFICIAL_SCOREBOARD_FEED|https://data.ncaa.com/casablanca/scoreboard/football/fbs/2022/10/scoreboard.json,2026-08-22T03:42:16+00:00,training
NCAA-2022-409957,2022,11,2022-11-11T00:30:00+00:00,MEM,TLSA,16,W,NCAA_OFFICIAL_SCOREBOARD_FEED|https://data.ncaa.com/casablanca/scoreboard/football/fbs/2022/11/scoreboard.json,2026-08-22T03:42:17+00:00,training
NCAA-2022-409547,2022,11,2022-11-12T01:00:00+00:00,CIN,ECU,2,W,NCAA_OFFICIAL_SCOREBOARD_FEED|https://data.ncaa.com/casablanca/scoreboard/football/fbs/2022/11/scoreboard.json,2026-08-22T03:42:17+00:00,training
NCAA-2022-422148,2022,11,2022-11-12T02:30:00+00:00,USC,COLO,38,W,NCAA_OFFICIAL_SCOREBOARD_FEED|https://data.ncaa.com/casablanca/scoreboard/football/fbs/2022/11/scoreboard.json,2026-08-22T03:42:17+00:00,training
NCAA-2022-2279559,2022,11,2022-11-12T03:30:00+00:00,UNLV,FRES,-7,L,NCAA_OFFICIAL_SCOREBOARD_FEED|https://data.ncaa.com/casablanca/scoreboard/football/fbs/2022/11/scoreboard.json,2026-08-22T03:42:17+00:00,training
NCAA-2022-409441,2022,11,2022-11-12T17:00:00+00:00,ARK,LSU,-3,L,NCAA_OFFICIAL_SCOREBOARD_FEED|https://data.ncaa.com/casablanca/scoreboard/football/fbs/2022/11/scoreboard.json,2026-08-22T03:42:17+00:00,training
NCAA-2022-409654,2022,11,2022-11-12T17:00:00+00:00,DUKE,VT,17,W,NCAA_OFFICIAL_SCOREBOARD_FEED|https://data.ncaa.com/casablanca/scoreboard/football/fbs/2022/11/scoreboard.json,2026-08-22T03:42:17+00:00,training
NCAA-2022-409824,2022,11,2022-11-12T17:00:00+00:00,ILL,PUR,-7,L,NCAA_OFFICIAL_SCOREBOARD_FEED|https://data.ncaa.com/casablanca/scoreboard/football/fbs/2022/11/scoreboard.json,2026-08-22T03:42:17+00:00,training
NCAA-2022-409893,2022,11,2022-11-12T17:00:00+00:00,UK,VAN,-3,L,NCAA_OFFICIAL_SCOREBOARD_FEED|https://data.ncaa.com/casablanca/scoreboard/football/fbs/2022/11/scoreboard.json,2026-08-22T03:42:17+00:00,training
NCAA-2022-410042,2022,11,2022-11-12T17:00:00+00:00,MSU,RUTG,6,W,NCAA_OFFICIAL_SCOREBOARD_FEED|https://data.ncaa.com/casablanca/scoreboard/football/fbs/2022/11/scoreboard.json,2026-08-22T03:42:17+00:00,training
NCAA-2022-410070,2022,11,2022-11-12T17:00:00+00:00,NAVY,ND,-3,L,NCAA_OFFICIAL_SCOREBOARD_FEED|https://data.ncaa.com/casablanca/scoreboard/football/fbs/2022/11/scoreboard.json,2026-08-22T03:42:17+00:00,training
NCAA-2022-410218,2022,11,2022-11-12T17:00:00+00:00,OSU,IU,42,W,NCAA_OFFICIAL_SCOREBOARD_FEED|https://data.ncaa.com/casablanca/scoreboard/football/fbs/2022/11/scoreboard.json,2026-08-22T03:42:17+00:00,training
NCAA-2022-410357,2022,11,2022-11-12T17:00:00+00:00,USF,SMU,-18,L,NCAA_OFFICIAL_SCOREBOARD_FEED|https://data.ncaa.com/casablanca/scoreboard/football/fbs/2022/11/scoreboard.json,2026-08-22T03:42:17+00:00,training
NCAA-2022-410436,2022,11,2022-11-12T17:00:00+00:00,TENN,MIZ,42,W,NCAA_OFFICIAL_SCOREBOARD_FEED|https://data.ncaa.com/casablanca/scoreboard/football/fbs/2022/11/scoreboard.json,2026-08-22T03:42:17+00:00,training
NCAA-2022-410604,2022,11,2022-11-12T17:00:00+00:00,UVA,PITT,-30,L,NCAA_OFFICIAL_SCOREBOARD_FEED|https://data.ncaa.com/casablanca/scoreboard/football/fbs/2022/11/scoreboard.json,2026-08-22T03:42:17+00:00,training
NCAA-2022-410701,2022,11,2022-11-12T17:00:00+00:00,WVU,OU,3,W,NCAA_OFFICIAL_SCOREBOARD_FEED|https://data.ncaa.com/casablanca/scoreboard/football/fbs/2022/11/scoreboard.json,2026-08-22T03:42:17+00:00,training
NCAA-2022-410681,2022,11,2022-11-12T19:00:00+00:00,WKU,RICE,35,W,NCAA_OFFICIAL_SCOREBOARD_FEED|https://data.ncaa.com/casablanca/scoreboard/football/fbs/2022/11/scoreboard.json,2026-08-22T03:42:17+00:00,training
NCAA-2022-409801,2022,11,2022-11-12T20:00:00+00:00,HOU,TEM,7,W,NCAA_OFFICIAL_SCOREBOARD_FEED|https://data.ncaa.com/casablanca/scoreboard/football/fbs/2022/11/scoreboard.json,2026-08-22T03:42:17+00:00,training
NCAA-2022-409399,2022,11,2022-11-12T20:30:00+00:00,AF,NM,32,W,NCAA_OFFICIAL_SCOREBOARD_FEED|https://data.ncaa.com/casablanca/scoreboard/football/fbs/2022/11/scoreboard.json,2026-08-22T03:42:17+00:00,training
NCAA-2022-409413,2022,11,2022-11-12T20:30:00+00:00,UAB,UNT,20,W,NCAA_OFFICIAL_SCOREBOARD_FEED|https://data.ncaa.com/casablanca/scoreboard/football/fbs/2022/11/scoreboard.json,2026-08-22T03:42:17+00:00,training
NCAA-2022-409554,2022,11,2022-11-12T20:30:00+00:00,CLEM,LOU,15,W,NCAA_OFFICIAL_SCOREBOARD_FEED|https://data.ncaa.com/casablanca/scoreboard/football/fbs/2022/11/scoreboard.json,2026-08-22T03:42:17+00:00,training
NCAA-2022-409760,2022,11,2022-11-12T20:30:00+00:00,GT,MIA,-21,L,NCAA_OFFICIAL_SCOREBOARD_FEED|https://data.ncaa.com/casablanca/scoreboard/football/fbs/2022/11/scoreboard.json,2026-08-22T03:42:17+00:00,training
NCAA-2022-409972,2022,11,2022-11-12T20:30:00+00:00,MICH,NEB,31,W,NCAA_OFFICIAL_SCOREBOARD_FEED|https://data.ncaa.com/casablanca/scoreboard/football/fbs/2022/11/scoreboard.json,2026-08-22T03:42:17+00:00,training
NCAA-2022-409993,2022,11,2022-11-12T20:30:00+00:00,MINN,NU,28,W,NCAA_OFFICIAL_SCOREBOARD_FEED|https://data.ncaa.com/casablanca/scoreboard/football/fbs/2022/11/scoreboard.json,2026-08-22T03:42:17+00:00,training
NCAA-2022-410047,2022,11,2022-11-12T20:30:00+00:00,MTSU,CHAR,10,W,NCAA_OFFICIAL_SCOREBOARD_FEED|https://data.ncaa.com/casablanca/scoreboard/football/fbs/2022/11/scoreboard.json,2026-08-22T03:42:17+00:00,training
NCAA-2022-410092,2022,11,2022-11-12T20:30:00+00:00,NCSU,BC,-1,L,NCAA_OFFICIAL_SCOREBOARD_FEED|https://data.ncaa.com/casablanca/scoreboard/football/fbs/2022/11/scoreboard.json,2026-08-22T03:42:17+00:00,training
NCAA-2022-410182,2022,11,2022-11-12T20:30:00+00:00,OKST,ISU,6,W,NCAA_OFFICIAL_SCOREBOARD_FEED|https://data.ncaa.com/casablanca/scoreboard/football/fbs/2022/11/scoreboard.json,2026-08-22T03:42:17+00:00,training
NCAA-2022-410196,2022,11,2022-11-12T20:30:00+00:00,MISS,ALA,-6,L,NCAA_OFFICIAL_SCOREBOARD_FEED|https://data.ncaa.com/casablanca/scoreboard/football/fbs/2022/11/scoreboard.json,2026-08-22T03:42:17+00:00,training
NCAA-2022-410260,2022,11,2022-11-12T20:30:00+00:00,PSU,MD,30,W,NCAA_OFFICIAL_SCOREBOARD_FEED|https://data.ncaa.com/casablanca/scoreboard/football/fbs/2022/11/scoreboard.json,2026-08-22T03:42:17+00:00,training
NCAA-2022-410491,2022,11,2022-11-12T20:30:00+00:00,TLN,UCF,-7,L,NCAA_OFFICIAL_SCOREBOARD_FEED|https://data.ncaa.com/casablanca/scoreboard/football/fbs/2022/11/scoreboard.json,2026-08-22T03:42:17+00:00,training
NCAA-2022-410511,2022,11,2022-11-12T20:30:00+00:00,UTSA,LT,44,W,NCAA_OFFICIAL_SCOREBOARD_FEED|https://data.ncaa.com/casablanca/scoreboard/football/fbs/2022/11/scoreboard.json,2026-08-22T03:42:17+00:00,training
NCAA-2022-410653,2022,11,2022-11-12T20:30:00+00:00,WSU,ASU,10,W,NCAA_OFFICIAL_SCOREBOARD_FEED|https://data.ncaa.com/casablanca/scoreboard/football/fbs/2022/11/scoreboard.json,2026-08-22T03:42:17+00:00,training
NCAA-2022-409851,2022,11,2022-11-12T20:35:00+00:00,IOWA,WIS,14,W,NCAA_OFFICIAL_SCOREBOARD_FEED|https://data.ncaa.com/casablanca/scoreboard/football/fbs/2022/11/scoreboard.json,2026-08-22T03:42:17+00:00,training
NCAA-2022-409705,2022,11,2022-11-12T21:00:00+00:00,FLA,SC,32,W,NCAA_OFFICIAL_SCOREBOARD_FEED|https://data.ncaa.com/casablanca/scoreboard/football/fbs/2022/11/scoreboard.json,2026-08-22T03:42:17+00:00,training
NCAA-2022-409490,2022,11,2022-11-13T00:00:00+00:00,BAY,KSU,-28,L,NCAA_OFFICIAL_SCOREBOARD_FEED|https://data.ncaa.com/casablanca/scoreboard/football/fbs/2022/11/scoreboard.json,2026-08-22T03:42:17+00:00,training
NCAA-2022-409617,2022,11,2022-11-13T00:00:00+00:00,CSU,WYO,-1,L,NCAA_OFFICIAL_SCOREBOARD_FEED|https://data.ncaa.com/casablanca/scoreboard/football/fbs/2022/11/scoreboard.json,2026-08-22T03:42:17+00:00,training
NCAA-2022-409710,2022,11,2022-11-13T00:00:00+00:00,FIU,FAU,-45,L,NCAA_OFFICIAL_SCOREBOARD_FEED|https://data.ncaa.com/casablanca/scoreboard/football/fbs/2022/11/scoreboard.json,2026-08-22T03:42:17+00:00,training
NCAA-2022-410035,2022,11,2022-11-13T00:00:00+00:00,MSST,UGA,-26,L,NCAA_OFFICIAL_SCOREBOARD_FEED|https://data.ncaa.com/casablanca/scoreboard/football/fbs/2022/11/scoreboard.json,2026-08-22T03:42:17+00:00,training
NCAA-2022-410202,2022,11,2022-11-13T00:00:00+00:00,ORE,WASH,-3,L,NCAA_OFFICIAL_SCOREBOARD_FEED|https://data.ncaa.com/casablanca/scoreboard/football/fbs/2022/11/scoreboard.json,2026-08-22T03:42:17+00:00,training
NCAA-2022-410449,2022,11,2022-11-13T00:00:00+00:00,TTU,KU,15,W,NCAA_OFFICIAL_SCOREBOARD_FEED|https://data.ncaa.com/casablanca/scoreboard/football/fbs/2022/11/scoreboard.json,2026-08-22T03:42:17+00:00,training
NCAA-2022-409470,2022,11,2022-11-13T00:30:00+00:00,AUB,TA&M,3,W,NCAA_OFFICIAL_SCOREBOARD_FEED|https://data.ncaa.com/casablanca/scoreboard/football/fbs/2022/11/scoreboard.json,2026-08-22T03:42:17+00:00,training
NCAA-2022-410442,2022,11,2022-11-13T00:30:00+00:00,TEX,TCU,-7,L,NCAA_OFFICIAL_SCOREBOARD_FEED|https://data.ncaa.com/casablanca/scoreboard/football/fbs/2022/11/scoreboard.json,2026-08-22T03:42:17+00:00,training
NCAA-2022-410639,2022,11,2022-11-13T00:30:00+00:00,WAKE,UNC,-2,L,NCAA_OFFICIAL_SCOREBOARD_FEED|https://data.ncaa.com/casablanca/scoreboard/football/fbs/2022/11/scoreboard.json,2026-08-22T03:42:17+00:00,training
NCAA-2022-410401,2022,11,2022-11-13T01:00:00+00:00,SYR,FSU,-35,L,NCAA_OFFICIAL_SCOREBOARD_FEED|https://data.ncaa.com/casablanca/scoreboard/football/fbs/2022/11/scoreboard.json,2026-08-22T03:42:17+00:00,training
NCAA-2022-410209,2022,11,2022-11-13T02:00:00+00:00,ORST,CAL,28,W,NCAA_OFFICIAL_SCOREBOARD_FEED|https://data.ncaa.com/casablanca/scoreboard/football/fbs/2022/11/scoreboard.json,2026-08-22T03:42:17+00:00,training
NCAA-2022-410590,2022,11,2022-11-13T03:00:00+00:00,UTAH,STAN,35,W,NCAA_OFFICIAL_SCOREBOARD_FEED|https://data.ncaa.com/casablanca/scoreboard/football/fbs/2022/11/scoreboard.json,2026-08-22T03:42:17+00:00,training
NCAA-2022-2279850,2022,11,2022-11-13T03:30:00+00:00,NEV,BOISE,-38,L,NCAA_OFFICIAL_SCOREBOARD_FEED|https://data.ncaa.com/casablanca/scoreboard/football/fbs/2022/11/scoreboard.json,2026-08-22T03:42:17+00:00,training
NCAA-2022-410344,2022,11,2022-11-13T03:30:00+00:00,SDSU,SJSU,16,W,NCAA_OFFICIAL_SCOREBOARD_FEED|https://data.ncaa.com/casablanca/scoreboard/football/fbs/2022/11/scoreboard.json,2026-08-22T03:42:17+00:00,training
NCAA-2022-410541,2022,11,2022-11-13T03:30:00+00:00,UCLA,ARIZ,-6,L,NCAA_OFFICIAL_SCOREBOARD_FEED|https://data.ncaa.com/casablanca/scoreboard/football/fbs/2022/11/scoreboard.json,2026-08-22T03:42:17+00:00,training
NCAA-2022-409788,2022,11,2022-11-13T04:00:00+00:00,HAW,USU,-7,L,NCAA_OFFICIAL_SCOREBOARD_FEED|https://data.ncaa.com/casablanca/scoreboard/football/fbs/2022/11/scoreboard.json,2026-08-22T03:42:17+00:00,training
NCAA-2022-410492,2022,12,2022-11-18T00:30:00+00:00,TLN,SMU,35,W,NCAA_OFFICIAL_SCOREBOARD_FEED|https://data.ncaa.com/casablanca/scoreboard/football/fbs/2022/12/scoreboard.json,2026-08-22T03:42:17+00:00,training
NCAA-2022-410498,2022,12,2022-11-19T02:00:00+00:00,TLSA,USF,6,W,NCAA_OFFICIAL_SCOREBOARD_FEED|https://data.ncaa.com/casablanca/scoreboard/football/fbs/2022/12/scoreboard.json,2026-08-22T03:42:17+00:00,training
NCAA-2022-410119,2022,12,2022-11-19T02:45:00+00:00,NM,SDSU,-24,L,NCAA_OFFICIAL_SCOREBOARD_FEED|https://data.ncaa.com/casablanca/scoreboard/football/fbs/2022/12/scoreboard.json,2026-08-22T03:42:17+00:00,training
NCAA-2022-410534,2022,12,2022-11-19T16:00:00+00:00,UCF,NAVY,-3,L,NCAA_OFFICIAL_SCOREBOARD_FEED|https://data.ncaa.com/casablanca/scoreboard/football/fbs/2022/12/scoreboard.json,2026-08-22T03:42:17+00:00,training
NCAA-2022-409491,2022,12,2022-11-19T17:00:00+00:00,BAY,TCU,-1,L,NCAA_OFFICIAL_SCOREBOARD_FEED|https://data.ncaa.com/casablanca/scoreboard/football/fbs/2022/12/scoreboard.json,2026-08-22T03:42:17+00:00,training
NCAA-2022-409973,2022,12,2022-11-19T17:00:00+00:00,MICH,ILL,2,W,NCAA_OFFICIAL_SCOREBOARD_FEED|https://data.ncaa.com/casablanca/scoreboard/football/fbs/2022/12/scoreboard.json,2026-08-22T03:42:17+00:00,training
NCAA-2022-410043,2022,12,2022-11-19T17:00:00+00:00,MSU,IU,-8,L,NCAA_OFFICIAL_SCOREBOARD_FEED|https://data.ncaa.com/casablanca/scoreboard/football/fbs/2022/12/scoreboard.json,2026-08-22T03:42:17+00:00,training
NCAA-2022-410113,2022,12,2022-11-19T17:00:00+00:00,NEB,WIS,-1,L,NCAA_OFFICIAL_SCOREBOARD_FEED|https://data.ncaa.com/casablanca/scoreboard/football/fbs/2022/12/scoreboard.json,2026-08-22T03:42:17+00:00,training
NCAA-2022-410247,2022,12,2022-11-19T17:00:00+00:00,PITT,DUKE,2,W,NCAA_OFFICIAL_SCOREBOARD_FEED|https://data.ncaa.com/casablanca/scoreboard/football/fbs/2022/12/scoreboard.json,2026-08-22T03:42:17+00:00,training
NCAA-2022-410274,2022,12,2022-11-19T17:00:00+00:00,PUR,NU,8,W,NCAA_OFFICIAL_SCOREBOARD_FEED|https://data.ncaa.com/casablanca/scoreboard/football/fbs/2022/12/scoreboard.json,2026-08-22T03:42:17+00:00,training
NCAA-2022-410617,2022,12,2022-11-19T17:00:00+00:00,VAN,FLA,7,W,NCAA_OFFICIAL_SCOREBOARD_FEED|https://data.ncaa.com/casablanca/scoreboard/football/fbs/2022/12/scoreboard.json,2026-08-22T03:42:17+00:00,training
NCAA-2022-410288,2022,12,2022-11-19T18:00:00+00:00,RICE,UTSA,-34,L,NCAA_OFFICIAL_SCOREBOARD_FEED|https://data.ncaa.com/casablanca/scoreboard/football/fbs/2022/12/scoreboard.json,2026-08-22T03:42:17+00:00,training
NCAA-2022-409434,2022,12,2022-11-19T19:00:00+00:00,ARIZ,WSU,-11,L,NCAA_OFFICIAL_SCOREBOARD_FEED|https://data.ncaa.com/casablanca/scoreboard/football/fbs/2022/12/scoreboard.json,2026-08-22T03:42:17+00:00,training
NCAA-2022-409663,2022,12,2022-11-19T19:00:00+00:00,ECU,HOU,-39,L,NCAA_OFFICIAL_SCOREBOARD_FEED|https://data.ncaa.com/casablanca/scoreboard/football/fbs/2022/12/scoreboard.json,2026-08-22T03:42:17+00:00,training
NCAA-2022-410702,2022,12,2022-11-19T19:00:00+00:00,WVU,KSU,-17,L,NCAA_OFFICIAL_SCOREBOARD_FEED|https://data.ncaa.com/casablanca/scoreboard/football/fbs/2022/12/scoreboard.json,2026-08-22T03:42:17+00:00,training
NCAA-2022-409462,2022,12,2022-11-19T19:15:00+00:00,ASU,ORST,-24,L,NCAA_OFFICIAL_SCOREBOARD_FEED|https://data.ncaa.com/casablanca/scoreboard/football/fbs/2022/12/scoreboard.json,2026-08-22T03:42:17+00:00,training
NCAA-2022-410098,2022,12,2022-11-19T19:30:00+00:00,ND,BC,44,W,NCAA_OFFICIAL_SCOREBOARD_FEED|https://data.ncaa.com/casablanca/scoreboard/football/fbs/2022/12/scoreboard.json,2026-08-22T03:42:17+00:00,training
NCAA-2022-409555,2022,12,2022-11-19T20:30:00+00:00,CLEM,MIA,30,W,NCAA_OFFICIAL_SCOREBOARD_FEED|https://data.ncaa.com/casablanca/scoreboard/football/fbs/2022/12/scoreboard.json,2026-08-22T03:42:17+00:00,training
NCAA-2022-409872,2022,12,2022-11-19T20:30:00+00:00,KU,TEX,-41,L,NCAA_OFFICIAL_SCOREBOARD_FEED|https://data.ncaa.com/casablanca/scoreboard/football/fbs/2022/12/scoreboard.json,2026-08-22T03:42:17+00:00,training
NCAA-2022-409894,2022,12,2022-11-19T20:30:00+00:00,UK,UGA,-10,L,NCAA_OFFICIAL_SCOREBOARD_FEED|https://data.ncaa.com/casablanca/scoreboard/football/fbs/2022/12/scoreboard.json,2026-08-22T03:42:17+00:00,training
NCAA-2022-409922,2022,12,2022-11-19T20:30:00+00:00,LOU,NCSU,15,W,NCAA_OFFICIAL_SCOREBOARD_FEED|https://data.ncaa.com/casablanca/scoreboard/football/fbs/2022/12/scoreboard.json,2026-08-22T03:42:17+00:00,training
NCAA-2022-409950,2022,12,2022-11-19T20:30:00+00:00,MD,OSU,-13,L,NCAA_OFFICIAL_SCOREBOARD_FEED|https://data.ncaa.com/casablanca/scoreboard/football/fbs/2022/12/scoreboard.json,2026-08-22T03:42:17+00:00,training
NCAA-2022-410048,2022,12,2022-11-19T20:30:00+00:00,MTSU,FAU,28,W,NCAA_OFFICIAL_SCOREBOARD_FEED|https://data.ncaa.com/casablanca/scoreboard/football/fbs/2022/12/scoreboard.json,2026-08-22T03:42:17+00:00,training
NCAA-2022-410084,2022,12,2022-11-19T20:30:00+00:00,CHAR,LT,5,W,NCAA_OFFICIAL_SCOREBOARD_FEED|https://data.ncaa.com/casablanca/scoreboard/football/fbs/2022/12/scoreboard.json,2026-08-22T03:42:17+00:00,training
NCAA-2022-410302,2022,12,2022-11-19T20:30:00+00:00,RUTG,PSU,-45,L,NCAA_OFFICIAL_SCOREBOARD_FEED|https://data.ncaa.com/casablanca/scoreboard/football/fbs/2022/12/scoreboard.json,2026-08-22T03:42:17+00:00,training
NCAA-2022-409994,2022,12,2022-11-19T21:00:00+00:00,MINN,IOWA,-3,L,NCAA_OFFICIAL_SCOREBOARD_FEED|https://data.ncaa.com/casablanca/scoreboard/football/fbs/2022/12/scoreboard.json,2026-08-22T03:42:17+00:00,training
NCAA-2022-410428,2022,12,2022-11-19T21:00:00+00:00,TEM,CIN,-20,L,NCAA_OFFICIAL_SCOREBOARD_FEED|https://data.ncaa.com/casablanca/scoreboard/football/fbs/2022/12/scoreboard.json,2026-08-22T03:42:17+00:00,training
NCAA-2022-410597,2022,12,2022-11-19T21:00:00+00:00,UTEP,FIU,34,W,NCAA_OFFICIAL_SCOREBOARD_FEED|https://data.ncaa.com/casablanca/scoreboard/football/fbs/2022/12/scoreboard.json,2026-08-22T03:42:17+00:00,training
NCAA-2022-409471,2022,12,2022-11-19T22:00:00+00:00,AUB,WKU,24,W,NCAA_OFFICIAL_SCOREBOARD_FEED|https://data.ncaa.com/casablanca/scoreboard/football/fbs/2022/12/scoreboard.json,2026-08-22T03:42:17+00:00,training
NCAA-2022-409527,2022,12,2022-11-19T22:30:00+00:00,CAL,STAN,7,W,NCAA_OFFICIAL_SCOREBOARD_FEED|https://data.ncaa.com/casablanca/scoreboard/football/fbs/2022/12/scoreboard.json,2026-08-22T03:42:17+00:00,training
NCAA-2022-410561,2022,12,2022-11-19T22:30:00+00:00,UNC,GT,-4,L,NCAA_OFFICIAL_SCOREBOARD_FEED|https://data.ncaa.com/casablanca/scoreboard/football/fbs/2022/12/scoreboard.json,2026-08-22T03:42:17+00:00,training
NCAA-2022-409810,2022,12,2022-11-20T00:00:00+00:00,ISU,TTU,-4,L,NCAA_OFFICIAL_SCOREBOARD_FEED|https://data.ncaa.com/casablanca/scoreboard/football/fbs/2022/12/scoreboard.json,2026-08-22T03:42:17+00:00,training
NCAA-2022-410331,2022,12,2022-11-20T00:00:00+00:00,SC,TENN,25,W,NCAA_OFFICIAL_SCOREBOARD_FEED|https://data.ncaa.com/casablanca/scoreboard/football/fbs/2022/12/scoreboard.json,2026-08-22T03:42:17+00:00,training
NCAA-2022-410709,2022,12,2022-11-20T00:00:00+00:00,WYO,BOISE,-3,L,NCAA_OFFICIAL_SCOREBOARD_FEED|https://data.ncaa.com/casablanca/scoreboard/football/fbs/2022/12/scoreboard.json,2026-08-22T03:42:17+00:00,training
NCAA-2022-409442,2022,12,2022-11-20T00:30:00+00:00,ARK,MISS,15,W,NCAA_OFFICIAL_SCOREBOARD_FEED|https://data.ncaa.com/casablanca/scoreboard/football/fbs/2022/12/scoreboard.json,2026-08-22T03:42:17+00:00,training
NCAA-2022-410000,2022,12,2022-11-20T00:30:00+00:00,MIZ,NMSU,31,W,NCAA_OFFICIAL_SCOREBOARD_FEED|https://data.ncaa.com/casablanca/scoreboard/football/fbs/2022/12/scoreboard.json,2026-08-22T03:42:17+00:00,training
NCAA-2022-410175,2022,12,2022-11-20T00:30:00+00:00,OU,OKST,15,W,NCAA_OFFICIAL_SCOREBOARD_FEED|https://data.ncaa.com/casablanca/scoreboard/football/fbs/2022/12/scoreboard.json,2026-08-22T03:42:17+00:00,training
NCAA-2022-410542,2022,12,2022-11-20T01:00:00+00:00,UCLA,USC,-3,L,NCAA_OFFICIAL_SCOREBOARD_FEED|https://data.ncaa.com/casablanca/scoreboard/football/fbs/2022/12/scoreboard.json,2026-08-22T03:42:17+00:00,training
NCAA-2022-410640,2022,12,2022-11-20T01:00:00+00:00,WAKE,SYR,10,W,NCAA_OFFICIAL_SCOREBOARD_FEED|https://data.ncaa.com/casablanca/scoreboard/football/fbs/2022/12/scoreboard.json,2026-08-22T03:42:17+00:00,training
NCAA-2022-409400,2022,12,2022-11-20T02:00:00+00:00,AF,CSU,12,W,NCAA_OFFICIAL_SCOREBOARD_FEED|https://data.ncaa.com/casablanca/scoreboard/football/fbs/2022/12/scoreboard.json,2026-08-22T03:42:17+00:00,training
NCAA-2022-409930,2022,12,2022-11-20T02:00:00+00:00,LSU,UAB,31,W,NCAA_OFFICIAL_SCOREBOARD_FEED|https://data.ncaa.com/casablanca/scoreboard/football/fbs/2022/12/scoreboard.json,2026-08-22T03:42:17+00:00,training
NCAA-2022-410647,2022,12,2022-11-20T02:00:00+00:00,WASH,COLO,47,W,NCAA_OFFICIAL_SCOREBOARD_FEED|https://data.ncaa.com/casablanca/scoreboard/football/fbs/2022/12/scoreboard.json,2026-08-22T03:42:17+00:00,training
NCAA-2022-410583,2022,12,2022-11-20T02:45:00+00:00,USU,SJSU,4,W,NCAA_OFFICIAL_SCOREBOARD_FEED|https://data.ncaa.com/casablanca/scoreboard/football/fbs/2022/12/scoreboard.json,2026-08-22T03:42:17+00:00,training
NCAA-2022-2279976,2022,12,2022-11-20T03:30:00+00:00,NEV,FRES,-27,L,NCAA_OFFICIAL_SCOREBOARD_FEED|https://data.ncaa.com/casablanca/scoreboard/football/fbs/2022/12/scoreboard.json,2026-08-22T03:42:17+00:00,training
NCAA-2022-410203,2022,12,2022-11-20T03:30:00+00:00,ORE,UTAH,3,W,NCAA_OFFICIAL_SCOREBOARD_FEED|https://data.ncaa.com/casablanca/scoreboard/football/fbs/2022/12/scoreboard.json,2026-08-22T03:42:17+00:00,training
NCAA-2022-409789,2022,12,2022-11-20T04:00:00+00:00,HAW,UNLV,6,W,NCAA_OFFICIAL_SCOREBOARD_FEED|https://data.ncaa.com/casablanca/scoreboard/football/fbs/2022/12/scoreboard.json,2026-08-22T03:42:17+00:00,training
NCAA-2022-410197,2022,13,2022-11-25T00:00:00+00:00,MISS,MSST,-2,L,NCAA_OFFICIAL_SCOREBOARD_FEED|https://data.ncaa.com/casablanca/scoreboard/football/fbs/2022/13/scoreboard.json,2026-08-22T03:42:18+00:00,training
NCAA-2022-409506,2022,13,2022-11-25T17:00:00+00:00,BOISE,USU,19,W,NCAA_OFFICIAL_SCOREBOARD_FEED|https://data.ncaa.com/casablanca/scoreboard/football/fbs/2022/13/scoreboard.json,2026-08-22T03:42:18+00:00,training
NCAA-2022-409548,2022,13,2022-11-25T17:00:00+00:00,CIN,TLN,-3,L,NCAA_OFFICIAL_SCOREBOARD_FEED|https://data.ncaa.com/casablanca/scoreboard/football/fbs/2022/13/scoreboard.json,2026-08-22T03:42:18+00:00,training
NCAA-2022-410443,2022,13,2022-11-25T18:00:00+00:00,TEX,BAY,11,W,NCAA_OFFICIAL_SCOREBOARD_FEED|https://data.ncaa.com/casablanca/scoreboard/football/fbs/2022/13/scoreboard.json,2026-08-22T03:42:18+00:00,training
NCAA-2022-409435,2022,13,2022-11-25T20:00:00+00:00,ARIZ,ASU,3,W,NCAA_OFFICIAL_SCOREBOARD_FEED|https://data.ncaa.com/casablanca/scoreboard/football/fbs/2022/13/scoreboard.json,2026-08-22T03:42:18+00:00,training
NCAA-2022-409618,2022,13,2022-11-25T20:30:00+00:00,CSU,NM,17,W,NCAA_OFFICIAL_SCOREBOARD_FEED|https://data.ncaa.com/casablanca/scoreboard/football/fbs/2022/13/scoreboard.json,2026-08-22T03:42:18+00:00,training
NCAA-2022-410001,2022,13,2022-11-25T20:30:00+00:00,MIZ,ARK,2,W,NCAA_OFFICIAL_SCOREBOARD_FEED|https://data.ncaa.com/casablanca/scoreboard/football/fbs/2022/13/scoreboard.json,2026-08-22T03:42:18+00:00,training
NCAA-2022-410562,2022,13,2022-11-25T20:30:00+00:00,UNC,NCSU,-3,L,NCAA_OFFICIAL_SCOREBOARD_FEED|https://data.ncaa.com/casablanca/scoreboard/football/fbs/2022/13/scoreboard.json,2026-08-22T03:42:18+00:00,training
NCAA-2022-409852,2022,13,2022-11-25T21:00:00+00:00,IOWA,NEB,-7,L,NCAA_OFFICIAL_SCOREBOARD_FEED|https://data.ncaa.com/casablanca/scoreboard/football/fbs/2022/13/scoreboard.json,2026-08-22T03:42:18+00:00,training
NCAA-2022-409528,2022,13,2022-11-25T21:30:00+00:00,CAL,UCLA,-7,L,NCAA_OFFICIAL_SCOREBOARD_FEED|https://data.ncaa.com/casablanca/scoreboard/football/fbs/2022/13/scoreboard.json,2026-08-22T03:42:18+00:00,training
NCAA-2022-409726,2022,13,2022-11-26T00:30:00+00:00,FSU,FLA,7,W,NCAA_OFFICIAL_SCOREBOARD_FEED|https://data.ncaa.com/casablanca/scoreboard/football/fbs/2022/13/scoreboard.json,2026-08-22T03:42:18+00:00,training
NCAA-2022-409718,2022,13,2022-11-26T03:00:00+00:00,FRES,WYO,30,W,NCAA_OFFICIAL_SCOREBOARD_FEED|https://data.ncaa.com/casablanca/scoreboard/football/fbs/2022/13/scoreboard.json,2026-08-22T03:42:18+00:00,training
NCAA-2022-409556,2022,13,2022-11-26T17:00:00+00:00,CLEM,SC,-1,L,NCAA_OFFICIAL_SCOREBOARD_FEED|https://data.ncaa.com/casablanca/scoreboard/football/fbs/2022/13/scoreboard.json,2026-08-22T03:42:18+00:00,training
NCAA-2022-409697,2022,13,2022-11-26T17:00:00+00:00,FAU,WKU,-1,L,NCAA_OFFICIAL_SCOREBOARD_FEED|https://data.ncaa.com/casablanca/scoreboard/football/fbs/2022/13/scoreboard.json,2026-08-22T03:42:18+00:00,training
NCAA-2022-409746,2022,13,2022-11-26T17:00:00+00:00,UGA,GT,23,W,NCAA_OFFICIAL_SCOREBOARD_FEED|https://data.ncaa.com/casablanca/scoreboard/football/fbs/2022/13/scoreboard.json,2026-08-22T03:42:18+00:00,training
NCAA-2022-409951,2022,13,2022-11-26T17:00:00+00:00,MD,RUTG,37,W,NCAA_OFFICIAL_SCOREBOARD_FEED|https://data.ncaa.com/casablanca/scoreboard/football/fbs/2022/13/scoreboard.json,2026-08-22T03:42:18+00:00,training
NCAA-2022-410183,2022,13,2022-11-26T17:00:00+00:00,OKST,WVU,-5,L,NCAA_OFFICIAL_SCOREBOARD_FEED|https://data.ncaa.com/casablanca/scoreboard/football/fbs/2022/13/scoreboard.json,2026-08-22T03:42:18+00:00,training
NCAA-2022-410219,2022,13,2022-11-26T17:00:00+00:00,OSU,MICH,-22,L,NCAA_OFFICIAL_SCOREBOARD_FEED|https://data.ncaa.com/casablanca/scoreboard/football/fbs/2022/13/scoreboard.json,2026-08-22T03:42:18+00:00,training
NCAA-2022-410429,2022,13,2022-11-26T18:00:00+00:00,TEM,ECU,-3,L,NCAA_OFFICIAL_SCOREBOARD_FEED|https://data.ncaa.com/casablanca/scoreboard/football/fbs/2022/13/scoreboard.json,2026-08-22T03:42:18+00:00,training
NCAA-2022-410147,2022,13,2022-11-26T19:00:00+00:00,UNT,RICE,4,W,NCAA_OFFICIAL_SCOREBOARD_FEED|https://data.ncaa.com/casablanca/scoreboard/football/fbs/2022/13/scoreboard.json,2026-08-22T03:42:18+00:00,training
NCAA-2022-409895,2022,13,2022-11-26T20:00:00+00:00,UK,LOU,13,W,NCAA_OFFICIAL_SCOREBOARD_FEED|https://data.ncaa.com/casablanca/scoreboard/football/fbs/2022/13/scoreboard.json,2026-08-22T03:42:18+00:00,training
NCAA-2022-2280036,2022,13,2022-11-26T20:30:00+00:00,LT,UAB,-10,L,NCAA_OFFICIAL_SCOREBOARD_FEED|https://data.ncaa.com/casablanca/scoreboard/football/fbs/2022/13/scoreboard.json,2026-08-22T03:42:18+00:00,training
NCAA-2022-409407,2022,13,2022-11-26T20:30:00+00:00,ALA,AUB,22,W,NCAA_OFFICIAL_SCOREBOARD_FEED|https://data.ncaa.com/casablanca/scoreboard/football/fbs/2022/13/scoreboard.json,2026-08-22T03:42:18+00:00,training
NCAA-2022-409655,2022,13,2022-11-26T20:30:00+00:00,DUKE,WAKE,3,W,NCAA_OFFICIAL_SCOREBOARD_FEED|https://data.ncaa.com/casablanca/scoreboard/football/fbs/2022/13/scoreboard.json,2026-08-22T03:42:18+00:00,training
NCAA-2022-409838,2022,13,2022-11-26T20:30:00+00:00,IU,PUR,-14,L,NCAA_OFFICIAL_SCOREBOARD_FEED|https://data.ncaa.com/casablanca/scoreboard/football/fbs/2022/13/scoreboard.json,2026-08-22T03:42:18+00:00,training
NCAA-2022-410154,2022,13,2022-11-26T20:30:00+00:00,NU,ILL,-38,L,NCAA_OFFICIAL_SCOREBOARD_FEED|https://data.ncaa.com/casablanca/scoreboard/football/fbs/2022/13/scoreboard.json,2026-08-22T03:42:18+00:00,training
NCAA-2022-410210,2022,13,2022-11-26T20:30:00+00:00,ORST,ORE,4,W,NCAA_OFFICIAL_SCOREBOARD_FEED|https://data.ncaa.com/casablanca/scoreboard/football/fbs/2022/13/scoreboard.json,2026-08-22T03:42:18+00:00,training
NCAA-2022-410372,2022,13,2022-11-26T20:30:00+00:00,SJSU,HAW,13,W,NCAA_OFFICIAL_SCOREBOARD_FEED|https://data.ncaa.com/casablanca/scoreboard/football/fbs/2022/13/scoreboard.json,2026-08-22T03:42:18+00:00,training
NCAA-2022-410386,2022,13,2022-11-26T20:30:00+00:00,SMU,MEM,3,W,NCAA_OFFICIAL_SCOREBOARD_FEED|https://data.ncaa.com/casablanca/scoreboard/football/fbs/2022/13/scoreboard.json,2026-08-22T03:42:18+00:00,training
NCAA-2022-410512,2022,13,2022-11-26T20:30:00+00:00,UTSA,UTEP,3,W,NCAA_OFFICIAL_SCOREBOARD_FEED|https://data.ncaa.com/casablanca/scoreboard/football/fbs/2022/13/scoreboard.json,2026-08-22T03:42:18+00:00,training
NCAA-2022-410675,2022,13,2022-11-26T20:30:00+00:00,WIS,MINN,-7,L,NCAA_OFFICIAL_SCOREBOARD_FEED|https://data.ncaa.com/casablanca/scoreboard/football/fbs/2022/13/scoreboard.json,2026-08-22T03:42:18+00:00,training
NCAA-2022-409590,2022,13,2022-11-26T21:00:00+00:00,COLO,UTAH,-42,L,NCAA_OFFICIAL_SCOREBOARD_FEED|https://data.ncaa.com/casablanca/scoreboard/football/fbs/2022/13/scoreboard.json,2026-08-22T03:42:18+00:00,training
NCAA-2022-410261,2022,13,2022-11-26T21:00:00+00:00,PSU,MSU,19,W,NCAA_OFFICIAL_SCOREBOARD_FEED|https://data.ncaa.com/casablanca/scoreboard/football/fbs/2022/13/scoreboard.json,2026-08-22T03:42:18+00:00,training
NCAA-2022-410421,2022,13,2022-11-26T21:00:00+00:00,TCU,ISU,48,W,NCAA_OFFICIAL_SCOREBOARD_FEED|https://data.ncaa.com/casablanca/scoreboard/football/fbs/2022/13/scoreboard.json,2026-08-22T03:42:18+00:00,training
NCAA-2022-2280029,2022,13,2022-11-26T23:00:00+00:00,UNLV,NEV,5,W,NCAA_OFFICIAL_SCOREBOARD_FEED|https://data.ncaa.com/casablanca/scoreboard/football/fbs/2022/13/scoreboard.json,2026-08-22T03:42:18+00:00,training
NCAA-2022-409711,2022,13,2022-11-26T23:00:00+00:00,FIU,MTSU,-5,L,NCAA_OFFICIAL_SCOREBOARD_FEED|https://data.ncaa.com/casablanca/scoreboard/football/fbs/2022/13/scoreboard.json,2026-08-22T03:42:18+00:00,training
NCAA-2022-409033,2022,13,2022-11-27T00:00:00+00:00,TA&M,LSU,15,W,NCAA_OFFICIAL_SCOREBOARD_FEED|https://data.ncaa.com/casablanca/scoreboard/football/fbs/2022/13/scoreboard.json,2026-08-22T03:42:18+00:00,training
NCAA-2022-410358,2022,13,2022-11-27T00:00:00+00:00,USF,UCF,-7,L,NCAA_OFFICIAL_SCOREBOARD_FEED|https://data.ncaa.com/casablanca/scoreboard/football/fbs/2022/13/scoreboard.json,2026-08-22T03:42:18+00:00,training
NCAA-2022-409498,2022,13,2022-11-27T00:30:00+00:00,BC,SYR,-9,L,NCAA_OFFICIAL_SCOREBOARD_FEED|https://data.ncaa.com/casablanca/scoreboard/football/fbs/2022/13/scoreboard.json,2026-08-22T03:42:18+00:00,training
NCAA-2022-409802,2022,13,2022-11-27T00:30:00+00:00,HOU,TLSA,-7,L,NCAA_OFFICIAL_SCOREBOARD_FEED|https://data.ncaa.com/casablanca/scoreboard/football/fbs/2022/13/scoreboard.json,2026-08-22T03:42:18+00:00,training
NCAA-2022-410450,2022,13,2022-11-27T00:30:00+00:00,TTU,OU,3,W,NCAA_OFFICIAL_SCOREBOARD_FEED|https://data.ncaa.com/casablanca/scoreboard/football/fbs/2022/13/scoreboard.json,2026-08-22T03:42:18+00:00,training
NCAA-2022-410618,2022,13,2022-11-27T00:30:00+00:00,VAN,TENN,-56,L,NCAA_OFFICIAL_SCOREBOARD_FEED|https://data.ncaa.com/casablanca/scoreboard/football/fbs/2022/13/scoreboard.json,2026-08-22T03:42:18+00:00,training
NCAA-2022-422149,2022,13,2022-11-27T00:30:00+00:00,USC,ND,11,W,NCAA_OFFICIAL_SCOREBOARD_FEED|https://data.ncaa.com/casablanca/scoreboard/football/fbs/2022/13/scoreboard.json,2026-08-22T03:42:18+00:00,training
NCAA-2022-409887,2022,13,2022-11-27T01:00:00+00:00,KSU,KU,20,W,NCAA_OFFICIAL_SCOREBOARD_FEED|https://data.ncaa.com/casablanca/scoreboard/football/fbs/2022/13/scoreboard.json,2026-08-22T03:42:18+00:00,training
NCAA-2022-409987,2022,13,2022-11-27T01:00:00+00:00,MIA,PITT,-26,L,NCAA_OFFICIAL_SCOREBOARD_FEED|https://data.ncaa.com/casablanca/scoreboard/football/fbs/2022/13/scoreboard.json,2026-08-22T03:42:18+00:00,training
NCAA-2022-410345,2022,13,2022-11-27T01:00:00+00:00,SDSU,AF,-10,L,NCAA_OFFICIAL_SCOREBOARD_FEED|https://data.ncaa.com/casablanca/scoreboard/football/fbs/2022/13/scoreboard.json,2026-08-22T03:42:18+00:00,training
NCAA-2022-410654,2022,13,2022-11-27T03:30:00+00:00,WSU,WASH,-18,L,NCAA_OFFICIAL_SCOREBOARD_FEED|https://data.ncaa.com/casablanca/scoreboard/football/fbs/2022/13/scoreboard.json,2026-08-22T03:42:18+00:00,training
NCAA-2022-410393,2022,13,2022-11-27T04:00:00+00:00,STAN,BYU,-9,L,NCAA_OFFICIAL_SCOREBOARD_FEED|https://data.ncaa.com/casablanca/scoreboard/football/fbs/2022/13/scoreboard.json,2026-08-22T03:42:18+00:00,training
NCAA-2022-2354342,2022,14,2022-12-03T00:30:00+00:00,UTSA,UNT,21,W,NCAA_OFFICIAL_SCOREBOARD_FEED|https://data.ncaa.com/casablanca/scoreboard/football/fbs/2022/14/scoreboard.json,2026-08-22T03:42:18+00:00,training
NCAA-2022-2354487,2022,14,2022-12-03T01:00:00+00:00,USC,UTAH,-23,L,NCAA_OFFICIAL_SCOREBOARD_FEED|https://data.ncaa.com/casablanca/scoreboard/football/fbs/2022/14/scoreboard.json,2026-08-22T03:42:18+00:00,training
NCAA-2022-2354148,2022,14,2022-12-03T17:00:00+00:00,TCU,KSU,-3,L,NCAA_OFFICIAL_SCOREBOARD_FEED|https://data.ncaa.com/casablanca/scoreboard/football/fbs/2022/14/scoreboard.json,2026-08-22T03:42:18+00:00,training
NCAA-2022-2354173,2022,14,2022-12-03T21:00:00+00:00,UGA,LSU,20,W,NCAA_OFFICIAL_SCOREBOARD_FEED|https://data.ncaa.com/casablanca/scoreboard/football/fbs/2022/14/scoreboard.json,2026-08-22T03:42:18+00:00,training
NCAA-2022-2354343,2022,14,2022-12-03T21:00:00+00:00,BOISE,FRES,-12,L,NCAA_OFFICIAL_SCOREBOARD_FEED|https://data.ncaa.com/casablanca/scoreboard/football/fbs/2022/14/scoreboard.json,2026-08-22T03:42:18+00:00,training
NCAA-2022-2354424,2022,14,2022-12-03T21:00:00+00:00,TLN,UCF,17,W,NCAA_OFFICIAL_SCOREBOARD_FEED|https://data.ncaa.com/casablanca/scoreboard/football/fbs/2022/14/scoreboard.json,2026-08-22T03:42:18+00:00,training
NCAA-2022-2353729,2022,14,2022-12-04T01:00:00+00:00,UNC,CLEM,-29,L,NCAA_OFFICIAL_SCOREBOARD_FEED|https://data.ncaa.com/casablanca/scoreboard/football/fbs/2022/14/scoreboard.json,2026-08-22T03:42:18+00:00,training
NCAA-2022-2354425,2022,14,2022-12-04T01:00:00+00:00,MICH,PUR,21,W,NCAA_OFFICIAL_SCOREBOARD_FEED|https://data.ncaa.com/casablanca/scoreboard/football/fbs/2022/14/scoreboard.json,2026-08-22T03:42:18+00:00,training
NCAA-2023-3150887,2023,1,2023-08-26T18:30:00+00:00,ND,NAVY,39,W,NCAA_OFFICIAL_SCOREBOARD_FEED|https://data.ncaa.com/casablanca/scoreboard/football/fbs/2023/01/scoreboard.json,2026-08-22T03:42:33+00:00,validation
NCAA-2023-3150893,2023,1,2023-08-26T23:30:00+00:00,VAN,HAW,7,W,NCAA_OFFICIAL_SCOREBOARD_FEED|https://data.ncaa.com/casablanca/scoreboard/football/fbs/2023/01/scoreboard.json,2026-08-22T03:42:33+00:00,validation
NCAA-2023-3150892,2023,1,2023-08-27T00:00:00+00:00,USC,SJSU,28,W,NCAA_OFFICIAL_SCOREBOARD_FEED|https://data.ncaa.com/casablanca/scoreboard/football/fbs/2023/01/scoreboard.json,2026-08-22T03:42:33+00:00,validation
NCAA-2023-3150896,2023,1,2023-08-27T01:00:00+00:00,LT,FIU,5,W,NCAA_OFFICIAL_SCOREBOARD_FEED|https://data.ncaa.com/casablanca/scoreboard/football/fbs/2023/01/scoreboard.json,2026-08-22T03:42:33+00:00,validation
NCAA-2023-3150968,2023,1,2023-08-31T23:30:00+00:00,UConn,NCSU,-10,L,NCAA_OFFICIAL_SCOREBOARD_FEED|https://data.ncaa.com/casablanca/scoreboard/football/fbs/2023/01/scoreboard.json,2026-08-22T03:42:33+00:00,validation
NCAA-2023-3146741,2023,1,2023-09-01T00:00:00+00:00,MINN,NEB,3,W,NCAA_OFFICIAL_SCOREBOARD_FEED|https://data.ncaa.com/casablanca/scoreboard/football/fbs/2023/01/scoreboard.json,2026-08-22T03:42:33+00:00,validation
NCAA-2023-3150904,2023,1,2023-09-01T00:00:00+00:00,UTAH,FLA,13,W,NCAA_OFFICIAL_SCOREBOARD_FEED|https://data.ncaa.com/casablanca/scoreboard/football/fbs/2023/01/scoreboard.json,2026-08-22T03:42:33+00:00,validation
NCAA-2023-3150985,2023,1,2023-09-01T23:30:00+00:00,GT,LOU,-5,L,NCAA_OFFICIAL_SCOREBOARD_FEED|https://data.ncaa.com/casablanca/scoreboard/football/fbs/2023/01/scoreboard.json,2026-08-22T03:42:33+00:00,validation
NCAA-2023-3150971,2023,1,2023-09-02T03:00:00+00:00,HAW,STAN,-13,L,NCAA_OFFICIAL_SCOREBOARD_FEED|https://data.ncaa.com/casablanca/scoreboard/football/fbs/2023/01/scoreboard.json,2026-08-22T03:42:33+00:00,validation
NCAA-2023-3146958,2023,1,2023-09-02T16:00:00+00:00,PUR,FRES,-4,L,NCAA_OFFICIAL_SCOREBOARD_FEED|https://data.ncaa.com/casablanca/scoreboard/football/fbs/2023/01/scoreboard.json,2026-08-22T03:42:33+00:00,validation
NCAA-2023-3150990,2023,1,2023-09-02T16:00:00+00:00,SMU,LT,24,W,NCAA_OFFICIAL_SCOREBOARD_FEED|https://data.ncaa.com/casablanca/scoreboard/football/fbs/2023/01/scoreboard.json,2026-08-22T03:42:33+00:00,validation
NCAA-2023-3150991,2023,1,2023-09-02T16:00:00+00:00,TCU,COLO,-3,L,NCAA_OFFICIAL_SCOREBOARD_FEED|https://data.ncaa.com/casablanca/scoreboard/football/fbs/2023/01/scoreboard.json,2026-08-22T03:42:33+00:00,validation
NCAA-2023-3150993,2023,1,2023-09-02T16:00:00+00:00,OU,ARST,73,W,NCAA_OFFICIAL_SCOREBOARD_FEED|https://data.ncaa.com/casablanca/scoreboard/football/fbs/2023/01/scoreboard.json,2026-08-22T03:42:33+00:00,validation
NCAA-2023-3151028,2023,1,2023-09-02T16:00:00+00:00,TENN,UVA,36,W,NCAA_OFFICIAL_SCOREBOARD_FEED|https://data.ncaa.com/casablanca/scoreboard/football/fbs/2023/01/scoreboard.json,2026-08-22T03:42:33+00:00,validation
NCAA-2023-3169710,2023,1,2023-09-02T16:00:00+00:00,MICH,ECU,27,W,NCAA_OFFICIAL_SCOREBOARD_FEED|https://data.ncaa.com/casablanca/scoreboard/football/fbs/2023/01/scoreboard.json,2026-08-22T03:42:33+00:00,validation
NCAA-2023-3728024,2023,1,2023-09-02T16:03:00+00:00,IOWA,USU,10,W,NCAA_OFFICIAL_SCOREBOARD_FEED|https://data.ncaa.com/casablanca/scoreboard/football/fbs/2023/01/scoreboard.json,2026-08-22T03:42:33+00:00,validation
NCAA-2023-3146446,2023,1,2023-09-02T19:30:00+00:00,IU,OSU,-20,L,NCAA_OFFICIAL_SCOREBOARD_FEED|https://data.ncaa.com/casablanca/scoreboard/football/fbs/2023/01/scoreboard.json,2026-08-22T03:42:33+00:00,validation
NCAA-2023-3151029,2023,1,2023-09-02T19:30:00+00:00,WASH,BOISE,37,W,NCAA_OFFICIAL_SCOREBOARD_FEED|https://data.ncaa.com/casablanca/scoreboard/football/fbs/2023/01/scoreboard.json,2026-08-22T03:42:33+00:00,validation
NCAA-2023-3151103,2023,1,2023-09-02T19:30:00+00:00,TEX,RICE,27,W,NCAA_OFFICIAL_SCOREBOARD_FEED|https://data.ncaa.com/casablanca/scoreboard/football/fbs/2023/01/scoreboard.json,2026-08-22T03:42:33+00:00,validation
NCAA-2023-3151104,2023,1,2023-09-02T19:30:00+00:00,WKU,USF,17,W,NCAA_OFFICIAL_SCOREBOARD_FEED|https://data.ncaa.com/casablanca/scoreboard/football/fbs/2023/01/scoreboard.json,2026-08-22T03:42:33+00:00,validation
NCAA-2023-3151107,2023,1,2023-09-02T20:00:00+00:00,UNT,CAL,-37,L,NCAA_OFFICIAL_SCOREBOARD_FEED|https://data.ncaa.com/casablanca/scoreboard/football/fbs/2023/01/scoreboard.json,2026-08-22T03:42:33+00:00,validation
NCAA-2023-3151111,2023,1,2023-09-02T22:30:00+00:00,USC,NEV,52,W,NCAA_OFFICIAL_SCOREBOARD_FEED|https://data.ncaa.com/casablanca/scoreboard/football/fbs/2023/01/scoreboard.json,2026-08-22T03:42:33+00:00,validation
NCAA-2023-3151118,2023,1,2023-09-02T23:00:00+00:00,CSU,WSU,-26,L,NCAA_OFFICIAL_SCOREBOARD_FEED|https://data.ncaa.com/casablanca/scoreboard/football/fbs/2023/01/scoreboard.json,2026-08-22T03:42:33+00:00,validation
NCAA-2023-3151133,2023,1,2023-09-02T23:00:00+00:00,TA&M,NM,42,W,NCAA_OFFICIAL_SCOREBOARD_FEED|https://data.ncaa.com/casablanca/scoreboard/football/fbs/2023/01/scoreboard.json,2026-08-22T03:42:33+00:00,validation
NCAA-2023-3151139,2023,1,2023-09-02T23:00:00+00:00,BAY,TXST,-11,L,NCAA_OFFICIAL_SCOREBOARD_FEED|https://data.ncaa.com/casablanca/scoreboard/football/fbs/2023/01/scoreboard.json,2026-08-22T03:42:33+00:00,validation
NCAA-2023-3151140,2023,1,2023-09-02T23:00:00+00:00,HOU,UTSA,3,W,NCAA_OFFICIAL_SCOREBOARD_FEED|https://data.ncaa.com/casablanca/scoreboard/football/fbs/2023/01/scoreboard.json,2026-08-22T03:42:33+00:00,validation
NCAA-2023-3151155,2023,1,2023-09-02T23:00:00+00:00,ULM,ARMY,4,W,NCAA_OFFICIAL_SCOREBOARD_FEED|https://data.ncaa.com/casablanca/scoreboard/football/fbs/2023/01/scoreboard.json,2026-08-22T03:42:33+00:00,validation
NCAA-2023-3151121,2023,1,2023-09-02T23:30:00+00:00,WYO,TTU,2,W,NCAA_OFFICIAL_SCOREBOARD_FEED|https://data.ncaa.com/casablanca/scoreboard/football/fbs/2023/01/scoreboard.json,2026-08-22T03:42:33+00:00,validation
NCAA-2023-3151163,2023,1,2023-09-02T23:30:00+00:00,ALA,MTSU,49,W,NCAA_OFFICIAL_SCOREBOARD_FEED|https://data.ncaa.com/casablanca/scoreboard/football/fbs/2023/01/scoreboard.json,2026-08-22T03:42:33+00:00,validation
NCAA-2023-3151182,2023,1,2023-09-02T23:30:00+00:00,SC,UNC,-14,L,NCAA_OFFICIAL_SCOREBOARD_FEED|https://data.ncaa.com/casablanca/scoreboard/football/fbs/2023/01/scoreboard.json,2026-08-22T03:42:33+00:00,validation
NCAA-2023-3154304,2023,1,2023-09-02T23:30:00+00:00,PSU,WVU,23,W,NCAA_OFFICIAL_SCOREBOARD_FEED|https://data.ncaa.com/casablanca/scoreboard/football/fbs/2023/01/scoreboard.json,2026-08-22T03:42:33+00:00,validation
NCAA-2023-3151183,2023,1,2023-09-03T00:00:00+00:00,VT,ODU,19,W,NCAA_OFFICIAL_SCOREBOARD_FEED|https://data.ncaa.com/casablanca/scoreboard/football/fbs/2023/01/scoreboard.json,2026-08-22T03:42:33+00:00,validation
NCAA-2023-3151181,2023,1,2023-09-03T02:30:00+00:00,UCLA,CCU,14,W,NCAA_OFFICIAL_SCOREBOARD_FEED|https://data.ncaa.com/casablanca/scoreboard/football/fbs/2023/01/scoreboard.json,2026-08-22T03:42:33+00:00,validation
NCAA-2023-3147123,2023,1,2023-09-03T16:00:00+00:00,RUTG,NU,17,W,NCAA_OFFICIAL_SCOREBOARD_FEED|https://data.ncaa.com/casablanca/scoreboard/football/fbs/2023/01/scoreboard.json,2026-08-22T03:42:33+00:00,validation
NCAA-2023-3151185,2023,1,2023-09-03T19:30:00+00:00,SJSU,ORST,-25,L,NCAA_OFFICIAL_SCOREBOARD_FEED|https://data.ncaa.com/casablanca/scoreboard/football/fbs/2023/01/scoreboard.json,2026-08-22T03:42:33+00:00,validation
NCAA-2023-3151189,2023,1,2023-09-03T23:30:00+00:00,FSU,LSU,21,W,NCAA_OFFICIAL_SCOREBOARD_FEED|https://data.ncaa.com/casablanca/scoreboard/football/fbs/2023/01/scoreboard.json,2026-08-22T03:42:33+00:00,validation
NCAA-2023-3151190,2023,1,2023-09-05T00:00:00+00:00,DUKE,CLEM,21,W,NCAA_OFFICIAL_SCOREBOARD_FEED|https://data.ncaa.com/casablanca/scoreboard/football/fbs/2023/01/scoreboard.json,2026-08-22T03:42:33+00:00,validation
NCAA-2023-3147180,2023,2,2023-09-08T23:30:00+00:00,KU,ILL,11,W,NCAA_OFFICIAL_SCOREBOARD_FEED|https://data.ncaa.com/casablanca/scoreboard/football/fbs/2023/02/scoreboard.json,2026-08-22T03:42:34+00:00,validation
NCAA-2023-3151217,2023,2,2023-09-09T15:00:00+00:00,WAKE,VAN,16,W,NCAA_OFFICIAL_SCOREBOARD_FEED|https://data.ncaa.com/casablanca/scoreboard/football/fbs/2023/02/scoreboard.json,2026-08-22T03:42:34+00:00,validation
NCAA-2023-3146993,2023,2,2023-09-09T16:00:00+00:00,COLO,NEB,22,W,NCAA_OFFICIAL_SCOREBOARD_FEED|https://data.ncaa.com/casablanca/scoreboard/football/fbs/2023/02/scoreboard.json,2026-08-22T03:42:34+00:00,validation
NCAA-2023-3151218,2023,2,2023-09-09T16:00:00+00:00,BAY,UTAH,-7,L,NCAA_OFFICIAL_SCOREBOARD_FEED|https://data.ncaa.com/casablanca/scoreboard/football/fbs/2023/02/scoreboard.json,2026-08-22T03:42:34+00:00,validation
NCAA-2023-3151219,2023,2,2023-09-09T16:00:00+00:00,KSU,TROY,29,W,NCAA_OFFICIAL_SCOREBOARD_FEED|https://data.ncaa.com/casablanca/scoreboard/football/fbs/2023/02/scoreboard.json,2026-08-22T03:42:34+00:00,validation
NCAA-2023-3151252,2023,2,2023-09-09T16:00:00+00:00,NCSU,ND,-21,L,NCAA_OFFICIAL_SCOREBOARD_FEED|https://data.ncaa.com/casablanca/scoreboard/football/fbs/2023/02/scoreboard.json,2026-08-22T03:42:34+00:00,validation
NCAA-2023-3146421,2023,2,2023-09-09T19:30:00+00:00,ISU,IOWA,-7,L,NCAA_OFFICIAL_SCOREBOARD_FEED|https://data.ncaa.com/casablanca/scoreboard/football/fbs/2023/02/scoreboard.json,2026-08-22T03:42:34+00:00,validation
NCAA-2023-3147451,2023,2,2023-09-09T19:30:00+00:00,NU,UTEP,31,W,NCAA_OFFICIAL_SCOREBOARD_FEED|https://data.ncaa.com/casablanca/scoreboard/football/fbs/2023/02/scoreboard.json,2026-08-22T03:42:34+00:00,validation
NCAA-2023-3151343,2023,2,2023-09-09T19:30:00+00:00,TLN,MISS,-17,L,NCAA_OFFICIAL_SCOREBOARD_FEED|https://data.ncaa.com/casablanca/scoreboard/football/fbs/2023/02/scoreboard.json,2026-08-22T03:42:34+00:00,validation
NCAA-2023-3151346,2023,2,2023-09-09T19:30:00+00:00,UTSA,TXST,7,W,NCAA_OFFICIAL_SCOREBOARD_FEED|https://data.ncaa.com/casablanca/scoreboard/football/fbs/2023/02/scoreboard.json,2026-08-22T03:42:34+00:00,validation
NCAA-2023-3151357,2023,2,2023-09-09T19:30:00+00:00,MIA,TA&M,15,W,NCAA_OFFICIAL_SCOREBOARD_FEED|https://data.ncaa.com/casablanca/scoreboard/football/fbs/2023/02/scoreboard.json,2026-08-22T03:42:34+00:00,validation
NCAA-2023-3169711,2023,2,2023-09-09T19:30:00+00:00,MICH,UNLV,28,W,NCAA_OFFICIAL_SCOREBOARD_FEED|https://data.ncaa.com/casablanca/scoreboard/football/fbs/2023/02/scoreboard.json,2026-08-22T03:42:34+00:00,validation
NCAA-2023-3151367,2023,2,2023-09-09T20:00:00+00:00,ECU,MRSH,-18,L,NCAA_OFFICIAL_SCOREBOARD_FEED|https://data.ncaa.com/casablanca/scoreboard/football/fbs/2023/02/scoreboard.json,2026-08-22T03:42:34+00:00,validation
NCAA-2023-3151338,2023,2,2023-09-09T21:00:00+00:00,WASH,TLSA,33,W,NCAA_OFFICIAL_SCOREBOARD_FEED|https://data.ncaa.com/casablanca/scoreboard/football/fbs/2023/02/scoreboard.json,2026-08-22T03:42:34+00:00,validation
NCAA-2023-3151373,2023,2,2023-09-09T22:00:00+00:00,OU,SMU,17,W,NCAA_OFFICIAL_SCOREBOARD_FEED|https://data.ncaa.com/casablanca/scoreboard/football/fbs/2023/02/scoreboard.json,2026-08-22T03:42:34+00:00,validation
NCAA-2023-3151383,2023,2,2023-09-09T22:00:00+00:00,GASO,UAB,14,W,NCAA_OFFICIAL_SCOREBOARD_FEED|https://data.ncaa.com/casablanca/scoreboard/football/fbs/2023/02/scoreboard.json,2026-08-22T03:42:34+00:00,validation
NCAA-2023-3151400,2023,2,2023-09-09T22:00:00+00:00,ODU,ULL,7,W,NCAA_OFFICIAL_SCOREBOARD_FEED|https://data.ncaa.com/casablanca/scoreboard/football/fbs/2023/02/scoreboard.json,2026-08-22T03:42:34+00:00,validation
NCAA-2023-3151443,2023,2,2023-09-09T22:30:00+00:00,PITT,CIN,-6,L,NCAA_OFFICIAL_SCOREBOARD_FEED|https://data.ncaa.com/casablanca/scoreboard/football/fbs/2023/02/scoreboard.json,2026-08-22T03:42:34+00:00,validation
NCAA-2023-3151445,2023,2,2023-09-09T22:30:00+00:00,FIU,UNT,7,W,NCAA_OFFICIAL_SCOREBOARD_FEED|https://data.ncaa.com/casablanca/scoreboard/football/fbs/2023/02/scoreboard.json,2026-08-22T03:42:34+00:00,validation
NCAA-2023-3146977,2023,2,2023-09-09T23:00:00+00:00,VT,PUR,-7,L,NCAA_OFFICIAL_SCOREBOARD_FEED|https://data.ncaa.com/casablanca/scoreboard/football/fbs/2023/02/scoreboard.json,2026-08-22T03:42:34+00:00,validation
NCAA-2023-3151372,2023,2,2023-09-09T23:00:00+00:00,BOISE,UCF,-2,L,NCAA_OFFICIAL_SCOREBOARD_FEED|https://data.ncaa.com/casablanca/scoreboard/football/fbs/2023/02/scoreboard.json,2026-08-22T03:42:34+00:00,validation
NCAA-2023-3151412,2023,2,2023-09-09T23:00:00+00:00,RICE,HOU,2,W,NCAA_OFFICIAL_SCOREBOARD_FEED|https://data.ncaa.com/casablanca/scoreboard/football/fbs/2023/02/scoreboard.json,2026-08-22T03:42:34+00:00,validation
NCAA-2023-3151415,2023,2,2023-09-09T23:00:00+00:00,TTU,ORE,-8,L,NCAA_OFFICIAL_SCOREBOARD_FEED|https://data.ncaa.com/casablanca/scoreboard/football/fbs/2023/02/scoreboard.json,2026-08-22T03:42:34+00:00,validation
NCAA-2023-3151426,2023,2,2023-09-09T23:00:00+00:00,MIZ,MTSU,4,W,NCAA_OFFICIAL_SCOREBOARD_FEED|https://data.ncaa.com/casablanca/scoreboard/football/fbs/2023/02/scoreboard.json,2026-08-22T03:42:34+00:00,validation
NCAA-2023-3151427,2023,2,2023-09-09T23:00:00+00:00,ALA,TEX,-10,L,NCAA_OFFICIAL_SCOREBOARD_FEED|https://data.ncaa.com/casablanca/scoreboard/football/fbs/2023/02/scoreboard.json,2026-08-22T03:42:34+00:00,validation
NCAA-2023-3151431,2023,2,2023-09-09T23:00:00+00:00,ARST,MEM,-34,L,NCAA_OFFICIAL_SCOREBOARD_FEED|https://data.ncaa.com/casablanca/scoreboard/football/fbs/2023/02/scoreboard.json,2026-08-22T03:42:34+00:00,validation
NCAA-2023-3151466,2023,2,2023-09-09T23:00:00+00:00,GAST,UConn,21,W,NCAA_OFFICIAL_SCOREBOARD_FEED|https://data.ncaa.com/casablanca/scoreboard/football/fbs/2023/02/scoreboard.json,2026-08-22T03:42:34+00:00,validation
NCAA-2023-3146453,2023,2,2023-09-09T23:30:00+00:00,WSU,WIS,9,W,NCAA_OFFICIAL_SCOREBOARD_FEED|https://data.ncaa.com/casablanca/scoreboard/football/fbs/2023/02/scoreboard.json,2026-08-22T03:42:34+00:00,validation
NCAA-2023-3147078,2023,2,2023-09-09T23:30:00+00:00,RUTG,TEM,29,W,NCAA_OFFICIAL_SCOREBOARD_FEED|https://data.ncaa.com/casablanca/scoreboard/football/fbs/2023/02/scoreboard.json,2026-08-22T03:42:34+00:00,validation
NCAA-2023-3147454,2023,2,2023-09-09T23:30:00+00:00,MD,CHAR,18,W,NCAA_OFFICIAL_SCOREBOARD_FEED|https://data.ncaa.com/casablanca/scoreboard/football/fbs/2023/02/scoreboard.json,2026-08-22T03:42:34+00:00,validation
NCAA-2023-3151368,2023,2,2023-09-09T23:30:00+00:00,SDSU,UCLA,-25,L,NCAA_OFFICIAL_SCOREBOARD_FEED|https://data.ncaa.com/casablanca/scoreboard/football/fbs/2023/02/scoreboard.json,2026-08-22T03:42:34+00:00,validation
NCAA-2023-3151442,2023,2,2023-09-09T23:30:00+00:00,MSST,ARIZ,7,W,NCAA_OFFICIAL_SCOREBOARD_FEED|https://data.ncaa.com/casablanca/scoreboard/football/fbs/2023/02/scoreboard.json,2026-08-22T03:42:34+00:00,validation
NCAA-2023-3151475,2023,2,2023-09-10T00:30:00+00:00,FSU,USM,53,W,NCAA_OFFICIAL_SCOREBOARD_FEED|https://data.ncaa.com/casablanca/scoreboard/football/fbs/2023/02/scoreboard.json,2026-08-22T03:42:34+00:00,validation
NCAA-2023-3151472,2023,2,2023-09-10T02:30:00+00:00,CAL,AUB,-4,L,NCAA_OFFICIAL_SCOREBOARD_FEED|https://data.ncaa.com/casablanca/scoreboard/football/fbs/2023/02/scoreboard.json,2026-08-22T03:42:34+00:00,validation
NCAA-2023-3151473,2023,2,2023-09-10T02:30:00+00:00,ASU,OKST,-12,L,NCAA_OFFICIAL_SCOREBOARD_FEED|https://data.ncaa.com/casablanca/scoreboard/football/fbs/2023/02/scoreboard.json,2026-08-22T03:42:34+00:00,validation
NCAA-2023-3151474,2023,2,2023-09-10T02:30:00+00:00,USC,STAN,46,W,NCAA_OFFICIAL_SCOREBOARD_FEED|https://data.ncaa.com/casablanca/scoreboard/football/fbs/2023/02/scoreboard.json,2026-08-22T03:42:34+00:00,validation
NCAA-2023-3151476,2023,3,2023-09-14T23:30:00+00:00,MEM,NAVY,4,W,NCAA_OFFICIAL_SCOREBOARD_FEED|https://data.ncaa.com/casablanca/scoreboard/football/fbs/2023/03/scoreboard.json,2026-08-22T03:42:34+00:00,validation
NCAA-2023-3147455,2023,3,2023-09-15T23:00:00+00:00,MD,UVA,28,W,NCAA_OFFICIAL_SCOREBOARD_FEED|https://data.ncaa.com/casablanca/scoreboard/football/fbs/2023/03/scoreboard.json,2026-08-22T03:42:34+00:00,validation
NCAA-2023-3151479,2023,3,2023-09-15T23:00:00+00:00,UTSA,ARMY,-8,L,NCAA_OFFICIAL_SCOREBOARD_FEED|https://data.ncaa.com/casablanca/scoreboard/football/fbs/2023/03/scoreboard.json,2026-08-22T03:42:34+00:00,validation
NCAA-2023-3151478,2023,3,2023-09-16T00:00:00+00:00,AF,USU,18,W,NCAA_OFFICIAL_SCOREBOARD_FEED|https://data.ncaa.com/casablanca/scoreboard/football/fbs/2023/03/scoreboard.json,2026-08-22T03:42:34+00:00,validation
NCAA-2023-3146432,2023,3,2023-09-16T16:00:00+00:00,WIS,GASO,21,W,NCAA_OFFICIAL_SCOREBOARD_FEED|https://data.ncaa.com/casablanca/scoreboard/football/fbs/2023/03/scoreboard.json,2026-08-22T03:42:34+00:00,validation
NCAA-2023-3147081,2023,3,2023-09-16T16:00:00+00:00,IU,LOU,-7,L,NCAA_OFFICIAL_SCOREBOARD_FEED|https://data.ncaa.com/casablanca/scoreboard/football/fbs/2023/03/scoreboard.json,2026-08-22T03:42:34+00:00,validation
NCAA-2023-3147201,2023,3,2023-09-16T16:00:00+00:00,ILL,PSU,-17,L,NCAA_OFFICIAL_SCOREBOARD_FEED|https://data.ncaa.com/casablanca/scoreboard/football/fbs/2023/03/scoreboard.json,2026-08-22T03:42:34+00:00,validation
NCAA-2023-3151490,2023,3,2023-09-16T16:00:00+00:00,MSST,LSU,-27,L,NCAA_OFFICIAL_SCOREBOARD_FEED|https://data.ncaa.com/casablanca/scoreboard/football/fbs/2023/03/scoreboard.json,2026-08-22T03:42:34+00:00,validation
NCAA-2023-3151492,2023,3,2023-09-16T16:00:00+00:00,MIZ,KSU,3,W,NCAA_OFFICIAL_SCOREBOARD_FEED|https://data.ncaa.com/casablanca/scoreboard/football/fbs/2023/03/scoreboard.json,2026-08-22T03:42:34+00:00,validation
NCAA-2023-3151514,2023,3,2023-09-16T16:00:00+00:00,ODU,WAKE,-3,L,NCAA_OFFICIAL_SCOREBOARD_FEED|https://data.ncaa.com/casablanca/scoreboard/football/fbs/2023/03/scoreboard.json,2026-08-22T03:42:34+00:00,validation
NCAA-2023-3151532,2023,3,2023-09-16T16:00:00+00:00,BC,FSU,-2,L,NCAA_OFFICIAL_SCOREBOARD_FEED|https://data.ncaa.com/casablanca/scoreboard/football/fbs/2023/03/scoreboard.json,2026-08-22T03:42:34+00:00,validation
NCAA-2023-3146746,2023,3,2023-09-16T19:30:00+00:00,UNC,MINN,18,W,NCAA_OFFICIAL_SCOREBOARD_FEED|https://data.ncaa.com/casablanca/scoreboard/football/fbs/2023/03/scoreboard.json,2026-08-22T03:42:34+00:00,validation
NCAA-2023-3147124,2023,3,2023-09-16T19:30:00+00:00,RUTG,VT,19,W,NCAA_OFFICIAL_SCOREBOARD_FEED|https://data.ncaa.com/casablanca/scoreboard/football/fbs/2023/03/scoreboard.json,2026-08-22T03:42:34+00:00,validation
NCAA-2023-3151535,2023,3,2023-09-16T19:30:00+00:00,ORST,SDSU,17,W,NCAA_OFFICIAL_SCOREBOARD_FEED|https://data.ncaa.com/casablanca/scoreboard/football/fbs/2023/03/scoreboard.json,2026-08-22T03:42:34+00:00,validation
NCAA-2023-3151650,2023,3,2023-09-16T19:30:00+00:00,TLSA,OU,-49,L,NCAA_OFFICIAL_SCOREBOARD_FEED|https://data.ncaa.com/casablanca/scoreboard/football/fbs/2023/03/scoreboard.json,2026-08-22T03:42:34+00:00,validation
NCAA-2023-3151659,2023,3,2023-09-16T19:30:00+00:00,UGA,SC,10,W,NCAA_OFFICIAL_SCOREBOARD_FEED|https://data.ncaa.com/casablanca/scoreboard/football/fbs/2023/03/scoreboard.json,2026-08-22T03:42:34+00:00,validation
NCAA-2023-3151660,2023,3,2023-09-16T19:30:00+00:00,UConn,FIU,-7,L,NCAA_OFFICIAL_SCOREBOARD_FEED|https://data.ncaa.com/casablanca/scoreboard/football/fbs/2023/03/scoreboard.json,2026-08-22T03:42:34+00:00,validation
NCAA-2023-3151661,2023,3,2023-09-16T19:30:00+00:00,USF,ALA,-14,L,NCAA_OFFICIAL_SCOREBOARD_FEED|https://data.ncaa.com/casablanca/scoreboard/football/fbs/2023/03/scoreboard.json,2026-08-22T03:42:34+00:00,validation
NCAA-2023-3154299,2023,3,2023-09-16T19:30:00+00:00,DUKE,NU,24,W,NCAA_OFFICIAL_SCOREBOARD_FEED|https://data.ncaa.com/casablanca/scoreboard/football/fbs/2023/03/scoreboard.json,2026-08-22T03:42:34+00:00,validation
NCAA-2023-3146427,2023,3,2023-09-16T20:00:00+00:00,OSU,WKU,53,W,NCAA_OFFICIAL_SCOREBOARD_FEED|https://data.ncaa.com/casablanca/scoreboard/football/fbs/2023/03/scoreboard.json,2026-08-22T03:42:34+00:00,validation
NCAA-2023-3151653,2023,3,2023-09-16T20:00:00+00:00,TA&M,ULM,44,W,NCAA_OFFICIAL_SCOREBOARD_FEED|https://data.ncaa.com/casablanca/scoreboard/football/fbs/2023/03/scoreboard.json,2026-08-22T03:42:34+00:00,validation
NCAA-2023-3151657,2023,3,2023-09-16T20:00:00+00:00,USM,TLN,-18,L,NCAA_OFFICIAL_SCOREBOARD_FEED|https://data.ncaa.com/casablanca/scoreboard/football/fbs/2023/03/scoreboard.json,2026-08-22T03:42:34+00:00,validation
NCAA-2023-3169708,2023,3,2023-09-16T21:00:00+00:00,MSU,WASH,-34,L,NCAA_OFFICIAL_SCOREBOARD_FEED|https://data.ncaa.com/casablanca/scoreboard/football/fbs/2023/03/scoreboard.json,2026-08-22T03:42:34+00:00,validation
NCAA-2023-3151724,2023,3,2023-09-16T22:00:00+00:00,CHAR,GAST,-16,L,NCAA_OFFICIAL_SCOREBOARD_FEED|https://data.ncaa.com/casablanca/scoreboard/football/fbs/2023/03/scoreboard.json,2026-08-22T03:42:34+00:00,validation
NCAA-2023-3151669,2023,3,2023-09-16T23:00:00+00:00,UNLV,VAN,3,W,NCAA_OFFICIAL_SCOREBOARD_FEED|https://data.ncaa.com/casablanca/scoreboard/football/fbs/2023/03/scoreboard.json,2026-08-22T03:42:34+00:00,validation
NCAA-2023-3151688,2023,3,2023-09-16T23:00:00+00:00,LT,UNT,-3,L,NCAA_OFFICIAL_SCOREBOARD_FEED|https://data.ncaa.com/casablanca/scoreboard/football/fbs/2023/03/scoreboard.json,2026-08-22T03:42:34+00:00,validation
NCAA-2023-3151728,2023,3,2023-09-16T23:00:00+00:00,UAB,ULL,-20,L,NCAA_OFFICIAL_SCOREBOARD_FEED|https://data.ncaa.com/casablanca/scoreboard/football/fbs/2023/03/scoreboard.json,2026-08-22T03:42:34+00:00,validation
NCAA-2023-3151746,2023,3,2023-09-16T23:00:00+00:00,FLA,TENN,13,W,NCAA_OFFICIAL_SCOREBOARD_FEED|https://data.ncaa.com/casablanca/scoreboard/football/fbs/2023/03/scoreboard.json,2026-08-22T03:42:34+00:00,validation
NCAA-2023-3146979,2023,3,2023-09-16T23:30:00+00:00,PUR,SYR,-15,L,NCAA_OFFICIAL_SCOREBOARD_FEED|https://data.ncaa.com/casablanca/scoreboard/football/fbs/2023/03/scoreboard.json,2026-08-22T03:42:34+00:00,validation
NCAA-2023-3151741,2023,3,2023-09-16T23:30:00+00:00,ARK,BYU,-7,L,NCAA_OFFICIAL_SCOREBOARD_FEED|https://data.ncaa.com/casablanca/scoreboard/football/fbs/2023/03/scoreboard.json,2026-08-22T03:42:34+00:00,validation
NCAA-2023-3151742,2023,3,2023-09-16T23:30:00+00:00,MISS,GT,25,W,NCAA_OFFICIAL_SCOREBOARD_FEED|https://data.ncaa.com/casablanca/scoreboard/football/fbs/2023/03/scoreboard.json,2026-08-22T03:42:34+00:00,validation
NCAA-2023-3151768,2023,3,2023-09-16T23:30:00+00:00,WVU,PITT,11,W,NCAA_OFFICIAL_SCOREBOARD_FEED|https://data.ncaa.com/casablanca/scoreboard/football/fbs/2023/03/scoreboard.json,2026-08-22T03:42:34+00:00,validation
NCAA-2023-3151676,2023,3,2023-09-17T00:00:00+00:00,ORE,HAW,45,W,NCAA_OFFICIAL_SCOREBOARD_FEED|https://data.ncaa.com/casablanca/scoreboard/football/fbs/2023/03/scoreboard.json,2026-08-22T03:42:34+00:00,validation
NCAA-2023-3151725,2023,3,2023-09-17T00:00:00+00:00,NM,NMSU,-10,L,NCAA_OFFICIAL_SCOREBOARD_FEED|https://data.ncaa.com/casablanca/scoreboard/football/fbs/2023/03/scoreboard.json,2026-08-22T03:42:34+00:00,validation
NCAA-2023-3151754,2023,3,2023-09-17T00:00:00+00:00,HOU,TCU,-23,L,NCAA_OFFICIAL_SCOREBOARD_FEED|https://data.ncaa.com/casablanca/scoreboard/football/fbs/2023/03/scoreboard.json,2026-08-22T03:42:34+00:00,validation
NCAA-2023-3151760,2023,3,2023-09-17T00:00:00+00:00,TEX,WYO,21,W,NCAA_OFFICIAL_SCOREBOARD_FEED|https://data.ncaa.com/casablanca/scoreboard/football/fbs/2023/03/scoreboard.json,2026-08-22T03:42:34+00:00,validation
NCAA-2023-3151770,2023,3,2023-09-17T00:00:00+00:00,CLEM,FAU,34,W,NCAA_OFFICIAL_SCOREBOARD_FEED|https://data.ncaa.com/casablanca/scoreboard/football/fbs/2023/03/scoreboard.json,2026-08-22T03:42:34+00:00,validation
NCAA-2023-3151771,2023,3,2023-09-17T02:00:00+00:00,COLO,CSU,8,W,NCAA_OFFICIAL_SCOREBOARD_FEED|https://data.ncaa.com/casablanca/scoreboard/football/fbs/2023/03/scoreboard.json,2026-08-22T03:42:34+00:00,validation
NCAA-2023-3151766,2023,3,2023-09-17T02:30:00+00:00,NEV,KU,-7,L,NCAA_OFFICIAL_SCOREBOARD_FEED|https://data.ncaa.com/casablanca/scoreboard/football/fbs/2023/03/scoreboard.json,2026-08-22T03:42:34+00:00,validation
NCAA-2023-3151767,2023,3,2023-09-17T02:30:00+00:00,ASU,FRES,-29,L,NCAA_OFFICIAL_SCOREBOARD_FEED|https://data.ncaa.com/casablanca/scoreboard/football/fbs/2023/03/scoreboard.json,2026-08-22T03:42:34+00:00,validation
NCAA-2023-3151769,2023,3,2023-09-17T03:00:00+00:00,ARIZ,UTEP,21,W,NCAA_OFFICIAL_SCOREBOARD_FEED|https://data.ncaa.com/casablanca/scoreboard/football/fbs/2023/03/scoreboard.json,2026-08-22T03:42:34+00:00,validation
NCAA-2023-3151773,2023,4,2023-09-21T23:30:00+00:00,CCU,GAST,-13,L,NCAA_OFFICIAL_SCOREBOARD_FEED|https://data.ncaa.com/casablanca/scoreboard/football/fbs/2023/04/scoreboard.json,2026-08-22T03:42:35+00:00,validation
NCAA-2023-3146433,2023,4,2023-09-22T23:00:00+00:00,PUR,WIS,-21,L,NCAA_OFFICIAL_SCOREBOARD_FEED|https://data.ncaa.com/casablanca/scoreboard/football/fbs/2023/04/scoreboard.json,2026-08-22T03:42:35+00:00,validation
NCAA-2023-3151777,2023,4,2023-09-22T23:30:00+00:00,UVA,NCSU,-3,L,NCAA_OFFICIAL_SCOREBOARD_FEED|https://data.ncaa.com/casablanca/scoreboard/football/fbs/2023/04/scoreboard.json,2026-08-22T03:42:35+00:00,validation
NCAA-2023-3151776,2023,4,2023-09-23T02:30:00+00:00,SJSU,AF,-25,L,NCAA_OFFICIAL_SCOREBOARD_FEED|https://data.ncaa.com/casablanca/scoreboard/football/fbs/2023/04/scoreboard.json,2026-08-22T03:42:35+00:00,validation
NCAA-2023-3151778,2023,4,2023-09-23T02:30:00+00:00,SDSU,BOISE,-3,L,NCAA_OFFICIAL_SCOREBOARD_FEED|https://data.ncaa.com/casablanca/scoreboard/football/fbs/2023/04/scoreboard.json,2026-08-22T03:42:35+00:00,validation
NCAA-2023-3147450,2023,4,2023-09-23T16:00:00+00:00,MICH,RUTG,24,W,NCAA_OFFICIAL_SCOREBOARD_FEED|https://data.ncaa.com/casablanca/scoreboard/football/fbs/2023/04/scoreboard.json,2026-08-22T03:42:35+00:00,validation
NCAA-2023-3151785,2023,4,2023-09-23T16:00:00+00:00,CLEM,FSU,-7,L,NCAA_OFFICIAL_SCOREBOARD_FEED|https://data.ncaa.com/casablanca/scoreboard/football/fbs/2023/04/scoreboard.json,2026-08-22T03:42:35+00:00,validation
NCAA-2023-3151786,2023,4,2023-09-23T16:00:00+00:00,SYR,ARMY,13,W,NCAA_OFFICIAL_SCOREBOARD_FEED|https://data.ncaa.com/casablanca/scoreboard/football/fbs/2023/04/scoreboard.json,2026-08-22T03:42:35+00:00,validation
NCAA-2023-3151789,2023,4,2023-09-23T16:00:00+00:00,TA&M,AUB,17,W,NCAA_OFFICIAL_SCOREBOARD_FEED|https://data.ncaa.com/casablanca/scoreboard/football/fbs/2023/04/scoreboard.json,2026-08-22T03:42:35+00:00,validation
NCAA-2023-3151791,2023,4,2023-09-23T16:00:00+00:00,TCU,SMU,17,W,NCAA_OFFICIAL_SCOREBOARD_FEED|https://data.ncaa.com/casablanca/scoreboard/football/fbs/2023/04/scoreboard.json,2026-08-22T03:42:35+00:00,validation
NCAA-2023-3151801,2023,4,2023-09-23T16:00:00+00:00,MRSH,VT,7,W,NCAA_OFFICIAL_SCOREBOARD_FEED|https://data.ncaa.com/casablanca/scoreboard/football/fbs/2023/04/scoreboard.json,2026-08-22T03:42:35+00:00,validation
NCAA-2023-3151802,2023,4,2023-09-23T16:00:00+00:00,VAN,UK,-17,L,NCAA_OFFICIAL_SCOREBOARD_FEED|https://data.ncaa.com/casablanca/scoreboard/football/fbs/2023/04/scoreboard.json,2026-08-22T03:42:35+00:00,validation
NCAA-2023-3151816,2023,4,2023-09-23T16:00:00+00:00,CIN,OU,-14,L,NCAA_OFFICIAL_SCOREBOARD_FEED|https://data.ncaa.com/casablanca/scoreboard/football/fbs/2023/04/scoreboard.json,2026-08-22T03:42:35+00:00,validation
NCAA-2023-3152020,2023,4,2023-09-23T16:00:00+00:00,TROY,WKU,3,W,NCAA_OFFICIAL_SCOREBOARD_FEED|https://data.ncaa.com/casablanca/scoreboard/football/fbs/2023/04/scoreboard.json,2026-08-22T03:42:35+00:00,validation
NCAA-2023-3147034,2023,4,2023-09-23T19:30:00+00:00,NEB,LT,14,W,NCAA_OFFICIAL_SCOREBOARD_FEED|https://data.ncaa.com/casablanca/scoreboard/football/fbs/2023/04/scoreboard.json,2026-08-22T03:42:35+00:00,validation
NCAA-2023-3147181,2023,4,2023-09-23T19:30:00+00:00,ILL,FAU,6,W,NCAA_OFFICIAL_SCOREBOARD_FEED|https://data.ncaa.com/casablanca/scoreboard/football/fbs/2023/04/scoreboard.json,2026-08-22T03:42:35+00:00,validation
NCAA-2023-3151783,2023,4,2023-09-23T19:30:00+00:00,TEM,MIA,-34,L,NCAA_OFFICIAL_SCOREBOARD_FEED|https://data.ncaa.com/casablanca/scoreboard/football/fbs/2023/04/scoreboard.json,2026-08-22T03:42:35+00:00,validation
NCAA-2023-3151788,2023,4,2023-09-23T19:30:00+00:00,UTAH,UCLA,7,W,NCAA_OFFICIAL_SCOREBOARD_FEED|https://data.ncaa.com/casablanca/scoreboard/football/fbs/2023/04/scoreboard.json,2026-08-22T03:42:35+00:00,validation
NCAA-2023-3151792,2023,4,2023-09-23T19:30:00+00:00,LOU,BC,28,W,NCAA_OFFICIAL_SCOREBOARD_FEED|https://data.ncaa.com/casablanca/scoreboard/football/fbs/2023/04/scoreboard.json,2026-08-22T03:42:35+00:00,validation
NCAA-2023-3151803,2023,4,2023-09-23T19:30:00+00:00,ALA,MISS,14,W,NCAA_OFFICIAL_SCOREBOARD_FEED|https://data.ncaa.com/casablanca/scoreboard/football/fbs/2023/04/scoreboard.json,2026-08-22T03:42:35+00:00,validation
NCAA-2023-3151809,2023,4,2023-09-23T19:30:00+00:00,ORE,COLO,36,W,NCAA_OFFICIAL_SCOREBOARD_FEED|https://data.ncaa.com/casablanca/scoreboard/football/fbs/2023/04/scoreboard.json,2026-08-22T03:42:35+00:00,validation
NCAA-2023-3151815,2023,4,2023-09-23T19:30:00+00:00,KU,BYU,11,W,NCAA_OFFICIAL_SCOREBOARD_FEED|https://data.ncaa.com/casablanca/scoreboard/football/fbs/2023/04/scoreboard.json,2026-08-22T03:42:35+00:00,validation
NCAA-2023-3151817,2023,4,2023-09-23T19:30:00+00:00,WVU,TTU,7,W,NCAA_OFFICIAL_SCOREBOARD_FEED|https://data.ncaa.com/casablanca/scoreboard/football/fbs/2023/04/scoreboard.json,2026-08-22T03:42:35+00:00,validation
NCAA-2023-3151969,2023,4,2023-09-23T19:30:00+00:00,UConn,DUKE,-34,L,NCAA_OFFICIAL_SCOREBOARD_FEED|https://data.ncaa.com/casablanca/scoreboard/football/fbs/2023/04/scoreboard.json,2026-08-22T03:42:35+00:00,validation
NCAA-2023-3154301,2023,4,2023-09-23T19:30:00+00:00,MSU,MD,-22,L,NCAA_OFFICIAL_SCOREBOARD_FEED|https://data.ncaa.com/casablanca/scoreboard/football/fbs/2023/04/scoreboard.json,2026-08-22T03:42:35+00:00,validation
NCAA-2023-3151779,2023,4,2023-09-23T20:00:00+00:00,ISU,OKST,7,W,NCAA_OFFICIAL_SCOREBOARD_FEED|https://data.ncaa.com/casablanca/scoreboard/football/fbs/2023/04/scoreboard.json,2026-08-22T03:42:35+00:00,validation
NCAA-2023-3151797,2023,4,2023-09-23T20:00:00+00:00,TENN,UTSA,31,W,NCAA_OFFICIAL_SCOREBOARD_FEED|https://data.ncaa.com/casablanca/scoreboard/football/fbs/2023/04/scoreboard.json,2026-08-22T03:42:35+00:00,validation
NCAA-2023-3151810,2023,4,2023-09-23T20:00:00+00:00,USF,RICE,13,W,NCAA_OFFICIAL_SCOREBOARD_FEED|https://data.ncaa.com/casablanca/scoreboard/football/fbs/2023/04/scoreboard.json,2026-08-22T03:42:35+00:00,validation
NCAA-2023-3151784,2023,4,2023-09-23T22:30:00+00:00,WAKE,GT,-14,L,NCAA_OFFICIAL_SCOREBOARD_FEED|https://data.ncaa.com/casablanca/scoreboard/football/fbs/2023/04/scoreboard.json,2026-08-22T03:42:35+00:00,validation
NCAA-2023-3151782,2023,4,2023-09-23T23:00:00+00:00,LSU,ARK,3,W,NCAA_OFFICIAL_SCOREBOARD_FEED|https://data.ncaa.com/casablanca/scoreboard/football/fbs/2023/04/scoreboard.json,2026-08-22T03:42:35+00:00,validation
NCAA-2023-3151807,2023,4,2023-09-23T23:00:00+00:00,ARST,USM,7,W,NCAA_OFFICIAL_SCOREBOARD_FEED|https://data.ncaa.com/casablanca/scoreboard/football/fbs/2023/04/scoreboard.json,2026-08-22T03:42:35+00:00,validation
NCAA-2023-3151813,2023,4,2023-09-23T23:00:00+00:00,WSU,ORST,3,W,NCAA_OFFICIAL_SCOREBOARD_FEED|https://data.ncaa.com/casablanca/scoreboard/football/fbs/2023/04/scoreboard.json,2026-08-22T03:42:35+00:00,validation
NCAA-2023-3151814,2023,4,2023-09-23T23:00:00+00:00,STAN,ARIZ,-1,L,NCAA_OFFICIAL_SCOREBOARD_FEED|https://data.ncaa.com/casablanca/scoreboard/football/fbs/2023/04/scoreboard.json,2026-08-22T03:42:35+00:00,validation
NCAA-2023-3151998,2023,4,2023-09-23T23:00:00+00:00,TXST,NEV,11,W,NCAA_OFFICIAL_SCOREBOARD_FEED|https://data.ncaa.com/casablanca/scoreboard/football/fbs/2023/04/scoreboard.json,2026-08-22T03:42:35+00:00,validation
NCAA-2023-3152022,2023,4,2023-09-23T23:00:00+00:00,MTSU,CSU,-8,L,NCAA_OFFICIAL_SCOREBOARD_FEED|https://data.ncaa.com/casablanca/scoreboard/football/fbs/2023/04/scoreboard.json,2026-08-22T03:42:35+00:00,validation
NCAA-2023-3152032,2023,4,2023-09-23T23:00:00+00:00,FLA,CHAR,15,W,NCAA_OFFICIAL_SCOREBOARD_FEED|https://data.ncaa.com/casablanca/scoreboard/football/fbs/2023/04/scoreboard.json,2026-08-22T03:42:35+00:00,validation
NCAA-2023-3146422,2023,4,2023-09-23T23:30:00+00:00,PSU,IOWA,31,W,NCAA_OFFICIAL_SCOREBOARD_FEED|https://data.ncaa.com/casablanca/scoreboard/football/fbs/2023/04/scoreboard.json,2026-08-22T03:42:35+00:00,validation
NCAA-2023-3146428,2023,4,2023-09-23T23:30:00+00:00,ND,OSU,-3,L,NCAA_OFFICIAL_SCOREBOARD_FEED|https://data.ncaa.com/casablanca/scoreboard/football/fbs/2023/04/scoreboard.json,2026-08-22T03:42:35+00:00,validation
NCAA-2023-3146748,2023,4,2023-09-23T23:30:00+00:00,NU,MINN,3,W,NCAA_OFFICIAL_SCOREBOARD_FEED|https://data.ncaa.com/casablanca/scoreboard/football/fbs/2023/04/scoreboard.json,2026-08-22T03:42:35+00:00,validation
NCAA-2023-3151787,2023,4,2023-09-23T23:30:00+00:00,SC,MSST,7,W,NCAA_OFFICIAL_SCOREBOARD_FEED|https://data.ncaa.com/casablanca/scoreboard/football/fbs/2023/04/scoreboard.json,2026-08-22T03:42:35+00:00,validation
NCAA-2023-3151793,2023,4,2023-09-23T23:30:00+00:00,BAY,TEX,-32,L,NCAA_OFFICIAL_SCOREBOARD_FEED|https://data.ncaa.com/casablanca/scoreboard/football/fbs/2023/04/scoreboard.json,2026-08-22T03:42:35+00:00,validation
NCAA-2023-3151804,2023,4,2023-09-23T23:30:00+00:00,UGA,UAB,28,W,NCAA_OFFICIAL_SCOREBOARD_FEED|https://data.ncaa.com/casablanca/scoreboard/football/fbs/2023/04/scoreboard.json,2026-08-22T03:42:35+00:00,validation
NCAA-2023-3151819,2023,4,2023-09-23T23:30:00+00:00,MIZ,MEM,7,W,NCAA_OFFICIAL_SCOREBOARD_FEED|https://data.ncaa.com/casablanca/scoreboard/football/fbs/2023/04/scoreboard.json,2026-08-22T03:42:35+00:00,validation
NCAA-2023-3151796,2023,4,2023-09-24T00:00:00+00:00,PITT,UNC,-17,L,NCAA_OFFICIAL_SCOREBOARD_FEED|https://data.ncaa.com/casablanca/scoreboard/football/fbs/2023/04/scoreboard.json,2026-08-22T03:42:35+00:00,validation
NCAA-2023-3151798,2023,4,2023-09-24T00:00:00+00:00,KSU,UCF,13,W,NCAA_OFFICIAL_SCOREBOARD_FEED|https://data.ncaa.com/casablanca/scoreboard/football/fbs/2023/04/scoreboard.json,2026-08-22T03:42:35+00:00,validation
NCAA-2023-3152040,2023,4,2023-09-24T01:00:00+00:00,UTEP,UNLV,-17,L,NCAA_OFFICIAL_SCOREBOARD_FEED|https://data.ncaa.com/casablanca/scoreboard/football/fbs/2023/04/scoreboard.json,2026-08-22T03:42:35+00:00,validation
NCAA-2023-3151808,2023,4,2023-09-24T02:30:00+00:00,ASU,USC,-14,L,NCAA_OFFICIAL_SCOREBOARD_FEED|https://data.ncaa.com/casablanca/scoreboard/football/fbs/2023/04/scoreboard.json,2026-08-22T03:42:35+00:00,validation
NCAA-2023-3152044,2023,4,2023-09-24T03:30:00+00:00,WASH,CAL,27,W,NCAA_OFFICIAL_SCOREBOARD_FEED|https://data.ncaa.com/casablanca/scoreboard/football/fbs/2023/04/scoreboard.json,2026-08-22T03:42:35+00:00,validation
NCAA-2023-3152008,2023,4,2023-09-24T04:00:00+00:00,HAW,NMSU,3,W,NCAA_OFFICIAL_SCOREBOARD_FEED|https://data.ncaa.com/casablanca/scoreboard/football/fbs/2023/04/scoreboard.json,2026-08-22T03:42:35+00:00,validation
NCAA-2023-3152045,2023,5,2023-09-28T23:30:00+00:00,TLSA,TEM,22,W,NCAA_OFFICIAL_SCOREBOARD_FEED|https://data.ncaa.com/casablanca/scoreboard/football/fbs/2023/05/scoreboard.json,2026-08-22T03:42:35+00:00,validation
NCAA-2023-3152046,2023,5,2023-09-28T23:30:00+00:00,WKU,MTSU,21,W,NCAA_OFFICIAL_SCOREBOARD_FEED|https://data.ncaa.com/casablanca/scoreboard/football/fbs/2023/05/scoreboard.json,2026-08-22T03:42:35+00:00,validation
NCAA-2023-3152055,2023,5,2023-09-29T23:00:00+00:00,NCSU,LOU,-3,L,NCAA_OFFICIAL_SCOREBOARD_FEED|https://data.ncaa.com/casablanca/scoreboard/football/fbs/2023/05/scoreboard.json,2026-08-22T03:42:35+00:00,validation
NCAA-2023-3152048,2023,5,2023-09-30T01:00:00+00:00,ORST,UTAH,14,W,NCAA_OFFICIAL_SCOREBOARD_FEED|https://data.ncaa.com/casablanca/scoreboard/football/fbs/2023/05/scoreboard.json,2026-08-22T03:42:35+00:00,validation
NCAA-2023-3152053,2023,5,2023-09-30T01:00:00+00:00,UTEP,LT,-14,L,NCAA_OFFICIAL_SCOREBOARD_FEED|https://data.ncaa.com/casablanca/scoreboard/football/fbs/2023/05/scoreboard.json,2026-08-22T03:42:35+00:00,validation
NCAA-2023-3152056,2023,5,2023-09-30T02:15:00+00:00,BYU,CIN,8,W,NCAA_OFFICIAL_SCOREBOARD_FEED|https://data.ncaa.com/casablanca/scoreboard/football/fbs/2023/05/scoreboard.json,2026-08-22T03:42:35+00:00,validation
NCAA-2023-3152067,2023,5,2023-09-30T16:00:00+00:00,SYR,CLEM,-17,L,NCAA_OFFICIAL_SCOREBOARD_FEED|https://data.ncaa.com/casablanca/scoreboard/football/fbs/2023/05/scoreboard.json,2026-08-22T03:42:35+00:00,validation
NCAA-2023-3152072,2023,5,2023-09-30T16:00:00+00:00,TLN,UAB,12,W,NCAA_OFFICIAL_SCOREBOARD_FEED|https://data.ncaa.com/casablanca/scoreboard/football/fbs/2023/05/scoreboard.json,2026-08-22T03:42:35+00:00,validation
NCAA-2023-3152073,2023,5,2023-09-30T16:00:00+00:00,UK,FLA,19,W,NCAA_OFFICIAL_SCOREBOARD_FEED|https://data.ncaa.com/casablanca/scoreboard/football/fbs/2023/05/scoreboard.json,2026-08-22T03:42:35+00:00,validation
NCAA-2023-3152094,2023,5,2023-09-30T16:00:00+00:00,COLO,USC,-7,L,NCAA_OFFICIAL_SCOREBOARD_FEED|https://data.ncaa.com/casablanca/scoreboard/football/fbs/2023/05/scoreboard.json,2026-08-22T03:42:35+00:00,validation
NCAA-2023-3152104,2023,5,2023-09-30T16:00:00+00:00,ARK,TA&M,-12,L,NCAA_OFFICIAL_SCOREBOARD_FEED|https://data.ncaa.com/casablanca/scoreboard/football/fbs/2023/05/scoreboard.json,2026-08-22T03:42:35+00:00,validation
NCAA-2023-3152135,2023,5,2023-09-30T16:00:00+00:00,UConn,USU,-1,L,NCAA_OFFICIAL_SCOREBOARD_FEED|https://data.ncaa.com/casablanca/scoreboard/football/fbs/2023/05/scoreboard.json,2026-08-22T03:42:35+00:00,validation
NCAA-2023-32519,2023,5,2023-09-30T16:00:00+00:00,MINN,ULL,11,W,NCAA_OFFICIAL_SCOREBOARD_FEED|https://data.ncaa.com/casablanca/scoreboard/football/fbs/2023/05/scoreboard.json,2026-08-22T03:42:35+00:00,validation
NCAA-2023-32594,2023,5,2023-09-30T16:00:00+00:00,NU,PSU,-28,L,NCAA_OFFICIAL_SCOREBOARD_FEED|https://data.ncaa.com/casablanca/scoreboard/football/fbs/2023/05/scoreboard.json,2026-08-22T03:42:35+00:00,validation
NCAA-2023-33813,2023,5,2023-09-30T18:00:00+00:00,BC,UVA,3,W,NCAA_OFFICIAL_SCOREBOARD_FEED|https://data.ncaa.com/casablanca/scoreboard/football/fbs/2023/05/scoreboard.json,2026-08-22T03:42:35+00:00,validation
NCAA-2023-3152330,2023,5,2023-09-30T19:00:00+00:00,CAL,ASU,3,W,NCAA_OFFICIAL_SCOREBOARD_FEED|https://data.ncaa.com/casablanca/scoreboard/football/fbs/2023/05/scoreboard.json,2026-08-22T03:42:35+00:00,validation
NCAA-2023-3954422,2023,5,2023-09-30T19:00:00+00:00,TTU,HOU,21,W,NCAA_OFFICIAL_SCOREBOARD_FEED|https://data.ncaa.com/casablanca/scoreboard/football/fbs/2023/05/scoreboard.json,2026-08-22T03:42:35+00:00,validation
NCAA-2023-3146986,2023,5,2023-09-30T19:30:00+00:00,PUR,ILL,25,W,NCAA_OFFICIAL_SCOREBOARD_FEED|https://data.ncaa.com/casablanca/scoreboard/football/fbs/2023/05/scoreboard.json,2026-08-22T03:42:35+00:00,validation
NCAA-2023-3147035,2023,5,2023-09-30T19:30:00+00:00,NEB,MICH,-38,L,NCAA_OFFICIAL_SCOREBOARD_FEED|https://data.ncaa.com/casablanca/scoreboard/football/fbs/2023/05/scoreboard.json,2026-08-22T03:42:35+00:00,validation
NCAA-2023-3147083,2023,5,2023-09-30T19:30:00+00:00,MD,IU,27,W,NCAA_OFFICIAL_SCOREBOARD_FEED|https://data.ncaa.com/casablanca/scoreboard/football/fbs/2023/05/scoreboard.json,2026-08-22T03:42:35+00:00,validation
NCAA-2023-3152080,2023,5,2023-09-30T19:30:00+00:00,MRSH,ODU,6,W,NCAA_OFFICIAL_SCOREBOARD_FEED|https://data.ncaa.com/casablanca/scoreboard/football/fbs/2023/05/scoreboard.json,2026-08-22T03:42:35+00:00,validation
NCAA-2023-3152275,2023,5,2023-09-30T19:30:00+00:00,NAVY,USF,-14,L,NCAA_OFFICIAL_SCOREBOARD_FEED|https://data.ncaa.com/casablanca/scoreboard/football/fbs/2023/05/scoreboard.json,2026-08-22T03:42:35+00:00,validation
NCAA-2023-33803,2023,5,2023-09-30T19:30:00+00:00,AUB,UGA,-7,L,NCAA_OFFICIAL_SCOREBOARD_FEED|https://data.ncaa.com/casablanca/scoreboard/football/fbs/2023/05/scoreboard.json,2026-08-22T03:42:35+00:00,validation
NCAA-2023-33807,2023,5,2023-09-30T19:30:00+00:00,TEX,KU,26,W,NCAA_OFFICIAL_SCOREBOARD_FEED|https://data.ncaa.com/casablanca/scoreboard/football/fbs/2023/05/scoreboard.json,2026-08-22T03:42:35+00:00,validation
NCAA-2023-33824,2023,5,2023-09-30T19:30:00+00:00,UCF,BAY,-1,L,NCAA_OFFICIAL_SCOREBOARD_FEED|https://data.ncaa.com/casablanca/scoreboard/football/fbs/2023/05/scoreboard.json,2026-08-22T03:42:35+00:00,validation
NCAA-2023-3152221,2023,5,2023-09-30T20:00:00+00:00,UNLV,HAW,24,W,NCAA_OFFICIAL_SCOREBOARD_FEED|https://data.ncaa.com/casablanca/scoreboard/football/fbs/2023/05/scoreboard.json,2026-08-22T03:42:35+00:00,validation
NCAA-2023-33796,2023,5,2023-09-30T20:00:00+00:00,MEM,BOISE,3,W,NCAA_OFFICIAL_SCOREBOARD_FEED|https://data.ncaa.com/casablanca/scoreboard/football/fbs/2023/05/scoreboard.json,2026-08-22T03:42:35+00:00,validation
NCAA-2023-33811,2023,5,2023-09-30T20:00:00+00:00,VAN,MIZ,-17,L,NCAA_OFFICIAL_SCOREBOARD_FEED|https://data.ncaa.com/casablanca/scoreboard/football/fbs/2023/05/scoreboard.json,2026-08-22T03:42:35+00:00,validation
NCAA-2023-33972,2023,5,2023-09-30T20:00:00+00:00,WYO,NM,9,W,NCAA_OFFICIAL_SCOREBOARD_FEED|https://data.ncaa.com/casablanca/scoreboard/football/fbs/2023/05/scoreboard.json,2026-08-22T03:42:35+00:00,validation
NCAA-2023-33793,2023,5,2023-09-30T22:00:00+00:00,MISS,LSU,6,W,NCAA_OFFICIAL_SCOREBOARD_FEED|https://data.ncaa.com/casablanca/scoreboard/football/fbs/2023/05/scoreboard.json,2026-08-22T03:42:35+00:00,validation
NCAA-2023-33821,2023,5,2023-09-30T22:30:00+00:00,STAN,ORE,-36,L,NCAA_OFFICIAL_SCOREBOARD_FEED|https://data.ncaa.com/casablanca/scoreboard/football/fbs/2023/05/scoreboard.json,2026-08-22T03:42:35+00:00,validation
NCAA-2023-3152076,2023,5,2023-09-30T23:00:00+00:00,RICE,ECU,7,W,NCAA_OFFICIAL_SCOREBOARD_FEED|https://data.ncaa.com/casablanca/scoreboard/football/fbs/2023/05/scoreboard.json,2026-08-22T03:42:35+00:00,validation
NCAA-2023-3152089,2023,5,2023-09-30T23:00:00+00:00,GAST,TROY,-21,L,NCAA_OFFICIAL_SCOREBOARD_FEED|https://data.ncaa.com/casablanca/scoreboard/football/fbs/2023/05/scoreboard.json,2026-08-22T03:42:35+00:00,validation
NCAA-2023-3152090,2023,5,2023-09-30T23:00:00+00:00,USM,TXST,-14,L,NCAA_OFFICIAL_SCOREBOARD_FEED|https://data.ncaa.com/casablanca/scoreboard/football/fbs/2023/05/scoreboard.json,2026-08-22T03:42:35+00:00,validation
NCAA-2023-3152095,2023,5,2023-09-30T23:00:00+00:00,OU,ISU,30,W,NCAA_OFFICIAL_SCOREBOARD_FEED|https://data.ncaa.com/casablanca/scoreboard/football/fbs/2023/05/scoreboard.json,2026-08-22T03:42:35+00:00,validation
NCAA-2023-3152298,2023,5,2023-09-30T23:00:00+00:00,GASO,CCU,10,W,NCAA_OFFICIAL_SCOREBOARD_FEED|https://data.ncaa.com/casablanca/scoreboard/football/fbs/2023/05/scoreboard.json,2026-08-22T03:42:35+00:00,validation
NCAA-2023-3146423,2023,5,2023-09-30T23:30:00+00:00,IOWA,MSU,10,W,NCAA_OFFICIAL_SCOREBOARD_FEED|https://data.ncaa.com/casablanca/scoreboard/football/fbs/2023/05/scoreboard.json,2026-08-22T03:42:35+00:00,validation
NCAA-2023-3152058,2023,5,2023-09-30T23:30:00+00:00,SMU,CHAR,18,W,NCAA_OFFICIAL_SCOREBOARD_FEED|https://data.ncaa.com/casablanca/scoreboard/football/fbs/2023/05/scoreboard.json,2026-08-22T03:42:35+00:00,validation
NCAA-2023-3152074,2023,5,2023-09-30T23:30:00+00:00,TENN,SC,21,W,NCAA_OFFICIAL_SCOREBOARD_FEED|https://data.ncaa.com/casablanca/scoreboard/football/fbs/2023/05/scoreboard.json,2026-08-22T03:42:35+00:00,validation
NCAA-2023-3152086,2023,5,2023-09-30T23:30:00+00:00,DUKE,ND,-7,L,NCAA_OFFICIAL_SCOREBOARD_FEED|https://data.ncaa.com/casablanca/scoreboard/football/fbs/2023/05/scoreboard.json,2026-08-22T03:42:35+00:00,validation
NCAA-2023-3152063,2023,5,2023-10-01T00:00:00+00:00,VT,PITT,17,W,NCAA_OFFICIAL_SCOREBOARD_FEED|https://data.ncaa.com/casablanca/scoreboard/football/fbs/2023/05/scoreboard.json,2026-08-22T03:42:35+00:00,validation
NCAA-2023-3152318,2023,5,2023-10-01T00:00:00+00:00,AF,SDSU,39,W,NCAA_OFFICIAL_SCOREBOARD_FEED|https://data.ncaa.com/casablanca/scoreboard/football/fbs/2023/05/scoreboard.json,2026-08-22T03:42:35+00:00,validation
NCAA-2023-33797,2023,5,2023-10-01T00:00:00+00:00,TCU,WVU,-3,L,NCAA_OFFICIAL_SCOREBOARD_FEED|https://data.ncaa.com/casablanca/scoreboard/football/fbs/2023/05/scoreboard.json,2026-08-22T03:42:35+00:00,validation
NCAA-2023-33794,2023,5,2023-10-01T01:00:00+00:00,MSST,ALA,-23,L,NCAA_OFFICIAL_SCOREBOARD_FEED|https://data.ncaa.com/casablanca/scoreboard/football/fbs/2023/05/scoreboard.json,2026-08-22T03:42:35+00:00,validation
NCAA-2023-3152062,2023,5,2023-10-01T02:00:00+00:00,ARIZ,WASH,-7,L,NCAA_OFFICIAL_SCOREBOARD_FEED|https://data.ncaa.com/casablanca/scoreboard/football/fbs/2023/05/scoreboard.json,2026-08-22T03:42:35+00:00,validation
NCAA-2023-33805,2023,5,2023-10-01T02:30:00+00:00,FRES,NEV,18,W,NCAA_OFFICIAL_SCOREBOARD_FEED|https://data.ncaa.com/casablanca/scoreboard/football/fbs/2023/05/scoreboard.json,2026-08-22T03:42:35+00:00,validation
NCAA-2023-3152340,2023,6,2023-10-05T01:00:00+00:00,NMSU,FIU,17,W,NCAA_OFFICIAL_SCOREBOARD_FEED|https://data.ncaa.com/casablanca/scoreboard/football/fbs/2023/06/scoreboard.json,2026-08-22T03:42:36+00:00,validation
NCAA-2023-3152342,2023,6,2023-10-06T00:00:00+00:00,LT,WKU,-7,L,NCAA_OFFICIAL_SCOREBOARD_FEED|https://data.ncaa.com/casablanca/scoreboard/football/fbs/2023/06/scoreboard.json,2026-08-22T03:42:36+00:00,validation
NCAA-2023-3152345,2023,6,2023-10-06T23:30:00+00:00,OKST,KSU,8,W,NCAA_OFFICIAL_SCOREBOARD_FEED|https://data.ncaa.com/casablanca/scoreboard/football/fbs/2023/06/scoreboard.json,2026-08-22T03:42:36+00:00,validation
NCAA-2023-3147036,2023,6,2023-10-07T00:00:00+00:00,ILL,NEB,-13,L,NCAA_OFFICIAL_SCOREBOARD_FEED|https://data.ncaa.com/casablanca/scoreboard/football/fbs/2023/06/scoreboard.json,2026-08-22T03:42:36+00:00,validation
NCAA-2023-3146434,2023,6,2023-10-07T16:00:00+00:00,WIS,RUTG,11,W,NCAA_OFFICIAL_SCOREBOARD_FEED|https://data.ncaa.com/casablanca/scoreboard/football/fbs/2023/06/scoreboard.json,2026-08-22T03:42:36+00:00,validation
NCAA-2023-3146447,2023,6,2023-10-07T16:00:00+00:00,OSU,MD,20,W,NCAA_OFFICIAL_SCOREBOARD_FEED|https://data.ncaa.com/casablanca/scoreboard/football/fbs/2023/06/scoreboard.json,2026-08-22T03:42:36+00:00,validation
NCAA-2023-3152371,2023,6,2023-10-07T16:00:00+00:00,MIZ,LSU,-10,L,NCAA_OFFICIAL_SCOREBOARD_FEED|https://data.ncaa.com/casablanca/scoreboard/football/fbs/2023/06/scoreboard.json,2026-08-22T03:42:36+00:00,validation
NCAA-2023-3152386,2023,6,2023-10-07T16:00:00+00:00,TEX,OU,-4,L,NCAA_OFFICIAL_SCOREBOARD_FEED|https://data.ncaa.com/casablanca/scoreboard/football/fbs/2023/06/scoreboard.json,2026-08-22T03:42:36+00:00,validation
NCAA-2023-3152405,2023,6,2023-10-07T16:00:00+00:00,ARMY,BC,-3,L,NCAA_OFFICIAL_SCOREBOARD_FEED|https://data.ncaa.com/casablanca/scoreboard/football/fbs/2023/06/scoreboard.json,2026-08-22T03:42:36+00:00,validation
NCAA-2023-3152356,2023,6,2023-10-07T18:00:00+00:00,TEM,UTSA,-15,L,NCAA_OFFICIAL_SCOREBOARD_FEED|https://data.ncaa.com/casablanca/scoreboard/football/fbs/2023/06/scoreboard.json,2026-08-22T03:42:36+00:00,validation
NCAA-2023-3152374,2023,6,2023-10-07T18:00:00+00:00,NCSU,MRSH,7,W,NCAA_OFFICIAL_SCOREBOARD_FEED|https://data.ncaa.com/casablanca/scoreboard/football/fbs/2023/06/scoreboard.json,2026-08-22T03:42:36+00:00,validation
NCAA-2023-3152369,2023,6,2023-10-07T19:00:00+00:00,UCLA,WSU,8,W,NCAA_OFFICIAL_SCOREBOARD_FEED|https://data.ncaa.com/casablanca/scoreboard/football/fbs/2023/06/scoreboard.json,2026-08-22T03:42:36+00:00,validation
NCAA-2023-3146441,2023,6,2023-10-07T19:30:00+00:00,IOWA,PUR,6,W,NCAA_OFFICIAL_SCOREBOARD_FEED|https://data.ncaa.com/casablanca/scoreboard/football/fbs/2023/06/scoreboard.json,2026-08-22T03:42:36+00:00,validation
NCAA-2023-3152351,2023,6,2023-10-07T19:30:00+00:00,ULL,TXST,4,W,NCAA_OFFICIAL_SCOREBOARD_FEED|https://data.ncaa.com/casablanca/scoreboard/football/fbs/2023/06/scoreboard.json,2026-08-22T03:42:36+00:00,validation
NCAA-2023-3152359,2023,6,2023-10-07T19:30:00+00:00,CLEM,WAKE,5,W,NCAA_OFFICIAL_SCOREBOARD_FEED|https://data.ncaa.com/casablanca/scoreboard/football/fbs/2023/06/scoreboard.json,2026-08-22T03:42:36+00:00,validation
NCAA-2023-3152360,2023,6,2023-10-07T19:30:00+00:00,TA&M,ALA,-6,L,NCAA_OFFICIAL_SCOREBOARD_FEED|https://data.ncaa.com/casablanca/scoreboard/football/fbs/2023/06/scoreboard.json,2026-08-22T03:42:36+00:00,validation
NCAA-2023-3152364,2023,6,2023-10-07T19:30:00+00:00,FSU,VT,22,W,NCAA_OFFICIAL_SCOREBOARD_FEED|https://data.ncaa.com/casablanca/scoreboard/football/fbs/2023/06/scoreboard.json,2026-08-22T03:42:36+00:00,validation
NCAA-2023-3152368,2023,6,2023-10-07T19:30:00+00:00,UNC,SYR,33,W,NCAA_OFFICIAL_SCOREBOARD_FEED|https://data.ncaa.com/casablanca/scoreboard/football/fbs/2023/06/scoreboard.json,2026-08-22T03:42:36+00:00,validation
NCAA-2023-3152569,2023,6,2023-10-07T19:30:00+00:00,NAVY,UNT,3,W,NCAA_OFFICIAL_SCOREBOARD_FEED|https://data.ncaa.com/casablanca/scoreboard/football/fbs/2023/06/scoreboard.json,2026-08-22T03:42:36+00:00,validation
NCAA-2023-3152349,2023,6,2023-10-07T20:00:00+00:00,FLA,VAN,24,W,NCAA_OFFICIAL_SCOREBOARD_FEED|https://data.ncaa.com/casablanca/scoreboard/football/fbs/2023/06/scoreboard.json,2026-08-22T03:42:36+00:00,validation
NCAA-2023-3152376,2023,6,2023-10-07T20:00:00+00:00,UAB,USF,21,W,NCAA_OFFICIAL_SCOREBOARD_FEED|https://data.ncaa.com/casablanca/scoreboard/football/fbs/2023/06/scoreboard.json,2026-08-22T03:42:36+00:00,validation
NCAA-2023-3152383,2023,6,2023-10-07T20:00:00+00:00,KU,UCF,29,W,NCAA_OFFICIAL_SCOREBOARD_FEED|https://data.ncaa.com/casablanca/scoreboard/football/fbs/2023/06/scoreboard.json,2026-08-22T03:42:36+00:00,validation
NCAA-2023-3152563,2023,6,2023-10-07T20:00:00+00:00,TROY,ARST,34,W,NCAA_OFFICIAL_SCOREBOARD_FEED|https://data.ncaa.com/casablanca/scoreboard/football/fbs/2023/06/scoreboard.json,2026-08-22T03:42:36+00:00,validation
NCAA-2023-3152365,2023,6,2023-10-07T21:00:00+00:00,RICE,UConn,-7,L,NCAA_OFFICIAL_SCOREBOARD_FEED|https://data.ncaa.com/casablanca/scoreboard/football/fbs/2023/06/scoreboard.json,2026-08-22T03:42:36+00:00,validation
NCAA-2023-3152377,2023,6,2023-10-07T22:00:00+00:00,FAU,TLSA,3,W,NCAA_OFFICIAL_SCOREBOARD_FEED|https://data.ncaa.com/casablanca/scoreboard/football/fbs/2023/06/scoreboard.json,2026-08-22T03:42:36+00:00,validation
NCAA-2023-3152380,2023,6,2023-10-07T22:30:00+00:00,ASU,COLO,-3,L,NCAA_OFFICIAL_SCOREBOARD_FEED|https://data.ncaa.com/casablanca/scoreboard/football/fbs/2023/06/scoreboard.json,2026-08-22T03:42:36+00:00,validation
NCAA-2023-3152373,2023,6,2023-10-07T23:00:00+00:00,UGA,UK,38,W,NCAA_OFFICIAL_SCOREBOARD_FEED|https://data.ncaa.com/casablanca/scoreboard/football/fbs/2023/06/scoreboard.json,2026-08-22T03:42:36+00:00,validation
NCAA-2023-3152381,2023,6,2023-10-07T23:00:00+00:00,USM,ODU,-4,L,NCAA_OFFICIAL_SCOREBOARD_FEED|https://data.ncaa.com/casablanca/scoreboard/football/fbs/2023/06/scoreboard.json,2026-08-22T03:42:36+00:00,validation
NCAA-2023-3146758,2023,6,2023-10-07T23:30:00+00:00,MINN,MICH,-42,L,NCAA_OFFICIAL_SCOREBOARD_FEED|https://data.ncaa.com/casablanca/scoreboard/football/fbs/2023/06/scoreboard.json,2026-08-22T03:42:36+00:00,validation
NCAA-2023-3152354,2023,6,2023-10-07T23:30:00+00:00,MISS,ARK,7,W,NCAA_OFFICIAL_SCOREBOARD_FEED|https://data.ncaa.com/casablanca/scoreboard/football/fbs/2023/06/scoreboard.json,2026-08-22T03:42:36+00:00,validation
NCAA-2023-3152362,2023,6,2023-10-07T23:30:00+00:00,LOU,ND,13,W,NCAA_OFFICIAL_SCOREBOARD_FEED|https://data.ncaa.com/casablanca/scoreboard/football/fbs/2023/06/scoreboard.json,2026-08-22T03:42:36+00:00,validation
NCAA-2023-3152350,2023,6,2023-10-08T00:00:00+00:00,ISU,TCU,13,W,NCAA_OFFICIAL_SCOREBOARD_FEED|https://data.ncaa.com/casablanca/scoreboard/football/fbs/2023/06/scoreboard.json,2026-08-22T03:42:36+00:00,validation
NCAA-2023-3152363,2023,6,2023-10-08T00:00:00+00:00,BAY,TTU,-25,L,NCAA_OFFICIAL_SCOREBOARD_FEED|https://data.ncaa.com/casablanca/scoreboard/football/fbs/2023/06/scoreboard.json,2026-08-22T03:42:36+00:00,validation
NCAA-2023-3152366,2023,6,2023-10-08T00:00:00+00:00,USU,CSU,20,W,NCAA_OFFICIAL_SCOREBOARD_FEED|https://data.ncaa.com/casablanca/scoreboard/football/fbs/2023/06/scoreboard.json,2026-08-22T03:42:36+00:00,validation
NCAA-2023-3152372,2023,6,2023-10-08T00:00:00+00:00,MIA,GT,-3,L,NCAA_OFFICIAL_SCOREBOARD_FEED|https://data.ncaa.com/casablanca/scoreboard/football/fbs/2023/06/scoreboard.json,2026-08-22T03:42:36+00:00,validation
NCAA-2023-3152375,2023,6,2023-10-08T00:00:00+00:00,WYO,FRES,5,W,NCAA_OFFICIAL_SCOREBOARD_FEED|https://data.ncaa.com/casablanca/scoreboard/football/fbs/2023/06/scoreboard.json,2026-08-22T03:42:36+00:00,validation
NCAA-2023-3152604,2023,6,2023-10-08T00:00:00+00:00,BOISE,SJSU,8,W,NCAA_OFFICIAL_SCOREBOARD_FEED|https://data.ncaa.com/casablanca/scoreboard/football/fbs/2023/06/scoreboard.json,2026-08-22T03:42:36+00:00,validation
NCAA-2023-3152361,2023,6,2023-10-08T02:00:00+00:00,CAL,ORST,-12,L,NCAA_OFFICIAL_SCOREBOARD_FEED|https://data.ncaa.com/casablanca/scoreboard/football/fbs/2023/06/scoreboard.json,2026-08-22T03:42:36+00:00,validation
NCAA-2023-3152379,2023,6,2023-10-08T02:30:00+00:00,USC,ARIZ,2,W,NCAA_OFFICIAL_SCOREBOARD_FEED|https://data.ncaa.com/casablanca/scoreboard/football/fbs/2023/06/scoreboard.json,2026-08-22T03:42:36+00:00,validation
NCAA-2023-3152624,2023,7,2023-10-10T23:00:00+00:00,MTSU,LT,8,W,NCAA_OFFICIAL_SCOREBOARD_FEED|https://data.ncaa.com/casablanca/scoreboard/football/fbs/2023/07/scoreboard.json,2026-08-22T03:42:37+00:00,validation
NCAA-2023-3152628,2023,7,2023-10-11T23:30:00+00:00,FIU,UTEP,-13,L,NCAA_OFFICIAL_SCOREBOARD_FEED|https://data.ncaa.com/casablanca/scoreboard/football/fbs/2023/07/scoreboard.json,2026-08-22T03:42:37+00:00,validation
NCAA-2023-3152629,2023,7,2023-10-12T23:00:00+00:00,HOU,WVU,2,W,NCAA_OFFICIAL_SCOREBOARD_FEED|https://data.ncaa.com/casablanca/scoreboard/football/fbs/2023/07/scoreboard.json,2026-08-22T03:42:37+00:00,validation
NCAA-2023-3152632,2023,7,2023-10-12T23:30:00+00:00,ECU,SMU,-21,L,NCAA_OFFICIAL_SCOREBOARD_FEED|https://data.ncaa.com/casablanca/scoreboard/football/fbs/2023/07/scoreboard.json,2026-08-22T03:42:37+00:00,validation
NCAA-2023-3152633,2023,7,2023-10-13T23:00:00+00:00,MEM,TLN,-10,L,NCAA_OFFICIAL_SCOREBOARD_FEED|https://data.ncaa.com/casablanca/scoreboard/football/fbs/2023/07/scoreboard.json,2026-08-22T03:42:37+00:00,validation
NCAA-2023-3152634,2023,7,2023-10-14T00:00:00+00:00,USU,FRES,-5,L,NCAA_OFFICIAL_SCOREBOARD_FEED|https://data.ncaa.com/casablanca/scoreboard/football/fbs/2023/07/scoreboard.json,2026-08-22T03:42:37+00:00,validation
NCAA-2023-3152635,2023,7,2023-10-14T02:00:00+00:00,COLO,STAN,-3,L,NCAA_OFFICIAL_SCOREBOARD_FEED|https://data.ncaa.com/casablanca/scoreboard/football/fbs/2023/07/scoreboard.json,2026-08-22T03:42:37+00:00,validation
NCAA-2023-3146429,2023,7,2023-10-14T16:00:00+00:00,PUR,OSU,-34,L,NCAA_OFFICIAL_SCOREBOARD_FEED|https://data.ncaa.com/casablanca/scoreboard/football/fbs/2023/07/scoreboard.json,2026-08-22T03:42:37+00:00,validation
NCAA-2023-3147084,2023,7,2023-10-14T16:00:00+00:00,MICH,IU,45,W,NCAA_OFFICIAL_SCOREBOARD_FEED|https://data.ncaa.com/casablanca/scoreboard/football/fbs/2023/07/scoreboard.json,2026-08-22T03:42:37+00:00,validation
NCAA-2023-3147140,2023,7,2023-10-14T16:00:00+00:00,RUTG,MSU,3,W,NCAA_OFFICIAL_SCOREBOARD_FEED|https://data.ncaa.com/casablanca/scoreboard/football/fbs/2023/07/scoreboard.json,2026-08-22T03:42:37+00:00,validation
NCAA-2023-3152644,2023,7,2023-10-14T16:00:00+00:00,UNT,TEM,31,W,NCAA_OFFICIAL_SCOREBOARD_FEED|https://data.ncaa.com/casablanca/scoreboard/football/fbs/2023/07/scoreboard.json,2026-08-22T03:42:37+00:00,validation
NCAA-2023-3152646,2023,7,2023-10-14T16:00:00+00:00,FSU,SYR,38,W,NCAA_OFFICIAL_SCOREBOARD_FEED|https://data.ncaa.com/casablanca/scoreboard/football/fbs/2023/07/scoreboard.json,2026-08-22T03:42:37+00:00,validation
NCAA-2023-3152658,2023,7,2023-10-14T16:00:00+00:00,VAN,UGA,-17,L,NCAA_OFFICIAL_SCOREBOARD_FEED|https://data.ncaa.com/casablanca/scoreboard/football/fbs/2023/07/scoreboard.json,2026-08-22T03:42:37+00:00,validation
NCAA-2023-3152660,2023,7,2023-10-14T16:00:00+00:00,ALA,ARK,3,W,NCAA_OFFICIAL_SCOREBOARD_FEED|https://data.ncaa.com/casablanca/scoreboard/football/fbs/2023/07/scoreboard.json,2026-08-22T03:42:37+00:00,validation
NCAA-2023-3152667,2023,7,2023-10-14T16:00:00+00:00,CIN,ISU,-20,L,NCAA_OFFICIAL_SCOREBOARD_FEED|https://data.ncaa.com/casablanca/scoreboard/football/fbs/2023/07/scoreboard.json,2026-08-22T03:42:37+00:00,validation
NCAA-2023-3152659,2023,7,2023-10-14T18:00:00+00:00,CHAR,NAVY,-14,L,NCAA_OFFICIAL_SCOREBOARD_FEED|https://data.ncaa.com/casablanca/scoreboard/football/fbs/2023/07/scoreboard.json,2026-08-22T03:42:37+00:00,validation
NCAA-2023-3152641,2023,7,2023-10-14T19:00:00+00:00,UTAH,CAL,20,W,NCAA_OFFICIAL_SCOREBOARD_FEED|https://data.ncaa.com/casablanca/scoreboard/football/fbs/2023/07/scoreboard.json,2026-08-22T03:42:37+00:00,validation
NCAA-2023-3147202,2023,7,2023-10-14T19:30:00+00:00,MD,ILL,-3,L,NCAA_OFFICIAL_SCOREBOARD_FEED|https://data.ncaa.com/casablanca/scoreboard/football/fbs/2023/07/scoreboard.json,2026-08-22T03:42:37+00:00,validation
NCAA-2023-3152637,2023,7,2023-10-14T19:30:00+00:00,VT,WAKE,17,W,NCAA_OFFICIAL_SCOREBOARD_FEED|https://data.ncaa.com/casablanca/scoreboard/football/fbs/2023/07/scoreboard.json,2026-08-22T03:42:37+00:00,validation
NCAA-2023-3152640,2023,7,2023-10-14T19:30:00+00:00,SC,FLA,-2,L,NCAA_OFFICIAL_SCOREBOARD_FEED|https://data.ncaa.com/casablanca/scoreboard/football/fbs/2023/07/scoreboard.json,2026-08-22T03:42:37+00:00,validation
NCAA-2023-3152642,2023,7,2023-10-14T19:30:00+00:00,OKST,KU,7,W,NCAA_OFFICIAL_SCOREBOARD_FEED|https://data.ncaa.com/casablanca/scoreboard/football/fbs/2023/07/scoreboard.json,2026-08-22T03:42:37+00:00,validation
NCAA-2023-3152643,2023,7,2023-10-14T19:30:00+00:00,TCU,BYU,33,W,NCAA_OFFICIAL_SCOREBOARD_FEED|https://data.ncaa.com/casablanca/scoreboard/football/fbs/2023/07/scoreboard.json,2026-08-22T03:42:37+00:00,validation
NCAA-2023-3152649,2023,7,2023-10-14T19:30:00+00:00,TENN,TA&M,7,W,NCAA_OFFICIAL_SCOREBOARD_FEED|https://data.ncaa.com/casablanca/scoreboard/football/fbs/2023/07/scoreboard.json,2026-08-22T03:42:37+00:00,validation
NCAA-2023-3152653,2023,7,2023-10-14T19:30:00+00:00,WASH,ORE,3,W,NCAA_OFFICIAL_SCOREBOARD_FEED|https://data.ncaa.com/casablanca/scoreboard/football/fbs/2023/07/scoreboard.json,2026-08-22T03:42:37+00:00,validation
NCAA-2023-3152665,2023,7,2023-10-14T19:30:00+00:00,USF,FAU,-42,L,NCAA_OFFICIAL_SCOREBOARD_FEED|https://data.ncaa.com/casablanca/scoreboard/football/fbs/2023/07/scoreboard.json,2026-08-22T03:42:37+00:00,validation
NCAA-2023-3152869,2023,7,2023-10-14T19:30:00+00:00,ARMY,TROY,-19,L,NCAA_OFFICIAL_SCOREBOARD_FEED|https://data.ncaa.com/casablanca/scoreboard/football/fbs/2023/07/scoreboard.json,2026-08-22T03:42:37+00:00,validation
NCAA-2023-3146442,2023,7,2023-10-14T20:00:00+00:00,WIS,IOWA,-9,L,NCAA_OFFICIAL_SCOREBOARD_FEED|https://data.ncaa.com/casablanca/scoreboard/football/fbs/2023/07/scoreboard.json,2026-08-22T03:42:37+00:00,validation
NCAA-2023-3152837,2023,7,2023-10-14T21:00:00+00:00,NEV,UNLV,-18,L,NCAA_OFFICIAL_SCOREBOARD_FEED|https://data.ncaa.com/casablanca/scoreboard/football/fbs/2023/07/scoreboard.json,2026-08-22T03:42:37+00:00,validation
NCAA-2023-3152886,2023,7,2023-10-14T22:00:00+00:00,NM,SJSU,-28,L,NCAA_OFFICIAL_SCOREBOARD_FEED|https://data.ncaa.com/casablanca/scoreboard/football/fbs/2023/07/scoreboard.json,2026-08-22T03:42:37+00:00,validation
NCAA-2023-3152648,2023,7,2023-10-14T22:30:00+00:00,PITT,LOU,17,W,NCAA_OFFICIAL_SCOREBOARD_FEED|https://data.ncaa.com/casablanca/scoreboard/football/fbs/2023/07/scoreboard.json,2026-08-22T03:42:37+00:00,validation
NCAA-2023-3152636,2023,7,2023-10-14T23:00:00+00:00,LSU,AUB,30,W,NCAA_OFFICIAL_SCOREBOARD_FEED|https://data.ncaa.com/casablanca/scoreboard/football/fbs/2023/07/scoreboard.json,2026-08-22T03:42:37+00:00,validation
NCAA-2023-3152652,2023,7,2023-10-14T23:00:00+00:00,TTU,KSU,-17,L,NCAA_OFFICIAL_SCOREBOARD_FEED|https://data.ncaa.com/casablanca/scoreboard/football/fbs/2023/07/scoreboard.json,2026-08-22T03:42:37+00:00,validation
NCAA-2023-3152664,2023,7,2023-10-14T23:00:00+00:00,GAST,MRSH,17,W,NCAA_OFFICIAL_SCOREBOARD_FEED|https://data.ncaa.com/casablanca/scoreboard/football/fbs/2023/07/scoreboard.json,2026-08-22T03:42:37+00:00,validation
NCAA-2023-3152666,2023,7,2023-10-14T23:00:00+00:00,WSU,ARIZ,-38,L,NCAA_OFFICIAL_SCOREBOARD_FEED|https://data.ncaa.com/casablanca/scoreboard/football/fbs/2023/07/scoreboard.json,2026-08-22T03:42:37+00:00,validation
NCAA-2023-3152892,2023,7,2023-10-14T23:00:00+00:00,AF,WYO,7,W,NCAA_OFFICIAL_SCOREBOARD_FEED|https://data.ncaa.com/casablanca/scoreboard/football/fbs/2023/07/scoreboard.json,2026-08-22T03:42:37+00:00,validation
NCAA-2023-3152899,2023,7,2023-10-14T23:00:00+00:00,TXST,ULM,1,W,NCAA_OFFICIAL_SCOREBOARD_FEED|https://data.ncaa.com/casablanca/scoreboard/football/fbs/2023/07/scoreboard.json,2026-08-22T03:42:37+00:00,validation
NCAA-2023-3152647,2023,7,2023-10-14T23:30:00+00:00,UK,MIZ,-17,L,NCAA_OFFICIAL_SCOREBOARD_FEED|https://data.ncaa.com/casablanca/scoreboard/football/fbs/2023/07/scoreboard.json,2026-08-22T03:42:37+00:00,validation
NCAA-2023-3152654,2023,7,2023-10-14T23:30:00+00:00,UNC,MIA,10,W,NCAA_OFFICIAL_SCOREBOARD_FEED|https://data.ncaa.com/casablanca/scoreboard/football/fbs/2023/07/scoreboard.json,2026-08-22T03:42:37+00:00,validation
NCAA-2023-3152917,2023,7,2023-10-14T23:30:00+00:00,ND,USC,28,W,NCAA_OFFICIAL_SCOREBOARD_FEED|https://data.ncaa.com/casablanca/scoreboard/football/fbs/2023/07/scoreboard.json,2026-08-22T03:42:37+00:00,validation
NCAA-2023-3152638,2023,7,2023-10-15T00:00:00+00:00,ORST,UCLA,12,W,NCAA_OFFICIAL_SCOREBOARD_FEED|https://data.ncaa.com/casablanca/scoreboard/football/fbs/2023/07/scoreboard.json,2026-08-22T03:42:37+00:00,validation
NCAA-2023-3152661,2023,7,2023-10-15T00:00:00+00:00,DUKE,NCSU,21,W,NCAA_OFFICIAL_SCOREBOARD_FEED|https://data.ncaa.com/casablanca/scoreboard/football/fbs/2023/07/scoreboard.json,2026-08-22T03:42:37+00:00,validation
NCAA-2023-3152663,2023,7,2023-10-15T00:00:00+00:00,UTSA,UAB,21,W,NCAA_OFFICIAL_SCOREBOARD_FEED|https://data.ncaa.com/casablanca/scoreboard/football/fbs/2023/07/scoreboard.json,2026-08-22T03:42:37+00:00,validation
NCAA-2023-3152651,2023,7,2023-10-15T01:45:00+00:00,CSU,BOISE,1,W,NCAA_OFFICIAL_SCOREBOARD_FEED|https://data.ncaa.com/casablanca/scoreboard/football/fbs/2023/07/scoreboard.json,2026-08-22T03:42:37+00:00,validation
NCAA-2023-3152890,2023,7,2023-10-15T03:00:00+00:00,HAW,SDSU,-7,L,NCAA_OFFICIAL_SCOREBOARD_FEED|https://data.ncaa.com/casablanca/scoreboard/football/fbs/2023/07/scoreboard.json,2026-08-22T03:42:37+00:00,validation
NCAA-2023-3152922,2023,8,2023-10-19T01:00:00+00:00,UTEP,NMSU,-21,L,NCAA_OFFICIAL_SCOREBOARD_FEED|https://data.ncaa.com/casablanca/scoreboard/football/fbs/2023/08/scoreboard.json,2026-08-22T03:42:37+00:00,validation
NCAA-2023-3152923,2023,8,2023-10-19T23:00:00+00:00,TLSA,RICE,-32,L,NCAA_OFFICIAL_SCOREBOARD_FEED|https://data.ncaa.com/casablanca/scoreboard/football/fbs/2023/08/scoreboard.json,2026-08-22T03:42:37+00:00,validation
NCAA-2023-3152927,2023,8,2023-10-20T23:00:00+00:00,TEM,SMU,-55,L,NCAA_OFFICIAL_SCOREBOARD_FEED|https://data.ncaa.com/casablanca/scoreboard/football/fbs/2023/08/scoreboard.json,2026-08-22T03:42:37+00:00,validation
NCAA-2023-3146448,2023,8,2023-10-21T16:00:00+00:00,OSU,PSU,8,W,NCAA_OFFICIAL_SCOREBOARD_FEED|https://data.ncaa.com/casablanca/scoreboard/football/fbs/2023/08/scoreboard.json,2026-08-22T03:42:37+00:00,validation
NCAA-2023-3147085,2023,8,2023-10-21T16:00:00+00:00,IU,RUTG,-17,L,NCAA_OFFICIAL_SCOREBOARD_FEED|https://data.ncaa.com/casablanca/scoreboard/football/fbs/2023/08/scoreboard.json,2026-08-22T03:42:37+00:00,validation
NCAA-2023-3152930,2023,8,2023-10-21T16:00:00+00:00,ARK,MSST,-4,L,NCAA_OFFICIAL_SCOREBOARD_FEED|https://data.ncaa.com/casablanca/scoreboard/football/fbs/2023/08/scoreboard.json,2026-08-22T03:42:37+00:00,validation
NCAA-2023-3152951,2023,8,2023-10-21T16:00:00+00:00,GT,BC,-15,L,NCAA_OFFICIAL_SCOREBOARD_FEED|https://data.ncaa.com/casablanca/scoreboard/football/fbs/2023/08/scoreboard.json,2026-08-22T03:42:37+00:00,validation
NCAA-2023-3152962,2023,8,2023-10-21T16:00:00+00:00,OU,UCF,2,W,NCAA_OFFICIAL_SCOREBOARD_FEED|https://data.ncaa.com/casablanca/scoreboard/football/fbs/2023/08/scoreboard.json,2026-08-22T03:42:37+00:00,validation
NCAA-2023-3152963,2023,8,2023-10-21T16:00:00+00:00,CIN,BAY,-3,L,NCAA_OFFICIAL_SCOREBOARD_FEED|https://data.ncaa.com/casablanca/scoreboard/football/fbs/2023/08/scoreboard.json,2026-08-22T03:42:37+00:00,validation
NCAA-2023-3152994,2023,8,2023-10-21T16:00:00+00:00,NAVY,AF,-11,L,NCAA_OFFICIAL_SCOREBOARD_FEED|https://data.ncaa.com/casablanca/scoreboard/football/fbs/2023/08/scoreboard.json,2026-08-22T03:42:37+00:00,validation
NCAA-2023-3152958,2023,8,2023-10-21T18:00:00+00:00,ECU,CHAR,-3,L,NCAA_OFFICIAL_SCOREBOARD_FEED|https://data.ncaa.com/casablanca/scoreboard/football/fbs/2023/08/scoreboard.json,2026-08-22T03:42:37+00:00,validation
NCAA-2023-3153126,2023,8,2023-10-21T18:00:00+00:00,GASO,ULM,10,W,NCAA_OFFICIAL_SCOREBOARD_FEED|https://data.ncaa.com/casablanca/scoreboard/football/fbs/2023/08/scoreboard.json,2026-08-22T03:42:37+00:00,validation
NCAA-2023-3146435,2023,8,2023-10-21T19:30:00+00:00,ILL,WIS,-4,L,NCAA_OFFICIAL_SCOREBOARD_FEED|https://data.ncaa.com/casablanca/scoreboard/football/fbs/2023/08/scoreboard.json,2026-08-22T03:42:37+00:00,validation
NCAA-2023-3147037,2023,8,2023-10-21T19:30:00+00:00,NEB,NU,8,W,NCAA_OFFICIAL_SCOREBOARD_FEED|https://data.ncaa.com/casablanca/scoreboard/football/fbs/2023/08/scoreboard.json,2026-08-22T03:42:37+00:00,validation
NCAA-2023-3152934,2023,8,2023-10-21T19:30:00+00:00,WAKE,PITT,4,W,NCAA_OFFICIAL_SCOREBOARD_FEED|https://data.ncaa.com/casablanca/scoreboard/football/fbs/2023/08/scoreboard.json,2026-08-22T03:42:37+00:00,validation
NCAA-2023-3152940,2023,8,2023-10-21T19:30:00+00:00,TLN,UNT,7,W,NCAA_OFFICIAL_SCOREBOARD_FEED|https://data.ncaa.com/casablanca/scoreboard/football/fbs/2023/08/scoreboard.json,2026-08-22T03:42:37+00:00,validation
NCAA-2023-3152948,2023,8,2023-10-21T19:30:00+00:00,MIZ,SC,22,W,NCAA_OFFICIAL_SCOREBOARD_FEED|https://data.ncaa.com/casablanca/scoreboard/football/fbs/2023/08/scoreboard.json,2026-08-22T03:42:37+00:00,validation
NCAA-2023-3152950,2023,8,2023-10-21T19:30:00+00:00,ALA,TENN,14,W,NCAA_OFFICIAL_SCOREBOARD_FEED|https://data.ncaa.com/casablanca/scoreboard/football/fbs/2023/08/scoreboard.json,2026-08-22T03:42:37+00:00,validation
NCAA-2023-3152957,2023,8,2023-10-21T19:30:00+00:00,ORE,WSU,14,W,NCAA_OFFICIAL_SCOREBOARD_FEED|https://data.ncaa.com/casablanca/scoreboard/football/fbs/2023/08/scoreboard.json,2026-08-22T03:42:37+00:00,validation
NCAA-2023-3152959,2023,8,2023-10-21T19:30:00+00:00,UConn,USF,-3,L,NCAA_OFFICIAL_SCOREBOARD_FEED|https://data.ncaa.com/casablanca/scoreboard/football/fbs/2023/08/scoreboard.json,2026-08-22T03:42:37+00:00,validation
NCAA-2023-3152964,2023,8,2023-10-21T19:30:00+00:00,WVU,OKST,-14,L,NCAA_OFFICIAL_SCOREBOARD_FEED|https://data.ncaa.com/casablanca/scoreboard/football/fbs/2023/08/scoreboard.json,2026-08-22T03:42:37+00:00,validation
NCAA-2023-3146443,2023,8,2023-10-21T19:33:00+00:00,IOWA,MINN,-2,L,NCAA_OFFICIAL_SCOREBOARD_FEED|https://data.ncaa.com/casablanca/scoreboard/football/fbs/2023/08/scoreboard.json,2026-08-22T03:42:37+00:00,validation
NCAA-2023-3152939,2023,8,2023-10-21T20:00:00+00:00,HOU,TEX,-7,L,NCAA_OFFICIAL_SCOREBOARD_FEED|https://data.ncaa.com/casablanca/scoreboard/football/fbs/2023/08/scoreboard.json,2026-08-22T03:42:37+00:00,validation
NCAA-2023-3152954,2023,8,2023-10-21T22:00:00+00:00,FAU,UTSA,-26,L,NCAA_OFFICIAL_SCOREBOARD_FEED|https://data.ncaa.com/casablanca/scoreboard/football/fbs/2023/08/scoreboard.json,2026-08-22T03:42:37+00:00,validation
NCAA-2023-3153185,2023,8,2023-10-21T22:00:00+00:00,NM,HAW,21,W,NCAA_OFFICIAL_SCOREBOARD_FEED|https://data.ncaa.com/casablanca/scoreboard/football/fbs/2023/08/scoreboard.json,2026-08-22T03:42:37+00:00,validation
NCAA-2023-3152945,2023,8,2023-10-21T22:30:00+00:00,UNC,UVA,-4,L,NCAA_OFFICIAL_SCOREBOARD_FEED|https://data.ncaa.com/casablanca/scoreboard/football/fbs/2023/08/scoreboard.json,2026-08-22T03:42:37+00:00,validation
NCAA-2023-3152942,2023,8,2023-10-21T23:00:00+00:00,KSU,TCU,38,W,NCAA_OFFICIAL_SCOREBOARD_FEED|https://data.ncaa.com/casablanca/scoreboard/football/fbs/2023/08/scoreboard.json,2026-08-22T03:42:37+00:00,validation
NCAA-2023-3152943,2023,8,2023-10-21T23:00:00+00:00,AUB,MISS,-7,L,NCAA_OFFICIAL_SCOREBOARD_FEED|https://data.ncaa.com/casablanca/scoreboard/football/fbs/2023/08/scoreboard.json,2026-08-22T03:42:37+00:00,validation
NCAA-2023-3152955,2023,8,2023-10-21T23:00:00+00:00,ARST,CCU,-10,L,NCAA_OFFICIAL_SCOREBOARD_FEED|https://data.ncaa.com/casablanca/scoreboard/football/fbs/2023/08/scoreboard.json,2026-08-22T03:42:37+00:00,validation
NCAA-2023-3152960,2023,8,2023-10-21T23:00:00+00:00,BYU,TTU,13,W,NCAA_OFFICIAL_SCOREBOARD_FEED|https://data.ncaa.com/casablanca/scoreboard/football/fbs/2023/08/scoreboard.json,2026-08-22T03:42:37+00:00,validation
NCAA-2023-3153177,2023,8,2023-10-21T23:00:00+00:00,SJSU,USU,21,W,NCAA_OFFICIAL_SCOREBOARD_FEED|https://data.ncaa.com/casablanca/scoreboard/football/fbs/2023/08/scoreboard.json,2026-08-22T03:42:37+00:00,validation
NCAA-2023-3153186,2023,8,2023-10-21T23:00:00+00:00,UNLV,CSU,2,W,NCAA_OFFICIAL_SCOREBOARD_FEED|https://data.ncaa.com/casablanca/scoreboard/football/fbs/2023/08/scoreboard.json,2026-08-22T03:42:37+00:00,validation
NCAA-2023-3153207,2023,8,2023-10-21T23:00:00+00:00,UAB,MEM,-24,L,NCAA_OFFICIAL_SCOREBOARD_FEED|https://data.ncaa.com/casablanca/scoreboard/football/fbs/2023/08/scoreboard.json,2026-08-22T03:42:37+00:00,validation
NCAA-2023-3152931,2023,8,2023-10-21T23:30:00+00:00,LSU,ARMY,62,W,NCAA_OFFICIAL_SCOREBOARD_FEED|https://data.ncaa.com/casablanca/scoreboard/football/fbs/2023/08/scoreboard.json,2026-08-22T03:42:37+00:00,validation
NCAA-2023-3152937,2023,8,2023-10-21T23:30:00+00:00,FSU,DUKE,18,W,NCAA_OFFICIAL_SCOREBOARD_FEED|https://data.ncaa.com/casablanca/scoreboard/football/fbs/2023/08/scoreboard.json,2026-08-22T03:42:37+00:00,validation
NCAA-2023-3169709,2023,8,2023-10-21T23:30:00+00:00,MSU,MICH,-49,L,NCAA_OFFICIAL_SCOREBOARD_FEED|https://data.ncaa.com/casablanca/scoreboard/football/fbs/2023/08/scoreboard.json,2026-08-22T03:42:37+00:00,validation
NCAA-2023-3152929,2023,8,2023-10-22T00:00:00+00:00,ULL,GAST,-3,L,NCAA_OFFICIAL_SCOREBOARD_FEED|https://data.ncaa.com/casablanca/scoreboard/football/fbs/2023/08/scoreboard.json,2026-08-22T03:42:37+00:00,validation
NCAA-2023-3152949,2023,8,2023-10-22T00:00:00+00:00,MIA,CLEM,8,W,NCAA_OFFICIAL_SCOREBOARD_FEED|https://data.ncaa.com/casablanca/scoreboard/football/fbs/2023/08/scoreboard.json,2026-08-22T03:42:37+00:00,validation
NCAA-2023-3152956,2023,8,2023-10-22T00:00:00+00:00,USC,UTAH,-2,L,NCAA_OFFICIAL_SCOREBOARD_FEED|https://data.ncaa.com/casablanca/scoreboard/football/fbs/2023/08/scoreboard.json,2026-08-22T03:42:37+00:00,validation
NCAA-2023-3152947,2023,8,2023-10-22T01:00:00+00:00,SDSU,NEV,-6,L,NCAA_OFFICIAL_SCOREBOARD_FEED|https://data.ncaa.com/casablanca/scoreboard/football/fbs/2023/08/scoreboard.json,2026-08-22T03:42:37+00:00,validation
NCAA-2023-3152944,2023,8,2023-10-22T02:30:00+00:00,WASH,ASU,8,W,NCAA_OFFICIAL_SCOREBOARD_FEED|https://data.ncaa.com/casablanca/scoreboard/football/fbs/2023/08/scoreboard.json,2026-08-22T03:42:37+00:00,validation
NCAA-2023-3152961,2023,8,2023-10-22T02:30:00+00:00,STAN,UCLA,-35,L,NCAA_OFFICIAL_SCOREBOARD_FEED|https://data.ncaa.com/casablanca/scoreboard/football/fbs/2023/08/scoreboard.json,2026-08-22T03:42:37+00:00,validation
NCAA-2023-3153215,2023,9,2023-10-24T23:00:00+00:00,LT,NMSU,-3,L,NCAA_OFFICIAL_SCOREBOARD_FEED|https://data.ncaa.com/casablanca/scoreboard/football/fbs/2023/09/scoreboard.json,2026-08-22T03:42:38+00:00,validation
NCAA-2023-3153221,2023,9,2023-10-26T23:30:00+00:00,GASO,GAST,17,W,NCAA_OFFICIAL_SCOREBOARD_FEED|https://data.ncaa.com/casablanca/scoreboard/football/fbs/2023/09/scoreboard.json,2026-08-22T03:42:38+00:00,validation
NCAA-2023-3153222,2023,9,2023-10-26T23:30:00+00:00,VT,SYR,28,W,NCAA_OFFICIAL_SCOREBOARD_FEED|https://data.ncaa.com/casablanca/scoreboard/football/fbs/2023/09/scoreboard.json,2026-08-22T03:42:38+00:00,validation
NCAA-2023-3153225,2023,9,2023-10-27T23:30:00+00:00,CHAR,FAU,-22,L,NCAA_OFFICIAL_SCOREBOARD_FEED|https://data.ncaa.com/casablanca/scoreboard/football/fbs/2023/09/scoreboard.json,2026-08-22T03:42:38+00:00,validation
NCAA-2023-3147086,2023,9,2023-10-28T16:00:00+00:00,PSU,IU,9,W,NCAA_OFFICIAL_SCOREBOARD_FEED|https://data.ncaa.com/casablanca/scoreboard/football/fbs/2023/09/scoreboard.json,2026-08-22T03:42:38+00:00,validation
NCAA-2023-3153226,2023,9,2023-10-28T16:00:00+00:00,SMU,TLSA,59,W,NCAA_OFFICIAL_SCOREBOARD_FEED|https://data.ncaa.com/casablanca/scoreboard/football/fbs/2023/09/scoreboard.json,2026-08-22T03:42:38+00:00,validation
NCAA-2023-3153231,2023,9,2023-10-28T16:00:00+00:00,WAKE,FSU,-25,L,NCAA_OFFICIAL_SCOREBOARD_FEED|https://data.ncaa.com/casablanca/scoreboard/football/fbs/2023/09/scoreboard.json,2026-08-22T03:42:38+00:00,validation
NCAA-2023-3153234,2023,9,2023-10-28T16:00:00+00:00,TA&M,SC,13,W,NCAA_OFFICIAL_SCOREBOARD_FEED|https://data.ncaa.com/casablanca/scoreboard/football/fbs/2023/09/scoreboard.json,2026-08-22T03:42:38+00:00,validation
NCAA-2023-3153243,2023,9,2023-10-28T16:00:00+00:00,KSU,HOU,41,W,NCAA_OFFICIAL_SCOREBOARD_FEED|https://data.ncaa.com/casablanca/scoreboard/football/fbs/2023/09/scoreboard.json,2026-08-22T03:42:38+00:00,validation
NCAA-2023-3153256,2023,9,2023-10-28T16:00:00+00:00,BC,UConn,7,W,NCAA_OFFICIAL_SCOREBOARD_FEED|https://data.ncaa.com/casablanca/scoreboard/football/fbs/2023/09/scoreboard.json,2026-08-22T03:42:38+00:00,validation
NCAA-2023-3153263,2023,9,2023-10-28T16:00:00+00:00,UCF,WVU,-13,L,NCAA_OFFICIAL_SCOREBOARD_FEED|https://data.ncaa.com/casablanca/scoreboard/football/fbs/2023/09/scoreboard.json,2026-08-22T03:42:38+00:00,validation
NCAA-2023-3153264,2023,9,2023-10-28T16:00:00+00:00,KU,OU,5,W,NCAA_OFFICIAL_SCOREBOARD_FEED|https://data.ncaa.com/casablanca/scoreboard/football/fbs/2023/09/scoreboard.json,2026-08-22T03:42:38+00:00,validation
NCAA-2023-3154300,2023,9,2023-10-28T16:00:00+00:00,NU,MD,6,W,NCAA_OFFICIAL_SCOREBOARD_FEED|https://data.ncaa.com/casablanca/scoreboard/football/fbs/2023/09/scoreboard.json,2026-08-22T03:42:38+00:00,validation
NCAA-2023-3153255,2023,9,2023-10-28T18:00:00+00:00,NCSU,CLEM,7,W,NCAA_OFFICIAL_SCOREBOARD_FEED|https://data.ncaa.com/casablanca/scoreboard/football/fbs/2023/09/scoreboard.json,2026-08-22T03:42:38+00:00,validation
NCAA-2023-3153236,2023,9,2023-10-28T19:00:00+00:00,UNT,MEM,-3,L,NCAA_OFFICIAL_SCOREBOARD_FEED|https://data.ncaa.com/casablanca/scoreboard/football/fbs/2023/09/scoreboard.json,2026-08-22T03:42:38+00:00,validation
NCAA-2023-3146760,2023,9,2023-10-28T19:30:00+00:00,MINN,MSU,15,W,NCAA_OFFICIAL_SCOREBOARD_FEED|https://data.ncaa.com/casablanca/scoreboard/football/fbs/2023/09/scoreboard.json,2026-08-22T03:42:38+00:00,validation
NCAA-2023-3147000,2023,9,2023-10-28T19:30:00+00:00,NEB,PUR,17,W,NCAA_OFFICIAL_SCOREBOARD_FEED|https://data.ncaa.com/casablanca/scoreboard/football/fbs/2023/09/scoreboard.json,2026-08-22T03:42:38+00:00,validation
NCAA-2023-3153232,2023,9,2023-10-28T19:30:00+00:00,UTAH,ORE,-29,L,NCAA_OFFICIAL_SCOREBOARD_FEED|https://data.ncaa.com/casablanca/scoreboard/football/fbs/2023/09/scoreboard.json,2026-08-22T03:42:38+00:00,validation
NCAA-2023-3153238,2023,9,2023-10-28T19:30:00+00:00,LOU,DUKE,23,W,NCAA_OFFICIAL_SCOREBOARD_FEED|https://data.ncaa.com/casablanca/scoreboard/football/fbs/2023/09/scoreboard.json,2026-08-22T03:42:38+00:00,validation
NCAA-2023-3153239,2023,9,2023-10-28T19:30:00+00:00,BAY,ISU,-12,L,NCAA_OFFICIAL_SCOREBOARD_FEED|https://data.ncaa.com/casablanca/scoreboard/football/fbs/2023/09/scoreboard.json,2026-08-22T03:42:38+00:00,validation
NCAA-2023-3153244,2023,9,2023-10-28T19:30:00+00:00,AUB,MSST,14,W,NCAA_OFFICIAL_SCOREBOARD_FEED|https://data.ncaa.com/casablanca/scoreboard/football/fbs/2023/09/scoreboard.json,2026-08-22T03:42:38+00:00,validation
NCAA-2023-3153247,2023,9,2023-10-28T19:30:00+00:00,TEX,BYU,29,W,NCAA_OFFICIAL_SCOREBOARD_FEED|https://data.ncaa.com/casablanca/scoreboard/football/fbs/2023/09/scoreboard.json,2026-08-22T03:42:38+00:00,validation
NCAA-2023-3153253,2023,9,2023-10-28T19:30:00+00:00,MIA,UVA,3,W,NCAA_OFFICIAL_SCOREBOARD_FEED|https://data.ncaa.com/casablanca/scoreboard/football/fbs/2023/09/scoreboard.json,2026-08-22T03:42:38+00:00,validation
NCAA-2023-3153258,2023,9,2023-10-28T19:30:00+00:00,UTSA,ECU,14,W,NCAA_OFFICIAL_SCOREBOARD_FEED|https://data.ncaa.com/casablanca/scoreboard/football/fbs/2023/09/scoreboard.json,2026-08-22T03:42:38+00:00,validation
NCAA-2023-3153484,2023,9,2023-10-28T19:30:00+00:00,ND,PITT,51,W,NCAA_OFFICIAL_SCOREBOARD_FEED|https://data.ncaa.com/casablanca/scoreboard/football/fbs/2023/09/scoreboard.json,2026-08-22T03:42:38+00:00,validation
NCAA-2023-3153486,2023,9,2023-10-28T19:30:00+00:00,FLA,UGA,-23,L,NCAA_OFFICIAL_SCOREBOARD_FEED|https://data.ncaa.com/casablanca/scoreboard/football/fbs/2023/09/scoreboard.json,2026-08-22T03:42:38+00:00,validation
NCAA-2023-3153245,2023,9,2023-10-28T20:00:00+00:00,RICE,TLN,-2,L,NCAA_OFFICIAL_SCOREBOARD_FEED|https://data.ncaa.com/casablanca/scoreboard/football/fbs/2023/09/scoreboard.json,2026-08-22T03:42:38+00:00,validation
NCAA-2023-3153509,2023,9,2023-10-28T20:00:00+00:00,CAL,USC,-1,L,NCAA_OFFICIAL_SCOREBOARD_FEED|https://data.ncaa.com/casablanca/scoreboard/football/fbs/2023/09/scoreboard.json,2026-08-22T03:42:38+00:00,validation
NCAA-2023-3153259,2023,9,2023-10-28T21:00:00+00:00,ULM,ARST,-10,L,NCAA_OFFICIAL_SCOREBOARD_FEED|https://data.ncaa.com/casablanca/scoreboard/football/fbs/2023/09/scoreboard.json,2026-08-22T03:42:38+00:00,validation
NCAA-2023-3153248,2023,9,2023-10-28T21:30:00+00:00,BOISE,WYO,25,W,NCAA_OFFICIAL_SCOREBOARD_FEED|https://data.ncaa.com/casablanca/scoreboard/football/fbs/2023/09/scoreboard.json,2026-08-22T03:42:38+00:00,validation
NCAA-2023-3153251,2023,9,2023-10-28T22:00:00+00:00,CCU,MRSH,28,W,NCAA_OFFICIAL_SCOREBOARD_FEED|https://data.ncaa.com/casablanca/scoreboard/football/fbs/2023/09/scoreboard.json,2026-08-22T03:42:38+00:00,validation
NCAA-2023-3153242,2023,9,2023-10-28T23:00:00+00:00,UK,TENN,-6,L,NCAA_OFFICIAL_SCOREBOARD_FEED|https://data.ncaa.com/casablanca/scoreboard/football/fbs/2023/09/scoreboard.json,2026-08-22T03:42:38+00:00,validation
NCAA-2023-3153262,2023,9,2023-10-28T23:00:00+00:00,STAN,WASH,-9,L,NCAA_OFFICIAL_SCOREBOARD_FEED|https://data.ncaa.com/casablanca/scoreboard/football/fbs/2023/09/scoreboard.json,2026-08-22T03:42:38+00:00,validation
NCAA-2023-3153452,2023,9,2023-10-28T23:00:00+00:00,TXST,TROY,-18,L,NCAA_OFFICIAL_SCOREBOARD_FEED|https://data.ncaa.com/casablanca/scoreboard/football/fbs/2023/09/scoreboard.json,2026-08-22T03:42:38+00:00,validation
NCAA-2023-3153497,2023,9,2023-10-28T23:00:00+00:00,CSU,AF,-17,L,NCAA_OFFICIAL_SCOREBOARD_FEED|https://data.ncaa.com/casablanca/scoreboard/football/fbs/2023/09/scoreboard.json,2026-08-22T03:42:38+00:00,validation
NCAA-2023-3146449,2023,9,2023-10-28T23:30:00+00:00,WIS,OSU,-14,L,NCAA_OFFICIAL_SCOREBOARD_FEED|https://data.ncaa.com/casablanca/scoreboard/football/fbs/2023/09/scoreboard.json,2026-08-22T03:42:38+00:00,validation
NCAA-2023-3153229,2023,9,2023-10-28T23:30:00+00:00,MISS,VAN,26,W,NCAA_OFFICIAL_SCOREBOARD_FEED|https://data.ncaa.com/casablanca/scoreboard/football/fbs/2023/09/scoreboard.json,2026-08-22T03:42:38+00:00,validation
NCAA-2023-3153249,2023,9,2023-10-28T23:30:00+00:00,UCLA,COLO,12,W,NCAA_OFFICIAL_SCOREBOARD_FEED|https://data.ncaa.com/casablanca/scoreboard/football/fbs/2023/09/scoreboard.json,2026-08-22T03:42:38+00:00,validation
NCAA-2023-3153233,2023,9,2023-10-29T00:00:00+00:00,OKST,CIN,32,W,NCAA_OFFICIAL_SCOREBOARD_FEED|https://data.ncaa.com/casablanca/scoreboard/football/fbs/2023/09/scoreboard.json,2026-08-22T03:42:38+00:00,validation
NCAA-2023-3153254,2023,9,2023-10-29T00:00:00+00:00,GT,UNC,4,W,NCAA_OFFICIAL_SCOREBOARD_FEED|https://data.ncaa.com/casablanca/scoreboard/football/fbs/2023/09/scoreboard.json,2026-08-22T03:42:38+00:00,validation
NCAA-2023-3153261,2023,9,2023-10-29T00:00:00+00:00,ASU,WSU,11,W,NCAA_OFFICIAL_SCOREBOARD_FEED|https://data.ncaa.com/casablanca/scoreboard/football/fbs/2023/09/scoreboard.json,2026-08-22T03:42:38+00:00,validation
NCAA-2023-3153228,2023,9,2023-10-29T02:30:00+00:00,ARIZ,ORST,3,W,NCAA_OFFICIAL_SCOREBOARD_FEED|https://data.ncaa.com/casablanca/scoreboard/football/fbs/2023/09/scoreboard.json,2026-08-22T03:42:38+00:00,validation
NCAA-2023-3153246,2023,9,2023-10-29T02:30:00+00:00,FRES,UNLV,7,W,NCAA_OFFICIAL_SCOREBOARD_FEED|https://data.ncaa.com/casablanca/scoreboard/football/fbs/2023/09/scoreboard.json,2026-08-22T03:42:38+00:00,validation
NCAA-2023-3153517,2023,9,2023-10-29T02:30:00+00:00,NEV,NM,10,W,NCAA_OFFICIAL_SCOREBOARD_FEED|https://data.ncaa.com/casablanca/scoreboard/football/fbs/2023/09/scoreboard.json,2026-08-22T03:42:38+00:00,validation
NCAA-2023-3153505,2023,9,2023-10-29T04:00:00+00:00,HAW,SJSU,-35,L,NCAA_OFFICIAL_SCOREBOARD_FEED|https://data.ncaa.com/casablanca/scoreboard/football/fbs/2023/09/scoreboard.json,2026-08-22T03:42:38+00:00,validation
NCAA-2023-3153522,2023,10,2023-11-02T23:00:00+00:00,TTU,TCU,7,W,NCAA_OFFICIAL_SCOREBOARD_FEED|https://data.ncaa.com/casablanca/scoreboard/football/fbs/2023/10/scoreboard.json,2026-08-22T03:42:38+00:00,validation
NCAA-2023-3153526,2023,10,2023-11-02T23:30:00+00:00,DUKE,WAKE,3,W,NCAA_OFFICIAL_SCOREBOARD_FEED|https://data.ncaa.com/casablanca/scoreboard/football/fbs/2023/10/scoreboard.json,2026-08-22T03:42:38+00:00,validation
NCAA-2023-3153529,2023,10,2023-11-03T23:30:00+00:00,SYR,BC,-7,L,NCAA_OFFICIAL_SCOREBOARD_FEED|https://data.ncaa.com/casablanca/scoreboard/football/fbs/2023/10/scoreboard.json,2026-08-22T03:42:38+00:00,validation
NCAA-2023-3153527,2023,10,2023-11-04T00:00:00+00:00,WYO,CSU,9,W,NCAA_OFFICIAL_SCOREBOARD_FEED|https://data.ncaa.com/casablanca/scoreboard/football/fbs/2023/10/scoreboard.json,2026-08-22T03:42:38+00:00,validation
NCAA-2023-3146436,2023,10,2023-11-04T16:00:00+00:00,IU,WIS,6,W,NCAA_OFFICIAL_SCOREBOARD_FEED|https://data.ncaa.com/casablanca/scoreboard/football/fbs/2023/10/scoreboard.json,2026-08-22T03:42:38+00:00,validation
NCAA-2023-3146450,2023,10,2023-11-04T16:00:00+00:00,RUTG,OSU,-19,L,NCAA_OFFICIAL_SCOREBOARD_FEED|https://data.ncaa.com/casablanca/scoreboard/football/fbs/2023/10/scoreboard.json,2026-08-22T03:42:38+00:00,validation
NCAA-2023-3146994,2023,10,2023-11-04T16:00:00+00:00,MSU,NEB,3,W,NCAA_OFFICIAL_SCOREBOARD_FEED|https://data.ncaa.com/casablanca/scoreboard/football/fbs/2023/10/scoreboard.json,2026-08-22T03:42:38+00:00,validation
NCAA-2023-3153530,2023,10,2023-11-04T16:00:00+00:00,FLA,ARK,-3,L,NCAA_OFFICIAL_SCOREBOARD_FEED|https://data.ncaa.com/casablanca/scoreboard/football/fbs/2023/10/scoreboard.json,2026-08-22T03:42:38+00:00,validation
NCAA-2023-3153534,2023,10,2023-11-04T16:00:00+00:00,MISS,TA&M,3,W,NCAA_OFFICIAL_SCOREBOARD_FEED|https://data.ncaa.com/casablanca/scoreboard/football/fbs/2023/10/scoreboard.json,2026-08-22T03:42:38+00:00,validation
NCAA-2023-3153538,2023,10,2023-11-04T16:00:00+00:00,CLEM,ND,8,W,NCAA_OFFICIAL_SCOREBOARD_FEED|https://data.ncaa.com/casablanca/scoreboard/football/fbs/2023/10/scoreboard.json,2026-08-22T03:42:38+00:00,validation
NCAA-2023-3153549,2023,10,2023-11-04T16:00:00+00:00,TENN,UConn,56,W,NCAA_OFFICIAL_SCOREBOARD_FEED|https://data.ncaa.com/casablanca/scoreboard/football/fbs/2023/10/scoreboard.json,2026-08-22T03:42:38+00:00,validation
NCAA-2023-3153554,2023,10,2023-11-04T16:00:00+00:00,TEX,KSU,3,W,NCAA_OFFICIAL_SCOREBOARD_FEED|https://data.ncaa.com/casablanca/scoreboard/football/fbs/2023/10/scoreboard.json,2026-08-22T03:42:38+00:00,validation
NCAA-2023-3153536,2023,10,2023-11-04T18:00:00+00:00,TEM,NAVY,14,W,NCAA_OFFICIAL_SCOREBOARD_FEED|https://data.ncaa.com/casablanca/scoreboard/football/fbs/2023/10/scoreboard.json,2026-08-22T03:42:38+00:00,validation
NCAA-2023-3153537,2023,10,2023-11-04T18:00:00+00:00,UVA,GT,-28,L,NCAA_OFFICIAL_SCOREBOARD_FEED|https://data.ncaa.com/casablanca/scoreboard/football/fbs/2023/10/scoreboard.json,2026-08-22T03:42:38+00:00,validation
NCAA-2023-3153540,2023,10,2023-11-04T18:00:00+00:00,UTAH,ASU,52,W,NCAA_OFFICIAL_SCOREBOARD_FEED|https://data.ncaa.com/casablanca/scoreboard/football/fbs/2023/10/scoreboard.json,2026-08-22T03:42:38+00:00,validation
NCAA-2023-3153630,2023,10,2023-11-04T18:30:00+00:00,AF,ARMY,-20,L,NCAA_OFFICIAL_SCOREBOARD_FEED|https://data.ncaa.com/casablanca/scoreboard/football/fbs/2023/10/scoreboard.json,2026-08-22T03:42:38+00:00,validation
NCAA-2023-3153543,2023,10,2023-11-04T19:00:00+00:00,MEM,USF,9,W,NCAA_OFFICIAL_SCOREBOARD_FEED|https://data.ncaa.com/casablanca/scoreboard/football/fbs/2023/10/scoreboard.json,2026-08-22T03:42:38+00:00,validation
NCAA-2023-3153545,2023,10,2023-11-04T19:00:00+00:00,UNT,UTSA,-8,L,NCAA_OFFICIAL_SCOREBOARD_FEED|https://data.ncaa.com/casablanca/scoreboard/football/fbs/2023/10/scoreboard.json,2026-08-22T03:42:38+00:00,validation
NCAA-2023-3153561,2023,10,2023-11-04T19:00:00+00:00,UAB,FAU,3,W,NCAA_OFFICIAL_SCOREBOARD_FEED|https://data.ncaa.com/casablanca/scoreboard/football/fbs/2023/10/scoreboard.json,2026-08-22T03:42:38+00:00,validation
NCAA-2023-3153563,2023,10,2023-11-04T19:00:00+00:00,ARST,ULL,20,W,NCAA_OFFICIAL_SCOREBOARD_FEED|https://data.ncaa.com/casablanca/scoreboard/football/fbs/2023/10/scoreboard.json,2026-08-22T03:42:38+00:00,validation
NCAA-2023-3146424,2023,10,2023-11-04T19:30:00+00:00,NU,IOWA,-3,L,NCAA_OFFICIAL_SCOREBOARD_FEED|https://data.ncaa.com/casablanca/scoreboard/football/fbs/2023/10/scoreboard.json,2026-08-22T03:42:38+00:00,validation
NCAA-2023-3146763,2023,10,2023-11-04T19:30:00+00:00,MINN,ILL,-1,L,NCAA_OFFICIAL_SCOREBOARD_FEED|https://data.ncaa.com/casablanca/scoreboard/football/fbs/2023/10/scoreboard.json,2026-08-22T03:42:38+00:00,validation
NCAA-2023-3153541,2023,10,2023-11-04T19:30:00+00:00,OKST,OU,3,W,NCAA_OFFICIAL_SCOREBOARD_FEED|https://data.ncaa.com/casablanca/scoreboard/football/fbs/2023/10/scoreboard.json,2026-08-22T03:42:38+00:00,validation
NCAA-2023-3153542,2023,10,2023-11-04T19:30:00+00:00,ODU,CCU,-4,L,NCAA_OFFICIAL_SCOREBOARD_FEED|https://data.ncaa.com/casablanca/scoreboard/football/fbs/2023/10/scoreboard.json,2026-08-22T03:42:38+00:00,validation
NCAA-2023-3153546,2023,10,2023-11-04T19:30:00+00:00,LOU,VT,31,W,NCAA_OFFICIAL_SCOREBOARD_FEED|https://data.ncaa.com/casablanca/scoreboard/football/fbs/2023/10/scoreboard.json,2026-08-22T03:42:38+00:00,validation
NCAA-2023-3153547,2023,10,2023-11-04T19:30:00+00:00,BAY,HOU,-1,L,NCAA_OFFICIAL_SCOREBOARD_FEED|https://data.ncaa.com/casablanca/scoreboard/football/fbs/2023/10/scoreboard.json,2026-08-22T03:42:38+00:00,validation
NCAA-2023-3153548,2023,10,2023-11-04T19:30:00+00:00,PITT,FSU,-17,L,NCAA_OFFICIAL_SCOREBOARD_FEED|https://data.ncaa.com/casablanca/scoreboard/football/fbs/2023/10/scoreboard.json,2026-08-22T03:42:38+00:00,validation
NCAA-2023-3153558,2023,10,2023-11-04T19:30:00+00:00,UGA,MIZ,9,W,NCAA_OFFICIAL_SCOREBOARD_FEED|https://data.ncaa.com/casablanca/scoreboard/football/fbs/2023/10/scoreboard.json,2026-08-22T03:42:38+00:00,validation
NCAA-2023-3153565,2023,10,2023-11-04T19:30:00+00:00,ECU,TLN,-3,L,NCAA_OFFICIAL_SCOREBOARD_FEED|https://data.ncaa.com/casablanca/scoreboard/football/fbs/2023/10/scoreboard.json,2026-08-22T03:42:38+00:00,validation
NCAA-2023-3153570,2023,10,2023-11-04T19:30:00+00:00,CIN,UCF,-2,L,NCAA_OFFICIAL_SCOREBOARD_FEED|https://data.ncaa.com/casablanca/scoreboard/football/fbs/2023/10/scoreboard.json,2026-08-22T03:42:38+00:00,validation
NCAA-2023-3154302,2023,10,2023-11-04T19:30:00+00:00,MD,PSU,-36,L,NCAA_OFFICIAL_SCOREBOARD_FEED|https://data.ncaa.com/casablanca/scoreboard/football/fbs/2023/10/scoreboard.json,2026-08-22T03:42:38+00:00,validation
NCAA-2023-3153551,2023,10,2023-11-04T20:00:00+00:00,TLSA,CHAR,-7,L,NCAA_OFFICIAL_SCOREBOARD_FEED|https://data.ncaa.com/casablanca/scoreboard/football/fbs/2023/10/scoreboard.json,2026-08-22T03:42:38+00:00,validation
NCAA-2023-3153557,2023,10,2023-11-04T20:00:00+00:00,VAN,AUB,-16,L,NCAA_OFFICIAL_SCOREBOARD_FEED|https://data.ncaa.com/casablanca/scoreboard/football/fbs/2023/10/scoreboard.json,2026-08-22T03:42:38+00:00,validation
NCAA-2023-3153567,2023,10,2023-11-04T20:00:00+00:00,USM,ULM,17,W,NCAA_OFFICIAL_SCOREBOARD_FEED|https://data.ncaa.com/casablanca/scoreboard/football/fbs/2023/10/scoreboard.json,2026-08-22T03:42:38+00:00,validation
NCAA-2023-3153714,2023,10,2023-11-04T20:00:00+00:00,NEV,HAW,-13,L,NCAA_OFFICIAL_SCOREBOARD_FEED|https://data.ncaa.com/casablanca/scoreboard/football/fbs/2023/10/scoreboard.json,2026-08-22T03:42:38+00:00,validation
NCAA-2023-3153816,2023,10,2023-11-04T21:00:00+00:00,TXST,GASO,21,W,NCAA_OFFICIAL_SCOREBOARD_FEED|https://data.ncaa.com/casablanca/scoreboard/football/fbs/2023/10/scoreboard.json,2026-08-22T03:42:38+00:00,validation
NCAA-2023-3153827,2023,10,2023-11-04T21:30:00+00:00,ORE,CAL,44,W,NCAA_OFFICIAL_SCOREBOARD_FEED|https://data.ncaa.com/casablanca/scoreboard/football/fbs/2023/10/scoreboard.json,2026-08-22T03:42:38+00:00,validation
NCAA-2023-3153807,2023,10,2023-11-04T22:00:00+00:00,NM,UNLV,-42,L,NCAA_OFFICIAL_SCOREBOARD_FEED|https://data.ncaa.com/casablanca/scoreboard/football/fbs/2023/10/scoreboard.json,2026-08-22T03:42:38+00:00,validation
NCAA-2023-3153811,2023,10,2023-11-04T22:00:00+00:00,NMSU,MTSU,6,W,NCAA_OFFICIAL_SCOREBOARD_FEED|https://data.ncaa.com/casablanca/scoreboard/football/fbs/2023/10/scoreboard.json,2026-08-22T03:42:38+00:00,validation
NCAA-2023-3153531,2023,10,2023-11-04T23:00:00+00:00,ISU,KU,-7,L,NCAA_OFFICIAL_SCOREBOARD_FEED|https://data.ncaa.com/casablanca/scoreboard/football/fbs/2023/10/scoreboard.json,2026-08-22T03:42:38+00:00,validation
NCAA-2023-3153556,2023,10,2023-11-04T23:00:00+00:00,SDSU,USU,-8,L,NCAA_OFFICIAL_SCOREBOARD_FEED|https://data.ncaa.com/casablanca/scoreboard/football/fbs/2023/10/scoreboard.json,2026-08-22T03:42:38+00:00,validation
NCAA-2023-3153571,2023,10,2023-11-04T23:00:00+00:00,WVU,BYU,30,W,NCAA_OFFICIAL_SCOREBOARD_FEED|https://data.ncaa.com/casablanca/scoreboard/football/fbs/2023/10/scoreboard.json,2026-08-22T03:42:38+00:00,validation
NCAA-2023-3147001,2023,10,2023-11-04T23:30:00+00:00,MICH,PUR,28,W,NCAA_OFFICIAL_SCOREBOARD_FEED|https://data.ncaa.com/casablanca/scoreboard/football/fbs/2023/10/scoreboard.json,2026-08-22T03:42:38+00:00,validation
NCAA-2023-3153535,2023,10,2023-11-04T23:30:00+00:00,MSST,UK,-21,L,NCAA_OFFICIAL_SCOREBOARD_FEED|https://data.ncaa.com/casablanca/scoreboard/football/fbs/2023/10/scoreboard.json,2026-08-22T03:42:38+00:00,validation
NCAA-2023-3153550,2023,10,2023-11-04T23:30:00+00:00,RICE,SMU,-5,L,NCAA_OFFICIAL_SCOREBOARD_FEED|https://data.ncaa.com/casablanca/scoreboard/football/fbs/2023/10/scoreboard.json,2026-08-22T03:42:38+00:00,validation
NCAA-2023-3153564,2023,10,2023-11-04T23:30:00+00:00,USC,WASH,-10,L,NCAA_OFFICIAL_SCOREBOARD_FEED|https://data.ncaa.com/casablanca/scoreboard/football/fbs/2023/10/scoreboard.json,2026-08-22T03:42:38+00:00,validation
NCAA-2023-3153559,2023,10,2023-11-04T23:45:00+00:00,ALA,LSU,14,W,NCAA_OFFICIAL_SCOREBOARD_FEED|https://data.ncaa.com/casablanca/scoreboard/football/fbs/2023/10/scoreboard.json,2026-08-22T03:42:38+00:00,validation
NCAA-2023-3153560,2023,10,2023-11-05T00:00:00+00:00,NCSU,MIA,14,W,NCAA_OFFICIAL_SCOREBOARD_FEED|https://data.ncaa.com/casablanca/scoreboard/football/fbs/2023/10/scoreboard.json,2026-08-22T03:42:38+00:00,validation
NCAA-2023-3153568,2023,10,2023-11-05T01:00:00+00:00,WSU,STAN,-3,L,NCAA_OFFICIAL_SCOREBOARD_FEED|https://data.ncaa.com/casablanca/scoreboard/football/fbs/2023/10/scoreboard.json,2026-08-22T03:42:38+00:00,validation
NCAA-2023-3153826,2023,10,2023-11-05T01:00:00+00:00,UTEP,WKU,-8,L,NCAA_OFFICIAL_SCOREBOARD_FEED|https://data.ncaa.com/casablanca/scoreboard/football/fbs/2023/10/scoreboard.json,2026-08-22T03:42:38+00:00,validation
NCAA-2023-3153569,2023,10,2023-11-05T02:00:00+00:00,COLO,ORST,-7,L,NCAA_OFFICIAL_SCOREBOARD_FEED|https://data.ncaa.com/casablanca/scoreboard/football/fbs/2023/10/scoreboard.json,2026-08-22T03:42:38+00:00,validation
NCAA-2023-3153824,2023,10,2023-11-05T02:00:00+00:00,FRES,BOISE,7,W,NCAA_OFFICIAL_SCOREBOARD_FEED|https://data.ncaa.com/casablanca/scoreboard/football/fbs/2023/10/scoreboard.json,2026-08-22T03:42:38+00:00,validation
NCAA-2023-3153533,2023,10,2023-11-05T02:30:00+00:00,ARIZ,UCLA,17,W,NCAA_OFFICIAL_SCOREBOARD_FEED|https://data.ncaa.com/casablanca/scoreboard/football/fbs/2023/10/scoreboard.json,2026-08-22T03:42:38+00:00,validation
NCAA-2023-3153834,2023,11,2023-11-10T00:30:00+00:00,LOU,UVA,7,W,NCAA_OFFICIAL_SCOREBOARD_FEED|https://data.ncaa.com/casablanca/scoreboard/football/fbs/2023/11/scoreboard.json,2026-08-22T03:42:39+00:00,validation
NCAA-2023-3153835,2023,11,2023-11-10T00:30:00+00:00,ULL,USM,-3,L,NCAA_OFFICIAL_SCOREBOARD_FEED|https://data.ncaa.com/casablanca/scoreboard/football/fbs/2023/11/scoreboard.json,2026-08-22T03:42:39+00:00,validation
NCAA-2023-3153840,2023,11,2023-11-11T02:00:00+00:00,SMU,UNT,24,W,NCAA_OFFICIAL_SCOREBOARD_FEED|https://data.ncaa.com/casablanca/scoreboard/football/fbs/2023/11/scoreboard.json,2026-08-22T03:42:39+00:00,validation
NCAA-2023-3153839,2023,11,2023-11-11T03:45:00+00:00,UNLV,WYO,20,W,NCAA_OFFICIAL_SCOREBOARD_FEED|https://data.ncaa.com/casablanca/scoreboard/football/fbs/2023/11/scoreboard.json,2026-08-22T03:42:39+00:00,validation
NCAA-2023-3147087,2023,11,2023-11-11T17:00:00+00:00,ILL,IU,3,W,NCAA_OFFICIAL_SCOREBOARD_FEED|https://data.ncaa.com/casablanca/scoreboard/football/fbs/2023/11/scoreboard.json,2026-08-22T03:42:39+00:00,validation
NCAA-2023-3153849,2023,11,2023-11-11T17:00:00+00:00,CLEM,GT,21,W,NCAA_OFFICIAL_SCOREBOARD_FEED|https://data.ncaa.com/casablanca/scoreboard/football/fbs/2023/11/scoreboard.json,2026-08-22T03:42:39+00:00,validation
NCAA-2023-3153850,2023,11,2023-11-11T17:00:00+00:00,SC,VAN,41,W,NCAA_OFFICIAL_SCOREBOARD_FEED|https://data.ncaa.com/casablanca/scoreboard/football/fbs/2023/11/scoreboard.json,2026-08-22T03:42:39+00:00,validation
NCAA-2023-3153857,2023,11,2023-11-11T17:00:00+00:00,TLN,TLSA,2,W,NCAA_OFFICIAL_SCOREBOARD_FEED|https://data.ncaa.com/casablanca/scoreboard/football/fbs/2023/11/scoreboard.json,2026-08-22T03:42:39+00:00,validation
NCAA-2023-3153858,2023,11,2023-11-11T17:00:00+00:00,UK,ALA,-28,L,NCAA_OFFICIAL_SCOREBOARD_FEED|https://data.ncaa.com/casablanca/scoreboard/football/fbs/2023/11/scoreboard.json,2026-08-22T03:42:39+00:00,validation
NCAA-2023-3153874,2023,11,2023-11-11T17:00:00+00:00,BC,VT,-26,L,NCAA_OFFICIAL_SCOREBOARD_FEED|https://data.ncaa.com/casablanca/scoreboard/football/fbs/2023/11/scoreboard.json,2026-08-22T03:42:39+00:00,validation
NCAA-2023-3153879,2023,11,2023-11-11T17:00:00+00:00,USF,TEM,4,W,NCAA_OFFICIAL_SCOREBOARD_FEED|https://data.ncaa.com/casablanca/scoreboard/football/fbs/2023/11/scoreboard.json,2026-08-22T03:42:39+00:00,validation
NCAA-2023-3153885,2023,11,2023-11-11T17:00:00+00:00,KU,TTU,-3,L,NCAA_OFFICIAL_SCOREBOARD_FEED|https://data.ncaa.com/casablanca/scoreboard/football/fbs/2023/11/scoreboard.json,2026-08-22T03:42:39+00:00,validation
NCAA-2023-3169705,2023,11,2023-11-11T17:00:00+00:00,PSU,MICH,-9,L,NCAA_OFFICIAL_SCOREBOARD_FEED|https://data.ncaa.com/casablanca/scoreboard/football/fbs/2023/11/scoreboard.json,2026-08-22T03:42:39+00:00,validation
NCAA-2023-3147038,2023,11,2023-11-11T18:00:00+00:00,NEB,MD,-3,L,NCAA_OFFICIAL_SCOREBOARD_FEED|https://data.ncaa.com/casablanca/scoreboard/football/fbs/2023/11/scoreboard.json,2026-08-22T03:42:39+00:00,validation
NCAA-2023-3153848,2023,11,2023-11-11T19:00:00+00:00,WAKE,NCSU,-20,L,NCAA_OFFICIAL_SCOREBOARD_FEED|https://data.ncaa.com/casablanca/scoreboard/football/fbs/2023/11/scoreboard.json,2026-08-22T03:42:39+00:00,validation
NCAA-2023-3153871,2023,11,2023-11-11T19:00:00+00:00,CHAR,MEM,-6,L,NCAA_OFFICIAL_SCOREBOARD_FEED|https://data.ncaa.com/casablanca/scoreboard/football/fbs/2023/11/scoreboard.json,2026-08-22T03:42:39+00:00,validation
NCAA-2023-3153880,2023,11,2023-11-11T19:00:00+00:00,ULM,TROY,-31,L,NCAA_OFFICIAL_SCOREBOARD_FEED|https://data.ncaa.com/casablanca/scoreboard/football/fbs/2023/11/scoreboard.json,2026-08-22T03:42:39+00:00,validation
NCAA-2023-3153883,2023,11,2023-11-11T19:00:00+00:00,COLO,ARIZ,-3,L,NCAA_OFFICIAL_SCOREBOARD_FEED|https://data.ncaa.com/casablanca/scoreboard/football/fbs/2023/11/scoreboard.json,2026-08-22T03:42:39+00:00,validation
NCAA-2023-3153860,2023,11,2023-11-11T20:00:00+00:00,KSU,BAY,34,W,NCAA_OFFICIAL_SCOREBOARD_FEED|https://data.ncaa.com/casablanca/scoreboard/football/fbs/2023/11/scoreboard.json,2026-08-22T03:42:39+00:00,validation
NCAA-2023-3153861,2023,11,2023-11-11T20:00:00+00:00,USU,NEV,17,W,NCAA_OFFICIAL_SCOREBOARD_FEED|https://data.ncaa.com/casablanca/scoreboard/football/fbs/2023/11/scoreboard.json,2026-08-22T03:42:39+00:00,validation
NCAA-2023-3146437,2023,11,2023-11-11T20:30:00+00:00,WIS,NU,-14,L,NCAA_OFFICIAL_SCOREBOARD_FEED|https://data.ncaa.com/casablanca/scoreboard/football/fbs/2023/11/scoreboard.json,2026-08-22T03:42:39+00:00,validation
NCAA-2023-3146444,2023,11,2023-11-11T20:30:00+00:00,IOWA,RUTG,22,W,NCAA_OFFICIAL_SCOREBOARD_FEED|https://data.ncaa.com/casablanca/scoreboard/football/fbs/2023/11/scoreboard.json,2026-08-22T03:42:39+00:00,validation
NCAA-2023-3146765,2023,11,2023-11-11T20:30:00+00:00,PUR,MINN,19,W,NCAA_OFFICIAL_SCOREBOARD_FEED|https://data.ncaa.com/casablanca/scoreboard/football/fbs/2023/11/scoreboard.json,2026-08-22T03:42:39+00:00,validation
NCAA-2023-3153855,2023,11,2023-11-11T20:30:00+00:00,FSU,MIA,7,W,NCAA_OFFICIAL_SCOREBOARD_FEED|https://data.ncaa.com/casablanca/scoreboard/football/fbs/2023/11/scoreboard.json,2026-08-22T03:42:39+00:00,validation
NCAA-2023-3153863,2023,11,2023-11-11T20:30:00+00:00,WASH,UTAH,7,W,NCAA_OFFICIAL_SCOREBOARD_FEED|https://data.ncaa.com/casablanca/scoreboard/football/fbs/2023/11/scoreboard.json,2026-08-22T03:42:39+00:00,validation
NCAA-2023-3153869,2023,11,2023-11-11T20:30:00+00:00,CCU,TXST,8,W,NCAA_OFFICIAL_SCOREBOARD_FEED|https://data.ncaa.com/casablanca/scoreboard/football/fbs/2023/11/scoreboard.json,2026-08-22T03:42:39+00:00,validation
NCAA-2023-3153872,2023,11,2023-11-11T20:30:00+00:00,MIZ,TENN,29,W,NCAA_OFFICIAL_SCOREBOARD_FEED|https://data.ncaa.com/casablanca/scoreboard/football/fbs/2023/11/scoreboard.json,2026-08-22T03:42:39+00:00,validation
NCAA-2023-3153886,2023,11,2023-11-11T20:30:00+00:00,UCF,OKST,42,W,NCAA_OFFICIAL_SCOREBOARD_FEED|https://data.ncaa.com/casablanca/scoreboard/football/fbs/2023/11/scoreboard.json,2026-08-22T03:42:39+00:00,validation
NCAA-2023-3153891,2023,11,2023-11-11T20:30:00+00:00,SYR,PITT,15,W,NCAA_OFFICIAL_SCOREBOARD_FEED|https://data.ncaa.com/casablanca/scoreboard/football/fbs/2023/11/scoreboard.json,2026-08-22T03:42:39+00:00,validation
NCAA-2023-3154096,2023,11,2023-11-11T20:30:00+00:00,WKU,NMSU,-9,L,NCAA_OFFICIAL_SCOREBOARD_FEED|https://data.ncaa.com/casablanca/scoreboard/football/fbs/2023/11/scoreboard.json,2026-08-22T03:42:39+00:00,validation
NCAA-2023-3154097,2023,11,2023-11-11T20:30:00+00:00,MTSU,FIU,34,W,NCAA_OFFICIAL_SCOREBOARD_FEED|https://data.ncaa.com/casablanca/scoreboard/football/fbs/2023/11/scoreboard.json,2026-08-22T03:42:39+00:00,validation
NCAA-2023-3154101,2023,11,2023-11-11T20:30:00+00:00,NAVY,UAB,25,W,NCAA_OFFICIAL_SCOREBOARD_FEED|https://data.ncaa.com/casablanca/scoreboard/football/fbs/2023/11/scoreboard.json,2026-08-22T03:42:39+00:00,validation
NCAA-2023-3153842,2023,11,2023-11-11T21:00:00+00:00,ARK,AUB,-38,L,NCAA_OFFICIAL_SCOREBOARD_FEED|https://data.ncaa.com/casablanca/scoreboard/football/fbs/2023/11/scoreboard.json,2026-08-22T03:42:39+00:00,validation
NCAA-2023-3153876,2023,11,2023-11-11T21:00:00+00:00,FAU,ECU,-15,L,NCAA_OFFICIAL_SCOREBOARD_FEED|https://data.ncaa.com/casablanca/scoreboard/football/fbs/2023/11/scoreboard.json,2026-08-22T03:42:39+00:00,validation
NCAA-2023-3154112,2023,11,2023-11-11T21:05:00+00:00,CAL,WSU,3,W,NCAA_OFFICIAL_SCOREBOARD_FEED|https://data.ncaa.com/casablanca/scoreboard/football/fbs/2023/11/scoreboard.json,2026-08-22T03:42:39+00:00,validation
NCAA-2023-3153846,2023,11,2023-11-11T22:30:00+00:00,ORST,STAN,45,W,NCAA_OFFICIAL_SCOREBOARD_FEED|https://data.ncaa.com/casablanca/scoreboard/football/fbs/2023/11/scoreboard.json,2026-08-22T03:42:39+00:00,validation
NCAA-2023-3153856,2023,11,2023-11-12T00:00:00+00:00,HOU,CIN,-10,L,NCAA_OFFICIAL_SCOREBOARD_FEED|https://data.ncaa.com/casablanca/scoreboard/football/fbs/2023/11/scoreboard.json,2026-08-22T03:42:39+00:00,validation
NCAA-2023-3153867,2023,11,2023-11-12T00:00:00+00:00,MRSH,GASO,5,W,NCAA_OFFICIAL_SCOREBOARD_FEED|https://data.ncaa.com/casablanca/scoreboard/football/fbs/2023/11/scoreboard.json,2026-08-22T03:42:39+00:00,validation
NCAA-2023-3153873,2023,11,2023-11-12T00:00:00+00:00,UGA,MISS,35,W,NCAA_OFFICIAL_SCOREBOARD_FEED|https://data.ncaa.com/casablanca/scoreboard/football/fbs/2023/11/scoreboard.json,2026-08-22T03:42:39+00:00,validation
NCAA-2023-3153884,2023,11,2023-11-12T00:00:00+00:00,OU,WVU,39,W,NCAA_OFFICIAL_SCOREBOARD_FEED|https://data.ncaa.com/casablanca/scoreboard/football/fbs/2023/11/scoreboard.json,2026-08-22T03:42:39+00:00,validation
NCAA-2023-3154109,2023,11,2023-11-12T00:00:00+00:00,CSU,SDSU,3,W,NCAA_OFFICIAL_SCOREBOARD_FEED|https://data.ncaa.com/casablanca/scoreboard/football/fbs/2023/11/scoreboard.json,2026-08-22T03:42:39+00:00,validation
NCAA-2023-3146451,2023,11,2023-11-12T00:30:00+00:00,OSU,MSU,35,W,NCAA_OFFICIAL_SCOREBOARD_FEED|https://data.ncaa.com/casablanca/scoreboard/football/fbs/2023/11/scoreboard.json,2026-08-22T03:42:39+00:00,validation
NCAA-2023-3153843,2023,11,2023-11-12T00:30:00+00:00,LSU,FLA,17,W,NCAA_OFFICIAL_SCOREBOARD_FEED|https://data.ncaa.com/casablanca/scoreboard/football/fbs/2023/11/scoreboard.json,2026-08-22T03:42:39+00:00,validation
NCAA-2023-3153851,2023,11,2023-11-12T00:30:00+00:00,TA&M,MSST,41,W,NCAA_OFFICIAL_SCOREBOARD_FEED|https://data.ncaa.com/casablanca/scoreboard/football/fbs/2023/11/scoreboard.json,2026-08-22T03:42:39+00:00,validation
NCAA-2023-3153853,2023,11,2023-11-12T00:30:00+00:00,TCU,TEX,-3,L,NCAA_OFFICIAL_SCOREBOARD_FEED|https://data.ncaa.com/casablanca/scoreboard/football/fbs/2023/11/scoreboard.json,2026-08-22T03:42:39+00:00,validation
NCAA-2023-3153875,2023,11,2023-11-12T00:30:00+00:00,UTSA,RICE,20,W,NCAA_OFFICIAL_SCOREBOARD_FEED|https://data.ncaa.com/casablanca/scoreboard/football/fbs/2023/11/scoreboard.json,2026-08-22T03:42:39+00:00,validation
NCAA-2023-3153864,2023,11,2023-11-12T01:00:00+00:00,UNC,DUKE,2,W,NCAA_OFFICIAL_SCOREBOARD_FEED|https://data.ncaa.com/casablanca/scoreboard/football/fbs/2023/11/scoreboard.json,2026-08-22T03:42:39+00:00,validation
NCAA-2023-3153866,2023,11,2023-11-12T02:00:00+00:00,UCLA,ASU,-10,L,NCAA_OFFICIAL_SCOREBOARD_FEED|https://data.ncaa.com/casablanca/scoreboard/football/fbs/2023/11/scoreboard.json,2026-08-22T03:42:39+00:00,validation
NCAA-2023-3153865,2023,11,2023-11-12T03:00:00+00:00,BOISE,NM,28,W,NCAA_OFFICIAL_SCOREBOARD_FEED|https://data.ncaa.com/casablanca/scoreboard/football/fbs/2023/11/scoreboard.json,2026-08-22T03:42:39+00:00,validation
NCAA-2023-3153882,2023,11,2023-11-12T03:15:00+00:00,BYU,ISU,-32,L,NCAA_OFFICIAL_SCOREBOARD_FEED|https://data.ncaa.com/casablanca/scoreboard/football/fbs/2023/11/scoreboard.json,2026-08-22T03:42:39+00:00,validation
NCAA-2023-3153881,2023,11,2023-11-12T03:30:00+00:00,ORE,USC,9,W,NCAA_OFFICIAL_SCOREBOARD_FEED|https://data.ncaa.com/casablanca/scoreboard/football/fbs/2023/11/scoreboard.json,2026-08-22T03:42:39+00:00,validation
NCAA-2023-3154116,2023,11,2023-11-12T03:30:00+00:00,SJSU,FRES,24,W,NCAA_OFFICIAL_SCOREBOARD_FEED|https://data.ncaa.com/casablanca/scoreboard/football/fbs/2023/11/scoreboard.json,2026-08-22T03:42:39+00:00,validation
NCAA-2023-3154111,2023,11,2023-11-12T04:00:00+00:00,HAW,AF,14,W,NCAA_OFFICIAL_SCOREBOARD_FEED|https://data.ncaa.com/casablanca/scoreboard/football/fbs/2023/11/scoreboard.json,2026-08-22T03:42:39+00:00,validation
NCAA-2023-3154123,2023,12,2023-11-17T00:00:00+00:00,PITT,BC,8,W,NCAA_OFFICIAL_SCOREBOARD_FEED|https://data.ncaa.com/casablanca/scoreboard/football/fbs/2023/12/scoreboard.json,2026-08-22T03:42:39+00:00,validation
NCAA-2023-3154124,2023,12,2023-11-18T02:00:00+00:00,UTSA,USF,28,W,NCAA_OFFICIAL_SCOREBOARD_FEED|https://data.ncaa.com/casablanca/scoreboard/football/fbs/2023/12/scoreboard.json,2026-08-22T03:42:39+00:00,validation
NCAA-2023-3154125,2023,12,2023-11-18T03:30:00+00:00,WSU,COLO,42,W,NCAA_OFFICIAL_SCOREBOARD_FEED|https://data.ncaa.com/casablanca/scoreboard/football/fbs/2023/12/scoreboard.json,2026-08-22T03:42:39+00:00,validation
NCAA-2023-3147002,2023,12,2023-11-18T17:00:00+00:00,NU,PUR,8,W,NCAA_OFFICIAL_SCOREBOARD_FEED|https://data.ncaa.com/casablanca/scoreboard/football/fbs/2023/12/scoreboard.json,2026-08-22T03:42:39+00:00,validation
NCAA-2023-3147088,2023,12,2023-11-18T17:00:00+00:00,IU,MSU,-3,L,NCAA_OFFICIAL_SCOREBOARD_FEED|https://data.ncaa.com/casablanca/scoreboard/football/fbs/2023/12/scoreboard.json,2026-08-22T03:42:39+00:00,validation
NCAA-2023-3154133,2023,12,2023-11-18T17:00:00+00:00,MISS,ULM,32,W,NCAA_OFFICIAL_SCOREBOARD_FEED|https://data.ncaa.com/casablanca/scoreboard/football/fbs/2023/12/scoreboard.json,2026-08-22T03:42:39+00:00,validation
NCAA-2023-3154139,2023,12,2023-11-18T17:00:00+00:00,MEM,SMU,-4,L,NCAA_OFFICIAL_SCOREBOARD_FEED|https://data.ncaa.com/casablanca/scoreboard/football/fbs/2023/12/scoreboard.json,2026-08-22T03:42:39+00:00,validation
NCAA-2023-3154152,2023,12,2023-11-18T17:00:00+00:00,MIA,LOU,-7,L,NCAA_OFFICIAL_SCOREBOARD_FEED|https://data.ncaa.com/casablanca/scoreboard/football/fbs/2023/12/scoreboard.json,2026-08-22T03:42:39+00:00,validation
NCAA-2023-3154155,2023,12,2023-11-18T17:00:00+00:00,FAU,TLN,-16,L,NCAA_OFFICIAL_SCOREBOARD_FEED|https://data.ncaa.com/casablanca/scoreboard/football/fbs/2023/12/scoreboard.json,2026-08-22T03:42:39+00:00,validation
NCAA-2023-3154162,2023,12,2023-11-18T17:00:00+00:00,BYU,OU,-7,L,NCAA_OFFICIAL_SCOREBOARD_FEED|https://data.ncaa.com/casablanca/scoreboard/football/fbs/2023/12/scoreboard.json,2026-08-22T03:42:39+00:00,validation
NCAA-2023-3154172,2023,12,2023-11-18T17:00:00+00:00,MSST,USM,21,W,NCAA_OFFICIAL_SCOREBOARD_FEED|https://data.ncaa.com/casablanca/scoreboard/football/fbs/2023/12/scoreboard.json,2026-08-22T03:42:39+00:00,validation
NCAA-2023-3154180,2023,12,2023-11-18T17:00:00+00:00,ARMY,CCU,7,W,NCAA_OFFICIAL_SCOREBOARD_FEED|https://data.ncaa.com/casablanca/scoreboard/football/fbs/2023/12/scoreboard.json,2026-08-22T03:42:39+00:00,validation
NCAA-2023-3154181,2023,12,2023-11-18T17:00:00+00:00,NAVY,ECU,10,W,NCAA_OFFICIAL_SCOREBOARD_FEED|https://data.ncaa.com/casablanca/scoreboard/football/fbs/2023/12/scoreboard.json,2026-08-22T03:42:39+00:00,validation
NCAA-2023-3154298,2023,12,2023-11-18T17:00:00+00:00,PSU,RUTG,21,W,NCAA_OFFICIAL_SCOREBOARD_FEED|https://data.ncaa.com/casablanca/scoreboard/football/fbs/2023/12/scoreboard.json,2026-08-22T03:42:39+00:00,validation
NCAA-2023-3154303,2023,12,2023-11-18T17:00:00+00:00,MD,MICH,-7,L,NCAA_OFFICIAL_SCOREBOARD_FEED|https://data.ncaa.com/casablanca/scoreboard/football/fbs/2023/12/scoreboard.json,2026-08-22T03:42:39+00:00,validation
NCAA-2023-3154150,2023,12,2023-11-18T19:00:00+00:00,CHAR,RICE,-21,L,NCAA_OFFICIAL_SCOREBOARD_FEED|https://data.ncaa.com/casablanca/scoreboard/football/fbs/2023/12/scoreboard.json,2026-08-22T03:42:39+00:00,validation
NCAA-2023-3154185,2023,12,2023-11-18T19:00:00+00:00,WYO,HAW,33,W,NCAA_OFFICIAL_SCOREBOARD_FEED|https://data.ncaa.com/casablanca/scoreboard/football/fbs/2023/12/scoreboard.json,2026-08-22T03:42:39+00:00,validation
NCAA-2023-3154210,2023,12,2023-11-18T19:00:00+00:00,MTSU,UTEP,4,W,NCAA_OFFICIAL_SCOREBOARD_FEED|https://data.ncaa.com/casablanca/scoreboard/football/fbs/2023/12/scoreboard.json,2026-08-22T03:42:39+00:00,validation
NCAA-2023-3154129,2023,12,2023-11-18T19:30:00+00:00,ARIZ,UTAH,24,W,NCAA_OFFICIAL_SCOREBOARD_FEED|https://data.ncaa.com/casablanca/scoreboard/football/fbs/2023/12/scoreboard.json,2026-08-22T03:42:39+00:00,validation
NCAA-2023-3154164,2023,12,2023-11-18T19:30:00+00:00,WVU,CIN,21,W,NCAA_OFFICIAL_SCOREBOARD_FEED|https://data.ncaa.com/casablanca/scoreboard/football/fbs/2023/12/scoreboard.json,2026-08-22T03:42:39+00:00,validation
NCAA-2023-3154135,2023,12,2023-11-18T20:00:00+00:00,UVA,DUKE,3,W,NCAA_OFFICIAL_SCOREBOARD_FEED|https://data.ncaa.com/casablanca/scoreboard/football/fbs/2023/12/scoreboard.json,2026-08-22T03:42:39+00:00,validation
NCAA-2023-3154146,2023,12,2023-11-18T20:00:00+00:00,TLSA,UNT,-7,L,NCAA_OFFICIAL_SCOREBOARD_FEED|https://data.ncaa.com/casablanca/scoreboard/football/fbs/2023/12/scoreboard.json,2026-08-22T03:42:39+00:00,validation
NCAA-2023-3154156,2023,12,2023-11-18T20:00:00+00:00,ARST,TXST,46,W,NCAA_OFFICIAL_SCOREBOARD_FEED|https://data.ncaa.com/casablanca/scoreboard/football/fbs/2023/12/scoreboard.json,2026-08-22T03:42:39+00:00,validation
NCAA-2023-3154159,2023,12,2023-11-18T20:00:00+00:00,UAB,TEM,10,W,NCAA_OFFICIAL_SCOREBOARD_FEED|https://data.ncaa.com/casablanca/scoreboard/football/fbs/2023/12/scoreboard.json,2026-08-22T03:42:39+00:00,validation
NCAA-2023-3154203,2023,12,2023-11-18T20:00:00+00:00,CSU,NEV,10,W,NCAA_OFFICIAL_SCOREBOARD_FEED|https://data.ncaa.com/casablanca/scoreboard/football/fbs/2023/12/scoreboard.json,2026-08-22T03:42:39+00:00,validation
NCAA-2023-3146425,2023,12,2023-11-18T20:30:00+00:00,IOWA,ILL,2,W,NCAA_OFFICIAL_SCOREBOARD_FEED|https://data.ncaa.com/casablanca/scoreboard/football/fbs/2023/12/scoreboard.json,2026-08-22T03:42:39+00:00,validation
NCAA-2023-3154132,2023,12,2023-11-18T20:30:00+00:00,VT,NCSU,-7,L,NCAA_OFFICIAL_SCOREBOARD_FEED|https://data.ncaa.com/casablanca/scoreboard/football/fbs/2023/12/scoreboard.json,2026-08-22T03:42:39+00:00,validation
NCAA-2023-3154136,2023,12,2023-11-18T20:30:00+00:00,CLEM,UNC,11,W,NCAA_OFFICIAL_SCOREBOARD_FEED|https://data.ncaa.com/casablanca/scoreboard/football/fbs/2023/12/scoreboard.json,2026-08-22T03:42:39+00:00,validation
NCAA-2023-3154140,2023,12,2023-11-18T20:30:00+00:00,TCU,BAY,25,W,NCAA_OFFICIAL_SCOREBOARD_FEED|https://data.ncaa.com/casablanca/scoreboard/football/fbs/2023/12/scoreboard.json,2026-08-22T03:42:39+00:00,validation
NCAA-2023-3154144,2023,12,2023-11-18T20:30:00+00:00,TENN,UGA,-28,L,NCAA_OFFICIAL_SCOREBOARD_FEED|https://data.ncaa.com/casablanca/scoreboard/football/fbs/2023/12/scoreboard.json,2026-08-22T03:42:39+00:00,validation
NCAA-2023-3154157,2023,12,2023-11-18T20:30:00+00:00,USC,UCLA,-18,L,NCAA_OFFICIAL_SCOREBOARD_FEED|https://data.ncaa.com/casablanca/scoreboard/football/fbs/2023/12/scoreboard.json,2026-08-22T03:42:39+00:00,validation
NCAA-2023-3154216,2023,12,2023-11-18T20:30:00+00:00,AF,UNLV,-4,L,NCAA_OFFICIAL_SCOREBOARD_FEED|https://data.ncaa.com/casablanca/scoreboard/football/fbs/2023/12/scoreboard.json,2026-08-22T03:42:39+00:00,validation
NCAA-2023-3154227,2023,12,2023-11-18T20:30:00+00:00,TROY,ULL,7,W,NCAA_OFFICIAL_SCOREBOARD_FEED|https://data.ncaa.com/casablanca/scoreboard/football/fbs/2023/12/scoreboard.json,2026-08-22T03:42:39+00:00,validation
NCAA-2023-3154228,2023,12,2023-11-18T20:30:00+00:00,ND,WAKE,38,W,NCAA_OFFICIAL_SCOREBOARD_FEED|https://data.ncaa.com/casablanca/scoreboard/football/fbs/2023/12/scoreboard.json,2026-08-22T03:42:39+00:00,validation
NCAA-2023-3146452,2023,12,2023-11-18T21:00:00+00:00,OSU,MINN,34,W,NCAA_OFFICIAL_SCOREBOARD_FEED|https://data.ncaa.com/casablanca/scoreboard/football/fbs/2023/12/scoreboard.json,2026-08-22T03:42:39+00:00,validation
NCAA-2023-3154143,2023,12,2023-11-18T21:00:00+00:00,HOU,OKST,-13,L,NCAA_OFFICIAL_SCOREBOARD_FEED|https://data.ncaa.com/casablanca/scoreboard/football/fbs/2023/12/scoreboard.json,2026-08-22T03:42:39+00:00,validation
NCAA-2023-3154145,2023,12,2023-11-18T21:00:00+00:00,AUB,NMSU,-21,L,NCAA_OFFICIAL_SCOREBOARD_FEED|https://data.ncaa.com/casablanca/scoreboard/football/fbs/2023/12/scoreboard.json,2026-08-22T03:42:39+00:00,validation
NCAA-2023-3154158,2023,12,2023-11-18T21:00:00+00:00,ASU,ORE,-36,L,NCAA_OFFICIAL_SCOREBOARD_FEED|https://data.ncaa.com/casablanca/scoreboard/football/fbs/2023/12/scoreboard.json,2026-08-22T03:42:39+00:00,validation
NCAA-2023-3154148,2023,12,2023-11-18T22:00:00+00:00,TTU,UCF,1,W,NCAA_OFFICIAL_SCOREBOARD_FEED|https://data.ncaa.com/casablanca/scoreboard/football/fbs/2023/12/scoreboard.json,2026-08-22T03:42:39+00:00,validation
NCAA-2023-3154128,2023,12,2023-11-18T23:00:00+00:00,GASO,ODU,-3,L,NCAA_OFFICIAL_SCOREBOARD_FEED|https://data.ncaa.com/casablanca/scoreboard/football/fbs/2023/12/scoreboard.json,2026-08-22T03:42:39+00:00,validation
NCAA-2023-3154236,2023,12,2023-11-18T23:30:00+00:00,STAN,CAL,-12,L,NCAA_OFFICIAL_SCOREBOARD_FEED|https://data.ncaa.com/casablanca/scoreboard/football/fbs/2023/12/scoreboard.json,2026-08-22T03:42:39+00:00,validation
NCAA-2023-3154163,2023,12,2023-11-19T00:00:00+00:00,KU,KSU,-4,L,NCAA_OFFICIAL_SCOREBOARD_FEED|https://data.ncaa.com/casablanca/scoreboard/football/fbs/2023/12/scoreboard.json,2026-08-22T03:42:39+00:00,validation
NCAA-2023-3154231,2023,12,2023-11-19T00:00:00+00:00,USU,BOISE,-35,L,NCAA_OFFICIAL_SCOREBOARD_FEED|https://data.ncaa.com/casablanca/scoreboard/football/fbs/2023/12/scoreboard.json,2026-08-22T03:42:39+00:00,validation
NCAA-2023-3146454,2023,12,2023-11-19T00:30:00+00:00,WIS,NEB,7,W,NCAA_OFFICIAL_SCOREBOARD_FEED|https://data.ncaa.com/casablanca/scoreboard/football/fbs/2023/12/scoreboard.json,2026-08-22T03:42:39+00:00,validation
NCAA-2023-3154130,2023,12,2023-11-19T00:30:00+00:00,ARK,FIU,24,W,NCAA_OFFICIAL_SCOREBOARD_FEED|https://data.ncaa.com/casablanca/scoreboard/football/fbs/2023/12/scoreboard.json,2026-08-22T03:42:39+00:00,validation
NCAA-2023-3154134,2023,12,2023-11-19T00:30:00+00:00,ORST,WASH,-2,L,NCAA_OFFICIAL_SCOREBOARD_FEED|https://data.ncaa.com/casablanca/scoreboard/football/fbs/2023/12/scoreboard.json,2026-08-22T03:42:39+00:00,validation
NCAA-2023-3154137,2023,12,2023-11-19T00:30:00+00:00,SC,UK,3,W,NCAA_OFFICIAL_SCOREBOARD_FEED|https://data.ncaa.com/casablanca/scoreboard/football/fbs/2023/12/scoreboard.json,2026-08-22T03:42:39+00:00,validation
NCAA-2023-3154151,2023,12,2023-11-19T00:30:00+00:00,MIZ,FLA,2,W,NCAA_OFFICIAL_SCOREBOARD_FEED|https://data.ncaa.com/casablanca/scoreboard/football/fbs/2023/12/scoreboard.json,2026-08-22T03:42:39+00:00,validation
NCAA-2023-3154126,2023,12,2023-11-19T01:00:00+00:00,ISU,TEX,-10,L,NCAA_OFFICIAL_SCOREBOARD_FEED|https://data.ncaa.com/casablanca/scoreboard/football/fbs/2023/12/scoreboard.json,2026-08-22T03:42:39+00:00,validation
NCAA-2023-3154131,2023,12,2023-11-19T01:00:00+00:00,LSU,GAST,42,W,NCAA_OFFICIAL_SCOREBOARD_FEED|https://data.ncaa.com/casablanca/scoreboard/football/fbs/2023/12/scoreboard.json,2026-08-22T03:42:39+00:00,validation
NCAA-2023-3154153,2023,12,2023-11-19T01:00:00+00:00,GT,SYR,9,W,NCAA_OFFICIAL_SCOREBOARD_FEED|https://data.ncaa.com/casablanca/scoreboard/football/fbs/2023/12/scoreboard.json,2026-08-22T03:42:39+00:00,validation
NCAA-2023-3154147,2023,12,2023-11-19T03:30:00+00:00,FRES,NM,-8,L,NCAA_OFFICIAL_SCOREBOARD_FEED|https://data.ncaa.com/casablanca/scoreboard/football/fbs/2023/12/scoreboard.json,2026-08-22T03:42:39+00:00,validation
NCAA-2023-3154235,2023,12,2023-11-19T03:30:00+00:00,SJSU,SDSU,11,W,NCAA_OFFICIAL_SCOREBOARD_FEED|https://data.ncaa.com/casablanca/scoreboard/football/fbs/2023/12/scoreboard.json,2026-08-22T03:42:39+00:00,validation
NCAA-2023-3154240,2023,13,2023-11-24T00:30:00+00:00,MSST,MISS,-10,L,NCAA_OFFICIAL_SCOREBOARD_FEED|https://data.ncaa.com/casablanca/scoreboard/football/fbs/2023/13/scoreboard.json,2026-08-22T03:42:40+00:00,validation
NCAA-2023-3146445,2023,13,2023-11-24T17:00:00+00:00,NEB,IOWA,-3,L,NCAA_OFFICIAL_SCOREBOARD_FEED|https://data.ncaa.com/casablanca/scoreboard/football/fbs/2023/13/scoreboard.json,2026-08-22T03:42:40+00:00,validation
NCAA-2023-3154241,2023,13,2023-11-24T17:00:00+00:00,TEM,MEM,-24,L,NCAA_OFFICIAL_SCOREBOARD_FEED|https://data.ncaa.com/casablanca/scoreboard/football/fbs/2023/13/scoreboard.json,2026-08-22T03:42:40+00:00,validation
NCAA-2023-3154243,2023,13,2023-11-24T17:00:00+00:00,OU,TCU,24,W,NCAA_OFFICIAL_SCOREBOARD_FEED|https://data.ncaa.com/casablanca/scoreboard/football/fbs/2023/13/scoreboard.json,2026-08-22T03:42:40+00:00,validation
NCAA-2023-3154246,2023,13,2023-11-24T17:00:00+00:00,BC,MIA,-25,L,NCAA_OFFICIAL_SCOREBOARD_FEED|https://data.ncaa.com/casablanca/scoreboard/football/fbs/2023/13/scoreboard.json,2026-08-22T03:42:40+00:00,validation
NCAA-2023-3154242,2023,13,2023-11-24T20:30:00+00:00,TLN,UTSA,13,W,NCAA_OFFICIAL_SCOREBOARD_FEED|https://data.ncaa.com/casablanca/scoreboard/football/fbs/2023/13/scoreboard.json,2026-08-22T03:42:40+00:00,validation
NCAA-2023-3154247,2023,13,2023-11-24T20:30:00+00:00,NM,USU,-3,L,NCAA_OFFICIAL_SCOREBOARD_FEED|https://data.ncaa.com/casablanca/scoreboard/football/fbs/2023/13/scoreboard.json,2026-08-22T03:42:40+00:00,validation
NCAA-2023-3154248,2023,13,2023-11-24T21:00:00+00:00,BOISE,AF,8,W,NCAA_OFFICIAL_SCOREBOARD_FEED|https://data.ncaa.com/casablanca/scoreboard/football/fbs/2023/13/scoreboard.json,2026-08-22T03:42:40+00:00,validation
NCAA-2023-3154249,2023,13,2023-11-24T21:00:00+00:00,ARK,MIZ,-34,L,NCAA_OFFICIAL_SCOREBOARD_FEED|https://data.ncaa.com/casablanca/scoreboard/football/fbs/2023/13/scoreboard.json,2026-08-22T03:42:40+00:00,validation
NCAA-2023-3154251,2023,13,2023-11-25T00:30:00+00:00,TEX,TTU,50,W,NCAA_OFFICIAL_SCOREBOARD_FEED|https://data.ncaa.com/casablanca/scoreboard/football/fbs/2023/13/scoreboard.json,2026-08-22T03:42:40+00:00,validation
NCAA-2023-3169706,2023,13,2023-11-25T00:30:00+00:00,MSU,PSU,-42,L,NCAA_OFFICIAL_SCOREBOARD_FEED|https://data.ncaa.com/casablanca/scoreboard/football/fbs/2023/13/scoreboard.json,2026-08-22T03:42:40+00:00,validation
NCAA-2023-3154250,2023,13,2023-11-25T01:30:00+00:00,ORE,ORST,24,W,NCAA_OFFICIAL_SCOREBOARD_FEED|https://data.ncaa.com/casablanca/scoreboard/football/fbs/2023/13/scoreboard.json,2026-08-22T03:42:40+00:00,validation
NCAA-2023-3146430,2023,13,2023-11-25T17:00:00+00:00,MICH,OSU,6,W,NCAA_OFFICIAL_SCOREBOARD_FEED|https://data.ncaa.com/casablanca/scoreboard/football/fbs/2023/13/scoreboard.json,2026-08-22T03:42:40+00:00,validation
NCAA-2023-3146987,2023,13,2023-11-25T17:00:00+00:00,PUR,IU,4,W,NCAA_OFFICIAL_SCOREBOARD_FEED|https://data.ncaa.com/casablanca/scoreboard/football/fbs/2023/13/scoreboard.json,2026-08-22T03:42:40+00:00,validation
NCAA-2023-3154253,2023,13,2023-11-25T17:00:00+00:00,SMU,NAVY,45,W,NCAA_OFFICIAL_SCOREBOARD_FEED|https://data.ncaa.com/casablanca/scoreboard/football/fbs/2023/13/scoreboard.json,2026-08-22T03:42:40+00:00,validation
NCAA-2023-3154255,2023,13,2023-11-25T17:00:00+00:00,LSU,TA&M,12,W,NCAA_OFFICIAL_SCOREBOARD_FEED|https://data.ncaa.com/casablanca/scoreboard/football/fbs/2023/13/scoreboard.json,2026-08-22T03:42:40+00:00,validation
NCAA-2023-3154263,2023,13,2023-11-25T17:00:00+00:00,LOU,UK,-7,L,NCAA_OFFICIAL_SCOREBOARD_FEED|https://data.ncaa.com/casablanca/scoreboard/football/fbs/2023/13/scoreboard.json,2026-08-22T03:42:40+00:00,validation
NCAA-2023-3154276,2023,13,2023-11-25T17:00:00+00:00,DUKE,PITT,11,W,NCAA_OFFICIAL_SCOREBOARD_FEED|https://data.ncaa.com/casablanca/scoreboard/football/fbs/2023/13/scoreboard.json,2026-08-22T03:42:40+00:00,validation
NCAA-2023-3154279,2023,13,2023-11-25T17:00:00+00:00,USM,TROY,-18,L,NCAA_OFFICIAL_SCOREBOARD_FEED|https://data.ncaa.com/casablanca/scoreboard/football/fbs/2023/13/scoreboard.json,2026-08-22T03:42:40+00:00,validation
NCAA-2023-3154286,2023,13,2023-11-25T17:00:00+00:00,UCF,HOU,14,W,NCAA_OFFICIAL_SCOREBOARD_FEED|https://data.ncaa.com/casablanca/scoreboard/football/fbs/2023/13/scoreboard.json,2026-08-22T03:42:40+00:00,validation
NCAA-2023-3154268,2023,13,2023-11-25T18:00:00+00:00,RICE,FAU,3,W,NCAA_OFFICIAL_SCOREBOARD_FEED|https://data.ncaa.com/casablanca/scoreboard/football/fbs/2023/13/scoreboard.json,2026-08-22T03:42:40+00:00,validation
NCAA-2023-3154257,2023,13,2023-11-25T19:00:00+00:00,SYR,WAKE,4,W,NCAA_OFFICIAL_SCOREBOARD_FEED|https://data.ncaa.com/casablanca/scoreboard/football/fbs/2023/13/scoreboard.json,2026-08-22T03:42:40+00:00,validation
NCAA-2023-3154261,2023,13,2023-11-25T19:00:00+00:00,ODU,GAST,1,W,NCAA_OFFICIAL_SCOREBOARD_FEED|https://data.ncaa.com/casablanca/scoreboard/football/fbs/2023/13/scoreboard.json,2026-08-22T03:42:40+00:00,validation
NCAA-2023-3154262,2023,13,2023-11-25T19:00:00+00:00,UNT,UAB,3,W,NCAA_OFFICIAL_SCOREBOARD_FEED|https://data.ncaa.com/casablanca/scoreboard/football/fbs/2023/13/scoreboard.json,2026-08-22T03:42:40+00:00,validation
NCAA-2023-3154281,2023,13,2023-11-25T19:00:00+00:00,ECU,TLSA,-2,L,NCAA_OFFICIAL_SCOREBOARD_FEED|https://data.ncaa.com/casablanca/scoreboard/football/fbs/2023/13/scoreboard.json,2026-08-22T03:42:40+00:00,validation
NCAA-2023-3154254,2023,13,2023-11-25T20:00:00+00:00,ULL,ULM,31,W,NCAA_OFFICIAL_SCOREBOARD_FEED|https://data.ncaa.com/casablanca/scoreboard/football/fbs/2023/13/scoreboard.json,2026-08-22T03:42:40+00:00,validation
NCAA-2023-3154259,2023,13,2023-11-25T20:00:00+00:00,UTAH,COLO,6,W,NCAA_OFFICIAL_SCOREBOARD_FEED|https://data.ncaa.com/casablanca/scoreboard/football/fbs/2023/13/scoreboard.json,2026-08-22T03:42:40+00:00,validation
NCAA-2023-3154288,2023,13,2023-11-25T20:00:00+00:00,UNLV,SJSU,-6,L,NCAA_OFFICIAL_SCOREBOARD_FEED|https://data.ncaa.com/casablanca/scoreboard/football/fbs/2023/13/scoreboard.json,2026-08-22T03:42:40+00:00,validation
NCAA-2023-3154293,2023,13,2023-11-25T20:00:00+00:00,FIU,WKU,-13,L,NCAA_OFFICIAL_SCOREBOARD_FEED|https://data.ncaa.com/casablanca/scoreboard/football/fbs/2023/13/scoreboard.json,2026-08-22T03:42:40+00:00,validation
NCAA-2023-3146438,2023,13,2023-11-25T20:30:00+00:00,MINN,WIS,-14,L,NCAA_OFFICIAL_SCOREBOARD_FEED|https://data.ncaa.com/casablanca/scoreboard/football/fbs/2023/13/scoreboard.json,2026-08-22T03:42:40+00:00,validation
NCAA-2023-3147125,2023,13,2023-11-25T20:30:00+00:00,RUTG,MD,-18,L,NCAA_OFFICIAL_SCOREBOARD_FEED|https://data.ncaa.com/casablanca/scoreboard/football/fbs/2023/13/scoreboard.json,2026-08-22T03:42:40+00:00,validation
NCAA-2023-3147182,2023,13,2023-11-25T20:30:00+00:00,ILL,NU,-2,L,NCAA_OFFICIAL_SCOREBOARD_FEED|https://data.ncaa.com/casablanca/scoreboard/football/fbs/2023/13/scoreboard.json,2026-08-22T03:42:40+00:00,validation
NCAA-2023-3154256,2023,13,2023-11-25T20:30:00+00:00,UVA,VT,-38,L,NCAA_OFFICIAL_SCOREBOARD_FEED|https://data.ncaa.com/casablanca/scoreboard/football/fbs/2023/13/scoreboard.json,2026-08-22T03:42:40+00:00,validation
NCAA-2023-3154260,2023,13,2023-11-25T20:30:00+00:00,OKST,BYU,6,W,NCAA_OFFICIAL_SCOREBOARD_FEED|https://data.ncaa.com/casablanca/scoreboard/football/fbs/2023/13/scoreboard.json,2026-08-22T03:42:40+00:00,validation
NCAA-2023-3154266,2023,13,2023-11-25T20:30:00+00:00,TENN,VAN,24,W,NCAA_OFFICIAL_SCOREBOARD_FEED|https://data.ncaa.com/casablanca/scoreboard/football/fbs/2023/13/scoreboard.json,2026-08-22T03:42:40+00:00,validation
NCAA-2023-3154267,2023,13,2023-11-25T20:30:00+00:00,AUB,ALA,-3,L,NCAA_OFFICIAL_SCOREBOARD_FEED|https://data.ncaa.com/casablanca/scoreboard/football/fbs/2023/13/scoreboard.json,2026-08-22T03:42:40+00:00,validation
NCAA-2023-3154271,2023,13,2023-11-25T20:30:00+00:00,MRSH,ARST,14,W,NCAA_OFFICIAL_SCOREBOARD_FEED|https://data.ncaa.com/casablanca/scoreboard/football/fbs/2023/13/scoreboard.json,2026-08-22T03:42:40+00:00,validation
NCAA-2023-3154280,2023,13,2023-11-25T20:30:00+00:00,ASU,ARIZ,-36,L,NCAA_OFFICIAL_SCOREBOARD_FEED|https://data.ncaa.com/casablanca/scoreboard/football/fbs/2023/13/scoreboard.json,2026-08-22T03:42:40+00:00,validation
NCAA-2023-3154269,2023,13,2023-11-25T21:00:00+00:00,WASH,WSU,3,W,NCAA_OFFICIAL_SCOREBOARD_FEED|https://data.ncaa.com/casablanca/scoreboard/football/fbs/2023/13/scoreboard.json,2026-08-22T03:42:40+00:00,validation
NCAA-2023-3154252,2023,13,2023-11-26T00:00:00+00:00,FLA,FSU,-9,L,NCAA_OFFICIAL_SCOREBOARD_FEED|https://data.ncaa.com/casablanca/scoreboard/football/fbs/2023/13/scoreboard.json,2026-08-22T03:42:40+00:00,validation
NCAA-2023-3154264,2023,13,2023-11-26T00:00:00+00:00,BAY,WVU,-3,L,NCAA_OFFICIAL_SCOREBOARD_FEED|https://data.ncaa.com/casablanca/scoreboard/football/fbs/2023/13/scoreboard.json,2026-08-22T03:42:40+00:00,validation
NCAA-2023-3154285,2023,13,2023-11-26T00:00:00+00:00,STAN,ND,-33,L,NCAA_OFFICIAL_SCOREBOARD_FEED|https://data.ncaa.com/casablanca/scoreboard/football/fbs/2023/13/scoreboard.json,2026-08-22T03:42:40+00:00,validation
NCAA-2023-3154258,2023,13,2023-11-26T00:30:00+00:00,SC,CLEM,-9,L,NCAA_OFFICIAL_SCOREBOARD_FEED|https://data.ncaa.com/casablanca/scoreboard/football/fbs/2023/13/scoreboard.json,2026-08-22T03:42:40+00:00,validation
NCAA-2023-3154274,2023,13,2023-11-26T00:30:00+00:00,GT,UGA,-8,L,NCAA_OFFICIAL_SCOREBOARD_FEED|https://data.ncaa.com/casablanca/scoreboard/football/fbs/2023/13/scoreboard.json,2026-08-22T03:42:40+00:00,validation
NCAA-2023-3154282,2023,13,2023-11-26T00:30:00+00:00,USF,CHAR,34,W,NCAA_OFFICIAL_SCOREBOARD_FEED|https://data.ncaa.com/casablanca/scoreboard/football/fbs/2023/13/scoreboard.json,2026-08-22T03:42:40+00:00,validation
NCAA-2023-3154287,2023,13,2023-11-26T00:30:00+00:00,CIN,KU,-33,L,NCAA_OFFICIAL_SCOREBOARD_FEED|https://data.ncaa.com/casablanca/scoreboard/football/fbs/2023/13/scoreboard.json,2026-08-22T03:42:40+00:00,validation
NCAA-2023-3154265,2023,13,2023-11-26T01:00:00+00:00,KSU,ISU,-7,L,NCAA_OFFICIAL_SCOREBOARD_FEED|https://data.ncaa.com/casablanca/scoreboard/football/fbs/2023/13/scoreboard.json,2026-08-22T03:42:40+00:00,validation
NCAA-2023-3154275,2023,13,2023-11-26T01:00:00+00:00,NCSU,UNC,19,W,NCAA_OFFICIAL_SCOREBOARD_FEED|https://data.ncaa.com/casablanca/scoreboard/football/fbs/2023/13/scoreboard.json,2026-08-22T03:42:40+00:00,validation
NCAA-2023-3154295,2023,13,2023-11-26T02:00:00+00:00,NEV,WYO,-36,L,NCAA_OFFICIAL_SCOREBOARD_FEED|https://data.ncaa.com/casablanca/scoreboard/football/fbs/2023/13/scoreboard.json,2026-08-22T03:42:40+00:00,validation
NCAA-2023-3154273,2023,13,2023-11-26T03:30:00+00:00,SDSU,FRES,15,W,NCAA_OFFICIAL_SCOREBOARD_FEED|https://data.ncaa.com/casablanca/scoreboard/football/fbs/2023/13/scoreboard.json,2026-08-22T03:42:40+00:00,validation
NCAA-2023-3154296,2023,13,2023-11-26T03:30:00+00:00,UCLA,CAL,-26,L,NCAA_OFFICIAL_SCOREBOARD_FEED|https://data.ncaa.com/casablanca/scoreboard/football/fbs/2023/13/scoreboard.json,2026-08-22T03:42:40+00:00,validation
NCAA-2023-3154294,2023,13,2023-11-26T04:00:00+00:00,HAW,CSU,3,W,NCAA_OFFICIAL_SCOREBOARD_FEED|https://data.ncaa.com/casablanca/scoreboard/football/fbs/2023/13/scoreboard.json,2026-08-22T03:42:40+00:00,validation
NCAA-2023-4472105,2023,14,2023-12-02T01:00:00+00:00,WASH,ORE,3,W,NCAA_OFFICIAL_SCOREBOARD_FEED|https://data.ncaa.com/casablanca/scoreboard/football/fbs/2023/14/scoreboard.json,2026-08-22T03:42:40+00:00,validation
NCAA-2023-4472251,2023,14,2023-12-02T17:00:00+00:00,TEX,OKST,28,W,NCAA_OFFICIAL_SCOREBOARD_FEED|https://data.ncaa.com/casablanca/scoreboard/football/fbs/2023/14/scoreboard.json,2026-08-22T03:42:40+00:00,validation
NCAA-2023-4472267,2023,14,2023-12-02T20:00:00+00:00,UNLV,BOISE,-24,L,NCAA_OFFICIAL_SCOREBOARD_FEED|https://data.ncaa.com/casablanca/scoreboard/football/fbs/2023/14/scoreboard.json,2026-08-22T03:42:40+00:00,validation
NCAA-2023-4471887,2023,14,2023-12-02T21:00:00+00:00,ALA,UGA,3,W,NCAA_OFFICIAL_SCOREBOARD_FEED|https://data.ncaa.com/casablanca/scoreboard/football/fbs/2023/14/scoreboard.json,2026-08-22T03:42:40+00:00,validation
NCAA-2023-4472252,2023,14,2023-12-02T21:00:00+00:00,TLN,SMU,-12,L,NCAA_OFFICIAL_SCOREBOARD_FEED|https://data.ncaa.com/casablanca/scoreboard/football/fbs/2023/14/scoreboard.json,2026-08-22T03:42:40+00:00,validation
NCAA-2023-4471889,2023,14,2023-12-03T01:00:00+00:00,FSU,LOU,10,W,NCAA_OFFICIAL_SCOREBOARD_FEED|https://data.ncaa.com/casablanca/scoreboard/football/fbs/2023/14/scoreboard.json,2026-08-22T03:42:40+00:00,validation
NCAA-2023-4472106,2023,14,2023-12-03T01:00:00+00:00,IOWA,MICH,-26,L,NCAA_OFFICIAL_SCOREBOARD_FEED|https://data.ncaa.com/casablanca/scoreboard/football/fbs/2023/14/scoreboard.json,2026-08-22T03:42:40+00:00,validation
NCAA-2023-3154297,2023,15,2023-12-09T20:00:00+00:00,NAVY,ARMY,-6,L,NCAA_OFFICIAL_SCOREBOARD_FEED|https://data.ncaa.com/casablanca/scoreboard/football/fbs/2023/15/scoreboard.json,2026-08-22T03:42:41+00:00,validation
NCAA-2024-36566,2024,1,2024-08-24T16:00:00+00:00,GT,FSU,3,W,NCAA_OFFICIAL_SCOREBOARD_FEED|https://data.ncaa.com/casablanca/scoreboard/football/fbs/2024/01/scoreboard.json,2026-08-22T03:42:53+00:00,holdout
NCAA-2024-36421,2024,1,2024-08-25T00:00:00+00:00,NEV,SMU,-5,L,NCAA_OFFICIAL_SCOREBOARD_FEED|https://data.ncaa.com/casablanca/scoreboard/football/fbs/2024/01/scoreboard.json,2026-08-22T03:42:53+00:00,holdout
NCAA-2024-36522,2024,1,2024-08-30T01:00:00+00:00,MINN,UNC,-2,L,NCAA_OFFICIAL_SCOREBOARD_FEED|https://data.ncaa.com/casablanca/scoreboard/football/fbs/2024/01/scoreboard.json,2026-08-22T03:42:53+00:00,holdout
NCAA-2024-36612,2024,1,2024-08-30T23:00:00+00:00,MSU,FAU,6,W,NCAA_OFFICIAL_SCOREBOARD_FEED|https://data.ncaa.com/casablanca/scoreboard/football/fbs/2024/01/scoreboard.json,2026-08-22T03:42:53+00:00,holdout
NCAA-2024-36761,2024,1,2024-08-30T23:00:00+00:00,OU,TEM,48,W,NCAA_OFFICIAL_SCOREBOARD_FEED|https://data.ncaa.com/casablanca/scoreboard/football/fbs/2024/01/scoreboard.json,2026-08-22T03:42:53+00:00,holdout
NCAA-2024-37005,2024,1,2024-08-31T02:30:00+00:00,STAN,TCU,-7,L,NCAA_OFFICIAL_SCOREBOARD_FEED|https://data.ncaa.com/casablanca/scoreboard/football/fbs/2024/01/scoreboard.json,2026-08-22T03:42:53+00:00,holdout
NCAA-2024-36643,2024,1,2024-08-31T16:00:00+00:00,VAN,VT,7,W,NCAA_OFFICIAL_SCOREBOARD_FEED|https://data.ncaa.com/casablanca/scoreboard/football/fbs/2024/01/scoreboard.json,2026-08-22T03:42:53+00:00,holdout
NCAA-2024-36672,2024,1,2024-08-31T16:00:00+00:00,MD,UConn,43,W,NCAA_OFFICIAL_SCOREBOARD_FEED|https://data.ncaa.com/casablanca/scoreboard/football/fbs/2024/01/scoreboard.json,2026-08-22T03:42:53+00:00,holdout
NCAA-2024-36739,2024,1,2024-08-31T16:00:00+00:00,WVU,PSU,-22,L,NCAA_OFFICIAL_SCOREBOARD_FEED|https://data.ncaa.com/casablanca/scoreboard/football/fbs/2024/01/scoreboard.json,2026-08-22T03:42:53+00:00,holdout
NCAA-2024-36901,2024,1,2024-08-31T16:00:00+00:00,UGA,CLEM,31,W,NCAA_OFFICIAL_SCOREBOARD_FEED|https://data.ncaa.com/casablanca/scoreboard/football/fbs/2024/01/scoreboard.json,2026-08-22T03:42:53+00:00,holdout
NCAA-2024-36477,2024,1,2024-08-31T19:30:00+00:00,FLA,MIA,-24,L,NCAA_OFFICIAL_SCOREBOARD_FEED|https://data.ncaa.com/casablanca/scoreboard/football/fbs/2024/01/scoreboard.json,2026-08-22T03:42:53+00:00,holdout
NCAA-2024-36746,2024,1,2024-08-31T19:30:00+00:00,TEX,CSU,52,W,NCAA_OFFICIAL_SCOREBOARD_FEED|https://data.ncaa.com/casablanca/scoreboard/football/fbs/2024/01/scoreboard.json,2026-08-22T03:42:53+00:00,holdout
NCAA-2024-36499,2024,1,2024-08-31T20:00:00+00:00,GASO,BOISE,-11,L,NCAA_OFFICIAL_SCOREBOARD_FEED|https://data.ncaa.com/casablanca/scoreboard/football/fbs/2024/01/scoreboard.json,2026-08-22T03:42:53+00:00,holdout
NCAA-2024-36580,2024,1,2024-08-31T20:15:00+00:00,SC,ODU,4,W,NCAA_OFFICIAL_SCOREBOARD_FEED|https://data.ncaa.com/casablanca/scoreboard/football/fbs/2024/01/scoreboard.json,2026-08-22T03:42:53+00:00,holdout
NCAA-2024-36867,2024,1,2024-08-31T23:00:00+00:00,TROY,NEV,-2,L,NCAA_OFFICIAL_SCOREBOARD_FEED|https://data.ncaa.com/casablanca/scoreboard/football/fbs/2024/01/scoreboard.json,2026-08-22T03:42:53+00:00,holdout
NCAA-2024-37090,2024,1,2024-08-31T23:00:00+00:00,HOU,UNLV,-20,L,NCAA_OFFICIAL_SCOREBOARD_FEED|https://data.ncaa.com/casablanca/scoreboard/football/fbs/2024/01/scoreboard.json,2026-08-22T03:42:53+00:00,holdout
NCAA-2024-36445,2024,1,2024-08-31T23:30:00+00:00,TA&M,ND,-10,L,NCAA_OFFICIAL_SCOREBOARD_FEED|https://data.ncaa.com/casablanca/scoreboard/football/fbs/2024/01/scoreboard.json,2026-08-22T03:42:53+00:00,holdout
NCAA-2024-36680,2024,1,2024-08-31T23:30:00+00:00,MICH,FRES,20,W,NCAA_OFFICIAL_SCOREBOARD_FEED|https://data.ncaa.com/casablanca/scoreboard/football/fbs/2024/01/scoreboard.json,2026-08-22T03:42:53+00:00,holdout
NCAA-2024-36735,2024,1,2024-08-31T23:30:00+00:00,HAW,UCLA,-3,L,NCAA_OFFICIAL_SCOREBOARD_FEED|https://data.ncaa.com/casablanca/scoreboard/football/fbs/2024/01/scoreboard.json,2026-08-22T03:42:53+00:00,holdout
NCAA-2024-36546,2024,1,2024-08-31T23:45:00+00:00,UK,USM,31,W,NCAA_OFFICIAL_SCOREBOARD_FEED|https://data.ncaa.com/casablanca/scoreboard/football/fbs/2024/01/scoreboard.json,2026-08-22T03:42:53+00:00,holdout
NCAA-2024-36877,2024,1,2024-09-01T00:00:00+00:00,GT,GAST,23,W,NCAA_OFFICIAL_SCOREBOARD_FEED|https://data.ncaa.com/casablanca/scoreboard/football/fbs/2024/01/scoreboard.json,2026-08-22T03:42:53+00:00,holdout
NCAA-2024-36976,2024,1,2024-09-01T02:30:00+00:00,ARIZ,NM,22,W,NCAA_OFFICIAL_SCOREBOARD_FEED|https://data.ncaa.com/casablanca/scoreboard/football/fbs/2024/01/scoreboard.json,2026-08-22T03:42:53+00:00,holdout
NCAA-2024-37054,2024,1,2024-09-01T02:30:00+00:00,ASU,WYO,41,W,NCAA_OFFICIAL_SCOREBOARD_FEED|https://data.ncaa.com/casablanca/scoreboard/football/fbs/2024/01/scoreboard.json,2026-08-22T03:42:53+00:00,holdout
NCAA-2024-36457,2024,1,2024-09-01T23:30:00+00:00,LSU,USC,-7,L,NCAA_OFFICIAL_SCOREBOARD_FEED|https://data.ncaa.com/casablanca/scoreboard/football/fbs/2024/01/scoreboard.json,2026-08-22T03:42:53+00:00,holdout
NCAA-2024-36567,2024,1,2024-09-02T23:30:00+00:00,FSU,BC,-15,L,NCAA_OFFICIAL_SCOREBOARD_FEED|https://data.ncaa.com/casablanca/scoreboard/football/fbs/2024/01/scoreboard.json,2026-08-22T03:42:53+00:00,holdout
NCAA-2024-36423,2024,2,2024-09-06T23:00:00+00:00,SMU,BYU,-3,L,NCAA_OFFICIAL_SCOREBOARD_FEED|https://data.ncaa.com/casablanca/scoreboard/football/fbs/2024/02/scoreboard.json,2026-08-22T03:42:54+00:00,holdout
NCAA-2024-36656,2024,2,2024-09-07T01:00:00+00:00,NU,DUKE,-6,L,NCAA_OFFICIAL_SCOREBOARD_FEED|https://data.ncaa.com/casablanca/scoreboard/football/fbs/2024/02/scoreboard.json,2026-08-22T03:42:54+00:00,holdout
NCAA-2024-36469,2024,2,2024-09-07T16:00:00+00:00,OKST,ARK,8,W,NCAA_OFFICIAL_SCOREBOARD_FEED|https://data.ncaa.com/casablanca/scoreboard/football/fbs/2024/02/scoreboard.json,2026-08-22T03:42:54+00:00,holdout
NCAA-2024-36512,2024,2,2024-09-07T16:00:00+00:00,CIN,PITT,-1,L,NCAA_OFFICIAL_SCOREBOARD_FEED|https://data.ncaa.com/casablanca/scoreboard/football/fbs/2024/02/scoreboard.json,2026-08-22T03:42:54+00:00,holdout
NCAA-2024-36681,2024,2,2024-09-07T16:00:00+00:00,MICH,TEX,-19,L,NCAA_OFFICIAL_SCOREBOARD_FEED|https://data.ncaa.com/casablanca/scoreboard/football/fbs/2024/02/scoreboard.json,2026-08-22T03:42:54+00:00,holdout
NCAA-2024-36868,2024,2,2024-09-07T16:00:00+00:00,MEM,TROY,21,W,NCAA_OFFICIAL_SCOREBOARD_FEED|https://data.ncaa.com/casablanca/scoreboard/football/fbs/2024/02/scoreboard.json,2026-08-22T03:42:54+00:00,holdout
NCAA-2024-36928,2024,2,2024-09-07T16:00:00+00:00,SYR,GT,3,W,NCAA_OFFICIAL_SCOREBOARD_FEED|https://data.ncaa.com/casablanca/scoreboard/football/fbs/2024/02/scoreboard.json,2026-08-22T03:42:54+00:00,holdout
NCAA-2024-37104,2024,2,2024-09-07T16:00:00+00:00,FAU,ARMY,-17,L,NCAA_OFFICIAL_SCOREBOARD_FEED|https://data.ncaa.com/casablanca/scoreboard/football/fbs/2024/02/scoreboard.json,2026-08-22T03:42:54+00:00,holdout
NCAA-2024-36535,2024,2,2024-09-07T19:30:00+00:00,IOWA,ISU,-1,L,NCAA_OFFICIAL_SCOREBOARD_FEED|https://data.ncaa.com/casablanca/scoreboard/football/fbs/2024/02/scoreboard.json,2026-08-22T03:42:54+00:00,holdout
NCAA-2024-36581,2024,2,2024-09-07T19:30:00+00:00,UK,SC,-25,L,NCAA_OFFICIAL_SCOREBOARD_FEED|https://data.ncaa.com/casablanca/scoreboard/football/fbs/2024/02/scoreboard.json,2026-08-22T03:42:54+00:00,holdout
NCAA-2024-36613,2024,2,2024-09-07T19:30:00+00:00,MD,MSU,-3,L,NCAA_OFFICIAL_SCOREBOARD_FEED|https://data.ncaa.com/casablanca/scoreboard/football/fbs/2024/02/scoreboard.json,2026-08-22T03:42:54+00:00,holdout
NCAA-2024-36911,2024,2,2024-09-07T19:30:00+00:00,AUB,CAL,-7,L,NCAA_OFFICIAL_SCOREBOARD_FEED|https://data.ncaa.com/casablanca/scoreboard/football/fbs/2024/02/scoreboard.json,2026-08-22T03:42:54+00:00,holdout
NCAA-2024-36934,2024,2,2024-09-07T19:30:00+00:00,UNC,CHAR,18,W,NCAA_OFFICIAL_SCOREBOARD_FEED|https://data.ncaa.com/casablanca/scoreboard/football/fbs/2024/02/scoreboard.json,2026-08-22T03:42:54+00:00,holdout
NCAA-2024-37083,2024,2,2024-09-07T19:30:00+00:00,UTAH,BAY,11,W,NCAA_OFFICIAL_SCOREBOARD_FEED|https://data.ncaa.com/casablanca/scoreboard/football/fbs/2024/02/scoreboard.json,2026-08-22T03:42:54+00:00,holdout
NCAA-2024-37205,2024,2,2024-09-07T19:30:00+00:00,NAVY,TEM,27,W,NCAA_OFFICIAL_SCOREBOARD_FEED|https://data.ncaa.com/casablanca/scoreboard/football/fbs/2024/02/scoreboard.json,2026-08-22T03:42:54+00:00,holdout
NCAA-2024-5362144,2024,2,2024-09-07T20:00:00+00:00,TXST,UTSA,39,W,NCAA_OFFICIAL_SCOREBOARD_FEED|https://data.ncaa.com/casablanca/scoreboard/football/fbs/2024/02/scoreboard.json,2026-08-22T03:42:54+00:00,holdout
NCAA-2024-36645,2024,2,2024-09-07T20:30:00+00:00,VT,MRSH,17,W,NCAA_OFFICIAL_SCOREBOARD_FEED|https://data.ncaa.com/casablanca/scoreboard/football/fbs/2024/02/scoreboard.json,2026-08-22T03:42:54+00:00,holdout
NCAA-2024-36846,2024,2,2024-09-07T22:00:00+00:00,ODU,ECU,-6,L,NCAA_OFFICIAL_SCOREBOARD_FEED|https://data.ncaa.com/casablanca/scoreboard/football/fbs/2024/02/scoreboard.json,2026-08-22T03:42:54+00:00,holdout
NCAA-2024-36500,2024,2,2024-09-07T23:00:00+00:00,NEV,GASO,-3,L,NCAA_OFFICIAL_SCOREBOARD_FEED|https://data.ncaa.com/casablanca/scoreboard/football/fbs/2024/02/scoreboard.json,2026-08-22T03:42:54+00:00,holdout
NCAA-2024-36688,2024,2,2024-09-07T23:00:00+00:00,ILL,KU,6,W,NCAA_OFFICIAL_SCOREBOARD_FEED|https://data.ncaa.com/casablanca/scoreboard/football/fbs/2024/02/scoreboard.json,2026-08-22T03:42:54+00:00,holdout
NCAA-2024-36853,2024,2,2024-09-07T23:00:00+00:00,ULM,UAB,26,W,NCAA_OFFICIAL_SCOREBOARD_FEED|https://data.ncaa.com/casablanca/scoreboard/football/fbs/2024/02/scoreboard.json,2026-08-22T03:42:54+00:00,holdout
NCAA-2024-36864,2024,2,2024-09-07T23:00:00+00:00,ARST,TLSA,4,W,NCAA_OFFICIAL_SCOREBOARD_FEED|https://data.ncaa.com/casablanca/scoreboard/football/fbs/2024/02/scoreboard.json,2026-08-22T03:42:54+00:00,holdout
NCAA-2024-36907,2024,2,2024-09-07T23:00:00+00:00,ALA,USF,26,W,NCAA_OFFICIAL_SCOREBOARD_FEED|https://data.ncaa.com/casablanca/scoreboard/football/fbs/2024/02/scoreboard.json,2026-08-22T03:42:54+00:00,holdout
NCAA-2024-36914,2024,2,2024-09-07T23:00:00+00:00,WAKE,UVA,-1,L,NCAA_OFFICIAL_SCOREBOARD_FEED|https://data.ncaa.com/casablanca/scoreboard/football/fbs/2024/02/scoreboard.json,2026-08-22T03:42:54+00:00,holdout
NCAA-2024-37009,2024,2,2024-09-07T23:00:00+00:00,AF,SJSU,-10,L,NCAA_OFFICIAL_SCOREBOARD_FEED|https://data.ncaa.com/casablanca/scoreboard/football/fbs/2024/02/scoreboard.json,2026-08-22T03:42:54+00:00,holdout
NCAA-2024-36713,2024,2,2024-09-07T23:30:00+00:00,NEB,COLO,18,W,NCAA_OFFICIAL_SCOREBOARD_FEED|https://data.ncaa.com/casablanca/scoreboard/football/fbs/2024/02/scoreboard.json,2026-08-22T03:42:54+00:00,holdout
NCAA-2024-36897,2024,2,2024-09-07T23:30:00+00:00,NCSU,TENN,-41,L,NCAA_OFFICIAL_SCOREBOARD_FEED|https://data.ncaa.com/casablanca/scoreboard/football/fbs/2024/02/scoreboard.json,2026-08-22T03:42:54+00:00,holdout
NCAA-2024-36762,2024,2,2024-09-07T23:45:00+00:00,OU,HOU,4,W,NCAA_OFFICIAL_SCOREBOARD_FEED|https://data.ncaa.com/casablanca/scoreboard/football/fbs/2024/02/scoreboard.json,2026-08-22T03:42:54+00:00,holdout
NCAA-2024-36694,2024,2,2024-09-08T02:00:00+00:00,ORE,BOISE,3,W,NCAA_OFFICIAL_SCOREBOARD_FEED|https://data.ncaa.com/casablanca/scoreboard/football/fbs/2024/02/scoreboard.json,2026-08-22T03:42:54+00:00,holdout
NCAA-2024-37033,2024,2,2024-09-08T02:00:00+00:00,WSU,TTU,21,W,NCAA_OFFICIAL_SCOREBOARD_FEED|https://data.ncaa.com/casablanca/scoreboard/football/fbs/2024/02/scoreboard.json,2026-08-22T03:42:54+00:00,holdout
NCAA-2024-36599,2024,2,2024-09-08T02:30:00+00:00,ASU,MSST,7,W,NCAA_OFFICIAL_SCOREBOARD_FEED|https://data.ncaa.com/casablanca/scoreboard/football/fbs/2024/02/scoreboard.json,2026-08-22T03:42:54+00:00,holdout
NCAA-2024-36768,2024,2,2024-09-08T02:30:00+00:00,SDSU,ORST,-21,L,NCAA_OFFICIAL_SCOREBOARD_FEED|https://data.ncaa.com/casablanca/scoreboard/football/fbs/2024/02/scoreboard.json,2026-08-22T03:42:54+00:00,holdout
NCAA-2024-36730,2024,2,2024-09-08T03:00:00+00:00,USC,USU,48,W,NCAA_OFFICIAL_SCOREBOARD_FEED|https://data.ncaa.com/casablanca/scoreboard/football/fbs/2024/02/scoreboard.json,2026-08-22T03:42:54+00:00,holdout
NCAA-2024-36780,2024,3,2024-09-12T23:30:00+00:00,TXST,ASU,-3,L,NCAA_OFFICIAL_SCOREBOARD_FEED|https://data.ncaa.com/casablanca/scoreboard/football/fbs/2024/03/scoreboard.json,2026-08-22T03:42:54+00:00,holdout
NCAA-2024-36945,2024,3,2024-09-13T23:00:00+00:00,KU,UNLV,-3,L,NCAA_OFFICIAL_SCOREBOARD_FEED|https://data.ncaa.com/casablanca/scoreboard/football/fbs/2024/03/scoreboard.json,2026-08-22T03:42:54+00:00,holdout
NCAA-2024-36978,2024,3,2024-09-14T00:00:00+00:00,KSU,ARIZ,24,W,NCAA_OFFICIAL_SCOREBOARD_FEED|https://data.ncaa.com/casablanca/scoreboard/football/fbs/2024/03/scoreboard.json,2026-08-22T03:42:54+00:00,holdout
NCAA-2024-36459,2024,3,2024-09-14T16:00:00+00:00,SC,LSU,-3,L,NCAA_OFFICIAL_SCOREBOARD_FEED|https://data.ncaa.com/casablanca/scoreboard/football/fbs/2024/03/scoreboard.json,2026-08-22T03:42:54+00:00,holdout
NCAA-2024-36568,2024,3,2024-09-14T16:00:00+00:00,FSU,MEM,-8,L,NCAA_OFFICIAL_SCOREBOARD_FEED|https://data.ncaa.com/casablanca/scoreboard/football/fbs/2024/03/scoreboard.json,2026-08-22T03:42:54+00:00,holdout
NCAA-2024-36682,2024,3,2024-09-14T16:00:00+00:00,MICH,ARST,10,W,NCAA_OFFICIAL_SCOREBOARD_FEED|https://data.ncaa.com/casablanca/scoreboard/football/fbs/2024/03/scoreboard.json,2026-08-22T03:42:54+00:00,holdout
NCAA-2024-36727,2024,3,2024-09-14T16:00:00+00:00,WIS,ALA,-32,L,NCAA_OFFICIAL_SCOREBOARD_FEED|https://data.ncaa.com/casablanca/scoreboard/football/fbs/2024/03/scoreboard.json,2026-08-22T03:42:54+00:00,holdout
NCAA-2024-37034,2024,3,2024-09-14T16:00:00+00:00,TTU,UNT,45,W,NCAA_OFFICIAL_SCOREBOARD_FEED|https://data.ncaa.com/casablanca/scoreboard/football/fbs/2024/03/scoreboard.json,2026-08-22T03:42:54+00:00,holdout
NCAA-2024-5362460,2024,3,2024-09-14T16:00:00+00:00,TLSA,OKST,-35,L,NCAA_OFFICIAL_SCOREBOARD_FEED|https://data.ncaa.com/casablanca/scoreboard/football/fbs/2024/03/scoreboard.json,2026-08-22T03:42:54+00:00,holdout
NCAA-2024-36700,2024,3,2024-09-14T16:45:00+00:00,MIZ,BC,6,W,NCAA_OFFICIAL_SCOREBOARD_FEED|https://data.ncaa.com/casablanca/scoreboard/football/fbs/2024/03/scoreboard.json,2026-08-22T03:42:54+00:00,holdout
NCAA-2024-36873,2024,3,2024-09-14T18:00:00+00:00,TEM,CCU,-8,L,NCAA_OFFICIAL_SCOREBOARD_FEED|https://data.ncaa.com/casablanca/scoreboard/football/fbs/2024/03/scoreboard.json,2026-08-22T03:42:54+00:00,holdout
NCAA-2024-36386,2024,3,2024-09-14T19:30:00+00:00,PUR,ND,-59,L,NCAA_OFFICIAL_SCOREBOARD_FEED|https://data.ncaa.com/casablanca/scoreboard/football/fbs/2024/03/scoreboard.json,2026-08-22T03:42:54+00:00,holdout
NCAA-2024-36447,2024,3,2024-09-14T19:30:00+00:00,FLA,TA&M,-13,L,NCAA_OFFICIAL_SCOREBOARD_FEED|https://data.ncaa.com/casablanca/scoreboard/football/fbs/2024/03/scoreboard.json,2026-08-22T03:42:54+00:00,holdout
NCAA-2024-36513,2024,3,2024-09-14T19:30:00+00:00,PITT,WVU,4,W,NCAA_OFFICIAL_SCOREBOARD_FEED|https://data.ncaa.com/casablanca/scoreboard/football/fbs/2024/03/scoreboard.json,2026-08-22T03:42:54+00:00,holdout
NCAA-2024-36524,2024,3,2024-09-14T19:30:00+00:00,MINN,NEV,27,W,NCAA_OFFICIAL_SCOREBOARD_FEED|https://data.ncaa.com/casablanca/scoreboard/football/fbs/2024/03/scoreboard.json,2026-08-22T03:42:54+00:00,holdout
NCAA-2024-36695,2024,3,2024-09-14T19:30:00+00:00,ORST,ORE,-35,L,NCAA_OFFICIAL_SCOREBOARD_FEED|https://data.ncaa.com/casablanca/scoreboard/football/fbs/2024/03/scoreboard.json,2026-08-22T03:42:54+00:00,holdout
NCAA-2024-36745,2024,3,2024-09-14T19:30:00+00:00,WASH,WSU,-5,L,NCAA_OFFICIAL_SCOREBOARD_FEED|https://data.ncaa.com/casablanca/scoreboard/football/fbs/2024/03/scoreboard.json,2026-08-22T03:42:54+00:00,holdout
NCAA-2024-5362102,2024,3,2024-09-14T19:30:00+00:00,OU,TLN,15,W,NCAA_OFFICIAL_SCOREBOARD_FEED|https://data.ncaa.com/casablanca/scoreboard/football/fbs/2024/03/scoreboard.json,2026-08-22T03:42:54+00:00,holdout
NCAA-2024-36559,2024,3,2024-09-14T20:00:00+00:00,IOWA,TROY,17,W,NCAA_OFFICIAL_SCOREBOARD_FEED|https://data.ncaa.com/casablanca/scoreboard/football/fbs/2024/03/scoreboard.json,2026-08-22T03:42:54+00:00,holdout
NCAA-2024-36470,2024,3,2024-09-14T20:15:00+00:00,ARK,UAB,10,W,NCAA_OFFICIAL_SCOREBOARD_FEED|https://data.ncaa.com/casablanca/scoreboard/football/fbs/2024/03/scoreboard.json,2026-08-22T03:42:54+00:00,holdout
NCAA-2024-37084,2024,3,2024-09-14T20:30:00+00:00,USU,UTAH,-17,L,NCAA_OFFICIAL_SCOREBOARD_FEED|https://data.ncaa.com/casablanca/scoreboard/football/fbs/2024/03/scoreboard.json,2026-08-22T03:42:54+00:00,holdout
NCAA-2024-36646,2024,3,2024-09-14T22:00:00+00:00,ODU,VT,-20,L,NCAA_OFFICIAL_SCOREBOARD_FEED|https://data.ncaa.com/casablanca/scoreboard/football/fbs/2024/03/scoreboard.json,2026-08-22T03:42:54+00:00,holdout
NCAA-2024-5362312,2024,3,2024-09-14T22:00:00+00:00,DUKE,UConn,5,W,NCAA_OFFICIAL_SCOREBOARD_FEED|https://data.ncaa.com/casablanca/scoreboard/football/fbs/2024/03/scoreboard.json,2026-08-22T03:42:54+00:00,holdout
NCAA-2024-36593,2024,3,2024-09-14T22:30:00+00:00,WAKE,MISS,-34,L,NCAA_OFFICIAL_SCOREBOARD_FEED|https://data.ncaa.com/casablanca/scoreboard/football/fbs/2024/03/scoreboard.json,2026-08-22T03:42:54+00:00,holdout
NCAA-2024-36548,2024,3,2024-09-14T23:00:00+00:00,USM,USF,-25,L,NCAA_OFFICIAL_SCOREBOARD_FEED|https://data.ncaa.com/casablanca/scoreboard/football/fbs/2024/03/scoreboard.json,2026-08-22T03:42:54+00:00,holdout
NCAA-2024-36747,2024,3,2024-09-14T23:00:00+00:00,TEX,UTSA,49,W,NCAA_OFFICIAL_SCOREBOARD_FEED|https://data.ncaa.com/casablanca/scoreboard/football/fbs/2024/03/scoreboard.json,2026-08-22T03:42:54+00:00,holdout
NCAA-2024-36879,2024,3,2024-09-14T23:00:00+00:00,GAST,VAN,4,W,NCAA_OFFICIAL_SCOREBOARD_FEED|https://data.ncaa.com/casablanca/scoreboard/football/fbs/2024/03/scoreboard.json,2026-08-22T03:42:54+00:00,holdout
NCAA-2024-36372,2024,3,2024-09-14T23:30:00+00:00,UCLA,IU,-29,L,NCAA_OFFICIAL_SCOREBOARD_FEED|https://data.ncaa.com/casablanca/scoreboard/football/fbs/2024/03/scoreboard.json,2026-08-22T03:42:54+00:00,holdout
NCAA-2024-36891,2024,3,2024-09-14T23:30:00+00:00,UK,UGA,-1,L,NCAA_OFFICIAL_SCOREBOARD_FEED|https://data.ncaa.com/casablanca/scoreboard/football/fbs/2024/03/scoreboard.json,2026-08-22T03:42:54+00:00,holdout
NCAA-2024-36912,2024,3,2024-09-14T23:30:00+00:00,AUB,NM,26,W,NCAA_OFFICIAL_SCOREBOARD_FEED|https://data.ncaa.com/casablanca/scoreboard/football/fbs/2024/03/scoreboard.json,2026-08-22T03:42:54+00:00,holdout
NCAA-2024-37042,2024,3,2024-09-14T23:30:00+00:00,TCU,UCF,-1,L,NCAA_OFFICIAL_SCOREBOARD_FEED|https://data.ncaa.com/casablanca/scoreboard/football/fbs/2024/03/scoreboard.json,2026-08-22T03:42:54+00:00,holdout
NCAA-2024-37066,2024,3,2024-09-14T23:30:00+00:00,CSU,COLO,-19,L,NCAA_OFFICIAL_SCOREBOARD_FEED|https://data.ncaa.com/casablanca/scoreboard/football/fbs/2024/03/scoreboard.json,2026-08-22T03:42:54+00:00,holdout
NCAA-2024-37087,2024,3,2024-09-14T23:30:00+00:00,BAY,AF,28,W,NCAA_OFFICIAL_SCOREBOARD_FEED|https://data.ncaa.com/casablanca/scoreboard/football/fbs/2024/03/scoreboard.json,2026-08-22T03:42:54+00:00,holdout
NCAA-2024-36673,2024,3,2024-09-15T00:00:00+00:00,UVA,MD,-14,L,NCAA_OFFICIAL_SCOREBOARD_FEED|https://data.ncaa.com/casablanca/scoreboard/football/fbs/2024/03/scoreboard.json,2026-08-22T03:42:54+00:00,holdout
NCAA-2024-37091,2024,3,2024-09-15T00:00:00+00:00,HOU,RICE,26,W,NCAA_OFFICIAL_SCOREBOARD_FEED|https://data.ncaa.com/casablanca/scoreboard/football/fbs/2024/03/scoreboard.json,2026-08-22T03:42:54+00:00,holdout
NCAA-2024-37094,2024,3,2024-09-15T01:00:00+00:00,WYO,BYU,-20,L,NCAA_OFFICIAL_SCOREBOARD_FEED|https://data.ncaa.com/casablanca/scoreboard/football/fbs/2024/03/scoreboard.json,2026-08-22T03:42:54+00:00,holdout
NCAA-2024-37019,2024,3,2024-09-15T02:30:00+00:00,CAL,SDSU,21,W,NCAA_OFFICIAL_SCOREBOARD_FEED|https://data.ncaa.com/casablanca/scoreboard/football/fbs/2024/03/scoreboard.json,2026-08-22T03:42:54+00:00,holdout
NCAA-2024-37007,2024,4,2024-09-20T23:30:00+00:00,SYR,STAN,-2,L,NCAA_OFFICIAL_SCOREBOARD_FEED|https://data.ncaa.com/casablanca/scoreboard/football/fbs/2024/04/scoreboard.json,2026-08-22T03:42:55+00:00,holdout
NCAA-2024-36689,2024,4,2024-09-21T00:00:00+00:00,NEB,ILL,-7,L,NCAA_OFFICIAL_SCOREBOARD_FEED|https://data.ncaa.com/casablanca/scoreboard/football/fbs/2024/04/scoreboard.json,2026-08-22T03:42:55+00:00,holdout
NCAA-2024-37010,2024,4,2024-09-21T02:00:00+00:00,WSU,SJSU,2,W,NCAA_OFFICIAL_SCOREBOARD_FEED|https://data.ncaa.com/casablanca/scoreboard/football/fbs/2024/04/scoreboard.json,2026-08-22T03:42:55+00:00,holdout
NCAA-2024-36373,2024,4,2024-09-21T16:00:00+00:00,IU,CHAR,38,W,NCAA_OFFICIAL_SCOREBOARD_FEED|https://data.ncaa.com/casablanca/scoreboard/football/fbs/2024/04/scoreboard.json,2026-08-22T03:42:55+00:00,holdout
NCAA-2024-36413,2024,4,2024-09-21T16:00:00+00:00,OSU,MRSH,35,W,NCAA_OFFICIAL_SCOREBOARD_FEED|https://data.ncaa.com/casablanca/scoreboard/football/fbs/2024/04/scoreboard.json,2026-08-22T03:42:55+00:00,holdout
NCAA-2024-36479,2024,4,2024-09-21T16:00:00+00:00,MSST,FLA,-17,L,NCAA_OFFICIAL_SCOREBOARD_FEED|https://data.ncaa.com/casablanca/scoreboard/football/fbs/2024/04/scoreboard.json,2026-08-22T03:42:55+00:00,holdout
NCAA-2024-36489,2024,4,2024-09-21T16:00:00+00:00,ULL,TLN,-8,L,NCAA_OFFICIAL_SCOREBOARD_FEED|https://data.ncaa.com/casablanca/scoreboard/football/fbs/2024/04/scoreboard.json,2026-08-22T03:42:55+00:00,holdout
NCAA-2024-36918,2024,4,2024-09-21T16:00:00+00:00,CLEM,NCSU,24,W,NCAA_OFFICIAL_SCOREBOARD_FEED|https://data.ncaa.com/casablanca/scoreboard/football/fbs/2024/04/scoreboard.json,2026-08-22T03:42:55+00:00,holdout
NCAA-2024-36952,2024,4,2024-09-21T16:00:00+00:00,WVU,KU,4,W,NCAA_OFFICIAL_SCOREBOARD_FEED|https://data.ncaa.com/casablanca/scoreboard/football/fbs/2024/04/scoreboard.json,2026-08-22T03:42:55+00:00,holdout
NCAA-2024-37049,2024,4,2024-09-21T16:00:00+00:00,CIN,HOU,34,W,NCAA_OFFICIAL_SCOREBOARD_FEED|https://data.ncaa.com/casablanca/scoreboard/football/fbs/2024/04/scoreboard.json,2026-08-22T03:42:55+00:00,holdout
NCAA-2024-37105,2024,4,2024-09-21T16:00:00+00:00,ARMY,RICE,23,W,NCAA_OFFICIAL_SCOREBOARD_FEED|https://data.ncaa.com/casablanca/scoreboard/football/fbs/2024/04/scoreboard.json,2026-08-22T03:42:55+00:00,holdout
NCAA-2024-36536,2024,4,2024-09-21T18:00:00+00:00,ISU,ARST,45,W,NCAA_OFFICIAL_SCOREBOARD_FEED|https://data.ncaa.com/casablanca/scoreboard/football/fbs/2024/04/scoreboard.json,2026-08-22T03:42:55+00:00,holdout
NCAA-2024-36874,2024,4,2024-09-21T18:00:00+00:00,CCU,UVA,-19,L,NCAA_OFFICIAL_SCOREBOARD_FEED|https://data.ncaa.com/casablanca/scoreboard/football/fbs/2024/04/scoreboard.json,2026-08-22T03:42:55+00:00,holdout
NCAA-2024-37150,2024,4,2024-09-21T18:00:00+00:00,TEM,USU,16,W,NCAA_OFFICIAL_SCOREBOARD_FEED|https://data.ncaa.com/casablanca/scoreboard/football/fbs/2024/04/scoreboard.json,2026-08-22T03:42:55+00:00,holdout
NCAA-2024-36471,2024,4,2024-09-21T19:30:00+00:00,AUB,ARK,-10,L,NCAA_OFFICIAL_SCOREBOARD_FEED|https://data.ncaa.com/casablanca/scoreboard/football/fbs/2024/04/scoreboard.json,2026-08-22T03:42:55+00:00,holdout
NCAA-2024-36647,2024,4,2024-09-21T19:30:00+00:00,VT,RUTG,-3,L,NCAA_OFFICIAL_SCOREBOARD_FEED|https://data.ncaa.com/casablanca/scoreboard/football/fbs/2024/04/scoreboard.json,2026-08-22T03:42:55+00:00,holdout
NCAA-2024-36683,2024,4,2024-09-21T19:30:00+00:00,MICH,USC,3,W,NCAA_OFFICIAL_SCOREBOARD_FEED|https://data.ncaa.com/casablanca/scoreboard/football/fbs/2024/04/scoreboard.json,2026-08-22T03:42:55+00:00,holdout
NCAA-2024-36925,2024,4,2024-09-21T19:30:00+00:00,LOU,GT,12,W,NCAA_OFFICIAL_SCOREBOARD_FEED|https://data.ncaa.com/casablanca/scoreboard/football/fbs/2024/04/scoreboard.json,2026-08-22T03:42:55+00:00,holdout
NCAA-2024-37035,2024,4,2024-09-21T19:30:00+00:00,TTU,ASU,8,W,NCAA_OFFICIAL_SCOREBOARD_FEED|https://data.ncaa.com/casablanca/scoreboard/football/fbs/2024/04/scoreboard.json,2026-08-22T03:42:55+00:00,holdout
NCAA-2024-37250,2024,4,2024-09-21T19:30:00+00:00,NAVY,MEM,12,W,NCAA_OFFICIAL_SCOREBOARD_FEED|https://data.ncaa.com/casablanca/scoreboard/football/fbs/2024/04/scoreboard.json,2026-08-22T03:42:55+00:00,holdout
NCAA-2024-36460,2024,4,2024-09-21T19:45:00+00:00,LSU,UCLA,17,W,NCAA_OFFICIAL_SCOREBOARD_FEED|https://data.ncaa.com/casablanca/scoreboard/football/fbs/2024/04/scoreboard.json,2026-08-22T03:42:55+00:00,holdout
NCAA-2024-37078,2024,4,2024-09-21T20:00:00+00:00,OKST,UTAH,-3,L,NCAA_OFFICIAL_SCOREBOARD_FEED|https://data.ncaa.com/casablanca/scoreboard/football/fbs/2024/04/scoreboard.json,2026-08-22T03:42:55+00:00,holdout
NCAA-2024-36701,2024,4,2024-09-21T20:15:00+00:00,MIZ,VAN,3,W,NCAA_OFFICIAL_SCOREBOARD_FEED|https://data.ncaa.com/casablanca/scoreboard/football/fbs/2024/04/scoreboard.json,2026-08-22T03:42:55+00:00,holdout
NCAA-2024-36424,2024,4,2024-09-21T21:00:00+00:00,SMU,TCU,24,W,NCAA_OFFICIAL_SCOREBOARD_FEED|https://data.ncaa.com/casablanca/scoreboard/football/fbs/2024/04/scoreboard.json,2026-08-22T03:42:55+00:00,holdout
NCAA-2024-36569,2024,4,2024-09-21T23:00:00+00:00,FSU,CAL,5,W,NCAA_OFFICIAL_SCOREBOARD_FEED|https://data.ncaa.com/casablanca/scoreboard/football/fbs/2024/04/scoreboard.json,2026-08-22T03:42:55+00:00,holdout
NCAA-2024-36658,2024,4,2024-09-21T23:00:00+00:00,WASH,NU,19,W,NCAA_OFFICIAL_SCOREBOARD_FEED|https://data.ncaa.com/casablanca/scoreboard/football/fbs/2024/04/scoreboard.json,2026-08-22T03:42:55+00:00,holdout
NCAA-2024-37021,2024,4,2024-09-21T23:00:00+00:00,UConn,FAU,34,W,NCAA_OFFICIAL_SCOREBOARD_FEED|https://data.ncaa.com/casablanca/scoreboard/football/fbs/2024/04/scoreboard.json,2026-08-22T03:42:55+00:00,holdout
NCAA-2024-37145,2024,4,2024-09-21T23:00:00+00:00,UNT,WYO,27,W,NCAA_OFFICIAL_SCOREBOARD_FEED|https://data.ncaa.com/casablanca/scoreboard/football/fbs/2024/04/scoreboard.json,2026-08-22T03:42:55+00:00,holdout
NCAA-2024-5362319,2024,4,2024-09-21T23:00:00+00:00,USF,MIA,-35,L,NCAA_OFFICIAL_SCOREBOARD_FEED|https://data.ncaa.com/casablanca/scoreboard/football/fbs/2024/04/scoreboard.json,2026-08-22T03:42:55+00:00,holdout
NCAA-2024-36525,2024,4,2024-09-21T23:30:00+00:00,MINN,IOWA,-17,L,NCAA_OFFICIAL_SCOREBOARD_FEED|https://data.ncaa.com/casablanca/scoreboard/football/fbs/2024/04/scoreboard.json,2026-08-22T03:42:55+00:00,holdout
NCAA-2024-36764,2024,4,2024-09-21T23:30:00+00:00,OU,TENN,-10,L,NCAA_OFFICIAL_SCOREBOARD_FEED|https://data.ncaa.com/casablanca/scoreboard/football/fbs/2024/04/scoreboard.json,2026-08-22T03:42:55+00:00,holdout
NCAA-2024-36502,2024,4,2024-09-21T23:45:00+00:00,MISS,GASO,39,W,NCAA_OFFICIAL_SCOREBOARD_FEED|https://data.ncaa.com/casablanca/scoreboard/football/fbs/2024/04/scoreboard.json,2026-08-22T03:42:55+00:00,holdout
NCAA-2024-36615,2024,4,2024-09-22T00:00:00+00:00,BC,MSU,4,W,NCAA_OFFICIAL_SCOREBOARD_FEED|https://data.ncaa.com/casablanca/scoreboard/football/fbs/2024/04/scoreboard.json,2026-08-22T03:42:55+00:00,holdout
NCAA-2024-36748,2024,4,2024-09-22T00:00:00+00:00,TEX,ULM,48,W,NCAA_OFFICIAL_SCOREBOARD_FEED|https://data.ncaa.com/casablanca/scoreboard/football/fbs/2024/04/scoreboard.json,2026-08-22T03:42:55+00:00,holdout
NCAA-2024-37067,2024,4,2024-09-22T00:00:00+00:00,COLO,BAY,7,W,NCAA_OFFICIAL_SCOREBOARD_FEED|https://data.ncaa.com/casablanca/scoreboard/football/fbs/2024/04/scoreboard.json,2026-08-22T03:42:55+00:00,holdout
NCAA-2024-36387,2024,4,2024-09-22T00:30:00+00:00,ORST,PUR,17,W,NCAA_OFFICIAL_SCOREBOARD_FEED|https://data.ncaa.com/casablanca/scoreboard/football/fbs/2024/04/scoreboard.json,2026-08-22T03:42:55+00:00,holdout
NCAA-2024-37160,2024,4,2024-09-22T00:30:00+00:00,NM,FRES,-17,L,NCAA_OFFICIAL_SCOREBOARD_FEED|https://data.ncaa.com/casablanca/scoreboard/football/fbs/2024/04/scoreboard.json,2026-08-22T03:42:55+00:00,holdout
NCAA-2024-37073,2024,4,2024-09-22T02:30:00+00:00,BYU,KSU,29,W,NCAA_OFFICIAL_SCOREBOARD_FEED|https://data.ncaa.com/casablanca/scoreboard/football/fbs/2024/04/scoreboard.json,2026-08-22T03:42:55+00:00,holdout
NCAA-2024-37106,2024,5,2024-09-26T23:30:00+00:00,TEM,ARMY,-28,L,NCAA_OFFICIAL_SCOREBOARD_FEED|https://data.ncaa.com/casablanca/scoreboard/football/fbs/2024/05/scoreboard.json,2026-08-22T03:42:55+00:00,holdout
NCAA-2024-36648,2024,5,2024-09-27T23:30:00+00:00,MIA,VT,4,W,NCAA_OFFICIAL_SCOREBOARD_FEED|https://data.ncaa.com/casablanca/scoreboard/football/fbs/2024/05/scoreboard.json,2026-08-22T03:42:55+00:00,holdout
NCAA-2024-36721,2024,5,2024-09-28T00:00:00+00:00,RUTG,WASH,3,W,NCAA_OFFICIAL_SCOREBOARD_FEED|https://data.ncaa.com/casablanca/scoreboard/football/fbs/2024/05/scoreboard.json,2026-08-22T03:42:55+00:00,holdout
NCAA-2024-36374,2024,5,2024-09-28T16:00:00+00:00,IU,MD,14,W,NCAA_OFFICIAL_SCOREBOARD_FEED|https://data.ncaa.com/casablanca/scoreboard/football/fbs/2024/05/scoreboard.json,2026-08-22T03:42:55+00:00,holdout
NCAA-2024-36388,2024,5,2024-09-28T16:00:00+00:00,PUR,NEB,-18,L,NCAA_OFFICIAL_SCOREBOARD_FEED|https://data.ncaa.com/casablanca/scoreboard/football/fbs/2024/05/scoreboard.json,2026-08-22T03:42:55+00:00,holdout
NCAA-2024-36526,2024,5,2024-09-28T16:00:00+00:00,MICH,MINN,3,W,NCAA_OFFICIAL_SCOREBOARD_FEED|https://data.ncaa.com/casablanca/scoreboard/football/fbs/2024/05/scoreboard.json,2026-08-22T03:42:55+00:00,holdout
NCAA-2024-37088,2024,5,2024-09-28T16:00:00+00:00,BAY,BYU,-6,L,NCAA_OFFICIAL_SCOREBOARD_FEED|https://data.ncaa.com/casablanca/scoreboard/football/fbs/2024/05/scoreboard.json,2026-08-22T03:42:55+00:00,holdout
NCAA-2024-37252,2024,5,2024-09-28T16:00:00+00:00,UAB,NAVY,-23,L,NCAA_OFFICIAL_SCOREBOARD_FEED|https://data.ncaa.com/casablanca/scoreboard/football/fbs/2024/05/scoreboard.json,2026-08-22T03:42:55+00:00,holdout
NCAA-2024-37263,2024,5,2024-09-28T16:00:00+00:00,TLN,USF,35,W,NCAA_OFFICIAL_SCOREBOARD_FEED|https://data.ncaa.com/casablanca/scoreboard/football/fbs/2024/05/scoreboard.json,2026-08-22T03:42:55+00:00,holdout
NCAA-2024-5361658,2024,5,2024-09-28T16:00:00+00:00,MISS,UK,-3,L,NCAA_OFFICIAL_SCOREBOARD_FEED|https://data.ncaa.com/casablanca/scoreboard/football/fbs/2024/05/scoreboard.json,2026-08-22T03:42:55+00:00,holdout
NCAA-2024-5362457,2024,5,2024-09-28T16:00:00+00:00,KSU,OKST,22,W,NCAA_OFFICIAL_SCOREBOARD_FEED|https://data.ncaa.com/casablanca/scoreboard/football/fbs/2024/05/scoreboard.json,2026-08-22T03:42:55+00:00,holdout
NCAA-2024-36449,2024,5,2024-09-28T19:30:00+00:00,TA&M,ARK,4,W,NCAA_OFFICIAL_SCOREBOARD_FEED|https://data.ncaa.com/casablanca/scoreboard/football/fbs/2024/05/scoreboard.json,2026-08-22T03:42:55+00:00,holdout
NCAA-2024-36490,2024,5,2024-09-28T19:30:00+00:00,WAKE,ULL,-3,L,NCAA_OFFICIAL_SCOREBOARD_FEED|https://data.ncaa.com/casablanca/scoreboard/football/fbs/2024/05/scoreboard.json,2026-08-22T03:42:55+00:00,holdout
NCAA-2024-36503,2024,5,2024-09-28T19:30:00+00:00,GAST,GASO,-17,L,NCAA_OFFICIAL_SCOREBOARD_FEED|https://data.ncaa.com/casablanca/scoreboard/football/fbs/2024/05/scoreboard.json,2026-08-22T03:42:55+00:00,holdout
NCAA-2024-36728,2024,5,2024-09-28T19:30:00+00:00,USC,WIS,17,W,NCAA_OFFICIAL_SCOREBOARD_FEED|https://data.ncaa.com/casablanca/scoreboard/football/fbs/2024/05/scoreboard.json,2026-08-22T03:42:55+00:00,holdout
NCAA-2024-36835,2024,5,2024-09-28T19:30:00+00:00,ND,LOU,7,W,NCAA_OFFICIAL_SCOREBOARD_FEED|https://data.ncaa.com/casablanca/scoreboard/football/fbs/2024/05/scoreboard.json,2026-08-22T03:42:55+00:00,holdout
NCAA-2024-36954,2024,5,2024-09-28T19:30:00+00:00,KU,TCU,-11,L,NCAA_OFFICIAL_SCOREBOARD_FEED|https://data.ncaa.com/casablanca/scoreboard/football/fbs/2024/05/scoreboard.json,2026-08-22T03:42:55+00:00,holdout
NCAA-2024-37062,2024,5,2024-09-28T19:30:00+00:00,UCF,COLO,-27,L,NCAA_OFFICIAL_SCOREBOARD_FEED|https://data.ncaa.com/casablanca/scoreboard/football/fbs/2024/05/scoreboard.json,2026-08-22T03:42:55+00:00,holdout
NCAA-2024-37122,2024,5,2024-09-28T19:30:00+00:00,UNLV,FRES,45,W,NCAA_OFFICIAL_SCOREBOARD_FEED|https://data.ncaa.com/casablanca/scoreboard/football/fbs/2024/05/scoreboard.json,2026-08-22T03:42:55+00:00,holdout
NCAA-2024-36765,2024,5,2024-09-28T19:40:00+00:00,AUB,OU,-6,L,NCAA_OFFICIAL_SCOREBOARD_FEED|https://data.ncaa.com/casablanca/scoreboard/football/fbs/2024/05/scoreboard.json,2026-08-22T03:42:55+00:00,holdout
NCAA-2024-36936,2024,5,2024-09-28T20:00:00+00:00,DUKE,UNC,1,W,NCAA_OFFICIAL_SCOREBOARD_FEED|https://data.ncaa.com/casablanca/scoreboard/football/fbs/2024/05/scoreboard.json,2026-08-22T03:42:55+00:00,holdout
NCAA-2024-37220,2024,5,2024-09-28T20:00:00+00:00,ECU,UTSA,10,W,NCAA_OFFICIAL_SCOREBOARD_FEED|https://data.ncaa.com/casablanca/scoreboard/football/fbs/2024/05/scoreboard.json,2026-08-22T03:42:55+00:00,holdout
NCAA-2024-36600,2024,5,2024-09-28T20:15:00+00:00,TEX,MSST,22,W,NCAA_OFFICIAL_SCOREBOARD_FEED|https://data.ncaa.com/casablanca/scoreboard/football/fbs/2024/05/scoreboard.json,2026-08-22T03:42:55+00:00,holdout
NCAA-2024-36414,2024,5,2024-09-28T23:00:00+00:00,MSU,OSU,-31,L,NCAA_OFFICIAL_SCOREBOARD_FEED|https://data.ncaa.com/casablanca/scoreboard/football/fbs/2024/05/scoreboard.json,2026-08-22T03:42:55+00:00,holdout
NCAA-2024-36537,2024,5,2024-09-28T23:00:00+00:00,HOU,ISU,-20,L,NCAA_OFFICIAL_SCOREBOARD_FEED|https://data.ncaa.com/casablanca/scoreboard/football/fbs/2024/05/scoreboard.json,2026-08-22T03:42:55+00:00,holdout
NCAA-2024-36854,2024,5,2024-09-28T23:00:00+00:00,TROY,ULM,-4,L,NCAA_OFFICIAL_SCOREBOARD_FEED|https://data.ncaa.com/casablanca/scoreboard/football/fbs/2024/05/scoreboard.json,2026-08-22T03:42:55+00:00,holdout
NCAA-2024-36919,2024,5,2024-09-28T23:00:00+00:00,CLEM,STAN,26,W,NCAA_OFFICIAL_SCOREBOARD_FEED|https://data.ncaa.com/casablanca/scoreboard/football/fbs/2024/05/scoreboard.json,2026-08-22T03:42:55+00:00,holdout
NCAA-2024-37213,2024,5,2024-09-28T23:00:00+00:00,UNT,TLSA,32,W,NCAA_OFFICIAL_SCOREBOARD_FEED|https://data.ncaa.com/casablanca/scoreboard/football/fbs/2024/05/scoreboard.json,2026-08-22T03:42:55+00:00,holdout
NCAA-2024-37238,2024,5,2024-09-28T23:00:00+00:00,RICE,CHAR,-1,L,NCAA_OFFICIAL_SCOREBOARD_FEED|https://data.ncaa.com/casablanca/scoreboard/football/fbs/2024/05/scoreboard.json,2026-08-22T03:42:55+00:00,holdout
NCAA-2024-36690,2024,5,2024-09-28T23:30:00+00:00,PSU,ILL,14,W,NCAA_OFFICIAL_SCOREBOARD_FEED|https://data.ncaa.com/casablanca/scoreboard/football/fbs/2024/05/scoreboard.json,2026-08-22T03:42:55+00:00,holdout
NCAA-2024-36903,2024,5,2024-09-28T23:30:00+00:00,ALA,UGA,7,W,NCAA_OFFICIAL_SCOREBOARD_FEED|https://data.ncaa.com/casablanca/scoreboard/football/fbs/2024/05/scoreboard.json,2026-08-22T03:42:55+00:00,holdout
NCAA-2024-37036,2024,5,2024-09-29T00:00:00+00:00,TTU,CIN,3,W,NCAA_OFFICIAL_SCOREBOARD_FEED|https://data.ncaa.com/casablanca/scoreboard/football/fbs/2024/05/scoreboard.json,2026-08-22T03:42:55+00:00,holdout
NCAA-2024-37139,2024,5,2024-09-29T00:00:00+00:00,WYO,AF,12,W,NCAA_OFFICIAL_SCOREBOARD_FEED|https://data.ncaa.com/casablanca/scoreboard/football/fbs/2024/05/scoreboard.json,2026-08-22T03:42:55+00:00,holdout
NCAA-2024-5361372,2024,5,2024-09-29T00:00:00+00:00,SMU,FSU,26,W,NCAA_OFFICIAL_SCOREBOARD_FEED|https://data.ncaa.com/casablanca/scoreboard/football/fbs/2024/05/scoreboard.json,2026-08-22T03:42:55+00:00,holdout
NCAA-2024-37096,2024,5,2024-09-29T02:00:00+00:00,BOISE,WSU,21,W,NCAA_OFFICIAL_SCOREBOARD_FEED|https://data.ncaa.com/casablanca/scoreboard/football/fbs/2024/05/scoreboard.json,2026-08-22T03:42:55+00:00,holdout
NCAA-2024-36987,2024,5,2024-09-29T02:15:00+00:00,UTAH,ARIZ,-13,L,NCAA_OFFICIAL_SCOREBOARD_FEED|https://data.ncaa.com/casablanca/scoreboard/football/fbs/2024/05/scoreboard.json,2026-08-22T03:42:55+00:00,holdout
NCAA-2024-36696,2024,5,2024-09-29T03:00:00+00:00,UCLA,ORE,-21,L,NCAA_OFFICIAL_SCOREBOARD_FEED|https://data.ncaa.com/casablanca/scoreboard/football/fbs/2024/05/scoreboard.json,2026-08-22T03:42:55+00:00,holdout
NCAA-2024-36782,2024,6,2024-10-03T23:00:00+00:00,TROY,TXST,-21,L,NCAA_OFFICIAL_SCOREBOARD_FEED|https://data.ncaa.com/casablanca/scoreboard/football/fbs/2024/06/scoreboard.json,2026-08-22T03:42:56+00:00,holdout
NCAA-2024-37043,2024,6,2024-10-04T23:30:00+00:00,TCU,HOU,-11,L,NCAA_OFFICIAL_SCOREBOARD_FEED|https://data.ncaa.com/casablanca/scoreboard/football/fbs/2024/06/scoreboard.json,2026-08-22T03:42:56+00:00,holdout
NCAA-2024-36616,2024,6,2024-10-05T01:00:00+00:00,ORE,MSU,21,W,NCAA_OFFICIAL_SCOREBOARD_FEED|https://data.ncaa.com/casablanca/scoreboard/football/fbs/2024/06/scoreboard.json,2026-08-22T03:42:56+00:00,holdout
NCAA-2024-5362397,2024,6,2024-10-05T01:00:00+00:00,UNLV,SYR,-3,L,NCAA_OFFICIAL_SCOREBOARD_FEED|https://data.ncaa.com/casablanca/scoreboard/football/fbs/2024/06/scoreboard.json,2026-08-22T03:42:56+00:00,holdout
NCAA-2024-36389,2024,6,2024-10-05T16:00:00+00:00,WIS,PUR,46,W,NCAA_OFFICIAL_SCOREBOARD_FEED|https://data.ncaa.com/casablanca/scoreboard/football/fbs/2024/06/scoreboard.json,2026-08-22T03:42:56+00:00,holdout
NCAA-2024-36426,2024,6,2024-10-05T16:00:00+00:00,LOU,SMU,-7,L,NCAA_OFFICIAL_SCOREBOARD_FEED|https://data.ncaa.com/casablanca/scoreboard/football/fbs/2024/06/scoreboard.json,2026-08-22T03:42:56+00:00,holdout
NCAA-2024-36702,2024,6,2024-10-05T16:00:00+00:00,TA&M,MIZ,31,W,NCAA_OFFICIAL_SCOREBOARD_FEED|https://data.ncaa.com/casablanca/scoreboard/football/fbs/2024/06/scoreboard.json,2026-08-22T03:42:56+00:00,holdout
NCAA-2024-36708,2024,6,2024-10-05T16:00:00+00:00,UVA,BC,10,W,NCAA_OFFICIAL_SCOREBOARD_FEED|https://data.ncaa.com/casablanca/scoreboard/football/fbs/2024/06/scoreboard.json,2026-08-22T03:42:56+00:00,holdout
NCAA-2024-36737,2024,6,2024-10-05T16:00:00+00:00,PSU,UCLA,16,W,NCAA_OFFICIAL_SCOREBOARD_FEED|https://data.ncaa.com/casablanca/scoreboard/football/fbs/2024/06/scoreboard.json,2026-08-22T03:42:56+00:00,holdout
NCAA-2024-36955,2024,6,2024-10-05T16:00:00+00:00,NCSU,WAKE,-4,L,NCAA_OFFICIAL_SCOREBOARD_FEED|https://data.ncaa.com/casablanca/scoreboard/football/fbs/2024/06/scoreboard.json,2026-08-22T03:42:56+00:00,holdout
NCAA-2024-37107,2024,6,2024-10-05T16:00:00+00:00,TLSA,ARMY,-42,L,NCAA_OFFICIAL_SCOREBOARD_FEED|https://data.ncaa.com/casablanca/scoreboard/football/fbs/2024/06/scoreboard.json,2026-08-22T03:42:56+00:00,holdout
NCAA-2024-37140,2024,6,2024-10-05T16:00:00+00:00,AF,NAVY,-27,L,NCAA_OFFICIAL_SCOREBOARD_FEED|https://data.ncaa.com/casablanca/scoreboard/football/fbs/2024/06/scoreboard.json,2026-08-22T03:42:56+00:00,holdout
NCAA-2024-5361462,2024,6,2024-10-05T16:00:00+00:00,UNC,PITT,-10,L,NCAA_OFFICIAL_SCOREBOARD_FEED|https://data.ncaa.com/casablanca/scoreboard/football/fbs/2024/06/scoreboard.json,2026-08-22T03:42:56+00:00,holdout
NCAA-2024-37256,2024,6,2024-10-05T17:00:00+00:00,UAB,TLN,-51,L,NCAA_OFFICIAL_SCOREBOARD_FEED|https://data.ncaa.com/casablanca/scoreboard/football/fbs/2024/06/scoreboard.json,2026-08-22T03:42:56+00:00,holdout
NCAA-2024-36375,2024,6,2024-10-05T19:30:00+00:00,NU,IU,-17,L,NCAA_OFFICIAL_SCOREBOARD_FEED|https://data.ncaa.com/casablanca/scoreboard/football/fbs/2024/06/scoreboard.json,2026-08-22T03:42:56+00:00,holdout
NCAA-2024-36415,2024,6,2024-10-05T19:30:00+00:00,OSU,IOWA,28,W,NCAA_OFFICIAL_SCOREBOARD_FEED|https://data.ncaa.com/casablanca/scoreboard/football/fbs/2024/06/scoreboard.json,2026-08-22T03:42:56+00:00,holdout
NCAA-2024-36583,2024,6,2024-10-05T19:30:00+00:00,SC,MISS,-24,L,NCAA_OFFICIAL_SCOREBOARD_FEED|https://data.ncaa.com/casablanca/scoreboard/football/fbs/2024/06/scoreboard.json,2026-08-22T03:42:56+00:00,holdout
NCAA-2024-36649,2024,6,2024-10-05T19:30:00+00:00,STAN,VT,-24,L,NCAA_OFFICIAL_SCOREBOARD_FEED|https://data.ncaa.com/casablanca/scoreboard/football/fbs/2024/06/scoreboard.json,2026-08-22T03:42:56+00:00,holdout
NCAA-2024-36904,2024,6,2024-10-05T19:30:00+00:00,UGA,AUB,18,W,NCAA_OFFICIAL_SCOREBOARD_FEED|https://data.ncaa.com/casablanca/scoreboard/football/fbs/2024/06/scoreboard.json,2026-08-22T03:42:56+00:00,holdout
NCAA-2024-37022,2024,6,2024-10-05T19:30:00+00:00,UConn,TEM,9,W,NCAA_OFFICIAL_SCOREBOARD_FEED|https://data.ncaa.com/casablanca/scoreboard/football/fbs/2024/06/scoreboard.json,2026-08-22T03:42:56+00:00,holdout
NCAA-2024-37231,2024,6,2024-10-05T19:30:00+00:00,CHAR,ECU,31,W,NCAA_OFFICIAL_SCOREBOARD_FEED|https://data.ncaa.com/casablanca/scoreboard/football/fbs/2024/06/scoreboard.json,2026-08-22T03:42:56+00:00,holdout
NCAA-2024-36715,2024,6,2024-10-05T20:00:00+00:00,NEB,RUTG,7,W,NCAA_OFFICIAL_SCOREBOARD_FEED|https://data.ncaa.com/casablanca/scoreboard/football/fbs/2024/06/scoreboard.json,2026-08-22T03:42:56+00:00,holdout
NCAA-2024-37026,2024,6,2024-10-05T20:00:00+00:00,OKST,WVU,-24,L,NCAA_OFFICIAL_SCOREBOARD_FEED|https://data.ncaa.com/casablanca/scoreboard/football/fbs/2024/06/scoreboard.json,2026-08-22T03:42:56+00:00,holdout
NCAA-2024-5362259,2024,6,2024-10-05T20:15:00+00:00,VAN,ALA,5,W,NCAA_OFFICIAL_SCOREBOARD_FEED|https://data.ncaa.com/casablanca/scoreboard/football/fbs/2024/06/scoreboard.json,2026-08-22T03:42:56+00:00,holdout
NCAA-2024-36770,2024,6,2024-10-05T22:30:00+00:00,ORST,CSU,8,W,NCAA_OFFICIAL_SCOREBOARD_FEED|https://data.ncaa.com/casablanca/scoreboard/football/fbs/2024/06/scoreboard.json,2026-08-22T03:42:56+00:00,holdout
NCAA-2024-36491,2024,6,2024-10-05T23:00:00+00:00,USM,ULL,-10,L,NCAA_OFFICIAL_SCOREBOARD_FEED|https://data.ncaa.com/casablanca/scoreboard/football/fbs/2024/06/scoreboard.json,2026-08-22T03:42:56+00:00,holdout
NCAA-2024-36841,2024,6,2024-10-05T23:00:00+00:00,CCU,ODU,8,W,NCAA_OFFICIAL_SCOREBOARD_FEED|https://data.ncaa.com/casablanca/scoreboard/football/fbs/2024/06/scoreboard.json,2026-08-22T03:42:56+00:00,holdout
NCAA-2024-37128,2024,6,2024-10-05T23:00:00+00:00,BOISE,USU,32,W,NCAA_OFFICIAL_SCOREBOARD_FEED|https://data.ncaa.com/casablanca/scoreboard/football/fbs/2024/06/scoreboard.json,2026-08-22T03:42:56+00:00,holdout
NCAA-2024-5361624,2024,6,2024-10-05T23:00:00+00:00,FSU,CLEM,-16,L,NCAA_OFFICIAL_SCOREBOARD_FEED|https://data.ncaa.com/casablanca/scoreboard/football/fbs/2024/06/scoreboard.json,2026-08-22T03:42:56+00:00,holdout
NCAA-2024-36472,2024,6,2024-10-05T23:30:00+00:00,ARK,TENN,5,W,NCAA_OFFICIAL_SCOREBOARD_FEED|https://data.ncaa.com/casablanca/scoreboard/football/fbs/2024/06/scoreboard.json,2026-08-22T03:42:56+00:00,holdout
NCAA-2024-36527,2024,6,2024-10-05T23:30:00+00:00,MINN,USC,7,W,NCAA_OFFICIAL_SCOREBOARD_FEED|https://data.ncaa.com/casablanca/scoreboard/football/fbs/2024/06/scoreboard.json,2026-08-22T03:42:56+00:00,holdout
NCAA-2024-36538,2024,6,2024-10-05T23:30:00+00:00,ISU,BAY,22,W,NCAA_OFFICIAL_SCOREBOARD_FEED|https://data.ncaa.com/casablanca/scoreboard/football/fbs/2024/06/scoreboard.json,2026-08-22T03:42:56+00:00,holdout
NCAA-2024-36684,2024,6,2024-10-05T23:30:00+00:00,WASH,MICH,10,W,NCAA_OFFICIAL_SCOREBOARD_FEED|https://data.ncaa.com/casablanca/scoreboard/football/fbs/2024/06/scoreboard.json,2026-08-22T03:42:56+00:00,holdout
NCAA-2024-36966,2024,6,2024-10-05T23:30:00+00:00,SJSU,NEV,4,W,NCAA_OFFICIAL_SCOREBOARD_FEED|https://data.ncaa.com/casablanca/scoreboard/football/fbs/2024/06/scoreboard.json,2026-08-22T03:42:56+00:00,holdout
NCAA-2024-36480,2024,6,2024-10-05T23:45:00+00:00,FLA,UCF,11,W,NCAA_OFFICIAL_SCOREBOARD_FEED|https://data.ncaa.com/casablanca/scoreboard/football/fbs/2024/06/scoreboard.json,2026-08-22T03:42:56+00:00,holdout
NCAA-2024-36930,2024,6,2024-10-06T00:00:00+00:00,GT,DUKE,10,W,NCAA_OFFICIAL_SCOREBOARD_FEED|https://data.ncaa.com/casablanca/scoreboard/football/fbs/2024/06/scoreboard.json,2026-08-22T03:42:56+00:00,holdout
NCAA-2024-36956,2024,6,2024-10-06T00:00:00+00:00,ASU,KU,4,W,NCAA_OFFICIAL_SCOREBOARD_FEED|https://data.ncaa.com/casablanca/scoreboard/football/fbs/2024/06/scoreboard.json,2026-08-22T03:42:56+00:00,holdout
NCAA-2024-37133,2024,6,2024-10-06T00:00:00+00:00,SDSU,HAW,3,W,NCAA_OFFICIAL_SCOREBOARD_FEED|https://data.ncaa.com/casablanca/scoreboard/football/fbs/2024/06/scoreboard.json,2026-08-22T03:42:56+00:00,holdout
NCAA-2024-36948,2024,6,2024-10-06T02:30:00+00:00,CAL,MIA,-1,L,NCAA_OFFICIAL_SCOREBOARD_FEED|https://data.ncaa.com/casablanca/scoreboard/football/fbs/2024/06/scoreboard.json,2026-08-22T03:42:56+00:00,holdout
NCAA-2024-36979,2024,6,2024-10-06T03:00:00+00:00,ARIZ,TTU,-6,L,NCAA_OFFICIAL_SCOREBOARD_FEED|https://data.ncaa.com/casablanca/scoreboard/football/fbs/2024/06/scoreboard.json,2026-08-22T03:42:56+00:00,holdout
NCAA-2024-36659,2024,7,2024-10-12T00:00:00+00:00,MD,NU,-27,L,NCAA_OFFICIAL_SCOREBOARD_FEED|https://data.ncaa.com/casablanca/scoreboard/football/fbs/2024/07/scoreboard.json,2026-08-22T03:42:57+00:00,holdout
NCAA-2024-37123,2024,7,2024-10-12T01:00:00+00:00,USU,UNLV,-16,L,NCAA_OFFICIAL_SCOREBOARD_FEED|https://data.ncaa.com/casablanca/scoreboard/football/fbs/2024/07/scoreboard.json,2026-08-22T03:42:57+00:00,holdout
NCAA-2024-37055,2024,7,2024-10-12T02:30:00+00:00,ASU,UTAH,8,W,NCAA_OFFICIAL_SCOREBOARD_FEED|https://data.ncaa.com/casablanca/scoreboard/football/fbs/2024/07/scoreboard.json,2026-08-22T03:42:57+00:00,holdout
NCAA-2024-36584,2024,7,2024-10-12T16:00:00+00:00,ALA,SC,2,W,NCAA_OFFICIAL_SCOREBOARD_FEED|https://data.ncaa.com/casablanca/scoreboard/football/fbs/2024/07/scoreboard.json,2026-08-22T03:42:57+00:00,holdout
NCAA-2024-36722,2024,7,2024-10-12T16:00:00+00:00,RUTG,WIS,-35,L,NCAA_OFFICIAL_SCOREBOARD_FEED|https://data.ncaa.com/casablanca/scoreboard/football/fbs/2024/07/scoreboard.json,2026-08-22T03:42:57+00:00,holdout
NCAA-2024-36920,2024,7,2024-10-12T16:00:00+00:00,WAKE,CLEM,-35,L,NCAA_OFFICIAL_SCOREBOARD_FEED|https://data.ncaa.com/casablanca/scoreboard/football/fbs/2024/07/scoreboard.json,2026-08-22T03:42:57+00:00,holdout
NCAA-2024-37108,2024,7,2024-10-12T16:00:00+00:00,ARMY,UAB,34,W,NCAA_OFFICIAL_SCOREBOARD_FEED|https://data.ncaa.com/casablanca/scoreboard/football/fbs/2024/07/scoreboard.json,2026-08-22T03:42:57+00:00,holdout
NCAA-2024-5361521,2024,7,2024-10-12T16:00:00+00:00,IOWA,WASH,24,W,NCAA_OFFICIAL_SCOREBOARD_FEED|https://data.ncaa.com/casablanca/scoreboard/football/fbs/2024/07/scoreboard.json,2026-08-22T03:42:57+00:00,holdout
NCAA-2024-5362303,2024,7,2024-10-12T16:00:00+00:00,UNC,GT,-7,L,NCAA_OFFICIAL_SCOREBOARD_FEED|https://data.ncaa.com/casablanca/scoreboard/football/fbs/2024/07/scoreboard.json,2026-08-22T03:42:57+00:00,holdout
NCAA-2024-36390,2024,7,2024-10-12T19:30:00+00:00,ILL,PUR,1,W,NCAA_OFFICIAL_SCOREBOARD_FEED|https://data.ncaa.com/casablanca/scoreboard/football/fbs/2024/07/scoreboard.json,2026-08-22T03:42:57+00:00,holdout
NCAA-2024-36516,2024,7,2024-10-12T19:30:00+00:00,PITT,CAL,2,W,NCAA_OFFICIAL_SCOREBOARD_FEED|https://data.ncaa.com/casablanca/scoreboard/football/fbs/2024/07/scoreboard.json,2026-08-22T03:42:57+00:00,holdout
NCAA-2024-36731,2024,7,2024-10-12T19:30:00+00:00,USC,PSU,-3,L,NCAA_OFFICIAL_SCOREBOARD_FEED|https://data.ncaa.com/casablanca/scoreboard/football/fbs/2024/07/scoreboard.json,2026-08-22T03:42:57+00:00,holdout
NCAA-2024-36749,2024,7,2024-10-12T19:30:00+00:00,OU,TEX,-31,L,NCAA_OFFICIAL_SCOREBOARD_FEED|https://data.ncaa.com/casablanca/scoreboard/football/fbs/2024/07/scoreboard.json,2026-08-22T03:42:57+00:00,holdout
NCAA-2024-36836,2024,7,2024-10-12T19:30:00+00:00,ND,STAN,42,W,NCAA_OFFICIAL_SCOREBOARD_FEED|https://data.ncaa.com/casablanca/scoreboard/football/fbs/2024/07/scoreboard.json,2026-08-22T03:42:57+00:00,holdout
NCAA-2024-36842,2024,7,2024-10-12T19:30:00+00:00,GAST,ODU,-7,L,NCAA_OFFICIAL_SCOREBOARD_FEED|https://data.ncaa.com/casablanca/scoreboard/football/fbs/2024/07/scoreboard.json,2026-08-22T03:42:57+00:00,holdout
NCAA-2024-36915,2024,7,2024-10-12T19:30:00+00:00,UVA,LOU,-4,L,NCAA_OFFICIAL_SCOREBOARD_FEED|https://data.ncaa.com/casablanca/scoreboard/football/fbs/2024/07/scoreboard.json,2026-08-22T03:42:57+00:00,holdout
NCAA-2024-37050,2024,7,2024-10-12T19:30:00+00:00,UCF,CIN,-6,L,NCAA_OFFICIAL_SCOREBOARD_FEED|https://data.ncaa.com/casablanca/scoreboard/football/fbs/2024/07/scoreboard.json,2026-08-22T03:42:57+00:00,holdout
NCAA-2024-37134,2024,7,2024-10-12T19:30:00+00:00,WYO,SDSU,-3,L,NCAA_OFFICIAL_SCOREBOARD_FEED|https://data.ncaa.com/casablanca/scoreboard/football/fbs/2024/07/scoreboard.json,2026-08-22T03:42:57+00:00,holdout
NCAA-2024-37260,2024,7,2024-10-12T19:30:00+00:00,USF,MEM,-18,L,NCAA_OFFICIAL_SCOREBOARD_FEED|https://data.ncaa.com/casablanca/scoreboard/football/fbs/2024/07/scoreboard.json,2026-08-22T03:42:57+00:00,holdout
NCAA-2024-5362394,2024,7,2024-10-12T19:30:00+00:00,CSU,SJSU,7,W,NCAA_OFFICIAL_SCOREBOARD_FEED|https://data.ncaa.com/casablanca/scoreboard/football/fbs/2024/07/scoreboard.json,2026-08-22T03:42:57+00:00,holdout
NCAA-2024-36980,2024,7,2024-10-12T20:00:00+00:00,BYU,ARIZ,22,W,NCAA_OFFICIAL_SCOREBOARD_FEED|https://data.ncaa.com/casablanca/scoreboard/football/fbs/2024/07/scoreboard.json,2026-08-22T03:42:57+00:00,holdout
NCAA-2024-36601,2024,7,2024-10-12T20:15:00+00:00,UGA,MSST,10,W,NCAA_OFFICIAL_SCOREBOARD_FEED|https://data.ncaa.com/casablanca/scoreboard/football/fbs/2024/07/scoreboard.json,2026-08-22T03:42:57+00:00,holdout
NCAA-2024-36550,2024,7,2024-10-12T21:00:00+00:00,ULM,USM,17,W,NCAA_OFFICIAL_SCOREBOARD_FEED|https://data.ncaa.com/casablanca/scoreboard/football/fbs/2024/07/scoreboard.json,2026-08-22T03:42:57+00:00,holdout
NCAA-2024-36481,2024,7,2024-10-12T23:00:00+00:00,TENN,FLA,6,W,NCAA_OFFICIAL_SCOREBOARD_FEED|https://data.ncaa.com/casablanca/scoreboard/football/fbs/2024/07/scoreboard.json,2026-08-22T03:42:57+00:00,holdout
NCAA-2024-36783,2024,7,2024-10-12T23:00:00+00:00,TXST,ARST,32,W,NCAA_OFFICIAL_SCOREBOARD_FEED|https://data.ncaa.com/casablanca/scoreboard/football/fbs/2024/07/scoreboard.json,2026-08-22T03:42:57+00:00,holdout
NCAA-2024-37097,2024,7,2024-10-12T23:00:00+00:00,FRES,WSU,-8,L,NCAA_OFFICIAL_SCOREBOARD_FEED|https://data.ncaa.com/casablanca/scoreboard/football/fbs/2024/07/scoreboard.json,2026-08-22T03:42:57+00:00,holdout
NCAA-2024-37141,2024,7,2024-10-12T23:00:00+00:00,NM,AF,15,W,NCAA_OFFICIAL_SCOREBOARD_FEED|https://data.ncaa.com/casablanca/scoreboard/football/fbs/2024/07/scoreboard.json,2026-08-22T03:42:57+00:00,holdout
NCAA-2024-37214,2024,7,2024-10-12T23:00:00+00:00,FAU,UNT,-4,L,NCAA_OFFICIAL_SCOREBOARD_FEED|https://data.ncaa.com/casablanca/scoreboard/football/fbs/2024/07/scoreboard.json,2026-08-22T03:42:57+00:00,holdout
NCAA-2024-37221,2024,7,2024-10-12T23:00:00+00:00,RICE,UTSA,2,W,NCAA_OFFICIAL_SCOREBOARD_FEED|https://data.ncaa.com/casablanca/scoreboard/football/fbs/2024/07/scoreboard.json,2026-08-22T03:42:57+00:00,holdout
NCAA-2024-36416,2024,7,2024-10-12T23:30:00+00:00,ORE,OSU,1,W,NCAA_OFFICIAL_SCOREBOARD_FEED|https://data.ncaa.com/casablanca/scoreboard/football/fbs/2024/07/scoreboard.json,2026-08-22T03:42:57+00:00,holdout
NCAA-2024-36462,2024,7,2024-10-12T23:30:00+00:00,LSU,MISS,3,W,NCAA_OFFICIAL_SCOREBOARD_FEED|https://data.ncaa.com/casablanca/scoreboard/football/fbs/2024/07/scoreboard.json,2026-08-22T03:42:57+00:00,holdout
NCAA-2024-36771,2024,7,2024-10-12T23:30:00+00:00,NEV,ORST,5,W,NCAA_OFFICIAL_SCOREBOARD_FEED|https://data.ncaa.com/casablanca/scoreboard/football/fbs/2024/07/scoreboard.json,2026-08-22T03:42:57+00:00,holdout
NCAA-2024-36888,2024,7,2024-10-12T23:45:00+00:00,UK,VAN,-7,L,NCAA_OFFICIAL_SCOREBOARD_FEED|https://data.ncaa.com/casablanca/scoreboard/football/fbs/2024/07/scoreboard.json,2026-08-22T03:42:57+00:00,holdout
NCAA-2024-36504,2024,7,2024-10-13T00:00:00+00:00,GASO,MRSH,1,W,NCAA_OFFICIAL_SCOREBOARD_FEED|https://data.ncaa.com/casablanca/scoreboard/football/fbs/2024/07/scoreboard.json,2026-08-22T03:42:57+00:00,holdout
NCAA-2024-36539,2024,7,2024-10-13T00:00:00+00:00,WVU,ISU,-12,L,NCAA_OFFICIAL_SCOREBOARD_FEED|https://data.ncaa.com/casablanca/scoreboard/football/fbs/2024/07/scoreboard.json,2026-08-22T03:42:57+00:00,holdout
NCAA-2024-36973,2024,7,2024-10-13T00:00:00+00:00,NCSU,SYR,-7,L,NCAA_OFFICIAL_SCOREBOARD_FEED|https://data.ncaa.com/casablanca/scoreboard/football/fbs/2024/07/scoreboard.json,2026-08-22T03:42:57+00:00,holdout
NCAA-2024-36528,2024,7,2024-10-13T01:00:00+00:00,UCLA,MINN,-4,L,NCAA_OFFICIAL_SCOREBOARD_FEED|https://data.ncaa.com/casablanca/scoreboard/football/fbs/2024/07/scoreboard.json,2026-08-22T03:42:57+00:00,holdout
NCAA-2024-37068,2024,7,2024-10-13T02:15:00+00:00,COLO,KSU,-3,L,NCAA_OFFICIAL_SCOREBOARD_FEED|https://data.ncaa.com/casablanca/scoreboard/football/fbs/2024/07/scoreboard.json,2026-08-22T03:42:57+00:00,holdout
NCAA-2024-37129,2024,7,2024-10-13T03:00:00+00:00,HAW,BOISE,-21,L,NCAA_OFFICIAL_SCOREBOARD_FEED|https://data.ncaa.com/casablanca/scoreboard/football/fbs/2024/07/scoreboard.json,2026-08-22T03:42:57+00:00,holdout
NCAA-2024-36849,2024,8,2024-10-17T23:00:00+00:00,MRSH,GAST,15,W,NCAA_OFFICIAL_SCOREBOARD_FEED|https://data.ncaa.com/casablanca/scoreboard/football/fbs/2024/08/scoreboard.json,2026-08-22T03:42:57+00:00,holdout
NCAA-2024-36650,2024,8,2024-10-17T23:30:00+00:00,VT,BC,21,W,NCAA_OFFICIAL_SCOREBOARD_FEED|https://data.ncaa.com/casablanca/scoreboard/football/fbs/2024/08/scoreboard.json,2026-08-22T03:42:57+00:00,holdout
NCAA-2024-36571,2024,8,2024-10-18T23:00:00+00:00,DUKE,FSU,7,W,NCAA_OFFICIAL_SCOREBOARD_FEED|https://data.ncaa.com/casablanca/scoreboard/football/fbs/2024/08/scoreboard.json,2026-08-22T03:42:57+00:00,holdout
NCAA-2024-5336766,2024,8,2024-10-19T00:00:00+00:00,PUR,ORE,-35,L,NCAA_OFFICIAL_SCOREBOARD_FEED|https://data.ncaa.com/casablanca/scoreboard/football/fbs/2024/08/scoreboard.json,2026-08-22T03:42:57+00:00,holdout
NCAA-2024-5362463,2024,8,2024-10-19T02:15:00+00:00,BYU,OKST,3,W,NCAA_OFFICIAL_SCOREBOARD_FEED|https://data.ncaa.com/casablanca/scoreboard/football/fbs/2024/08/scoreboard.json,2026-08-22T03:42:57+00:00,holdout
NCAA-2024-37115,2024,8,2024-10-19T02:30:00+00:00,NEV,FRES,-3,L,NCAA_OFFICIAL_SCOREBOARD_FEED|https://data.ncaa.com/casablanca/scoreboard/football/fbs/2024/08/scoreboard.json,2026-08-22T03:42:57+00:00,holdout
NCAA-2024-36376,2024,8,2024-10-19T16:00:00+00:00,IU,NEB,49,W,NCAA_OFFICIAL_SCOREBOARD_FEED|https://data.ncaa.com/casablanca/scoreboard/football/fbs/2024/08/scoreboard.json,2026-08-22T03:42:57+00:00,holdout
NCAA-2024-36679,2024,8,2024-10-19T16:00:00+00:00,NU,WIS,-20,L,NCAA_OFFICIAL_SCOREBOARD_FEED|https://data.ncaa.com/casablanca/scoreboard/football/fbs/2024/08/scoreboard.json,2026-08-22T03:42:57+00:00,holdout
NCAA-2024-36703,2024,8,2024-10-19T16:00:00+00:00,MIZ,AUB,4,W,NCAA_OFFICIAL_SCOREBOARD_FEED|https://data.ncaa.com/casablanca/scoreboard/football/fbs/2024/08/scoreboard.json,2026-08-22T03:42:57+00:00,holdout
NCAA-2024-36916,2024,8,2024-10-19T16:00:00+00:00,CLEM,UVA,17,W,NCAA_OFFICIAL_SCOREBOARD_FEED|https://data.ncaa.com/casablanca/scoreboard/football/fbs/2024/08/scoreboard.json,2026-08-22T03:42:57+00:00,holdout
NCAA-2024-36926,2024,8,2024-10-19T16:00:00+00:00,LOU,MIA,-7,L,NCAA_OFFICIAL_SCOREBOARD_FEED|https://data.ncaa.com/casablanca/scoreboard/football/fbs/2024/08/scoreboard.json,2026-08-22T03:42:57+00:00,holdout
NCAA-2024-36957,2024,8,2024-10-19T16:00:00+00:00,UConn,WAKE,-3,L,NCAA_OFFICIAL_SCOREBOARD_FEED|https://data.ncaa.com/casablanca/scoreboard/football/fbs/2024/08/scoreboard.json,2026-08-22T03:42:57+00:00,holdout
NCAA-2024-37051,2024,8,2024-10-19T16:00:00+00:00,CIN,ASU,10,W,NCAA_OFFICIAL_SCOREBOARD_FEED|https://data.ncaa.com/casablanca/scoreboard/football/fbs/2024/08/scoreboard.json,2026-08-22T03:42:57+00:00,holdout
NCAA-2024-37109,2024,8,2024-10-19T16:00:00+00:00,ARMY,ECU,17,W,NCAA_OFFICIAL_SCOREBOARD_FEED|https://data.ncaa.com/casablanca/scoreboard/football/fbs/2024/08/scoreboard.json,2026-08-22T03:42:57+00:00,holdout
NCAA-2024-5361440,2024,8,2024-10-19T16:00:00+00:00,CCU,ULL,-10,L,NCAA_OFFICIAL_SCOREBOARD_FEED|https://data.ncaa.com/casablanca/scoreboard/football/fbs/2024/08/scoreboard.json,2026-08-22T03:42:57+00:00,holdout
NCAA-2024-5362016,2024,8,2024-10-19T16:00:00+00:00,RUTG,UCLA,-3,L,NCAA_OFFICIAL_SCOREBOARD_FEED|https://data.ncaa.com/casablanca/scoreboard/football/fbs/2024/08/scoreboard.json,2026-08-22T03:42:57+00:00,holdout
NCAA-2024-36585,2024,8,2024-10-19T16:45:00+00:00,OU,SC,-26,L,NCAA_OFFICIAL_SCOREBOARD_FEED|https://data.ncaa.com/casablanca/scoreboard/football/fbs/2024/08/scoreboard.json,2026-08-22T03:42:57+00:00,holdout
NCAA-2024-37206,2024,8,2024-10-19T18:00:00+00:00,TEM,TLSA,10,W,NCAA_OFFICIAL_SCOREBOARD_FEED|https://data.ncaa.com/casablanca/scoreboard/football/fbs/2024/08/scoreboard.json,2026-08-22T03:42:57+00:00,holdout
NCAA-2024-36685,2024,8,2024-10-19T19:30:00+00:00,ILL,MICH,14,W,NCAA_OFFICIAL_SCOREBOARD_FEED|https://data.ncaa.com/casablanca/scoreboard/football/fbs/2024/08/scoreboard.json,2026-08-22T03:42:57+00:00,holdout
NCAA-2024-36784,2024,8,2024-10-19T19:30:00+00:00,ODU,TXST,10,W,NCAA_OFFICIAL_SCOREBOARD_FEED|https://data.ncaa.com/casablanca/scoreboard/football/fbs/2024/08/scoreboard.json,2026-08-22T03:42:57+00:00,holdout
NCAA-2024-36959,2024,8,2024-10-19T19:30:00+00:00,KU,HOU,28,W,NCAA_OFFICIAL_SCOREBOARD_FEED|https://data.ncaa.com/casablanca/scoreboard/football/fbs/2024/08/scoreboard.json,2026-08-22T03:42:57+00:00,holdout
NCAA-2024-36974,2024,8,2024-10-19T19:30:00+00:00,CAL,NCSU,-1,L,NCAA_OFFICIAL_SCOREBOARD_FEED|https://data.ncaa.com/casablanca/scoreboard/football/fbs/2024/08/scoreboard.json,2026-08-22T03:42:57+00:00,holdout
NCAA-2024-37098,2024,8,2024-10-19T19:30:00+00:00,WSU,HAW,32,W,NCAA_OFFICIAL_SCOREBOARD_FEED|https://data.ncaa.com/casablanca/scoreboard/football/fbs/2024/08/scoreboard.json,2026-08-22T03:42:57+00:00,holdout
NCAA-2024-37222,2024,8,2024-10-19T19:30:00+00:00,UTSA,FAU,14,W,NCAA_OFFICIAL_SCOREBOARD_FEED|https://data.ncaa.com/casablanca/scoreboard/football/fbs/2024/08/scoreboard.json,2026-08-22T03:42:57+00:00,holdout
NCAA-2024-37239,2024,8,2024-10-19T19:30:00+00:00,NAVY,CHAR,34,W,NCAA_OFFICIAL_SCOREBOARD_FEED|https://data.ncaa.com/casablanca/scoreboard/football/fbs/2024/08/scoreboard.json,2026-08-22T03:42:57+00:00,holdout
NCAA-2024-37257,2024,8,2024-10-19T19:30:00+00:00,USF,UAB,10,W,NCAA_OFFICIAL_SCOREBOARD_FEED|https://data.ncaa.com/casablanca/scoreboard/football/fbs/2024/08/scoreboard.json,2026-08-22T03:42:57+00:00,holdout
NCAA-2024-5362209,2024,8,2024-10-19T19:30:00+00:00,GT,ND,-18,L,NCAA_OFFICIAL_SCOREBOARD_FEED|https://data.ncaa.com/casablanca/scoreboard/football/fbs/2024/08/scoreboard.json,2026-08-22T03:42:57+00:00,holdout
NCAA-2024-5362270,2024,8,2024-10-19T19:30:00+00:00,TENN,ALA,7,W,NCAA_OFFICIAL_SCOREBOARD_FEED|https://data.ncaa.com/casablanca/scoreboard/football/fbs/2024/08/scoreboard.json,2026-08-22T03:42:57+00:00,holdout
NCAA-2024-5362642,2024,8,2024-10-19T19:30:00+00:00,TLN,RICE,14,W,NCAA_OFFICIAL_SCOREBOARD_FEED|https://data.ncaa.com/casablanca/scoreboard/football/fbs/2024/08/scoreboard.json,2026-08-22T03:42:57+00:00,holdout
NCAA-2024-36675,2024,8,2024-10-19T20:00:00+00:00,MD,USC,1,W,NCAA_OFFICIAL_SCOREBOARD_FEED|https://data.ncaa.com/casablanca/scoreboard/football/fbs/2024/08/scoreboard.json,2026-08-22T03:42:57+00:00,holdout
NCAA-2024-36967,2024,8,2024-10-19T20:00:00+00:00,SJSU,WYO,10,W,NCAA_OFFICIAL_SCOREBOARD_FEED|https://data.ncaa.com/casablanca/scoreboard/football/fbs/2024/08/scoreboard.json,2026-08-22T03:42:57+00:00,holdout
NCAA-2024-37037,2024,8,2024-10-19T20:00:00+00:00,TTU,BAY,-24,L,NCAA_OFFICIAL_SCOREBOARD_FEED|https://data.ncaa.com/casablanca/scoreboard/football/fbs/2024/08/scoreboard.json,2026-08-22T03:42:57+00:00,holdout
NCAA-2024-37151,2024,8,2024-10-19T20:00:00+00:00,USU,NM,-5,L,NCAA_OFFICIAL_SCOREBOARD_FEED|https://data.ncaa.com/casablanca/scoreboard/football/fbs/2024/08/scoreboard.json,2026-08-22T03:42:57+00:00,holdout
NCAA-2024-5362353,2024,8,2024-10-19T20:00:00+00:00,ARIZ,COLO,-27,L,NCAA_OFFICIAL_SCOREBOARD_FEED|https://data.ncaa.com/casablanca/scoreboard/football/fbs/2024/08/scoreboard.json,2026-08-22T03:42:57+00:00,holdout
NCAA-2024-5361398,2024,8,2024-10-19T20:15:00+00:00,MSST,TA&M,-10,L,NCAA_OFFICIAL_SCOREBOARD_FEED|https://data.ncaa.com/casablanca/scoreboard/football/fbs/2024/08/scoreboard.json,2026-08-22T03:42:57+00:00,holdout
NCAA-2024-36463,2024,8,2024-10-19T23:00:00+00:00,ARK,LSU,-24,L,NCAA_OFFICIAL_SCOREBOARD_FEED|https://data.ncaa.com/casablanca/scoreboard/football/fbs/2024/08/scoreboard.json,2026-08-22T03:42:57+00:00,holdout
NCAA-2024-36551,2024,8,2024-10-19T23:00:00+00:00,USM,ARST,-16,L,NCAA_OFFICIAL_SCOREBOARD_FEED|https://data.ncaa.com/casablanca/scoreboard/football/fbs/2024/08/scoreboard.json,2026-08-22T03:42:57+00:00,holdout
NCAA-2024-36540,2024,8,2024-10-19T23:30:00+00:00,ISU,UCF,3,W,NCAA_OFFICIAL_SCOREBOARD_FEED|https://data.ncaa.com/casablanca/scoreboard/football/fbs/2024/08/scoreboard.json,2026-08-22T03:42:57+00:00,holdout
NCAA-2024-36577,2024,8,2024-10-19T23:30:00+00:00,MSU,IOWA,12,W,NCAA_OFFICIAL_SCOREBOARD_FEED|https://data.ncaa.com/casablanca/scoreboard/football/fbs/2024/08/scoreboard.json,2026-08-22T03:42:57+00:00,holdout
NCAA-2024-36750,2024,8,2024-10-19T23:30:00+00:00,TEX,UGA,-15,L,NCAA_OFFICIAL_SCOREBOARD_FEED|https://data.ncaa.com/casablanca/scoreboard/football/fbs/2024/08/scoreboard.json,2026-08-22T03:42:57+00:00,holdout
NCAA-2024-37027,2024,8,2024-10-19T23:30:00+00:00,WVU,KSU,-27,L,NCAA_OFFICIAL_SCOREBOARD_FEED|https://data.ncaa.com/casablanca/scoreboard/football/fbs/2024/08/scoreboard.json,2026-08-22T03:42:57+00:00,holdout
NCAA-2024-37215,2024,8,2024-10-19T23:30:00+00:00,MEM,UNT,8,W,NCAA_OFFICIAL_SCOREBOARD_FEED|https://data.ncaa.com/casablanca/scoreboard/football/fbs/2024/08/scoreboard.json,2026-08-22T03:42:57+00:00,holdout
NCAA-2024-5361429,2024,8,2024-10-19T23:45:00+00:00,FLA,UK,28,W,NCAA_OFFICIAL_SCOREBOARD_FEED|https://data.ncaa.com/casablanca/scoreboard/football/fbs/2024/08/scoreboard.json,2026-08-22T03:42:57+00:00,holdout
NCAA-2024-36427,2024,8,2024-10-20T00:00:00+00:00,STAN,SMU,-30,L,NCAA_OFFICIAL_SCOREBOARD_FEED|https://data.ncaa.com/casablanca/scoreboard/football/fbs/2024/08/scoreboard.json,2026-08-22T03:42:57+00:00,holdout
NCAA-2024-37142,2024,8,2024-10-20T00:00:00+00:00,AF,CSU,-8,L,NCAA_OFFICIAL_SCOREBOARD_FEED|https://data.ncaa.com/casablanca/scoreboard/football/fbs/2024/08/scoreboard.json,2026-08-22T03:42:57+00:00,holdout
NCAA-2024-36772,2024,8,2024-10-20T02:00:00+00:00,ORST,UNLV,-8,L,NCAA_OFFICIAL_SCOREBOARD_FEED|https://data.ncaa.com/casablanca/scoreboard/football/fbs/2024/08/scoreboard.json,2026-08-22T03:42:57+00:00,holdout
NCAA-2024-37047,2024,8,2024-10-20T02:30:00+00:00,UTAH,TCU,-6,L,NCAA_OFFICIAL_SCOREBOARD_FEED|https://data.ncaa.com/casablanca/scoreboard/football/fbs/2024/08/scoreboard.json,2026-08-22T03:42:57+00:00,holdout
NCAA-2024-36506,2024,9,2024-10-24T23:00:00+00:00,ODU,GASO,28,W,NCAA_OFFICIAL_SCOREBOARD_FEED|https://data.ncaa.com/casablanca/scoreboard/football/fbs/2024/09/scoreboard.json,2026-08-22T03:42:58+00:00,holdout
NCAA-2024-36517,2024,9,2024-10-24T23:30:00+00:00,PITT,SYR,28,W,NCAA_OFFICIAL_SCOREBOARD_FEED|https://data.ncaa.com/casablanca/scoreboard/football/fbs/2024/09/scoreboard.json,2026-08-22T03:42:58+00:00,holdout
NCAA-2024-36709,2024,9,2024-10-25T23:30:00+00:00,BC,LOU,-4,L,NCAA_OFFICIAL_SCOREBOARD_FEED|https://data.ncaa.com/casablanca/scoreboard/football/fbs/2024/09/scoreboard.json,2026-08-22T03:42:58+00:00,holdout
NCAA-2024-37124,2024,9,2024-10-26T02:30:00+00:00,UNLV,BOISE,-5,L,NCAA_OFFICIAL_SCOREBOARD_FEED|https://data.ncaa.com/casablanca/scoreboard/football/fbs/2024/09/scoreboard.json,2026-08-22T03:42:58+00:00,holdout
NCAA-2024-36724,2024,9,2024-10-26T03:00:00+00:00,USC,RUTG,22,W,NCAA_OFFICIAL_SCOREBOARD_FEED|https://data.ncaa.com/casablanca/scoreboard/football/fbs/2024/09/scoreboard.json,2026-08-22T03:42:58+00:00,holdout
NCAA-2024-36377,2024,9,2024-10-26T16:00:00+00:00,IU,WASH,14,W,NCAA_OFFICIAL_SCOREBOARD_FEED|https://data.ncaa.com/casablanca/scoreboard/football/fbs/2024/09/scoreboard.json,2026-08-22T03:42:58+00:00,holdout
NCAA-2024-36417,2024,9,2024-10-26T16:00:00+00:00,OSU,NEB,4,W,NCAA_OFFICIAL_SCOREBOARD_FEED|https://data.ncaa.com/casablanca/scoreboard/football/fbs/2024/09/scoreboard.json,2026-08-22T03:42:58+00:00,holdout
NCAA-2024-36595,2024,9,2024-10-26T16:00:00+00:00,MISS,OU,12,W,NCAA_OFFICIAL_SCOREBOARD_FEED|https://data.ncaa.com/casablanca/scoreboard/football/fbs/2024/09/scoreboard.json,2026-08-22T03:42:58+00:00,holdout
NCAA-2024-36651,2024,9,2024-10-26T16:00:00+00:00,VT,GT,15,W,NCAA_OFFICIAL_SCOREBOARD_FEED|https://data.ncaa.com/casablanca/scoreboard/football/fbs/2024/09/scoreboard.json,2026-08-22T03:42:58+00:00,holdout
NCAA-2024-36838,2024,9,2024-10-26T16:00:00+00:00,NAVY,ND,-37,L,NCAA_OFFICIAL_SCOREBOARD_FEED|https://data.ncaa.com/casablanca/scoreboard/football/fbs/2024/09/scoreboard.json,2026-08-22T03:42:58+00:00,holdout
NCAA-2024-36917,2024,9,2024-10-26T16:00:00+00:00,UVA,UNC,-27,L,NCAA_OFFICIAL_SCOREBOARD_FEED|https://data.ncaa.com/casablanca/scoreboard/football/fbs/2024/09/scoreboard.json,2026-08-22T03:42:58+00:00,holdout
NCAA-2024-37216,2024,9,2024-10-26T16:00:00+00:00,UNT,TLN,-8,L,NCAA_OFFICIAL_SCOREBOARD_FEED|https://data.ncaa.com/casablanca/scoreboard/football/fbs/2024/09/scoreboard.json,2026-08-22T03:42:58+00:00,holdout
NCAA-2024-37240,2024,9,2024-10-26T16:00:00+00:00,MEM,CHAR,5,W,NCAA_OFFICIAL_SCOREBOARD_FEED|https://data.ncaa.com/casablanca/scoreboard/football/fbs/2024/09/scoreboard.json,2026-08-22T03:42:58+00:00,holdout
NCAA-2024-36473,2024,9,2024-10-26T16:45:00+00:00,MSST,ARK,-33,L,NCAA_OFFICIAL_SCOREBOARD_FEED|https://data.ncaa.com/casablanca/scoreboard/football/fbs/2024/09/scoreboard.json,2026-08-22T03:42:58+00:00,holdout
NCAA-2024-37207,2024,9,2024-10-26T18:00:00+00:00,ECU,TEM,22,W,NCAA_OFFICIAL_SCOREBOARD_FEED|https://data.ncaa.com/casablanca/scoreboard/football/fbs/2024/09/scoreboard.json,2026-08-22T03:42:58+00:00,holdout
NCAA-2024-36529,2024,9,2024-10-26T19:30:00+00:00,MINN,MD,25,W,NCAA_OFFICIAL_SCOREBOARD_FEED|https://data.ncaa.com/casablanca/scoreboard/football/fbs/2024/09/scoreboard.json,2026-08-22T03:42:58+00:00,holdout
NCAA-2024-36691,2024,9,2024-10-26T19:30:00+00:00,ORE,ILL,29,W,NCAA_OFFICIAL_SCOREBOARD_FEED|https://data.ncaa.com/casablanca/scoreboard/football/fbs/2024/09/scoreboard.json,2026-08-22T03:42:58+00:00,holdout
NCAA-2024-36704,2024,9,2024-10-26T19:30:00+00:00,ALA,MIZ,34,W,NCAA_OFFICIAL_SCOREBOARD_FEED|https://data.ncaa.com/casablanca/scoreboard/football/fbs/2024/09/scoreboard.json,2026-08-22T03:42:58+00:00,holdout
NCAA-2024-36958,2024,9,2024-10-26T19:30:00+00:00,STAN,WAKE,-3,L,NCAA_OFFICIAL_SCOREBOARD_FEED|https://data.ncaa.com/casablanca/scoreboard/football/fbs/2024/09/scoreboard.json,2026-08-22T03:42:58+00:00,holdout
NCAA-2024-37038,2024,9,2024-10-26T19:30:00+00:00,TCU,TTU,1,W,NCAA_OFFICIAL_SCOREBOARD_FEED|https://data.ncaa.com/casablanca/scoreboard/football/fbs/2024/09/scoreboard.json,2026-08-22T03:42:58+00:00,holdout
NCAA-2024-37063,2024,9,2024-10-26T19:30:00+00:00,UCF,BYU,-13,L,NCAA_OFFICIAL_SCOREBOARD_FEED|https://data.ncaa.com/casablanca/scoreboard/football/fbs/2024/09/scoreboard.json,2026-08-22T03:42:58+00:00,holdout
NCAA-2024-37079,2024,9,2024-10-26T19:30:00+00:00,BAY,OKST,10,W,NCAA_OFFICIAL_SCOREBOARD_FEED|https://data.ncaa.com/casablanca/scoreboard/football/fbs/2024/09/scoreboard.json,2026-08-22T03:42:58+00:00,holdout
NCAA-2024-37223,2024,9,2024-10-26T19:30:00+00:00,TLSA,UTSA,1,W,NCAA_OFFICIAL_SCOREBOARD_FEED|https://data.ncaa.com/casablanca/scoreboard/football/fbs/2024/09/scoreboard.json,2026-08-22T03:42:58+00:00,holdout
NCAA-2024-5361523,2024,9,2024-10-26T19:30:00+00:00,IOWA,NU,26,W,NCAA_OFFICIAL_SCOREBOARD_FEED|https://data.ncaa.com/casablanca/scoreboard/football/fbs/2024/09/scoreboard.json,2026-08-22T03:42:58+00:00,holdout
NCAA-2024-5362406,2024,9,2024-10-26T19:30:00+00:00,UConn,RICE,7,W,NCAA_OFFICIAL_SCOREBOARD_FEED|https://data.ncaa.com/casablanca/scoreboard/football/fbs/2024/09/scoreboard.json,2026-08-22T03:42:58+00:00,holdout
NCAA-2024-36773,2024,9,2024-10-26T20:00:00+00:00,CAL,ORST,37,W,NCAA_OFFICIAL_SCOREBOARD_FEED|https://data.ncaa.com/casablanca/scoreboard/football/fbs/2024/09/scoreboard.json,2026-08-22T03:42:58+00:00,holdout
NCAA-2024-36751,2024,9,2024-10-26T20:15:00+00:00,VAN,TEX,-3,L,NCAA_OFFICIAL_SCOREBOARD_FEED|https://data.ncaa.com/casablanca/scoreboard/football/fbs/2024/09/scoreboard.json,2026-08-22T03:42:58+00:00,holdout
NCAA-2024-37156,2024,9,2024-10-26T21:00:00+00:00,CSU,NM,11,W,NCAA_OFFICIAL_SCOREBOARD_FEED|https://data.ncaa.com/casablanca/scoreboard/football/fbs/2024/09/scoreboard.json,2026-08-22T03:42:58+00:00,holdout
NCAA-2024-36865,2024,9,2024-10-26T23:00:00+00:00,ARST,TROY,3,W,NCAA_OFFICIAL_SCOREBOARD_FEED|https://data.ncaa.com/casablanca/scoreboard/football/fbs/2024/09/scoreboard.json,2026-08-22T03:42:58+00:00,holdout
NCAA-2024-36982,2024,9,2024-10-26T23:00:00+00:00,ARIZ,WVU,-5,L,NCAA_OFFICIAL_SCOREBOARD_FEED|https://data.ncaa.com/casablanca/scoreboard/football/fbs/2024/09/scoreboard.json,2026-08-22T03:42:58+00:00,holdout
NCAA-2024-37146,2024,9,2024-10-26T23:00:00+00:00,WYO,USU,-2,L,NCAA_OFFICIAL_SCOREBOARD_FEED|https://data.ncaa.com/casablanca/scoreboard/football/fbs/2024/09/scoreboard.json,2026-08-22T03:42:58+00:00,holdout
NCAA-2024-5361626,2024,9,2024-10-26T23:00:00+00:00,MIA,FSU,22,W,NCAA_OFFICIAL_SCOREBOARD_FEED|https://data.ncaa.com/casablanca/scoreboard/football/fbs/2024/09/scoreboard.json,2026-08-22T03:42:58+00:00,holdout
NCAA-2024-5362464,2024,9,2024-10-26T23:00:00+00:00,HOU,UTAH,3,W,NCAA_OFFICIAL_SCOREBOARD_FEED|https://data.ncaa.com/casablanca/scoreboard/football/fbs/2024/09/scoreboard.json,2026-08-22T03:42:58+00:00,holdout
NCAA-2024-36452,2024,9,2024-10-26T23:30:00+00:00,TA&M,LSU,15,W,NCAA_OFFICIAL_SCOREBOARD_FEED|https://data.ncaa.com/casablanca/scoreboard/football/fbs/2024/09/scoreboard.json,2026-08-22T03:42:58+00:00,holdout
NCAA-2024-36617,2024,9,2024-10-26T23:30:00+00:00,MICH,MSU,7,W,NCAA_OFFICIAL_SCOREBOARD_FEED|https://data.ncaa.com/casablanca/scoreboard/football/fbs/2024/09/scoreboard.json,2026-08-22T03:42:58+00:00,holdout
NCAA-2024-36729,2024,9,2024-10-26T23:30:00+00:00,WIS,PSU,-15,L,NCAA_OFFICIAL_SCOREBOARD_FEED|https://data.ncaa.com/casablanca/scoreboard/football/fbs/2024/09/scoreboard.json,2026-08-22T03:42:58+00:00,holdout
NCAA-2024-36892,2024,9,2024-10-26T23:45:00+00:00,UK,AUB,-14,L,NCAA_OFFICIAL_SCOREBOARD_FEED|https://data.ncaa.com/casablanca/scoreboard/football/fbs/2024/09/scoreboard.json,2026-08-22T03:42:58+00:00,holdout
NCAA-2024-36428,2024,9,2024-10-27T00:00:00+00:00,DUKE,SMU,-1,L,NCAA_OFFICIAL_SCOREBOARD_FEED|https://data.ncaa.com/casablanca/scoreboard/football/fbs/2024/09/scoreboard.json,2026-08-22T03:42:58+00:00,holdout
NCAA-2024-36960,2024,9,2024-10-27T00:00:00+00:00,KSU,KU,2,W,NCAA_OFFICIAL_SCOREBOARD_FEED|https://data.ncaa.com/casablanca/scoreboard/football/fbs/2024/09/scoreboard.json,2026-08-22T03:42:58+00:00,holdout
NCAA-2024-37012,2024,9,2024-10-27T00:00:00+00:00,FRES,SJSU,23,W,NCAA_OFFICIAL_SCOREBOARD_FEED|https://data.ncaa.com/casablanca/scoreboard/football/fbs/2024/09/scoreboard.json,2026-08-22T03:42:58+00:00,holdout
NCAA-2024-37052,2024,9,2024-10-27T02:15:00+00:00,COLO,CIN,11,W,NCAA_OFFICIAL_SCOREBOARD_FEED|https://data.ncaa.com/casablanca/scoreboard/football/fbs/2024/09/scoreboard.json,2026-08-22T03:42:58+00:00,holdout
NCAA-2024-37099,2024,9,2024-10-27T02:30:00+00:00,SDSU,WSU,-3,L,NCAA_OFFICIAL_SCOREBOARD_FEED|https://data.ncaa.com/casablanca/scoreboard/football/fbs/2024/09/scoreboard.json,2026-08-22T03:42:58+00:00,holdout
NCAA-2024-37116,2024,9,2024-10-27T04:00:00+00:00,HAW,NEV,21,W,NCAA_OFFICIAL_SCOREBOARD_FEED|https://data.ncaa.com/casablanca/scoreboard/football/fbs/2024/09/scoreboard.json,2026-08-22T03:42:58+00:00,holdout
NCAA-2024-36494,2024,10,2024-10-29T23:30:00+00:00,TXST,ULL,-6,L,NCAA_OFFICIAL_SCOREBOARD_FEED|https://data.ncaa.com/casablanca/scoreboard/football/fbs/2024/10/scoreboard.json,2026-08-22T03:42:58+00:00,holdout
NCAA-2024-37241,2024,10,2024-10-31T23:30:00+00:00,CHAR,TLN,-31,L,NCAA_OFFICIAL_SCOREBOARD_FEED|https://data.ncaa.com/casablanca/scoreboard/football/fbs/2024/10/scoreboard.json,2026-08-22T03:42:58+00:00,holdout
NCAA-2024-36881,2024,10,2024-11-01T23:00:00+00:00,UConn,GAST,7,W,NCAA_OFFICIAL_SCOREBOARD_FEED|https://data.ncaa.com/casablanca/scoreboard/football/fbs/2024/10/scoreboard.json,2026-08-22T03:42:58+00:00,holdout
NCAA-2024-37235,2024,10,2024-11-01T23:30:00+00:00,FAU,USF,-23,L,NCAA_OFFICIAL_SCOREBOARD_FEED|https://data.ncaa.com/casablanca/scoreboard/football/fbs/2024/10/scoreboard.json,2026-08-22T03:42:58+00:00,holdout
NCAA-2024-37130,2024,10,2024-11-02T00:00:00+00:00,BOISE,SDSU,32,W,NCAA_OFFICIAL_SCOREBOARD_FEED|https://data.ncaa.com/casablanca/scoreboard/football/fbs/2024/10/scoreboard.json,2026-08-22T03:42:58+00:00,holdout
NCAA-2024-36392,2024,10,2024-11-02T16:00:00+00:00,PUR,NU,-6,L,NCAA_OFFICIAL_SCOREBOARD_FEED|https://data.ncaa.com/casablanca/scoreboard/football/fbs/2024/10/scoreboard.json,2026-08-22T03:42:58+00:00,holdout
NCAA-2024-36418,2024,10,2024-11-02T16:00:00+00:00,PSU,OSU,-7,L,NCAA_OFFICIAL_SCOREBOARD_FEED|https://data.ncaa.com/casablanca/scoreboard/football/fbs/2024/10/scoreboard.json,2026-08-22T03:42:58+00:00,holdout
NCAA-2024-36474,2024,10,2024-11-02T16:00:00+00:00,ARK,MISS,-32,L,NCAA_OFFICIAL_SCOREBOARD_FEED|https://data.ncaa.com/casablanca/scoreboard/football/fbs/2024/10/scoreboard.json,2026-08-22T03:42:58+00:00,holdout
NCAA-2024-36530,2024,10,2024-11-02T16:00:00+00:00,ILL,MINN,-8,L,NCAA_OFFICIAL_SCOREBOARD_FEED|https://data.ncaa.com/casablanca/scoreboard/football/fbs/2024/10/scoreboard.json,2026-08-22T03:42:58+00:00,holdout
NCAA-2024-36652,2024,10,2024-11-02T16:00:00+00:00,SYR,VT,7,W,NCAA_OFFICIAL_SCOREBOARD_FEED|https://data.ncaa.com/casablanca/scoreboard/football/fbs/2024/10/scoreboard.json,2026-08-22T03:42:58+00:00,holdout
NCAA-2024-36942,2024,10,2024-11-02T16:00:00+00:00,MIA,DUKE,22,W,NCAA_OFFICIAL_SCOREBOARD_FEED|https://data.ncaa.com/casablanca/scoreboard/football/fbs/2024/10/scoreboard.json,2026-08-22T03:42:58+00:00,holdout
NCAA-2024-36975,2024,10,2024-11-02T16:00:00+00:00,NCSU,STAN,31,W,NCAA_OFFICIAL_SCOREBOARD_FEED|https://data.ncaa.com/casablanca/scoreboard/football/fbs/2024/10/scoreboard.json,2026-08-22T03:42:58+00:00,holdout
NCAA-2024-37110,2024,10,2024-11-02T16:00:00+00:00,ARMY,AF,17,W,NCAA_OFFICIAL_SCOREBOARD_FEED|https://data.ncaa.com/casablanca/scoreboard/football/fbs/2024/10/scoreboard.json,2026-08-22T03:42:58+00:00,holdout
NCAA-2024-37224,2024,10,2024-11-02T16:00:00+00:00,UTSA,MEM,8,W,NCAA_OFFICIAL_SCOREBOARD_FEED|https://data.ncaa.com/casablanca/scoreboard/football/fbs/2024/10/scoreboard.json,2026-08-22T03:42:58+00:00,holdout
NCAA-2024-5362261,2024,10,2024-11-02T16:45:00+00:00,AUB,VAN,-10,L,NCAA_OFFICIAL_SCOREBOARD_FEED|https://data.ncaa.com/casablanca/scoreboard/football/fbs/2024/10/scoreboard.json,2026-08-22T03:42:58+00:00,holdout
NCAA-2024-36573,2024,10,2024-11-02T18:30:00+00:00,FSU,UNC,-24,L,NCAA_OFFICIAL_SCOREBOARD_FEED|https://data.ncaa.com/casablanca/scoreboard/football/fbs/2024/10/scoreboard.json,2026-08-22T03:42:58+00:00,holdout
NCAA-2024-37226,2024,10,2024-11-02T18:30:00+00:00,UAB,TLSA,38,W,NCAA_OFFICIAL_SCOREBOARD_FEED|https://data.ncaa.com/casablanca/scoreboard/football/fbs/2024/10/scoreboard.json,2026-08-22T03:42:58+00:00,holdout
NCAA-2024-36378,2024,10,2024-11-02T19:30:00+00:00,MSU,IU,-37,L,NCAA_OFFICIAL_SCOREBOARD_FEED|https://data.ncaa.com/casablanca/scoreboard/football/fbs/2024/10/scoreboard.json,2026-08-22T03:42:58+00:00,holdout
NCAA-2024-36483,2024,10,2024-11-02T19:30:00+00:00,UGA,FLA,14,W,NCAA_OFFICIAL_SCOREBOARD_FEED|https://data.ncaa.com/casablanca/scoreboard/football/fbs/2024/10/scoreboard.json,2026-08-22T03:42:58+00:00,holdout
NCAA-2024-36541,2024,10,2024-11-02T19:30:00+00:00,ISU,TTU,-1,L,NCAA_OFFICIAL_SCOREBOARD_FEED|https://data.ncaa.com/casablanca/scoreboard/football/fbs/2024/10/scoreboard.json,2026-08-22T03:42:58+00:00,holdout
NCAA-2024-36686,2024,10,2024-11-02T19:30:00+00:00,MICH,ORE,-21,L,NCAA_OFFICIAL_SCOREBOARD_FEED|https://data.ncaa.com/casablanca/scoreboard/football/fbs/2024/10/scoreboard.json,2026-08-22T03:42:58+00:00,holdout
NCAA-2024-36716,2024,10,2024-11-02T19:30:00+00:00,NEB,UCLA,-7,L,NCAA_OFFICIAL_SCOREBOARD_FEED|https://data.ncaa.com/casablanca/scoreboard/football/fbs/2024/10/scoreboard.json,2026-08-22T03:42:58+00:00,holdout
NCAA-2024-36850,2024,10,2024-11-02T19:30:00+00:00,MRSH,ULM,5,W,NCAA_OFFICIAL_SCOREBOARD_FEED|https://data.ncaa.com/casablanca/scoreboard/football/fbs/2024/10/scoreboard.json,2026-08-22T03:42:58+00:00,holdout
NCAA-2024-36983,2024,10,2024-11-02T19:30:00+00:00,UCF,ARIZ,44,W,NCAA_OFFICIAL_SCOREBOARD_FEED|https://data.ncaa.com/casablanca/scoreboard/football/fbs/2024/10/scoreboard.json,2026-08-22T03:42:58+00:00,holdout
NCAA-2024-37056,2024,10,2024-11-02T19:30:00+00:00,OKST,ASU,-21,L,NCAA_OFFICIAL_SCOREBOARD_FEED|https://data.ncaa.com/casablanca/scoreboard/football/fbs/2024/10/scoreboard.json,2026-08-22T03:42:58+00:00,holdout
NCAA-2024-37075,2024,10,2024-11-02T19:30:00+00:00,HOU,KSU,5,W,NCAA_OFFICIAL_SCOREBOARD_FEED|https://data.ncaa.com/casablanca/scoreboard/football/fbs/2024/10/scoreboard.json,2026-08-22T03:42:58+00:00,holdout
NCAA-2024-36870,2024,10,2024-11-02T20:00:00+00:00,TROY,CCU,14,W,NCAA_OFFICIAL_SCOREBOARD_FEED|https://data.ncaa.com/casablanca/scoreboard/football/fbs/2024/10/scoreboard.json,2026-08-22T03:42:58+00:00,holdout
NCAA-2024-37147,2024,10,2024-11-02T20:00:00+00:00,NM,WYO,-4,L,NCAA_OFFICIAL_SCOREBOARD_FEED|https://data.ncaa.com/casablanca/scoreboard/football/fbs/2024/10/scoreboard.json,2026-08-22T03:42:58+00:00,holdout
NCAA-2024-37246,2024,10,2024-11-02T20:00:00+00:00,RICE,NAVY,14,W,NCAA_OFFICIAL_SCOREBOARD_FEED|https://data.ncaa.com/casablanca/scoreboard/football/fbs/2024/10/scoreboard.json,2026-08-22T03:42:58+00:00,holdout
NCAA-2024-37161,2024,10,2024-11-02T23:00:00+00:00,FRES,HAW,-1,L,NCAA_OFFICIAL_SCOREBOARD_FEED|https://data.ncaa.com/casablanca/scoreboard/football/fbs/2024/10/scoreboard.json,2026-08-22T03:42:58+00:00,holdout
NCAA-2024-36561,2024,10,2024-11-02T23:30:00+00:00,IOWA,WIS,32,W,NCAA_OFFICIAL_SCOREBOARD_FEED|https://data.ncaa.com/casablanca/scoreboard/football/fbs/2024/10/scoreboard.json,2026-08-22T03:42:58+00:00,holdout
NCAA-2024-36732,2024,10,2024-11-02T23:30:00+00:00,WASH,USC,5,W,NCAA_OFFICIAL_SCOREBOARD_FEED|https://data.ncaa.com/casablanca/scoreboard/football/fbs/2024/10/scoreboard.json,2026-08-22T03:42:58+00:00,holdout
NCAA-2024-36921,2024,10,2024-11-02T23:30:00+00:00,CLEM,LOU,-12,L,NCAA_OFFICIAL_SCOREBOARD_FEED|https://data.ncaa.com/casablanca/scoreboard/football/fbs/2024/10/scoreboard.json,2026-08-22T03:42:58+00:00,holdout
NCAA-2024-5361650,2024,10,2024-11-02T23:30:00+00:00,SC,TA&M,24,W,NCAA_OFFICIAL_SCOREBOARD_FEED|https://data.ncaa.com/casablanca/scoreboard/football/fbs/2024/10/scoreboard.json,2026-08-22T03:42:58+00:00,holdout
NCAA-2024-36893,2024,10,2024-11-02T23:45:00+00:00,TENN,UK,10,W,NCAA_OFFICIAL_SCOREBOARD_FEED|https://data.ncaa.com/casablanca/scoreboard/football/fbs/2024/10/scoreboard.json,2026-08-22T03:42:58+00:00,holdout
NCAA-2024-36429,2024,10,2024-11-03T00:00:00+00:00,SMU,PITT,23,W,NCAA_OFFICIAL_SCOREBOARD_FEED|https://data.ncaa.com/casablanca/scoreboard/football/fbs/2024/10/scoreboard.json,2026-08-22T03:42:58+00:00,holdout
NCAA-2024-37044,2024,10,2024-11-03T00:00:00+00:00,BAY,TCU,3,W,NCAA_OFFICIAL_SCOREBOARD_FEED|https://data.ncaa.com/casablanca/scoreboard/football/fbs/2024/10/scoreboard.json,2026-08-22T03:42:58+00:00,holdout
NCAA-2024-37117,2024,10,2024-11-03T00:00:00+00:00,NEV,CSU,-17,L,NCAA_OFFICIAL_SCOREBOARD_FEED|https://data.ncaa.com/casablanca/scoreboard/football/fbs/2024/10/scoreboard.json,2026-08-22T03:42:58+00:00,holdout
NCAA-2024-37232,2024,11,2024-11-08T01:00:00+00:00,ECU,FAU,35,W,NCAA_OFFICIAL_SCOREBOARD_FEED|https://data.ncaa.com/casablanca/scoreboard/football/fbs/2024/11/scoreboard.json,2026-08-22T03:42:59+00:00,holdout
NCAA-2024-37017,2024,11,2024-11-09T01:00:00+00:00,WAKE,CAL,-10,L,NCAA_OFFICIAL_SCOREBOARD_FEED|https://data.ncaa.com/casablanca/scoreboard/football/fbs/2024/11/scoreboard.json,2026-08-22T03:42:59+00:00,holdout
NCAA-2024-36578,2024,11,2024-11-09T02:00:00+00:00,UCLA,IOWA,3,W,NCAA_OFFICIAL_SCOREBOARD_FEED|https://data.ncaa.com/casablanca/scoreboard/football/fbs/2024/11/scoreboard.json,2026-08-22T03:42:59+00:00,holdout
NCAA-2024-37247,2024,11,2024-11-09T02:00:00+00:00,MEM,RICE,7,W,NCAA_OFFICIAL_SCOREBOARD_FEED|https://data.ncaa.com/casablanca/scoreboard/football/fbs/2024/11/scoreboard.json,2026-08-22T03:42:59+00:00,holdout
NCAA-2024-37135,2024,11,2024-11-09T03:30:00+00:00,SDSU,NM,-5,L,NCAA_OFFICIAL_SCOREBOARD_FEED|https://data.ncaa.com/casablanca/scoreboard/football/fbs/2024/11/scoreboard.json,2026-08-22T03:42:59+00:00,holdout
NCAA-2024-36393,2024,11,2024-11-09T17:00:00+00:00,OSU,PUR,45,W,NCAA_OFFICIAL_SCOREBOARD_FEED|https://data.ncaa.com/casablanca/scoreboard/football/fbs/2024/11/scoreboard.json,2026-08-22T03:42:59+00:00,holdout
NCAA-2024-36484,2024,11,2024-11-09T17:00:00+00:00,TEX,FLA,32,W,NCAA_OFFICIAL_SCOREBOARD_FEED|https://data.ncaa.com/casablanca/scoreboard/football/fbs/2024/11/scoreboard.json,2026-08-22T03:42:59+00:00,holdout
NCAA-2024-36531,2024,11,2024-11-09T17:00:00+00:00,RUTG,MINN,7,W,NCAA_OFFICIAL_SCOREBOARD_FEED|https://data.ncaa.com/casablanca/scoreboard/football/fbs/2024/11/scoreboard.json,2026-08-22T03:42:59+00:00,holdout
NCAA-2024-36710,2024,11,2024-11-09T17:00:00+00:00,BC,SYR,6,W,NCAA_OFFICIAL_SCOREBOARD_FEED|https://data.ncaa.com/casablanca/scoreboard/football/fbs/2024/11/scoreboard.json,2026-08-22T03:42:59+00:00,holdout
NCAA-2024-36785,2024,11,2024-11-09T17:00:00+00:00,ULM,TXST,-21,L,NCAA_OFFICIAL_SCOREBOARD_FEED|https://data.ncaa.com/casablanca/scoreboard/football/fbs/2024/11/scoreboard.json,2026-08-22T03:42:59+00:00,holdout
NCAA-2024-36932,2024,11,2024-11-09T17:00:00+00:00,GT,MIA,5,W,NCAA_OFFICIAL_SCOREBOARD_FEED|https://data.ncaa.com/casablanca/scoreboard/football/fbs/2024/11/scoreboard.json,2026-08-22T03:42:59+00:00,holdout
NCAA-2024-37028,2024,11,2024-11-09T17:00:00+00:00,CIN,WVU,-7,L,NCAA_OFFICIAL_SCOREBOARD_FEED|https://data.ncaa.com/casablanca/scoreboard/football/fbs/2024/11/scoreboard.json,2026-08-22T03:42:59+00:00,holdout
NCAA-2024-37253,2024,11,2024-11-09T17:00:00+00:00,USF,NAVY,-21,L,NCAA_OFFICIAL_SCOREBOARD_FEED|https://data.ncaa.com/casablanca/scoreboard/football/fbs/2024/11/scoreboard.json,2026-08-22T03:42:59+00:00,holdout
NCAA-2024-37024,2024,11,2024-11-09T19:30:00+00:00,UAB,UConn,-8,L,NCAA_OFFICIAL_SCOREBOARD_FEED|https://data.ncaa.com/casablanca/scoreboard/football/fbs/2024/11/scoreboard.json,2026-08-22T03:42:59+00:00,holdout
NCAA-2024-36553,2024,11,2024-11-09T20:00:00+00:00,USM,MRSH,-34,L,NCAA_OFFICIAL_SCOREBOARD_FEED|https://data.ncaa.com/casablanca/scoreboard/football/fbs/2024/11/scoreboard.json,2026-08-22T03:42:59+00:00,holdout
NCAA-2024-36379,2024,11,2024-11-09T20:30:00+00:00,IU,MICH,5,W,NCAA_OFFICIAL_SCOREBOARD_FEED|https://data.ncaa.com/casablanca/scoreboard/football/fbs/2024/11/scoreboard.json,2026-08-22T03:42:59+00:00,holdout
NCAA-2024-36542,2024,11,2024-11-09T20:30:00+00:00,KU,ISU,9,W,NCAA_OFFICIAL_SCOREBOARD_FEED|https://data.ncaa.com/casablanca/scoreboard/football/fbs/2024/11/scoreboard.json,2026-08-22T03:42:59+00:00,holdout
NCAA-2024-36596,2024,11,2024-11-09T20:30:00+00:00,MISS,UGA,18,W,NCAA_OFFICIAL_SCOREBOARD_FEED|https://data.ncaa.com/casablanca/scoreboard/football/fbs/2024/11/scoreboard.json,2026-08-22T03:42:59+00:00,holdout
NCAA-2024-36653,2024,11,2024-11-09T20:30:00+00:00,VT,CLEM,-10,L,NCAA_OFFICIAL_SCOREBOARD_FEED|https://data.ncaa.com/casablanca/scoreboard/football/fbs/2024/11/scoreboard.json,2026-08-22T03:42:59+00:00,holdout
NCAA-2024-36774,2024,11,2024-11-09T20:30:00+00:00,ORST,SJSU,-11,L,NCAA_OFFICIAL_SCOREBOARD_FEED|https://data.ncaa.com/casablanca/scoreboard/football/fbs/2024/11/scoreboard.json,2026-08-22T03:42:59+00:00,holdout
NCAA-2024-36943,2024,11,2024-11-09T20:30:00+00:00,NCSU,DUKE,-10,L,NCAA_OFFICIAL_SCOREBOARD_FEED|https://data.ncaa.com/casablanca/scoreboard/football/fbs/2024/11/scoreboard.json,2026-08-22T03:42:59+00:00,holdout
NCAA-2024-37111,2024,11,2024-11-09T20:30:00+00:00,UNT,ARMY,-11,L,NCAA_OFFICIAL_SCOREBOARD_FEED|https://data.ncaa.com/casablanca/scoreboard/football/fbs/2024/11/scoreboard.json,2026-08-22T03:42:59+00:00,holdout
NCAA-2024-37039,2024,11,2024-11-09T21:00:00+00:00,TTU,COLO,-14,L,NCAA_OFFICIAL_SCOREBOARD_FEED|https://data.ncaa.com/casablanca/scoreboard/football/fbs/2024/11/scoreboard.json,2026-08-22T03:42:59+00:00,holdout
NCAA-2024-37208,2024,11,2024-11-09T21:00:00+00:00,TLN,TEM,46,W,NCAA_OFFICIAL_SCOREBOARD_FEED|https://data.ncaa.com/casablanca/scoreboard/football/fbs/2024/11/scoreboard.json,2026-08-22T03:42:59+00:00,holdout
NCAA-2024-36587,2024,11,2024-11-09T21:15:00+00:00,VAN,SC,-21,L,NCAA_OFFICIAL_SCOREBOARD_FEED|https://data.ncaa.com/casablanca/scoreboard/football/fbs/2024/11/scoreboard.json,2026-08-22T03:42:59+00:00,holdout
NCAA-2024-36495,2024,11,2024-11-09T22:00:00+00:00,ULL,ARST,36,W,NCAA_OFFICIAL_SCOREBOARD_FEED|https://data.ncaa.com/casablanca/scoreboard/football/fbs/2024/11/scoreboard.json,2026-08-22T03:42:59+00:00,holdout
NCAA-2024-36603,2024,11,2024-11-10T00:00:00+00:00,TENN,MSST,19,W,NCAA_OFFICIAL_SCOREBOARD_FEED|https://data.ncaa.com/casablanca/scoreboard/football/fbs/2024/11/scoreboard.json,2026-08-22T03:42:59+00:00,holdout
NCAA-2024-36676,2024,11,2024-11-10T00:00:00+00:00,ORE,MD,21,W,NCAA_OFFICIAL_SCOREBOARD_FEED|https://data.ncaa.com/casablanca/scoreboard/football/fbs/2024/11/scoreboard.json,2026-08-22T03:42:59+00:00,holdout
NCAA-2024-37045,2024,11,2024-11-10T00:00:00+00:00,TCU,OKST,25,W,NCAA_OFFICIAL_SCOREBOARD_FEED|https://data.ncaa.com/casablanca/scoreboard/football/fbs/2024/11/scoreboard.json,2026-08-22T03:42:59+00:00,holdout
NCAA-2024-37057,2024,11,2024-11-10T00:00:00+00:00,ASU,UCF,4,W,NCAA_OFFICIAL_SCOREBOARD_FEED|https://data.ncaa.com/casablanca/scoreboard/football/fbs/2024/11/scoreboard.json,2026-08-22T03:42:59+00:00,holdout
NCAA-2024-36464,2024,11,2024-11-10T00:30:00+00:00,LSU,ALA,-29,L,NCAA_OFFICIAL_SCOREBOARD_FEED|https://data.ncaa.com/casablanca/scoreboard/football/fbs/2024/11/scoreboard.json,2026-08-22T03:42:59+00:00,holdout
NCAA-2024-36574,2024,11,2024-11-10T00:30:00+00:00,ND,FSU,49,W,NCAA_OFFICIAL_SCOREBOARD_FEED|https://data.ncaa.com/casablanca/scoreboard/football/fbs/2024/11/scoreboard.json,2026-08-22T03:42:59+00:00,holdout
NCAA-2024-36705,2024,11,2024-11-10T00:45:00+00:00,MIZ,OU,7,W,NCAA_OFFICIAL_SCOREBOARD_FEED|https://data.ncaa.com/casablanca/scoreboard/football/fbs/2024/11/scoreboard.json,2026-08-22T03:42:59+00:00,holdout
NCAA-2024-36742,2024,11,2024-11-10T01:00:00+00:00,PSU,WASH,29,W,NCAA_OFFICIAL_SCOREBOARD_FEED|https://data.ncaa.com/casablanca/scoreboard/football/fbs/2024/11/scoreboard.json,2026-08-22T03:42:59+00:00,holdout
NCAA-2024-37118,2024,11,2024-11-10T01:00:00+00:00,BOISE,NEV,7,W,NCAA_OFFICIAL_SCOREBOARD_FEED|https://data.ncaa.com/casablanca/scoreboard/football/fbs/2024/11/scoreboard.json,2026-08-22T03:42:59+00:00,holdout
NCAA-2024-5361465,2024,11,2024-11-10T01:00:00+00:00,PITT,UVA,-5,L,NCAA_OFFICIAL_SCOREBOARD_FEED|https://data.ncaa.com/casablanca/scoreboard/football/fbs/2024/11/scoreboard.json,2026-08-22T03:42:59+00:00,holdout
NCAA-2024-37125,2024,11,2024-11-10T02:00:00+00:00,HAW,UNLV,-2,L,NCAA_OFFICIAL_SCOREBOARD_FEED|https://data.ncaa.com/casablanca/scoreboard/football/fbs/2024/11/scoreboard.json,2026-08-22T03:42:59+00:00,holdout
NCAA-2024-37143,2024,11,2024-11-10T02:45:00+00:00,AF,FRES,8,W,NCAA_OFFICIAL_SCOREBOARD_FEED|https://data.ncaa.com/casablanca/scoreboard/football/fbs/2024/11/scoreboard.json,2026-08-22T03:42:59+00:00,holdout
NCAA-2024-37085,2024,11,2024-11-10T03:15:00+00:00,UTAH,BYU,-1,L,NCAA_OFFICIAL_SCOREBOARD_FEED|https://data.ncaa.com/casablanca/scoreboard/football/fbs/2024/11/scoreboard.json,2026-08-22T03:42:59+00:00,holdout
NCAA-2024-37100,2024,11,2024-11-10T03:30:00+00:00,WSU,USU,21,W,NCAA_OFFICIAL_SCOREBOARD_FEED|https://data.ncaa.com/casablanca/scoreboard/football/fbs/2024/11/scoreboard.json,2026-08-22T03:42:59+00:00,holdout
NCAA-2024-37227,2024,12,2024-11-15T00:30:00+00:00,TLSA,ECU,-7,L,NCAA_OFFICIAL_SCOREBOARD_FEED|https://data.ncaa.com/casablanca/scoreboard/football/fbs/2024/12/scoreboard.json,2026-08-22T03:42:59+00:00,holdout
NCAA-2024-37148,2024,12,2024-11-16T01:00:00+00:00,CSU,WYO,14,W,NCAA_OFFICIAL_SCOREBOARD_FEED|https://data.ncaa.com/casablanca/scoreboard/football/fbs/2024/12/scoreboard.json,2026-08-22T03:42:59+00:00,holdout
NCAA-2024-36738,2024,12,2024-11-16T02:00:00+00:00,WASH,UCLA,12,W,NCAA_OFFICIAL_SCOREBOARD_FEED|https://data.ncaa.com/casablanca/scoreboard/football/fbs/2024/12/scoreboard.json,2026-08-22T03:42:59+00:00,holdout
NCAA-2024-37217,2024,12,2024-11-16T02:00:00+00:00,UTSA,UNT,21,W,NCAA_OFFICIAL_SCOREBOARD_FEED|https://data.ncaa.com/casablanca/scoreboard/football/fbs/2024/12/scoreboard.json,2026-08-22T03:42:59+00:00,holdout
NCAA-2024-36984,2024,12,2024-11-16T03:15:00+00:00,ARIZ,HOU,24,W,NCAA_OFFICIAL_SCOREBOARD_FEED|https://data.ncaa.com/casablanca/scoreboard/football/fbs/2024/12/scoreboard.json,2026-08-22T03:42:59+00:00,holdout
NCAA-2024-36475,2024,12,2024-11-16T17:00:00+00:00,ARK,TEX,-10,L,NCAA_OFFICIAL_SCOREBOARD_FEED|https://data.ncaa.com/casablanca/scoreboard/football/fbs/2024/12/scoreboard.json,2026-08-22T03:42:59+00:00,holdout
NCAA-2024-36519,2024,12,2024-11-16T17:00:00+00:00,PITT,CLEM,-4,L,NCAA_OFFICIAL_SCOREBOARD_FEED|https://data.ncaa.com/casablanca/scoreboard/football/fbs/2024/12/scoreboard.json,2026-08-22T03:42:59+00:00,holdout
NCAA-2024-37069,2024,12,2024-11-16T17:00:00+00:00,COLO,UTAH,25,W,NCAA_OFFICIAL_SCOREBOARD_FEED|https://data.ncaa.com/casablanca/scoreboard/football/fbs/2024/12/scoreboard.json,2026-08-22T03:42:59+00:00,holdout
NCAA-2024-37254,2024,12,2024-11-16T17:00:00+00:00,NAVY,TLN,-35,L,NCAA_OFFICIAL_SCOREBOARD_FEED|https://data.ncaa.com/casablanca/scoreboard/football/fbs/2024/12/scoreboard.json,2026-08-22T03:42:59+00:00,holdout
NCAA-2024-5336811,2024,12,2024-11-16T17:00:00+00:00,NU,OSU,-24,L,NCAA_OFFICIAL_SCOREBOARD_FEED|https://data.ncaa.com/casablanca/scoreboard/football/fbs/2024/12/scoreboard.json,2026-08-22T03:42:59+00:00,holdout
NCAA-2024-36856,2024,12,2024-11-16T17:45:00+00:00,AUB,ULM,34,W,NCAA_OFFICIAL_SCOREBOARD_FEED|https://data.ncaa.com/casablanca/scoreboard/football/fbs/2024/12/scoreboard.json,2026-08-22T03:42:59+00:00,holdout
NCAA-2024-36851,2024,12,2024-11-16T18:00:00+00:00,MRSH,CCU,12,W,NCAA_OFFICIAL_SCOREBOARD_FEED|https://data.ncaa.com/casablanca/scoreboard/football/fbs/2024/12/scoreboard.json,2026-08-22T03:42:59+00:00,holdout
NCAA-2024-37209,2024,12,2024-11-16T19:00:00+00:00,TEM,FAU,3,W,NCAA_OFFICIAL_SCOREBOARD_FEED|https://data.ncaa.com/casablanca/scoreboard/football/fbs/2024/12/scoreboard.json,2026-08-22T03:42:59+00:00,holdout
NCAA-2024-36619,2024,12,2024-11-16T19:30:00+00:00,ILL,MSU,22,W,NCAA_OFFICIAL_SCOREBOARD_FEED|https://data.ncaa.com/casablanca/scoreboard/football/fbs/2024/12/scoreboard.json,2026-08-22T03:42:59+00:00,holdout
NCAA-2024-37152,2024,12,2024-11-16T20:00:00+00:00,USU,HAW,45,W,NCAA_OFFICIAL_SCOREBOARD_FEED|https://data.ncaa.com/casablanca/scoreboard/football/fbs/2024/12/scoreboard.json,2026-08-22T03:42:59+00:00,holdout
NCAA-2024-5362398,2024,12,2024-11-16T20:00:00+00:00,CAL,SYR,-8,L,NCAA_OFFICIAL_SCOREBOARD_FEED|https://data.ncaa.com/casablanca/scoreboard/football/fbs/2024/12/scoreboard.json,2026-08-22T03:42:59+00:00,holdout
NCAA-2024-36394,2024,12,2024-11-16T20:30:00+00:00,PUR,PSU,-39,L,NCAA_OFFICIAL_SCOREBOARD_FEED|https://data.ncaa.com/casablanca/scoreboard/football/fbs/2024/12/scoreboard.json,2026-08-22T03:42:59+00:00,holdout
NCAA-2024-36430,2024,12,2024-11-16T20:30:00+00:00,SMU,BC,10,W,NCAA_OFFICIAL_SCOREBOARD_FEED|https://data.ncaa.com/casablanca/scoreboard/football/fbs/2024/12/scoreboard.json,2026-08-22T03:42:59+00:00,holdout
NCAA-2024-36775,2024,12,2024-11-16T20:30:00+00:00,AF,ORST,28,W,NCAA_OFFICIAL_SCOREBOARD_FEED|https://data.ncaa.com/casablanca/scoreboard/football/fbs/2024/12/scoreboard.json,2026-08-22T03:42:59+00:00,holdout
NCAA-2024-36839,2024,12,2024-11-16T20:30:00+00:00,ND,UVA,21,W,NCAA_OFFICIAL_SCOREBOARD_FEED|https://data.ncaa.com/casablanca/scoreboard/football/fbs/2024/12/scoreboard.json,2026-08-22T03:42:59+00:00,holdout
NCAA-2024-36927,2024,12,2024-11-16T20:30:00+00:00,STAN,LOU,3,W,NCAA_OFFICIAL_SCOREBOARD_FEED|https://data.ncaa.com/casablanca/scoreboard/football/fbs/2024/12/scoreboard.json,2026-08-22T03:42:59+00:00,holdout
NCAA-2024-37242,2024,12,2024-11-16T20:30:00+00:00,CHAR,USF,-35,L,NCAA_OFFICIAL_SCOREBOARD_FEED|https://data.ncaa.com/casablanca/scoreboard/football/fbs/2024/12/scoreboard.json,2026-08-22T03:42:59+00:00,holdout
NCAA-2024-5361412,2024,12,2024-11-16T20:30:00+00:00,FLA,LSU,11,W,NCAA_OFFICIAL_SCOREBOARD_FEED|https://data.ncaa.com/casablanca/scoreboard/football/fbs/2024/12/scoreboard.json,2026-08-22T03:42:59+00:00,holdout
NCAA-2024-36508,2024,12,2024-11-16T21:00:00+00:00,GASO,TROY,-8,L,NCAA_OFFICIAL_SCOREBOARD_FEED|https://data.ncaa.com/casablanca/scoreboard/football/fbs/2024/12/scoreboard.json,2026-08-22T03:42:59+00:00,holdout
NCAA-2024-37029,2024,12,2024-11-16T21:00:00+00:00,WVU,BAY,-14,L,NCAA_OFFICIAL_SCOREBOARD_FEED|https://data.ncaa.com/casablanca/scoreboard/football/fbs/2024/12/scoreboard.json,2026-08-22T03:42:59+00:00,holdout
NCAA-2024-36588,2024,12,2024-11-16T21:15:00+00:00,SC,MIZ,4,W,NCAA_OFFICIAL_SCOREBOARD_FEED|https://data.ncaa.com/casablanca/scoreboard/football/fbs/2024/12/scoreboard.json,2026-08-22T03:42:59+00:00,holdout
NCAA-2024-36866,2024,12,2024-11-16T22:00:00+00:00,GAST,ARST,-7,L,NCAA_OFFICIAL_SCOREBOARD_FEED|https://data.ncaa.com/casablanca/scoreboard/football/fbs/2024/12/scoreboard.json,2026-08-22T03:42:59+00:00,holdout
NCAA-2024-36677,2024,12,2024-11-16T23:00:00+00:00,MD,RUTG,-14,L,NCAA_OFFICIAL_SCOREBOARD_FEED|https://data.ncaa.com/casablanca/scoreboard/football/fbs/2024/12/scoreboard.json,2026-08-22T03:42:59+00:00,holdout
NCAA-2024-36717,2024,12,2024-11-17T00:00:00+00:00,USC,NEB,8,W,NCAA_OFFICIAL_SCOREBOARD_FEED|https://data.ncaa.com/casablanca/scoreboard/football/fbs/2024/12/scoreboard.json,2026-08-22T03:42:59+00:00,holdout
NCAA-2024-36969,2024,12,2024-11-17T00:00:00+00:00,SJSU,BOISE,-21,L,NCAA_OFFICIAL_SCOREBOARD_FEED|https://data.ncaa.com/casablanca/scoreboard/football/fbs/2024/12/scoreboard.json,2026-08-22T03:42:59+00:00,holdout
NCAA-2024-5361502,2024,12,2024-11-17T00:00:00+00:00,TXST,USM,55,W,NCAA_OFFICIAL_SCOREBOARD_FEED|https://data.ncaa.com/casablanca/scoreboard/football/fbs/2024/12/scoreboard.json,2026-08-22T03:42:59+00:00,holdout
NCAA-2024-5362441,2024,12,2024-11-17T00:00:00+00:00,KSU,ASU,-10,L,NCAA_OFFICIAL_SCOREBOARD_FEED|https://data.ncaa.com/casablanca/scoreboard/football/fbs/2024/12/scoreboard.json,2026-08-22T03:42:59+00:00,holdout
NCAA-2024-36697,2024,12,2024-11-17T00:30:00+00:00,WIS,ORE,-3,L,NCAA_OFFICIAL_SCOREBOARD_FEED|https://data.ncaa.com/casablanca/scoreboard/football/fbs/2024/12/scoreboard.json,2026-08-22T03:42:59+00:00,holdout
NCAA-2024-36899,2024,12,2024-11-17T00:30:00+00:00,UGA,TENN,14,W,NCAA_OFFICIAL_SCOREBOARD_FEED|https://data.ncaa.com/casablanca/scoreboard/football/fbs/2024/12/scoreboard.json,2026-08-22T03:42:59+00:00,holdout
NCAA-2024-36543,2024,12,2024-11-17T01:00:00+00:00,ISU,CIN,17,W,NCAA_OFFICIAL_SCOREBOARD_FEED|https://data.ncaa.com/casablanca/scoreboard/football/fbs/2024/12/scoreboard.json,2026-08-22T03:42:59+00:00,holdout
NCAA-2024-36937,2024,12,2024-11-17T01:00:00+00:00,UNC,WAKE,7,W,NCAA_OFFICIAL_SCOREBOARD_FEED|https://data.ncaa.com/casablanca/scoreboard/football/fbs/2024/12/scoreboard.json,2026-08-22T03:42:59+00:00,holdout
NCAA-2024-37258,2024,12,2024-11-17T01:00:00+00:00,MEM,UAB,35,W,NCAA_OFFICIAL_SCOREBOARD_FEED|https://data.ncaa.com/casablanca/scoreboard/football/fbs/2024/12/scoreboard.json,2026-08-22T03:42:59+00:00,holdout
NCAA-2024-37101,2024,12,2024-11-17T02:30:00+00:00,NM,WSU,3,W,NCAA_OFFICIAL_SCOREBOARD_FEED|https://data.ncaa.com/casablanca/scoreboard/football/fbs/2024/12/scoreboard.json,2026-08-22T03:42:59+00:00,holdout
NCAA-2024-36961,2024,12,2024-11-17T03:15:00+00:00,BYU,KU,-4,L,NCAA_OFFICIAL_SCOREBOARD_FEED|https://data.ncaa.com/casablanca/scoreboard/football/fbs/2024/12/scoreboard.json,2026-08-22T03:42:59+00:00,holdout
NCAA-2024-37126,2024,12,2024-11-17T03:30:00+00:00,UNLV,SDSU,21,W,NCAA_OFFICIAL_SCOREBOARD_FEED|https://data.ncaa.com/casablanca/scoreboard/football/fbs/2024/12/scoreboard.json,2026-08-22T03:42:59+00:00,holdout
NCAA-2024-36933,2024,13,2024-11-22T00:30:00+00:00,GT,NCSU,1,W,NCAA_OFFICIAL_SCOREBOARD_FEED|https://data.ncaa.com/casablanca/scoreboard/football/fbs/2024/13/scoreboard.json,2026-08-22T03:43:00+00:00,holdout
NCAA-2024-37210,2024,13,2024-11-23T00:00:00+00:00,UTSA,TEM,24,W,NCAA_OFFICIAL_SCOREBOARD_FEED|https://data.ncaa.com/casablanca/scoreboard/football/fbs/2024/13/scoreboard.json,2026-08-22T03:43:00+00:00,holdout
NCAA-2024-36395,2024,13,2024-11-23T01:00:00+00:00,MSU,PUR,7,W,NCAA_OFFICIAL_SCOREBOARD_FEED|https://data.ncaa.com/casablanca/scoreboard/football/fbs/2024/13/scoreboard.json,2026-08-22T03:43:00+00:00,holdout
NCAA-2024-36970,2024,13,2024-11-23T03:00:00+00:00,SJSU,UNLV,-11,L,NCAA_OFFICIAL_SCOREBOARD_FEED|https://data.ncaa.com/casablanca/scoreboard/football/fbs/2024/13/scoreboard.json,2026-08-22T03:43:00+00:00,holdout
NCAA-2024-36380,2024,13,2024-11-23T17:00:00+00:00,OSU,IU,23,W,NCAA_OFFICIAL_SCOREBOARD_FEED|https://data.ncaa.com/casablanca/scoreboard/football/fbs/2024/13/scoreboard.json,2026-08-22T03:43:00+00:00,holdout
NCAA-2024-36431,2024,13,2024-11-23T17:00:00+00:00,UVA,SMU,-26,L,NCAA_OFFICIAL_SCOREBOARD_FEED|https://data.ncaa.com/casablanca/scoreboard/football/fbs/2024/13/scoreboard.json,2026-08-22T03:43:00+00:00,holdout
NCAA-2024-36485,2024,13,2024-11-23T17:00:00+00:00,FLA,MISS,7,W,NCAA_OFFICIAL_SCOREBOARD_FEED|https://data.ncaa.com/casablanca/scoreboard/football/fbs/2024/13/scoreboard.json,2026-08-22T03:43:00+00:00,holdout
NCAA-2024-36579,2024,13,2024-11-23T17:00:00+00:00,MD,IOWA,-16,L,NCAA_OFFICIAL_SCOREBOARD_FEED|https://data.ncaa.com/casablanca/scoreboard/football/fbs/2024/13/scoreboard.json,2026-08-22T03:43:00+00:00,holdout
NCAA-2024-36692,2024,13,2024-11-23T17:00:00+00:00,RUTG,ILL,-7,L,NCAA_OFFICIAL_SCOREBOARD_FEED|https://data.ncaa.com/casablanca/scoreboard/football/fbs/2024/13/scoreboard.json,2026-08-22T03:43:00+00:00,holdout
NCAA-2024-36711,2024,13,2024-11-23T17:00:00+00:00,BC,UNC,20,W,NCAA_OFFICIAL_SCOREBOARD_FEED|https://data.ncaa.com/casablanca/scoreboard/football/fbs/2024/13/scoreboard.json,2026-08-22T03:43:00+00:00,holdout
NCAA-2024-36950,2024,13,2024-11-23T17:00:00+00:00,MIA,WAKE,28,W,NCAA_OFFICIAL_SCOREBOARD_FEED|https://data.ncaa.com/casablanca/scoreboard/football/fbs/2024/13/scoreboard.json,2026-08-22T03:43:00+00:00,holdout
NCAA-2024-37016,2024,13,2024-11-23T17:00:00+00:00,SYR,UConn,7,W,NCAA_OFFICIAL_SCOREBOARD_FEED|https://data.ncaa.com/casablanca/scoreboard/football/fbs/2024/13/scoreboard.json,2026-08-22T03:43:00+00:00,holdout
NCAA-2024-5362645,2024,13,2024-11-23T19:00:00+00:00,UAB,RICE,26,W,NCAA_OFFICIAL_SCOREBOARD_FEED|https://data.ncaa.com/casablanca/scoreboard/football/fbs/2024/13/scoreboard.json,2026-08-22T03:43:00+00:00,holdout
NCAA-2024-36857,2024,13,2024-11-23T20:00:00+00:00,ARST,ULM,7,W,NCAA_OFFICIAL_SCOREBOARD_FEED|https://data.ncaa.com/casablanca/scoreboard/football/fbs/2024/13/scoreboard.json,2026-08-22T03:43:00+00:00,holdout
NCAA-2024-36985,2024,13,2024-11-23T20:00:00+00:00,TCU,ARIZ,21,W,NCAA_OFFICIAL_SCOREBOARD_FEED|https://data.ncaa.com/casablanca/scoreboard/football/fbs/2024/13/scoreboard.json,2026-08-22T03:43:00+00:00,holdout
NCAA-2024-37236,2024,13,2024-11-23T20:00:00+00:00,FAU,CHAR,-12,L,NCAA_OFFICIAL_SCOREBOARD_FEED|https://data.ncaa.com/casablanca/scoreboard/football/fbs/2024/13/scoreboard.json,2026-08-22T03:43:00+00:00,holdout
NCAA-2024-36509,2024,13,2024-11-23T20:30:00+00:00,CCU,GASO,-20,L,NCAA_OFFICIAL_SCOREBOARD_FEED|https://data.ncaa.com/casablanca/scoreboard/football/fbs/2024/13/scoreboard.json,2026-08-22T03:43:00+00:00,holdout
NCAA-2024-36532,2024,13,2024-11-23T20:30:00+00:00,MINN,PSU,-1,L,NCAA_OFFICIAL_SCOREBOARD_FEED|https://data.ncaa.com/casablanca/scoreboard/football/fbs/2024/13/scoreboard.json,2026-08-22T03:43:00+00:00,holdout
NCAA-2024-36660,2024,13,2024-11-23T20:30:00+00:00,MICH,NU,44,W,NCAA_OFFICIAL_SCOREBOARD_FEED|https://data.ncaa.com/casablanca/scoreboard/football/fbs/2024/13/scoreboard.json,2026-08-22T03:43:00+00:00,holdout
NCAA-2024-36718,2024,13,2024-11-23T20:30:00+00:00,NEB,WIS,19,W,NCAA_OFFICIAL_SCOREBOARD_FEED|https://data.ncaa.com/casablanca/scoreboard/football/fbs/2024/13/scoreboard.json,2026-08-22T03:43:00+00:00,holdout
NCAA-2024-36752,2024,13,2024-11-23T20:30:00+00:00,TEX,UK,17,W,NCAA_OFFICIAL_SCOREBOARD_FEED|https://data.ncaa.com/casablanca/scoreboard/football/fbs/2024/13/scoreboard.json,2026-08-22T03:43:00+00:00,holdout
NCAA-2024-36962,2024,13,2024-11-23T20:30:00+00:00,KU,COLO,16,W,NCAA_OFFICIAL_SCOREBOARD_FEED|https://data.ncaa.com/casablanca/scoreboard/football/fbs/2024/13/scoreboard.json,2026-08-22T03:43:00+00:00,holdout
NCAA-2024-37008,2024,13,2024-11-23T20:30:00+00:00,CAL,STAN,3,W,NCAA_OFFICIAL_SCOREBOARD_FEED|https://data.ncaa.com/casablanca/scoreboard/football/fbs/2024/13/scoreboard.json,2026-08-22T03:43:00+00:00,holdout
NCAA-2024-37030,2024,13,2024-11-23T20:30:00+00:00,WVU,UCF,10,W,NCAA_OFFICIAL_SCOREBOARD_FEED|https://data.ncaa.com/casablanca/scoreboard/football/fbs/2024/13/scoreboard.json,2026-08-22T03:43:00+00:00,holdout
NCAA-2024-37040,2024,13,2024-11-23T20:30:00+00:00,OKST,TTU,-8,L,NCAA_OFFICIAL_SCOREBOARD_FEED|https://data.ncaa.com/casablanca/scoreboard/football/fbs/2024/13/scoreboard.json,2026-08-22T03:43:00+00:00,holdout
NCAA-2024-37059,2024,13,2024-11-23T20:30:00+00:00,ASU,BYU,5,W,NCAA_OFFICIAL_SCOREBOARD_FEED|https://data.ncaa.com/casablanca/scoreboard/football/fbs/2024/13/scoreboard.json,2026-08-22T03:43:00+00:00,holdout
NCAA-2024-37136,2024,13,2024-11-23T20:30:00+00:00,USU,SDSU,21,W,NCAA_OFFICIAL_SCOREBOARD_FEED|https://data.ncaa.com/casablanca/scoreboard/football/fbs/2024/13/scoreboard.json,2026-08-22T03:43:00+00:00,holdout
NCAA-2024-37218,2024,13,2024-11-23T20:30:00+00:00,UNT,ECU,-12,L,NCAA_OFFICIAL_SCOREBOARD_FEED|https://data.ncaa.com/casablanca/scoreboard/football/fbs/2024/13/scoreboard.json,2026-08-22T03:43:00+00:00,holdout
NCAA-2024-37228,2024,13,2024-11-23T20:30:00+00:00,USF,TLSA,33,W,NCAA_OFFICIAL_SCOREBOARD_FEED|https://data.ncaa.com/casablanca/scoreboard/football/fbs/2024/13/scoreboard.json,2026-08-22T03:43:00+00:00,holdout
NCAA-2024-36520,2024,13,2024-11-23T21:00:00+00:00,LOU,PITT,28,W,NCAA_OFFICIAL_SCOREBOARD_FEED|https://data.ncaa.com/casablanca/scoreboard/football/fbs/2024/13/scoreboard.json,2026-08-22T03:43:00+00:00,holdout
NCAA-2024-36604,2024,13,2024-11-23T21:15:00+00:00,MSST,MIZ,-19,L,NCAA_OFFICIAL_SCOREBOARD_FEED|https://data.ncaa.com/casablanca/scoreboard/football/fbs/2024/13/scoreboard.json,2026-08-22T03:43:00+00:00,holdout
NCAA-2024-36497,2024,13,2024-11-23T22:00:00+00:00,ULL,TROY,21,W,NCAA_OFFICIAL_SCOREBOARD_FEED|https://data.ncaa.com/casablanca/scoreboard/football/fbs/2024/13/scoreboard.json,2026-08-22T03:43:00+00:00,holdout
NCAA-2024-36776,2024,13,2024-11-23T23:30:00+00:00,ORST,WSU,3,W,NCAA_OFFICIAL_SCOREBOARD_FEED|https://data.ncaa.com/casablanca/scoreboard/football/fbs/2024/13/scoreboard.json,2026-08-22T03:43:00+00:00,holdout
NCAA-2024-36786,2024,13,2024-11-24T00:00:00+00:00,TXST,GAST,-8,L,NCAA_OFFICIAL_SCOREBOARD_FEED|https://data.ncaa.com/casablanca/scoreboard/football/fbs/2024/13/scoreboard.json,2026-08-22T03:43:00+00:00,holdout
NCAA-2024-36840,2024,13,2024-11-24T00:00:00+00:00,ND,ARMY,35,W,NCAA_OFFICIAL_SCOREBOARD_FEED|https://data.ncaa.com/casablanca/scoreboard/football/fbs/2024/13/scoreboard.json,2026-08-22T03:43:00+00:00,holdout
NCAA-2024-37089,2024,13,2024-11-24T00:00:00+00:00,HOU,BAY,-10,L,NCAA_OFFICIAL_SCOREBOARD_FEED|https://data.ncaa.com/casablanca/scoreboard/football/fbs/2024/13/scoreboard.json,2026-08-22T03:43:00+00:00,holdout
NCAA-2024-37131,2024,13,2024-11-24T00:00:00+00:00,WYO,BOISE,-4,L,NCAA_OFFICIAL_SCOREBOARD_FEED|https://data.ncaa.com/casablanca/scoreboard/football/fbs/2024/13/scoreboard.json,2026-08-22T03:43:00+00:00,holdout
NCAA-2024-36544,2024,13,2024-11-24T00:30:00+00:00,UTAH,ISU,-3,L,NCAA_OFFICIAL_SCOREBOARD_FEED|https://data.ncaa.com/casablanca/scoreboard/football/fbs/2024/13/scoreboard.json,2026-08-22T03:43:00+00:00,holdout
NCAA-2024-36767,2024,13,2024-11-24T00:30:00+00:00,OU,ALA,21,W,NCAA_OFFICIAL_SCOREBOARD_FEED|https://data.ncaa.com/casablanca/scoreboard/football/fbs/2024/13/scoreboard.json,2026-08-22T03:43:00+00:00,holdout
NCAA-2024-5361402,2024,13,2024-11-24T00:30:00+00:00,AUB,TA&M,2,W,NCAA_OFFICIAL_SCOREBOARD_FEED|https://data.ncaa.com/casablanca/scoreboard/football/fbs/2024/13/scoreboard.json,2026-08-22T03:43:00+00:00,holdout
NCAA-2024-5362216,2024,13,2024-11-24T00:30:00+00:00,ODU,MRSH,-7,L,NCAA_OFFICIAL_SCOREBOARD_FEED|https://data.ncaa.com/casablanca/scoreboard/football/fbs/2024/13/scoreboard.json,2026-08-22T03:43:00+00:00,holdout
NCAA-2024-36466,2024,13,2024-11-24T00:45:00+00:00,LSU,VAN,7,W,NCAA_OFFICIAL_SCOREBOARD_FEED|https://data.ncaa.com/casablanca/scoreboard/football/fbs/2024/13/scoreboard.json,2026-08-22T03:43:00+00:00,holdout
NCAA-2024-36654,2024,13,2024-11-24T01:00:00+00:00,DUKE,VT,3,W,NCAA_OFFICIAL_SCOREBOARD_FEED|https://data.ncaa.com/casablanca/scoreboard/football/fbs/2024/13/scoreboard.json,2026-08-22T03:43:00+00:00,holdout
NCAA-2024-37053,2024,13,2024-11-24T01:00:00+00:00,KSU,CIN,26,W,NCAA_OFFICIAL_SCOREBOARD_FEED|https://data.ncaa.com/casablanca/scoreboard/football/fbs/2024/13/scoreboard.json,2026-08-22T03:43:00+00:00,holdout
NCAA-2024-36733,2024,13,2024-11-24T03:30:00+00:00,UCLA,USC,-6,L,NCAA_OFFICIAL_SCOREBOARD_FEED|https://data.ncaa.com/casablanca/scoreboard/football/fbs/2024/13/scoreboard.json,2026-08-22T03:43:00+00:00,holdout
NCAA-2024-37157,2024,13,2024-11-24T03:30:00+00:00,FRES,CSU,6,W,NCAA_OFFICIAL_SCOREBOARD_FEED|https://data.ncaa.com/casablanca/scoreboard/football/fbs/2024/13/scoreboard.json,2026-08-22T03:43:00+00:00,holdout
NCAA-2024-5362517,2024,13,2024-11-24T03:30:00+00:00,NEV,AF,-3,L,NCAA_OFFICIAL_SCOREBOARD_FEED|https://data.ncaa.com/casablanca/scoreboard/football/fbs/2024/13/scoreboard.json,2026-08-22T03:43:00+00:00,holdout
NCAA-2024-37261,2024,14,2024-11-29T00:30:00+00:00,TLN,MEM,-10,L,NCAA_OFFICIAL_SCOREBOARD_FEED|https://data.ncaa.com/casablanca/scoreboard/football/fbs/2024/14/scoreboard.json,2026-08-22T03:43:01+00:00,holdout
NCAA-2024-36533,2024,14,2024-11-29T17:00:00+00:00,WIS,MINN,-17,L,NCAA_OFFICIAL_SCOREBOARD_FEED|https://data.ncaa.com/casablanca/scoreboard/football/fbs/2024/14/scoreboard.json,2026-08-22T03:43:01+00:00,holdout
NCAA-2024-36777,2024,14,2024-11-29T17:00:00+00:00,BOISE,ORST,16,W,NCAA_OFFICIAL_SCOREBOARD_FEED|https://data.ncaa.com/casablanca/scoreboard/football/fbs/2024/14/scoreboard.json,2026-08-22T03:43:01+00:00,holdout
NCAA-2024-37070,2024,14,2024-11-29T17:00:00+00:00,COLO,OKST,52,W,NCAA_OFFICIAL_SCOREBOARD_FEED|https://data.ncaa.com/casablanca/scoreboard/football/fbs/2024/14/scoreboard.json,2026-08-22T03:43:01+00:00,holdout
NCAA-2024-37233,2024,14,2024-11-29T17:00:00+00:00,ECU,NAVY,-14,L,NCAA_OFFICIAL_SCOREBOARD_FEED|https://data.ncaa.com/casablanca/scoreboard/football/fbs/2024/14/scoreboard.json,2026-08-22T03:43:01+00:00,holdout
NCAA-2024-36597,2024,14,2024-11-29T20:30:00+00:00,MISS,MSST,12,W,NCAA_OFFICIAL_SCOREBOARD_FEED|https://data.ncaa.com/casablanca/scoreboard/football/fbs/2024/14/scoreboard.json,2026-08-22T03:43:01+00:00,holdout
NCAA-2024-37153,2024,14,2024-11-29T20:30:00+00:00,CSU,USU,5,W,NCAA_OFFICIAL_SCOREBOARD_FEED|https://data.ncaa.com/casablanca/scoreboard/football/fbs/2024/14/scoreboard.json,2026-08-22T03:43:01+00:00,holdout
NCAA-2024-36972,2024,14,2024-11-29T21:00:00+00:00,SJSU,STAN,3,W,NCAA_OFFICIAL_SCOREBOARD_FEED|https://data.ncaa.com/casablanca/scoreboard/football/fbs/2024/14/scoreboard.json,2026-08-22T03:43:01+00:00,holdout
NCAA-2024-36562,2024,14,2024-11-30T00:30:00+00:00,IOWA,NEB,3,W,NCAA_OFFICIAL_SCOREBOARD_FEED|https://data.ncaa.com/casablanca/scoreboard/football/fbs/2024/14/scoreboard.json,2026-08-22T03:43:01+00:00,holdout
NCAA-2024-36905,2024,14,2024-11-30T00:30:00+00:00,UGA,GT,2,W,NCAA_OFFICIAL_SCOREBOARD_FEED|https://data.ncaa.com/casablanca/scoreboard/football/fbs/2024/14/scoreboard.json,2026-08-22T03:43:01+00:00,holdout
NCAA-2024-5362447,2024,14,2024-11-30T01:00:00+00:00,UCF,UTAH,-14,L,NCAA_OFFICIAL_SCOREBOARD_FEED|https://data.ncaa.com/casablanca/scoreboard/football/fbs/2024/14/scoreboard.json,2026-08-22T03:43:01+00:00,holdout
NCAA-2024-36420,2024,14,2024-11-30T17:00:00+00:00,OSU,MICH,-3,L,NCAA_OFFICIAL_SCOREBOARD_FEED|https://data.ncaa.com/casablanca/scoreboard/football/fbs/2024/14/scoreboard.json,2026-08-22T03:43:01+00:00,holdout
NCAA-2024-36498,2024,14,2024-11-30T17:00:00+00:00,ULM,ULL,-14,L,NCAA_OFFICIAL_SCOREBOARD_FEED|https://data.ncaa.com/casablanca/scoreboard/football/fbs/2024/14/scoreboard.json,2026-08-22T03:43:01+00:00,holdout
NCAA-2024-36590,2024,14,2024-11-30T17:00:00+00:00,CLEM,SC,-3,L,NCAA_OFFICIAL_SCOREBOARD_FEED|https://data.ncaa.com/casablanca/scoreboard/football/fbs/2024/14/scoreboard.json,2026-08-22T03:43:01+00:00,holdout
NCAA-2024-36661,2024,14,2024-11-30T17:00:00+00:00,NU,ILL,-10,L,NCAA_OFFICIAL_SCOREBOARD_FEED|https://data.ncaa.com/casablanca/scoreboard/football/fbs/2024/14/scoreboard.json,2026-08-22T03:43:01+00:00,holdout
NCAA-2024-36890,2024,14,2024-11-30T17:00:00+00:00,VAN,TENN,-13,L,NCAA_OFFICIAL_SCOREBOARD_FEED|https://data.ncaa.com/casablanca/scoreboard/football/fbs/2024/14/scoreboard.json,2026-08-22T03:43:01+00:00,holdout
NCAA-2024-36895,2024,14,2024-11-30T17:00:00+00:00,UK,LOU,-27,L,NCAA_OFFICIAL_SCOREBOARD_FEED|https://data.ncaa.com/casablanca/scoreboard/football/fbs/2024/14/scoreboard.json,2026-08-22T03:43:01+00:00,holdout
NCAA-2024-36944,2024,14,2024-11-30T17:00:00+00:00,WAKE,DUKE,-6,L,NCAA_OFFICIAL_SCOREBOARD_FEED|https://data.ncaa.com/casablanca/scoreboard/football/fbs/2024/14/scoreboard.json,2026-08-22T03:43:01+00:00,holdout
NCAA-2024-36964,2024,14,2024-11-30T17:00:00+00:00,BAY,KU,28,W,NCAA_OFFICIAL_SCOREBOARD_FEED|https://data.ncaa.com/casablanca/scoreboard/football/fbs/2024/14/scoreboard.json,2026-08-22T03:43:01+00:00,holdout
NCAA-2024-37031,2024,14,2024-11-30T17:00:00+00:00,TTU,WVU,37,W,NCAA_OFFICIAL_SCOREBOARD_FEED|https://data.ncaa.com/casablanca/scoreboard/football/fbs/2024/14/scoreboard.json,2026-08-22T03:43:01+00:00,holdout
NCAA-2024-37211,2024,14,2024-11-30T17:00:00+00:00,TEM,UNT,-7,L,NCAA_OFFICIAL_SCOREBOARD_FEED|https://data.ncaa.com/casablanca/scoreboard/football/fbs/2024/14/scoreboard.json,2026-08-22T03:43:01+00:00,holdout
NCAA-2024-5362495,2024,14,2024-11-30T17:00:00+00:00,ARMY,UTSA,5,W,NCAA_OFFICIAL_SCOREBOARD_FEED|https://data.ncaa.com/casablanca/scoreboard/football/fbs/2024/14/scoreboard.json,2026-08-22T03:43:01+00:00,holdout
NCAA-2024-36556,2024,14,2024-11-30T19:00:00+00:00,TROY,USM,32,W,NCAA_OFFICIAL_SCOREBOARD_FEED|https://data.ncaa.com/casablanca/scoreboard/football/fbs/2024/14/scoreboard.json,2026-08-22T03:43:01+00:00,holdout
NCAA-2024-36876,2024,14,2024-11-30T19:00:00+00:00,GAST,CCU,-21,L,NCAA_OFFICIAL_SCOREBOARD_FEED|https://data.ncaa.com/casablanca/scoreboard/football/fbs/2024/14/scoreboard.json,2026-08-22T03:43:01+00:00,holdout
NCAA-2024-37249,2024,14,2024-11-30T19:00:00+00:00,RICE,USF,7,W,NCAA_OFFICIAL_SCOREBOARD_FEED|https://data.ncaa.com/casablanca/scoreboard/football/fbs/2024/14/scoreboard.json,2026-08-22T03:43:01+00:00,holdout
NCAA-2024-36521,2024,14,2024-11-30T20:00:00+00:00,BC,PITT,11,W,NCAA_OFFICIAL_SCOREBOARD_FEED|https://data.ncaa.com/casablanca/scoreboard/football/fbs/2024/14/scoreboard.json,2026-08-22T03:43:01+00:00,holdout
NCAA-2024-36845,2024,14,2024-11-30T20:00:00+00:00,ARST,ODU,-8,L,NCAA_OFFICIAL_SCOREBOARD_FEED|https://data.ncaa.com/casablanca/scoreboard/football/fbs/2024/14/scoreboard.json,2026-08-22T03:43:01+00:00,holdout
NCAA-2024-36432,2024,14,2024-11-30T20:30:00+00:00,SMU,CAL,32,W,NCAA_OFFICIAL_SCOREBOARD_FEED|https://data.ncaa.com/casablanca/scoreboard/football/fbs/2024/14/scoreboard.json,2026-08-22T03:43:01+00:00,holdout
NCAA-2024-36620,2024,14,2024-11-30T20:30:00+00:00,MSU,RUTG,-27,L,NCAA_OFFICIAL_SCOREBOARD_FEED|https://data.ncaa.com/casablanca/scoreboard/football/fbs/2024/14/scoreboard.json,2026-08-22T03:43:01+00:00,holdout
NCAA-2024-36734,2024,14,2024-11-30T20:30:00+00:00,USC,ND,-14,L,NCAA_OFFICIAL_SCOREBOARD_FEED|https://data.ncaa.com/casablanca/scoreboard/football/fbs/2024/14/scoreboard.json,2026-08-22T03:43:01+00:00,holdout
NCAA-2024-36736,2024,14,2024-11-30T20:30:00+00:00,UCLA,FRES,7,W,NCAA_OFFICIAL_SCOREBOARD_FEED|https://data.ncaa.com/casablanca/scoreboard/football/fbs/2024/14/scoreboard.json,2026-08-22T03:43:01+00:00,holdout
NCAA-2024-36909,2024,14,2024-11-30T20:30:00+00:00,ALA,AUB,14,W,NCAA_OFFICIAL_SCOREBOARD_FEED|https://data.ncaa.com/casablanca/scoreboard/football/fbs/2024/14/scoreboard.json,2026-08-22T03:43:01+00:00,holdout
NCAA-2024-36938,2024,14,2024-11-30T20:30:00+00:00,UNC,NCSU,-5,L,NCAA_OFFICIAL_SCOREBOARD_FEED|https://data.ncaa.com/casablanca/scoreboard/football/fbs/2024/14/scoreboard.json,2026-08-22T03:43:01+00:00,holdout
NCAA-2024-36951,2024,14,2024-11-30T20:30:00+00:00,SYR,MIA,4,W,NCAA_OFFICIAL_SCOREBOARD_FEED|https://data.ncaa.com/casablanca/scoreboard/football/fbs/2024/14/scoreboard.json,2026-08-22T03:43:01+00:00,holdout
NCAA-2024-36986,2024,14,2024-11-30T20:30:00+00:00,ARIZ,ASU,-42,L,NCAA_OFFICIAL_SCOREBOARD_FEED|https://data.ncaa.com/casablanca/scoreboard/football/fbs/2024/14/scoreboard.json,2026-08-22T03:43:01+00:00,holdout
NCAA-2024-37229,2024,14,2024-11-30T20:30:00+00:00,TLSA,FAU,-47,L,NCAA_OFFICIAL_SCOREBOARD_FEED|https://data.ncaa.com/casablanca/scoreboard/football/fbs/2024/14/scoreboard.json,2026-08-22T03:43:01+00:00,holdout
NCAA-2024-37243,2024,14,2024-11-30T20:30:00+00:00,CHAR,UAB,2,W,NCAA_OFFICIAL_SCOREBOARD_FEED|https://data.ncaa.com/casablanca/scoreboard/football/fbs/2024/14/scoreboard.json,2026-08-22T03:43:01+00:00,holdout
NCAA-2024-5361640,2024,14,2024-11-30T20:30:00+00:00,MIZ,ARK,7,W,NCAA_OFFICIAL_SCOREBOARD_FEED|https://data.ncaa.com/casablanca/scoreboard/football/fbs/2024/14/scoreboard.json,2026-08-22T03:43:01+00:00,holdout
NCAA-2024-5361971,2024,14,2024-11-30T20:30:00+00:00,PSU,MD,37,W,NCAA_OFFICIAL_SCOREBOARD_FEED|https://data.ncaa.com/casablanca/scoreboard/football/fbs/2024/14/scoreboard.json,2026-08-22T03:43:01+00:00,holdout
NCAA-2024-37046,2024,14,2024-11-30T23:00:00+00:00,CIN,TCU,-7,L,NCAA_OFFICIAL_SCOREBOARD_FEED|https://data.ncaa.com/casablanca/scoreboard/football/fbs/2024/14/scoreboard.json,2026-08-22T03:43:01+00:00,holdout
NCAA-2024-37102,2024,14,2024-11-30T23:30:00+00:00,WSU,WYO,-1,L,NCAA_OFFICIAL_SCOREBOARD_FEED|https://data.ncaa.com/casablanca/scoreboard/football/fbs/2024/14/scoreboard.json,2026-08-22T03:43:01+00:00,holdout
NCAA-2024-36381,2024,14,2024-12-01T00:00:00+00:00,IU,PUR,66,W,NCAA_OFFICIAL_SCOREBOARD_FEED|https://data.ncaa.com/casablanca/scoreboard/football/fbs/2024/14/scoreboard.json,2026-08-22T03:43:01+00:00,holdout
NCAA-2024-36467,2024,14,2024-12-01T00:00:00+00:00,LSU,OU,20,W,NCAA_OFFICIAL_SCOREBOARD_FEED|https://data.ncaa.com/casablanca/scoreboard/football/fbs/2024/14/scoreboard.json,2026-08-22T03:43:01+00:00,holdout
NCAA-2024-36486,2024,14,2024-12-01T00:00:00+00:00,FSU,FLA,-20,L,NCAA_OFFICIAL_SCOREBOARD_FEED|https://data.ncaa.com/casablanca/scoreboard/football/fbs/2024/14/scoreboard.json,2026-08-22T03:43:01+00:00,holdout
NCAA-2024-36456,2024,14,2024-12-01T00:30:00+00:00,TA&M,TEX,-10,L,NCAA_OFFICIAL_SCOREBOARD_FEED|https://data.ncaa.com/casablanca/scoreboard/football/fbs/2024/14/scoreboard.json,2026-08-22T03:43:01+00:00,holdout
NCAA-2024-36545,2024,14,2024-12-01T00:30:00+00:00,ISU,KSU,8,W,NCAA_OFFICIAL_SCOREBOARD_FEED|https://data.ncaa.com/casablanca/scoreboard/football/fbs/2024/14/scoreboard.json,2026-08-22T03:43:01+00:00,holdout
NCAA-2024-36698,2024,14,2024-12-01T00:30:00+00:00,ORE,WASH,28,W,NCAA_OFFICIAL_SCOREBOARD_FEED|https://data.ncaa.com/casablanca/scoreboard/football/fbs/2024/14/scoreboard.json,2026-08-22T03:43:01+00:00,holdout
NCAA-2024-36644,2024,14,2024-12-01T01:00:00+00:00,VT,UVA,20,W,NCAA_OFFICIAL_SCOREBOARD_FEED|https://data.ncaa.com/casablanca/scoreboard/football/fbs/2024/14/scoreboard.json,2026-08-22T03:43:01+00:00,holdout
NCAA-2024-37119,2024,14,2024-12-01T01:00:00+00:00,UNLV,NEV,24,W,NCAA_OFFICIAL_SCOREBOARD_FEED|https://data.ncaa.com/casablanca/scoreboard/football/fbs/2024/14/scoreboard.json,2026-08-22T03:43:01+00:00,holdout
NCAA-2024-37092,2024,14,2024-12-01T03:15:00+00:00,BYU,HOU,12,W,NCAA_OFFICIAL_SCOREBOARD_FEED|https://data.ncaa.com/casablanca/scoreboard/football/fbs/2024/14/scoreboard.json,2026-08-22T03:43:01+00:00,holdout
NCAA-2024-37137,2024,14,2024-12-01T03:30:00+00:00,SDSU,AF,-11,L,NCAA_OFFICIAL_SCOREBOARD_FEED|https://data.ncaa.com/casablanca/scoreboard/football/fbs/2024/14/scoreboard.json,2026-08-22T03:43:01+00:00,holdout
NCAA-2024-5362561,2024,14,2024-12-01T04:00:00+00:00,HAW,NM,8,W,NCAA_OFFICIAL_SCOREBOARD_FEED|https://data.ncaa.com/casablanca/scoreboard/football/fbs/2024/14/scoreboard.json,2026-08-22T03:43:01+00:00,holdout
NCAA-2024-40285,2024,15,2024-12-07T01:00:00+00:00,BOISE,UNLV,14,W,NCAA_OFFICIAL_SCOREBOARD_FEED|https://data.ncaa.com/casablanca/scoreboard/football/fbs/2024/15/scoreboard.json,2026-08-22T03:43:01+00:00,holdout
NCAA-2024-40288,2024,15,2024-12-07T01:00:00+00:00,ARMY,TLN,21,W,NCAA_OFFICIAL_SCOREBOARD_FEED|https://data.ncaa.com/casablanca/scoreboard/football/fbs/2024/15/scoreboard.json,2026-08-22T03:43:01+00:00,holdout
NCAA-2024-40289,2024,15,2024-12-07T17:00:00+00:00,ASU,ISU,26,W,NCAA_OFFICIAL_SCOREBOARD_FEED|https://data.ncaa.com/casablanca/scoreboard/football/fbs/2024/15/scoreboard.json,2026-08-22T03:43:01+00:00,holdout
NCAA-2024-40291,2024,15,2024-12-07T21:00:00+00:00,TEX,UGA,-3,L,NCAA_OFFICIAL_SCOREBOARD_FEED|https://data.ncaa.com/casablanca/scoreboard/football/fbs/2024/15/scoreboard.json,2026-08-22T03:43:01+00:00,holdout
NCAA-2024-6080772,2024,15,2024-12-08T00:30:00+00:00,ULL,MRSH,-28,L,NCAA_OFFICIAL_SCOREBOARD_FEED|https://data.ncaa.com/casablanca/scoreboard/football/fbs/2024/15/scoreboard.json,2026-08-22T03:43:01+00:00,holdout
NCAA-2024-40283,2024,15,2024-12-08T01:00:00+00:00,ORE,PSU,8,W,NCAA_OFFICIAL_SCOREBOARD_FEED|https://data.ncaa.com/casablanca/scoreboard/football/fbs/2024/15/scoreboard.json,2026-08-22T03:43:01+00:00,holdout
NCAA-2024-40306,2024,15,2024-12-08T01:00:00+00:00,SMU,CLEM,-3,L,NCAA_OFFICIAL_SCOREBOARD_FEED|https://data.ncaa.com/casablanca/scoreboard/football/fbs/2024/15/scoreboard.json,2026-08-22T03:43:01+00:00,holdout
