game_id,season,week,team,opponent,venue,pregame_team_rating,pregame_opponent_rating,expected_margin,actual_margin,game_result,source_provenance,observed_at,recorded_at,model_version,configuration_version,split
G25-0001,2025,1,Air Force,Wyoming,HOME,-6.545555,-7.83226,4.786705,22.0,W,GOVERNED_SYNTHETIC_CONTROL: 2025 Synthetic Season LOCKED v3.xlsx sha256=77bb6ecf48e805b62b8af238bbf7b3534330df0405b8a170e48bb5c234d532ba via Power_Crunch_Research_Lab_Phase5D_WalkForward_Package.zip; corpus self-declares SCHEDULE SYNTHETIC / SCORES SIMULATED; authorised for MVP_CONTROL_CALIBRATION_ONLY by R-V3-MVP-CONTROL-CORPUS-01,2025-08-30,2026-08-22,3.0.0-internal-shadow-mvp,V3-INTERNAL-SHADOW-MVP-2026-08-22-R1-001,training
G25-0001,2025,1,Wyoming,Air Force,AWAY,-7.83226,-6.545555,-4.786705,-22.0,L,GOVERNED_SYNTHETIC_CONTROL: 2025 Synthetic Season LOCKED v3.xlsx sha256=77bb6ecf48e805b62b8af238bbf7b3534330df0405b8a170e48bb5c234d532ba via Power_Crunch_Research_Lab_Phase5D_WalkForward_Package.zip; corpus self-declares SCHEDULE SYNTHETIC / SCORES SIMULATED; authorised for MVP_CONTROL_CALIBRATION_ONLY by R-V3-MVP-CONTROL-CORPUS-01,2025-08-30,2026-08-22,3.0.0-internal-shadow-mvp,V3-INTERNAL-SHADOW-MVP-2026-08-22-R1-001,training
G25-0002,2025,1,Alabama,Auburn,HOME,12.591406,0.524534,15.566872,40.0,W,GOVERNED_SYNTHETIC_CONTROL: 2025 Synthetic Season LOCKED v3.xlsx sha256=77bb6ecf48e805b62b8af238bbf7b3534330df0405b8a170e48bb5c234d532ba via Power_Crunch_Research_Lab_Phase5D_WalkForward_Package.zip; corpus self-declares SCHEDULE SYNTHETIC / SCORES SIMULATED; authorised for MVP_CONTROL_CALIBRATION_ONLY by R-V3-MVP-CONTROL-CORPUS-01,2025-08-30,2026-08-22,3.0.0-internal-shadow-mvp,V3-INTERNAL-SHADOW-MVP-2026-08-22-R1-001,training
G25-0002,2025,1,Auburn,Alabama,AWAY,0.524534,12.591406,-15.566872,-40.0,L,GOVERNED_SYNTHETIC_CONTROL: 2025 Synthetic Season LOCKED v3.xlsx sha256=77bb6ecf48e805b62b8af238bbf7b3534330df0405b8a170e48bb5c234d532ba via Power_Crunch_Research_Lab_Phase5D_WalkForward_Package.zip; corpus self-declares SCHEDULE SYNTHETIC / SCORES SIMULATED; authorised for MVP_CONTROL_CALIBRATION_ONLY by R-V3-MVP-CONTROL-CORPUS-01,2025-08-30,2026-08-22,3.0.0-internal-shadow-mvp,V3-INTERNAL-SHADOW-MVP-2026-08-22-R1-001,training
G25-0003,2025,1,BYU,Oklahoma State,HOME,11.25846,-3.588918,18.347378,23.0,W,GOVERNED_SYNTHETIC_CONTROL: 2025 Synthetic Season LOCKED v3.xlsx sha256=77bb6ecf48e805b62b8af238bbf7b3534330df0405b8a170e48bb5c234d532ba via Power_Crunch_Research_Lab_Phase5D_WalkForward_Package.zip; corpus self-declares SCHEDULE SYNTHETIC / SCORES SIMULATED; authorised for MVP_CONTROL_CALIBRATION_ONLY by R-V3-MVP-CONTROL-CORPUS-01,2025-08-30,2026-08-22,3.0.0-internal-shadow-mvp,V3-INTERNAL-SHADOW-MVP-2026-08-22-R1-001,training
G25-0003,2025,1,Oklahoma State,BYU,AWAY,-3.588918,11.25846,-18.347378,-23.0,L,GOVERNED_SYNTHETIC_CONTROL: 2025 Synthetic Season LOCKED v3.xlsx sha256=77bb6ecf48e805b62b8af238bbf7b3534330df0405b8a170e48bb5c234d532ba via Power_Crunch_Research_Lab_Phase5D_WalkForward_Package.zip; corpus self-declares SCHEDULE SYNTHETIC / SCORES SIMULATED; authorised for MVP_CONTROL_CALIBRATION_ONLY by R-V3-MVP-CONTROL-CORPUS-01,2025-08-30,2026-08-22,3.0.0-internal-shadow-mvp,V3-INTERNAL-SHADOW-MVP-2026-08-22-R1-001,training
G25-0004,2025,1,Baylor,TCU,HOME,12.20833,7.77341,7.93492,-21.0,L,GOVERNED_SYNTHETIC_CONTROL: 2025 Synthetic Season LOCKED v3.xlsx sha256=77bb6ecf48e805b62b8af238bbf7b3534330df0405b8a170e48bb5c234d532ba via Power_Crunch_Research_Lab_Phase5D_WalkForward_Package.zip; corpus self-declares SCHEDULE SYNTHETIC / SCORES SIMULATED; authorised for MVP_CONTROL_CALIBRATION_ONLY by R-V3-MVP-CONTROL-CORPUS-01,2025-08-30,2026-08-22,3.0.0-internal-shadow-mvp,V3-INTERNAL-SHADOW-MVP-2026-08-22-R1-001,training
G25-0004,2025,1,TCU,Baylor,AWAY,7.77341,12.20833,-7.93492,21.0,W,GOVERNED_SYNTHETIC_CONTROL: 2025 Synthetic Season LOCKED v3.xlsx sha256=77bb6ecf48e805b62b8af238bbf7b3534330df0405b8a170e48bb5c234d532ba via Power_Crunch_Research_Lab_Phase5D_WalkForward_Package.zip; corpus self-declares SCHEDULE SYNTHETIC / SCORES SIMULATED; authorised for MVP_CONTROL_CALIBRATION_ONLY by R-V3-MVP-CONTROL-CORPUS-01,2025-08-30,2026-08-22,3.0.0-internal-shadow-mvp,V3-INTERNAL-SHADOW-MVP-2026-08-22-R1-001,training
G25-0005,2025,1,California,Georgia Tech,HOME,0.194333,4.587751,-0.893418,1.0,W,GOVERNED_SYNTHETIC_CONTROL: 2025 Synthetic Season LOCKED v3.xlsx sha256=77bb6ecf48e805b62b8af238bbf7b3534330df0405b8a170e48bb5c234d532ba via Power_Crunch_Research_Lab_Phase5D_WalkForward_Package.zip; corpus self-declares SCHEDULE SYNTHETIC / SCORES SIMULATED; authorised for MVP_CONTROL_CALIBRATION_ONLY by R-V3-MVP-CONTROL-CORPUS-01,2025-08-30,2026-08-22,3.0.0-internal-shadow-mvp,V3-INTERNAL-SHADOW-MVP-2026-08-22-R1-001,training
G25-0005,2025,1,Georgia Tech,California,AWAY,4.587751,0.194333,0.893418,-1.0,L,GOVERNED_SYNTHETIC_CONTROL: 2025 Synthetic Season LOCKED v3.xlsx sha256=77bb6ecf48e805b62b8af238bbf7b3534330df0405b8a170e48bb5c234d532ba via Power_Crunch_Research_Lab_Phase5D_WalkForward_Package.zip; corpus self-declares SCHEDULE SYNTHETIC / SCORES SIMULATED; authorised for MVP_CONTROL_CALIBRATION_ONLY by R-V3-MVP-CONTROL-CORPUS-01,2025-08-30,2026-08-22,3.0.0-internal-shadow-mvp,V3-INTERNAL-SHADOW-MVP-2026-08-22-R1-001,training
G25-0006,2025,1,Clemson,Boston College,HOME,9.032362,3.923945,8.608416,-2.0,L,GOVERNED_SYNTHETIC_CONTROL: 2025 Synthetic Season LOCKED v3.xlsx sha256=77bb6ecf48e805b62b8af238bbf7b3534330df0405b8a170e48bb5c234d532ba via Power_Crunch_Research_Lab_Phase5D_WalkForward_Package.zip; corpus self-declares SCHEDULE SYNTHETIC / SCORES SIMULATED; authorised for MVP_CONTROL_CALIBRATION_ONLY by R-V3-MVP-CONTROL-CORPUS-01,2025-08-30,2026-08-22,3.0.0-internal-shadow-mvp,V3-INTERNAL-SHADOW-MVP-2026-08-22-R1-001,training
G25-0006,2025,1,Boston College,Clemson,AWAY,3.923945,9.032362,-8.608416,2.0,W,GOVERNED_SYNTHETIC_CONTROL: 2025 Synthetic Season LOCKED v3.xlsx sha256=77bb6ecf48e805b62b8af238bbf7b3534330df0405b8a170e48bb5c234d532ba via Power_Crunch_Research_Lab_Phase5D_WalkForward_Package.zip; corpus self-declares SCHEDULE SYNTHETIC / SCORES SIMULATED; authorised for MVP_CONTROL_CALIBRATION_ONLY by R-V3-MVP-CONTROL-CORPUS-01,2025-08-30,2026-08-22,3.0.0-internal-shadow-mvp,V3-INTERNAL-SHADOW-MVP-2026-08-22-R1-001,training
G25-0007,2025,1,Coastal Carolina,Texas State,HOME,-8.285752,4.102521,-8.888272,1.0,W,GOVERNED_SYNTHETIC_CONTROL: 2025 Synthetic Season LOCKED v3.xlsx sha256=77bb6ecf48e805b62b8af238bbf7b3534330df0405b8a170e48bb5c234d532ba via Power_Crunch_Research_Lab_Phase5D_WalkForward_Package.zip; corpus self-declares SCHEDULE SYNTHETIC / SCORES SIMULATED; authorised for MVP_CONTROL_CALIBRATION_ONLY by R-V3-MVP-CONTROL-CORPUS-01,2025-08-30,2026-08-22,3.0.0-internal-shadow-mvp,V3-INTERNAL-SHADOW-MVP-2026-08-22-R1-001,training
G25-0007,2025,1,Texas State,Coastal Carolina,AWAY,4.102521,-8.285752,8.888272,-1.0,L,GOVERNED_SYNTHETIC_CONTROL: 2025 Synthetic Season LOCKED v3.xlsx sha256=77bb6ecf48e805b62b8af238bbf7b3534330df0405b8a170e48bb5c234d532ba via Power_Crunch_Research_Lab_Phase5D_WalkForward_Package.zip; corpus self-declares SCHEDULE SYNTHETIC / SCORES SIMULATED; authorised for MVP_CONTROL_CALIBRATION_ONLY by R-V3-MVP-CONTROL-CORPUS-01,2025-08-30,2026-08-22,3.0.0-internal-shadow-mvp,V3-INTERNAL-SHADOW-MVP-2026-08-22-R1-001,training
G25-0008,2025,1,Colgate,Houston,HOME,-18.825652,-1.072684,-14.252968,-35.0,L,GOVERNED_SYNTHETIC_CONTROL: 2025 Synthetic Season LOCKED v3.xlsx sha256=77bb6ecf48e805b62b8af238bbf7b3534330df0405b8a170e48bb5c234d532ba via Power_Crunch_Research_Lab_Phase5D_WalkForward_Package.zip; corpus self-declares SCHEDULE SYNTHETIC / SCORES SIMULATED; authorised for MVP_CONTROL_CALIBRATION_ONLY by R-V3-MVP-CONTROL-CORPUS-01,2025-08-30,2026-08-22,3.0.0-internal-shadow-mvp,V3-INTERNAL-SHADOW-MVP-2026-08-22-R1-001,training
G25-0008,2025,1,Houston,Colgate,AWAY,-1.072684,-18.825652,14.252968,35.0,W,GOVERNED_SYNTHETIC_CONTROL: 2025 Synthetic Season LOCKED v3.xlsx sha256=77bb6ecf48e805b62b8af238bbf7b3534330df0405b8a170e48bb5c234d532ba via Power_Crunch_Research_Lab_Phase5D_WalkForward_Package.zip; corpus self-declares SCHEDULE SYNTHETIC / SCORES SIMULATED; authorised for MVP_CONTROL_CALIBRATION_ONLY by R-V3-MVP-CONTROL-CORPUS-01,2025-08-30,2026-08-22,3.0.0-internal-shadow-mvp,V3-INTERNAL-SHADOW-MVP-2026-08-22-R1-001,training
G25-0009,2025,1,Duke,Syracuse,HOME,3.608707,4.189202,2.919505,6.0,W,GOVERNED_SYNTHETIC_CONTROL: 2025 Synthetic Season LOCKED v3.xlsx sha256=77bb6ecf48e805b62b8af238bbf7b3534330df0405b8a170e48bb5c234d532ba via Power_Crunch_Research_Lab_Phase5D_WalkForward_Package.zip; corpus self-declares SCHEDULE SYNTHETIC / SCORES SIMULATED; authorised for MVP_CONTROL_CALIBRATION_ONLY by R-V3-MVP-CONTROL-CORPUS-01,2025-08-30,2026-08-22,3.0.0-internal-shadow-mvp,V3-INTERNAL-SHADOW-MVP-2026-08-22-R1-001,training
G25-0009,2025,1,Syracuse,Duke,AWAY,4.189202,3.608707,-2.919505,-6.0,L,GOVERNED_SYNTHETIC_CONTROL: 2025 Synthetic Season LOCKED v3.xlsx sha256=77bb6ecf48e805b62b8af238bbf7b3534330df0405b8a170e48bb5c234d532ba via Power_Crunch_Research_Lab_Phase5D_WalkForward_Package.zip; corpus self-declares SCHEDULE SYNTHETIC / SCORES SIMULATED; authorised for MVP_CONTROL_CALIBRATION_ONLY by R-V3-MVP-CONTROL-CORPUS-01,2025-08-30,2026-08-22,3.0.0-internal-shadow-mvp,V3-INTERNAL-SHADOW-MVP-2026-08-22-R1-001,training
G25-0010,2025,1,East Carolina,Southern Miss,HOME,1.937644,-16.39146,21.829104,16.0,W,GOVERNED_SYNTHETIC_CONTROL: 2025 Synthetic Season LOCKED v3.xlsx sha256=77bb6ecf48e805b62b8af238bbf7b3534330df0405b8a170e48bb5c234d532ba via Power_Crunch_Research_Lab_Phase5D_WalkForward_Package.zip; corpus self-declares SCHEDULE SYNTHETIC / SCORES SIMULATED; authorised for MVP_CONTROL_CALIBRATION_ONLY by R-V3-MVP-CONTROL-CORPUS-01,2025-08-30,2026-08-22,3.0.0-internal-shadow-mvp,V3-INTERNAL-SHADOW-MVP-2026-08-22-R1-001,training
G25-0010,2025,1,Southern Miss,East Carolina,AWAY,-16.39146,1.937644,-21.829104,-16.0,L,GOVERNED_SYNTHETIC_CONTROL: 2025 Synthetic Season LOCKED v3.xlsx sha256=77bb6ecf48e805b62b8af238bbf7b3534330df0405b8a170e48bb5c234d532ba via Power_Crunch_Research_Lab_Phase5D_WalkForward_Package.zip; corpus self-declares SCHEDULE SYNTHETIC / SCORES SIMULATED; authorised for MVP_CONTROL_CALIBRATION_ONLY by R-V3-MVP-CONTROL-CORPUS-01,2025-08-30,2026-08-22,3.0.0-internal-shadow-mvp,V3-INTERNAL-SHADOW-MVP-2026-08-22-R1-001,training
G25-0011,2025,1,Florida State,Virginia Tech,HOME,-5.52339,8.382445,-10.405835,-7.0,L,GOVERNED_SYNTHETIC_CONTROL: 2025 Synthetic Season LOCKED v3.xlsx sha256=77bb6ecf48e805b62b8af238bbf7b3534330df0405b8a170e48bb5c234d532ba via Power_Crunch_Research_Lab_Phase5D_WalkForward_Package.zip; corpus self-declares SCHEDULE SYNTHETIC / SCORES SIMULATED; authorised for MVP_CONTROL_CALIBRATION_ONLY by R-V3-MVP-CONTROL-CORPUS-01,2025-08-30,2026-08-22,3.0.0-internal-shadow-mvp,V3-INTERNAL-SHADOW-MVP-2026-08-22-R1-001,training
G25-0011,2025,1,Virginia Tech,Florida State,AWAY,8.382445,-5.52339,10.405835,7.0,W,GOVERNED_SYNTHETIC_CONTROL: 2025 Synthetic Season LOCKED v3.xlsx sha256=77bb6ecf48e805b62b8af238bbf7b3534330df0405b8a170e48bb5c234d532ba via Power_Crunch_Research_Lab_Phase5D_WalkForward_Package.zip; corpus self-declares SCHEDULE SYNTHETIC / SCORES SIMULATED; authorised for MVP_CONTROL_CALIBRATION_ONLY by R-V3-MVP-CONTROL-CORPUS-01,2025-08-30,2026-08-22,3.0.0-internal-shadow-mvp,V3-INTERNAL-SHADOW-MVP-2026-08-22-R1-001,training
G25-0012,2025,1,Georgia Southern,Marshall,HOME,-4.057828,1.989598,-2.547426,-25.0,L,GOVERNED_SYNTHETIC_CONTROL: 2025 Synthetic Season LOCKED v3.xlsx sha256=77bb6ecf48e805b62b8af238bbf7b3534330df0405b8a170e48bb5c234d532ba via Power_Crunch_Research_Lab_Phase5D_WalkForward_Package.zip; corpus self-declares SCHEDULE SYNTHETIC / SCORES SIMULATED; authorised for MVP_CONTROL_CALIBRATION_ONLY by R-V3-MVP-CONTROL-CORPUS-01,2025-08-30,2026-08-22,3.0.0-internal-shadow-mvp,V3-INTERNAL-SHADOW-MVP-2026-08-22-R1-001,training
G25-0012,2025,1,Marshall,Georgia Southern,AWAY,1.989598,-4.057828,2.547426,25.0,W,GOVERNED_SYNTHETIC_CONTROL: 2025 Synthetic Season LOCKED v3.xlsx sha256=77bb6ecf48e805b62b8af238bbf7b3534330df0405b8a170e48bb5c234d532ba via Power_Crunch_Research_Lab_Phase5D_WalkForward_Package.zip; corpus self-declares SCHEDULE SYNTHETIC / SCORES SIMULATED; authorised for MVP_CONTROL_CALIBRATION_ONLY by R-V3-MVP-CONTROL-CORPUS-01,2025-08-30,2026-08-22,3.0.0-internal-shadow-mvp,V3-INTERNAL-SHADOW-MVP-2026-08-22-R1-001,training
G25-0013,2025,1,Georgia State,Stanford,HOME,-5.361003,-5.752052,3.891049,-18.0,L,GOVERNED_SYNTHETIC_CONTROL: 2025 Synthetic Season LOCKED v3.xlsx sha256=77bb6ecf48e805b62b8af238bbf7b3534330df0405b8a170e48bb5c234d532ba via Power_Crunch_Research_Lab_Phase5D_WalkForward_Package.zip; corpus self-declares SCHEDULE SYNTHETIC / SCORES SIMULATED; authorised for MVP_CONTROL_CALIBRATION_ONLY by R-V3-MVP-CONTROL-CORPUS-01,2025-08-30,2026-08-22,3.0.0-internal-shadow-mvp,V3-INTERNAL-SHADOW-MVP-2026-08-22-R1-001,training
G25-0013,2025,1,Stanford,Georgia State,AWAY,-5.752052,-5.361003,-3.891049,18.0,W,GOVERNED_SYNTHETIC_CONTROL: 2025 Synthetic Season LOCKED v3.xlsx sha256=77bb6ecf48e805b62b8af238bbf7b3534330df0405b8a170e48bb5c234d532ba via Power_Crunch_Research_Lab_Phase5D_WalkForward_Package.zip; corpus self-declares SCHEDULE SYNTHETIC / SCORES SIMULATED; authorised for MVP_CONTROL_CALIBRATION_ONLY by R-V3-MVP-CONTROL-CORPUS-01,2025-08-30,2026-08-22,3.0.0-internal-shadow-mvp,V3-INTERNAL-SHADOW-MVP-2026-08-22-R1-001,training
G25-0014,2025,1,Hawaii,Boise State,HOME,-7.334224,10.997383,-14.831607,-8.0,L,GOVERNED_SYNTHETIC_CONTROL: 2025 Synthetic Season LOCKED v3.xlsx sha256=77bb6ecf48e805b62b8af238bbf7b3534330df0405b8a170e48bb5c234d532ba via Power_Crunch_Research_Lab_Phase5D_WalkForward_Package.zip; corpus self-declares SCHEDULE SYNTHETIC / SCORES SIMULATED; authorised for MVP_CONTROL_CALIBRATION_ONLY by R-V3-MVP-CONTROL-CORPUS-01,2025-08-30,2026-08-22,3.0.0-internal-shadow-mvp,V3-INTERNAL-SHADOW-MVP-2026-08-22-R1-001,training
G25-0014,2025,1,Boise State,Hawaii,AWAY,10.997383,-7.334224,14.831607,8.0,W,GOVERNED_SYNTHETIC_CONTROL: 2025 Synthetic Season LOCKED v3.xlsx sha256=77bb6ecf48e805b62b8af238bbf7b3534330df0405b8a170e48bb5c234d532ba via Power_Crunch_Research_Lab_Phase5D_WalkForward_Package.zip; corpus self-declares SCHEDULE SYNTHETIC / SCORES SIMULATED; authorised for MVP_CONTROL_CALIBRATION_ONLY by R-V3-MVP-CONTROL-CORPUS-01,2025-08-30,2026-08-22,3.0.0-internal-shadow-mvp,V3-INTERNAL-SHADOW-MVP-2026-08-22-R1-001,training
G25-0015,2025,1,Holy Cross,Lehigh,HOME,-23.562391,-19.938674,-0.123717,-29.0,L,GOVERNED_SYNTHETIC_CONTROL: 2025 Synthetic Season LOCKED v3.xlsx sha256=77bb6ecf48e805b62b8af238bbf7b3534330df0405b8a170e48bb5c234d532ba via Power_Crunch_Research_Lab_Phase5D_WalkForward_Package.zip; corpus self-declares SCHEDULE SYNTHETIC / SCORES SIMULATED; authorised for MVP_CONTROL_CALIBRATION_ONLY by R-V3-MVP-CONTROL-CORPUS-01,2025-08-30,2026-08-22,3.0.0-internal-shadow-mvp,V3-INTERNAL-SHADOW-MVP-2026-08-22-R1-001,training
G25-0015,2025,1,Lehigh,Holy Cross,AWAY,-19.938674,-23.562391,0.123717,29.0,W,GOVERNED_SYNTHETIC_CONTROL: 2025 Synthetic Season LOCKED v3.xlsx sha256=77bb6ecf48e805b62b8af238bbf7b3534330df0405b8a170e48bb5c234d532ba via Power_Crunch_Research_Lab_Phase5D_WalkForward_Package.zip; corpus self-declares SCHEDULE SYNTHETIC / SCORES SIMULATED; authorised for MVP_CONTROL_CALIBRATION_ONLY by R-V3-MVP-CONTROL-CORPUS-01,2025-08-30,2026-08-22,3.0.0-internal-shadow-mvp,V3-INTERNAL-SHADOW-MVP-2026-08-22-R1-001,training
G25-0016,2025,1,Illinois,Minnesota,HOME,3.767812,7.401791,-0.133979,33.0,W,GOVERNED_SYNTHETIC_CONTROL: 2025 Synthetic Season LOCKED v3.xlsx sha256=77bb6ecf48e805b62b8af238bbf7b3534330df0405b8a170e48bb5c234d532ba via Power_Crunch_Research_Lab_Phase5D_WalkForward_Package.zip; corpus self-declares SCHEDULE SYNTHETIC / SCORES SIMULATED; authorised for MVP_CONTROL_CALIBRATION_ONLY by R-V3-MVP-CONTROL-CORPUS-01,2025-08-30,2026-08-22,3.0.0-internal-shadow-mvp,V3-INTERNAL-SHADOW-MVP-2026-08-22-R1-001,training
G25-0016,2025,1,Minnesota,Illinois,AWAY,7.401791,3.767812,0.133979,-33.0,L,GOVERNED_SYNTHETIC_CONTROL: 2025 Synthetic Season LOCKED v3.xlsx sha256=77bb6ecf48e805b62b8af238bbf7b3534330df0405b8a170e48bb5c234d532ba via Power_Crunch_Research_Lab_Phase5D_WalkForward_Package.zip; corpus self-declares SCHEDULE SYNTHETIC / SCORES SIMULATED; authorised for MVP_CONTROL_CALIBRATION_ONLY by R-V3-MVP-CONTROL-CORPUS-01,2025-08-30,2026-08-22,3.0.0-internal-shadow-mvp,V3-INTERNAL-SHADOW-MVP-2026-08-22-R1-001,training
G25-0017,2025,1,Indiana,Michigan,HOME,13.990784,5.929106,11.561678,31.0,W,GOVERNED_SYNTHETIC_CONTROL: 2025 Synthetic Season LOCKED v3.xlsx sha256=77bb6ecf48e805b62b8af238bbf7b3534330df0405b8a170e48bb5c234d532ba via Power_Crunch_Research_Lab_Phase5D_WalkForward_Package.zip; corpus self-declares SCHEDULE SYNTHETIC / SCORES SIMULATED; authorised for MVP_CONTROL_CALIBRATION_ONLY by R-V3-MVP-CONTROL-CORPUS-01,2025-08-30,2026-08-22,3.0.0-internal-shadow-mvp,V3-INTERNAL-SHADOW-MVP-2026-08-22-R1-001,training
G25-0017,2025,1,Michigan,Indiana,AWAY,5.929106,13.990784,-11.561678,-31.0,L,GOVERNED_SYNTHETIC_CONTROL: 2025 Synthetic Season LOCKED v3.xlsx sha256=77bb6ecf48e805b62b8af238bbf7b3534330df0405b8a170e48bb5c234d532ba via Power_Crunch_Research_Lab_Phase5D_WalkForward_Package.zip; corpus self-declares SCHEDULE SYNTHETIC / SCORES SIMULATED; authorised for MVP_CONTROL_CALIBRATION_ONLY by R-V3-MVP-CONTROL-CORPUS-01,2025-08-30,2026-08-22,3.0.0-internal-shadow-mvp,V3-INTERNAL-SHADOW-MVP-2026-08-22-R1-001,training
G25-0018,2025,1,Iowa State,Colorado,HOME,13.137773,14.287411,2.350362,-3.0,L,GOVERNED_SYNTHETIC_CONTROL: 2025 Synthetic Season LOCKED v3.xlsx sha256=77bb6ecf48e805b62b8af238bbf7b3534330df0405b8a170e48bb5c234d532ba via Power_Crunch_Research_Lab_Phase5D_WalkForward_Package.zip; corpus self-declares SCHEDULE SYNTHETIC / SCORES SIMULATED; authorised for MVP_CONTROL_CALIBRATION_ONLY by R-V3-MVP-CONTROL-CORPUS-01,2025-08-30,2026-08-22,3.0.0-internal-shadow-mvp,V3-INTERNAL-SHADOW-MVP-2026-08-22-R1-001,training
G25-0018,2025,1,Colorado,Iowa State,AWAY,14.287411,13.137773,-2.350362,3.0,W,GOVERNED_SYNTHETIC_CONTROL: 2025 Synthetic Season LOCKED v3.xlsx sha256=77bb6ecf48e805b62b8af238bbf7b3534330df0405b8a170e48bb5c234d532ba via Power_Crunch_Research_Lab_Phase5D_WalkForward_Package.zip; corpus self-declares SCHEDULE SYNTHETIC / SCORES SIMULATED; authorised for MVP_CONTROL_CALIBRATION_ONLY by R-V3-MVP-CONTROL-CORPUS-01,2025-08-30,2026-08-22,3.0.0-internal-shadow-mvp,V3-INTERNAL-SHADOW-MVP-2026-08-22-R1-001,training
G25-0019,2025,1,Kansas,UCF,HOME,8.398327,2.986734,8.911593,15.0,W,GOVERNED_SYNTHETIC_CONTROL: 2025 Synthetic Season LOCKED v3.xlsx sha256=77bb6ecf48e805b62b8af238bbf7b3534330df0405b8a170e48bb5c234d532ba via Power_Crunch_Research_Lab_Phase5D_WalkForward_Package.zip; corpus self-declares SCHEDULE SYNTHETIC / SCORES SIMULATED; authorised for MVP_CONTROL_CALIBRATION_ONLY by R-V3-MVP-CONTROL-CORPUS-01,2025-08-30,2026-08-22,3.0.0-internal-shadow-mvp,V3-INTERNAL-SHADOW-MVP-2026-08-22-R1-001,training
G25-0019,2025,1,UCF,Kansas,AWAY,2.986734,8.398327,-8.911593,-15.0,L,GOVERNED_SYNTHETIC_CONTROL: 2025 Synthetic Season LOCKED v3.xlsx sha256=77bb6ecf48e805b62b8af238bbf7b3534330df0405b8a170e48bb5c234d532ba via Power_Crunch_Research_Lab_Phase5D_WalkForward_Package.zip; corpus self-declares SCHEDULE SYNTHETIC / SCORES SIMULATED; authorised for MVP_CONTROL_CALIBRATION_ONLY by R-V3-MVP-CONTROL-CORPUS-01,2025-08-30,2026-08-22,3.0.0-internal-shadow-mvp,V3-INTERNAL-SHADOW-MVP-2026-08-22-R1-001,training
G25-0020,2025,1,Kentucky,Texas A&M,HOME,-1.405004,6.93403,-4.839034,-55.0,L,GOVERNED_SYNTHETIC_CONTROL: 2025 Synthetic Season LOCKED v3.xlsx sha256=77bb6ecf48e805b62b8af238bbf7b3534330df0405b8a170e48bb5c234d532ba via Power_Crunch_Research_Lab_Phase5D_WalkForward_Package.zip; corpus self-declares SCHEDULE SYNTHETIC / SCORES SIMULATED; authorised for MVP_CONTROL_CALIBRATION_ONLY by R-V3-MVP-CONTROL-CORPUS-01,2025-08-30,2026-08-22,3.0.0-internal-shadow-mvp,V3-INTERNAL-SHADOW-MVP-2026-08-22-R1-001,training
G25-0020,2025,1,Texas A&M,Kentucky,AWAY,6.93403,-1.405004,4.839034,55.0,W,GOVERNED_SYNTHETIC_CONTROL: 2025 Synthetic Season LOCKED v3.xlsx sha256=77bb6ecf48e805b62b8af238bbf7b3534330df0405b8a170e48bb5c234d532ba via Power_Crunch_Research_Lab_Phase5D_WalkForward_Package.zip; corpus self-declares SCHEDULE SYNTHETIC / SCORES SIMULATED; authorised for MVP_CONTROL_CALIBRATION_ONLY by R-V3-MVP-CONTROL-CORPUS-01,2025-08-30,2026-08-22,3.0.0-internal-shadow-mvp,V3-INTERNAL-SHADOW-MVP-2026-08-22-R1-001,training
G25-0021,2025,1,LSU,Vanderbilt,HOME,8.929553,6.168161,6.261392,-38.0,L,GOVERNED_SYNTHETIC_CONTROL: 2025 Synthetic Season LOCKED v3.xlsx sha256=77bb6ecf48e805b62b8af238bbf7b3534330df0405b8a170e48bb5c234d532ba via Power_Crunch_Research_Lab_Phase5D_WalkForward_Package.zip; corpus self-declares SCHEDULE SYNTHETIC / SCORES SIMULATED; authorised for MVP_CONTROL_CALIBRATION_ONLY by R-V3-MVP-CONTROL-CORPUS-01,2025-08-30,2026-08-22,3.0.0-internal-shadow-mvp,V3-INTERNAL-SHADOW-MVP-2026-08-22-R1-001,training
G25-0021,2025,1,Vanderbilt,LSU,AWAY,6.168161,8.929553,-6.261392,38.0,W,GOVERNED_SYNTHETIC_CONTROL: 2025 Synthetic Season LOCKED v3.xlsx sha256=77bb6ecf48e805b62b8af238bbf7b3534330df0405b8a170e48bb5c234d532ba via Power_Crunch_Research_Lab_Phase5D_WalkForward_Package.zip; corpus self-declares SCHEDULE SYNTHETIC / SCORES SIMULATED; authorised for MVP_CONTROL_CALIBRATION_ONLY by R-V3-MVP-CONTROL-CORPUS-01,2025-08-30,2026-08-22,3.0.0-internal-shadow-mvp,V3-INTERNAL-SHADOW-MVP-2026-08-22-R1-001,training
G25-0022,2025,1,Louisiana Tech,New Mexico State,HOME,-10.52921,-14.30157,7.27236,5.0,W,GOVERNED_SYNTHETIC_CONTROL: 2025 Synthetic Season LOCKED v3.xlsx sha256=77bb6ecf48e805b62b8af238bbf7b3534330df0405b8a170e48bb5c234d532ba via Power_Crunch_Research_Lab_Phase5D_WalkForward_Package.zip; corpus self-declares SCHEDULE SYNTHETIC / SCORES SIMULATED; authorised for MVP_CONTROL_CALIBRATION_ONLY by R-V3-MVP-CONTROL-CORPUS-01,2025-08-30,2026-08-22,3.0.0-internal-shadow-mvp,V3-INTERNAL-SHADOW-MVP-2026-08-22-R1-001,training
G25-0022,2025,1,New Mexico State,Louisiana Tech,AWAY,-14.30157,-10.52921,-7.27236,-5.0,L,GOVERNED_SYNTHETIC_CONTROL: 2025 Synthetic Season LOCKED v3.xlsx sha256=77bb6ecf48e805b62b8af238bbf7b3534330df0405b8a170e48bb5c234d532ba via Power_Crunch_Research_Lab_Phase5D_WalkForward_Package.zip; corpus self-declares SCHEDULE SYNTHETIC / SCORES SIMULATED; authorised for MVP_CONTROL_CALIBRATION_ONLY by R-V3-MVP-CONTROL-CORPUS-01,2025-08-30,2026-08-22,3.0.0-internal-shadow-mvp,V3-INTERNAL-SHADOW-MVP-2026-08-22-R1-001,training
G25-0023,2025,1,Louisville,Oklahoma,HOME,10.990784,4.120726,10.370058,-39.0,L,GOVERNED_SYNTHETIC_CONTROL: 2025 Synthetic Season LOCKED v3.xlsx sha256=77bb6ecf48e805b62b8af238bbf7b3534330df0405b8a170e48bb5c234d532ba via Power_Crunch_Research_Lab_Phase5D_WalkForward_Package.zip; corpus self-declares SCHEDULE SYNTHETIC / SCORES SIMULATED; authorised for MVP_CONTROL_CALIBRATION_ONLY by R-V3-MVP-CONTROL-CORPUS-01,2025-08-30,2026-08-22,3.0.0-internal-shadow-mvp,V3-INTERNAL-SHADOW-MVP-2026-08-22-R1-001,training
G25-0023,2025,1,Oklahoma,Louisville,AWAY,4.120726,10.990784,-10.370058,39.0,W,GOVERNED_SYNTHETIC_CONTROL: 2025 Synthetic Season LOCKED v3.xlsx sha256=77bb6ecf48e805b62b8af238bbf7b3534330df0405b8a170e48bb5c234d532ba via Power_Crunch_Research_Lab_Phase5D_WalkForward_Package.zip; corpus self-declares SCHEDULE SYNTHETIC / SCORES SIMULATED; authorised for MVP_CONTROL_CALIBRATION_ONLY by R-V3-MVP-CONTROL-CORPUS-01,2025-08-30,2026-08-22,3.0.0-internal-shadow-mvp,V3-INTERNAL-SHADOW-MVP-2026-08-22-R1-001,training
G25-0024,2025,1,Maryland,Ohio State,HOME,-0.830141,17.088745,-14.418886,-36.0,L,GOVERNED_SYNTHETIC_CONTROL: 2025 Synthetic Season LOCKED v3.xlsx sha256=77bb6ecf48e805b62b8af238bbf7b3534330df0405b8a170e48bb5c234d532ba via Power_Crunch_Research_Lab_Phase5D_WalkForward_Package.zip; corpus self-declares SCHEDULE SYNTHETIC / SCORES SIMULATED; authorised for MVP_CONTROL_CALIBRATION_ONLY by R-V3-MVP-CONTROL-CORPUS-01,2025-08-30,2026-08-22,3.0.0-internal-shadow-mvp,V3-INTERNAL-SHADOW-MVP-2026-08-22-R1-001,training
G25-0024,2025,1,Ohio State,Maryland,AWAY,17.088745,-0.830141,14.418886,36.0,W,GOVERNED_SYNTHETIC_CONTROL: 2025 Synthetic Season LOCKED v3.xlsx sha256=77bb6ecf48e805b62b8af238bbf7b3534330df0405b8a170e48bb5c234d532ba via Power_Crunch_Research_Lab_Phase5D_WalkForward_Package.zip; corpus self-declares SCHEDULE SYNTHETIC / SCORES SIMULATED; authorised for MVP_CONTROL_CALIBRATION_ONLY by R-V3-MVP-CONTROL-CORPUS-01,2025-08-30,2026-08-22,3.0.0-internal-shadow-mvp,V3-INTERNAL-SHADOW-MVP-2026-08-22-R1-001,training
G25-0025,2025,1,Middle Tennessee,Fresno State,HOME,-10.847178,-2.44182,-4.905358,-3.0,L,GOVERNED_SYNTHETIC_CONTROL: 2025 Synthetic Season LOCKED v3.xlsx sha256=77bb6ecf48e805b62b8af238bbf7b3534330df0405b8a170e48bb5c234d532ba via Power_Crunch_Research_Lab_Phase5D_WalkForward_Package.zip; corpus self-declares SCHEDULE SYNTHETIC / SCORES SIMULATED; authorised for MVP_CONTROL_CALIBRATION_ONLY by R-V3-MVP-CONTROL-CORPUS-01,2025-08-30,2026-08-22,3.0.0-internal-shadow-mvp,V3-INTERNAL-SHADOW-MVP-2026-08-22-R1-001,training
G25-0025,2025,1,Fresno State,Middle Tennessee,AWAY,-2.44182,-10.847178,4.905358,3.0,W,GOVERNED_SYNTHETIC_CONTROL: 2025 Synthetic Season LOCKED v3.xlsx sha256=77bb6ecf48e805b62b8af238bbf7b3534330df0405b8a170e48bb5c234d532ba via Power_Crunch_Research_Lab_Phase5D_WalkForward_Package.zip; corpus self-declares SCHEDULE SYNTHETIC / SCORES SIMULATED; authorised for MVP_CONTROL_CALIBRATION_ONLY by R-V3-MVP-CONTROL-CORPUS-01,2025-08-30,2026-08-22,3.0.0-internal-shadow-mvp,V3-INTERNAL-SHADOW-MVP-2026-08-22-R1-001,training
G25-0026,2025,1,Missouri,Arkansas,HOME,4.936789,2.183153,6.253637,21.0,W,GOVERNED_SYNTHETIC_CONTROL: 2025 Synthetic Season LOCKED v3.xlsx sha256=77bb6ecf48e805b62b8af238bbf7b3534330df0405b8a170e48bb5c234d532ba via Power_Crunch_Research_Lab_Phase5D_WalkForward_Package.zip; corpus self-declares SCHEDULE SYNTHETIC / SCORES SIMULATED; authorised for MVP_CONTROL_CALIBRATION_ONLY by R-V3-MVP-CONTROL-CORPUS-01,2025-08-30,2026-08-22,3.0.0-internal-shadow-mvp,V3-INTERNAL-SHADOW-MVP-2026-08-22-R1-001,training
G25-0026,2025,1,Arkansas,Missouri,AWAY,2.183153,4.936789,-6.253637,-21.0,L,GOVERNED_SYNTHETIC_CONTROL: 2025 Synthetic Season LOCKED v3.xlsx sha256=77bb6ecf48e805b62b8af238bbf7b3534330df0405b8a170e48bb5c234d532ba via Power_Crunch_Research_Lab_Phase5D_WalkForward_Package.zip; corpus self-declares SCHEDULE SYNTHETIC / SCORES SIMULATED; authorised for MVP_CONTROL_CALIBRATION_ONLY by R-V3-MVP-CONTROL-CORPUS-01,2025-08-30,2026-08-22,3.0.0-internal-shadow-mvp,V3-INTERNAL-SHADOW-MVP-2026-08-22-R1-001,training
G25-0027,2025,1,NC State,Miami,HOME,-3.484643,12.299165,-12.283808,-50.0,L,GOVERNED_SYNTHETIC_CONTROL: 2025 Synthetic Season LOCKED v3.xlsx sha256=77bb6ecf48e805b62b8af238bbf7b3534330df0405b8a170e48bb5c234d532ba via Power_Crunch_Research_Lab_Phase5D_WalkForward_Package.zip; corpus self-declares SCHEDULE SYNTHETIC / SCORES SIMULATED; authorised for MVP_CONTROL_CALIBRATION_ONLY by R-V3-MVP-CONTROL-CORPUS-01,2025-08-30,2026-08-22,3.0.0-internal-shadow-mvp,V3-INTERNAL-SHADOW-MVP-2026-08-22-R1-001,training
G25-0027,2025,1,Miami,NC State,AWAY,12.299165,-3.484643,12.283808,50.0,W,GOVERNED_SYNTHETIC_CONTROL: 2025 Synthetic Season LOCKED v3.xlsx sha256=77bb6ecf48e805b62b8af238bbf7b3534330df0405b8a170e48bb5c234d532ba via Power_Crunch_Research_Lab_Phase5D_WalkForward_Package.zip; corpus self-declares SCHEDULE SYNTHETIC / SCORES SIMULATED; authorised for MVP_CONTROL_CALIBRATION_ONLY by R-V3-MVP-CONTROL-CORPUS-01,2025-08-30,2026-08-22,3.0.0-internal-shadow-mvp,V3-INTERNAL-SHADOW-MVP-2026-08-22-R1-001,training
G25-0028,2025,1,Navy,Memphis,HOME,2.920755,7.215966,-0.795211,6.0,W,GOVERNED_SYNTHETIC_CONTROL: 2025 Synthetic Season LOCKED v3.xlsx sha256=77bb6ecf48e805b62b8af238bbf7b3534330df0405b8a170e48bb5c234d532ba via Power_Crunch_Research_Lab_Phase5D_WalkForward_Package.zip; corpus self-declares SCHEDULE SYNTHETIC / SCORES SIMULATED; authorised for MVP_CONTROL_CALIBRATION_ONLY by R-V3-MVP-CONTROL-CORPUS-01,2025-08-30,2026-08-22,3.0.0-internal-shadow-mvp,V3-INTERNAL-SHADOW-MVP-2026-08-22-R1-001,training
G25-0028,2025,1,Memphis,Navy,AWAY,7.215966,2.920755,0.795211,-6.0,L,GOVERNED_SYNTHETIC_CONTROL: 2025 Synthetic Season LOCKED v3.xlsx sha256=77bb6ecf48e805b62b8af238bbf7b3534330df0405b8a170e48bb5c234d532ba via Power_Crunch_Research_Lab_Phase5D_WalkForward_Package.zip; corpus self-declares SCHEDULE SYNTHETIC / SCORES SIMULATED; authorised for MVP_CONTROL_CALIBRATION_ONLY by R-V3-MVP-CONTROL-CORPUS-01,2025-08-30,2026-08-22,3.0.0-internal-shadow-mvp,V3-INTERNAL-SHADOW-MVP-2026-08-22-R1-001,training
G25-0029,2025,1,North Carolina,Florida,HOME,0.444721,8.589872,-4.645152,14.0,W,GOVERNED_SYNTHETIC_CONTROL: 2025 Synthetic Season LOCKED v3.xlsx sha256=77bb6ecf48e805b62b8af238bbf7b3534330df0405b8a170e48bb5c234d532ba via Power_Crunch_Research_Lab_Phase5D_WalkForward_Package.zip; corpus self-declares SCHEDULE SYNTHETIC / SCORES SIMULATED; authorised for MVP_CONTROL_CALIBRATION_ONLY by R-V3-MVP-CONTROL-CORPUS-01,2025-08-30,2026-08-22,3.0.0-internal-shadow-mvp,V3-INTERNAL-SHADOW-MVP-2026-08-22-R1-001,training
G25-0029,2025,1,Florida,North Carolina,AWAY,8.589872,0.444721,4.645152,-14.0,L,GOVERNED_SYNTHETIC_CONTROL: 2025 Synthetic Season LOCKED v3.xlsx sha256=77bb6ecf48e805b62b8af238bbf7b3534330df0405b8a170e48bb5c234d532ba via Power_Crunch_Research_Lab_Phase5D_WalkForward_Package.zip; corpus self-declares SCHEDULE SYNTHETIC / SCORES SIMULATED; authorised for MVP_CONTROL_CALIBRATION_ONLY by R-V3-MVP-CONTROL-CORPUS-01,2025-08-30,2026-08-22,3.0.0-internal-shadow-mvp,V3-INTERNAL-SHADOW-MVP-2026-08-22-R1-001,training
G25-0030,2025,1,North Texas,Florida International,HOME,-7.469067,-8.312119,4.343053,37.0,W,GOVERNED_SYNTHETIC_CONTROL: 2025 Synthetic Season LOCKED v3.xlsx sha256=77bb6ecf48e805b62b8af238bbf7b3534330df0405b8a170e48bb5c234d532ba via Power_Crunch_Research_Lab_Phase5D_WalkForward_Package.zip; corpus self-declares SCHEDULE SYNTHETIC / SCORES SIMULATED; authorised for MVP_CONTROL_CALIBRATION_ONLY by R-V3-MVP-CONTROL-CORPUS-01,2025-08-30,2026-08-22,3.0.0-internal-shadow-mvp,V3-INTERNAL-SHADOW-MVP-2026-08-22-R1-001,training
G25-0030,2025,1,Florida International,North Texas,AWAY,-8.312119,-7.469067,-4.343053,-37.0,L,GOVERNED_SYNTHETIC_CONTROL: 2025 Synthetic Season LOCKED v3.xlsx sha256=77bb6ecf48e805b62b8af238bbf7b3534330df0405b8a170e48bb5c234d532ba via Power_Crunch_Research_Lab_Phase5D_WalkForward_Package.zip; corpus self-declares SCHEDULE SYNTHETIC / SCORES SIMULATED; authorised for MVP_CONTROL_CALIBRATION_ONLY by R-V3-MVP-CONTROL-CORPUS-01,2025-08-30,2026-08-22,3.0.0-internal-shadow-mvp,V3-INTERNAL-SHADOW-MVP-2026-08-22-R1-001,training
G25-0031,2025,1,Northwestern,UCLA,HOME,-6.649045,0.677684,-3.826729,-12.0,L,GOVERNED_SYNTHETIC_CONTROL: 2025 Synthetic Season LOCKED v3.xlsx sha256=77bb6ecf48e805b62b8af238bbf7b3534330df0405b8a170e48bb5c234d532ba via Power_Crunch_Research_Lab_Phase5D_WalkForward_Package.zip; corpus self-declares SCHEDULE SYNTHETIC / SCORES SIMULATED; authorised for MVP_CONTROL_CALIBRATION_ONLY by R-V3-MVP-CONTROL-CORPUS-01,2025-08-30,2026-08-22,3.0.0-internal-shadow-mvp,V3-INTERNAL-SHADOW-MVP-2026-08-22-R1-001,training
G25-0031,2025,1,UCLA,Northwestern,AWAY,0.677684,-6.649045,3.826729,12.0,W,GOVERNED_SYNTHETIC_CONTROL: 2025 Synthetic Season LOCKED v3.xlsx sha256=77bb6ecf48e805b62b8af238bbf7b3534330df0405b8a170e48bb5c234d532ba via Power_Crunch_Research_Lab_Phase5D_WalkForward_Package.zip; corpus self-declares SCHEDULE SYNTHETIC / SCORES SIMULATED; authorised for MVP_CONTROL_CALIBRATION_ONLY by R-V3-MVP-CONTROL-CORPUS-01,2025-08-30,2026-08-22,3.0.0-internal-shadow-mvp,V3-INTERNAL-SHADOW-MVP-2026-08-22-R1-001,training
G25-0032,2025,1,Notre Dame,Cornell,HOME,22.838334,-17.737397,44.075731,52.0,W,GOVERNED_SYNTHETIC_CONTROL: 2025 Synthetic Season LOCKED v3.xlsx sha256=77bb6ecf48e805b62b8af238bbf7b3534330df0405b8a170e48bb5c234d532ba via Power_Crunch_Research_Lab_Phase5D_WalkForward_Package.zip; corpus self-declares SCHEDULE SYNTHETIC / SCORES SIMULATED; authorised for MVP_CONTROL_CALIBRATION_ONLY by R-V3-MVP-CONTROL-CORPUS-01,2025-08-30,2026-08-22,3.0.0-internal-shadow-mvp,V3-INTERNAL-SHADOW-MVP-2026-08-22-R1-001,training
G25-0032,2025,1,Cornell,Notre Dame,AWAY,-17.737397,22.838334,-44.075731,-52.0,L,GOVERNED_SYNTHETIC_CONTROL: 2025 Synthetic Season LOCKED v3.xlsx sha256=77bb6ecf48e805b62b8af238bbf7b3534330df0405b8a170e48bb5c234d532ba via Power_Crunch_Research_Lab_Phase5D_WalkForward_Package.zip; corpus self-declares SCHEDULE SYNTHETIC / SCORES SIMULATED; authorised for MVP_CONTROL_CALIBRATION_ONLY by R-V3-MVP-CONTROL-CORPUS-01,2025-08-30,2026-08-22,3.0.0-internal-shadow-mvp,V3-INTERNAL-SHADOW-MVP-2026-08-22-R1-001,training
G25-0033,2025,1,Old Dominion,Rutgers,HOME,-2.037263,0.155646,1.307091,5.0,W,GOVERNED_SYNTHETIC_CONTROL: 2025 Synthetic Season LOCKED v3.xlsx sha256=77bb6ecf48e805b62b8af238bbf7b3534330df0405b8a170e48bb5c234d532ba via Power_Crunch_Research_Lab_Phase5D_WalkForward_Package.zip; corpus self-declares SCHEDULE SYNTHETIC / SCORES SIMULATED; authorised for MVP_CONTROL_CALIBRATION_ONLY by R-V3-MVP-CONTROL-CORPUS-01,2025-08-30,2026-08-22,3.0.0-internal-shadow-mvp,V3-INTERNAL-SHADOW-MVP-2026-08-22-R1-001,training
G25-0033,2025,1,Rutgers,Old Dominion,AWAY,0.155646,-2.037263,-1.307091,-5.0,L,GOVERNED_SYNTHETIC_CONTROL: 2025 Synthetic Season LOCKED v3.xlsx sha256=77bb6ecf48e805b62b8af238bbf7b3534330df0405b8a170e48bb5c234d532ba via Power_Crunch_Research_Lab_Phase5D_WalkForward_Package.zip; corpus self-declares SCHEDULE SYNTHETIC / SCORES SIMULATED; authorised for MVP_CONTROL_CALIBRATION_ONLY by R-V3-MVP-CONTROL-CORPUS-01,2025-08-30,2026-08-22,3.0.0-internal-shadow-mvp,V3-INTERNAL-SHADOW-MVP-2026-08-22-R1-001,training
G25-0034,2025,1,Oregon,Washington,HOME,16.370827,3.095609,16.775218,54.0,W,GOVERNED_SYNTHETIC_CONTROL: 2025 Synthetic Season LOCKED v3.xlsx sha256=77bb6ecf48e805b62b8af238bbf7b3534330df0405b8a170e48bb5c234d532ba via Power_Crunch_Research_Lab_Phase5D_WalkForward_Package.zip; corpus self-declares SCHEDULE SYNTHETIC / SCORES SIMULATED; authorised for MVP_CONTROL_CALIBRATION_ONLY by R-V3-MVP-CONTROL-CORPUS-01,2025-08-30,2026-08-22,3.0.0-internal-shadow-mvp,V3-INTERNAL-SHADOW-MVP-2026-08-22-R1-001,training
G25-0034,2025,1,Washington,Oregon,AWAY,3.095609,16.370827,-16.775218,-54.0,L,GOVERNED_SYNTHETIC_CONTROL: 2025 Synthetic Season LOCKED v3.xlsx sha256=77bb6ecf48e805b62b8af238bbf7b3534330df0405b8a170e48bb5c234d532ba via Power_Crunch_Research_Lab_Phase5D_WalkForward_Package.zip; corpus self-declares SCHEDULE SYNTHETIC / SCORES SIMULATED; authorised for MVP_CONTROL_CALIBRATION_ONLY by R-V3-MVP-CONTROL-CORPUS-01,2025-08-30,2026-08-22,3.0.0-internal-shadow-mvp,V3-INTERNAL-SHADOW-MVP-2026-08-22-R1-001,training
G25-0035,2025,1,Oregon State,Washington State,HOME,-8.27489,1.111987,-5.886877,10.0,W,GOVERNED_SYNTHETIC_CONTROL: 2025 Synthetic Season LOCKED v3.xlsx sha256=77bb6ecf48e805b62b8af238bbf7b3534330df0405b8a170e48bb5c234d532ba via Power_Crunch_Research_Lab_Phase5D_WalkForward_Package.zip; corpus self-declares SCHEDULE SYNTHETIC / SCORES SIMULATED; authorised for MVP_CONTROL_CALIBRATION_ONLY by R-V3-MVP-CONTROL-CORPUS-01,2025-08-30,2026-08-22,3.0.0-internal-shadow-mvp,V3-INTERNAL-SHADOW-MVP-2026-08-22-R1-001,training
G25-0035,2025,1,Washington State,Oregon State,AWAY,1.111987,-8.27489,5.886877,-10.0,L,GOVERNED_SYNTHETIC_CONTROL: 2025 Synthetic Season LOCKED v3.xlsx sha256=77bb6ecf48e805b62b8af238bbf7b3534330df0405b8a170e48bb5c234d532ba via Power_Crunch_Research_Lab_Phase5D_WalkForward_Package.zip; corpus self-declares SCHEDULE SYNTHETIC / SCORES SIMULATED; authorised for MVP_CONTROL_CALIBRATION_ONLY by R-V3-MVP-CONTROL-CORPUS-01,2025-08-30,2026-08-22,3.0.0-internal-shadow-mvp,V3-INTERNAL-SHADOW-MVP-2026-08-22-R1-001,training
G25-0036,2025,1,Penn,Utah,HOME,-16.125273,4.069888,-16.695161,-18.0,L,GOVERNED_SYNTHETIC_CONTROL: 2025 Synthetic Season LOCKED v3.xlsx sha256=77bb6ecf48e805b62b8af238bbf7b3534330df0405b8a170e48bb5c234d532ba via Power_Crunch_Research_Lab_Phase5D_WalkForward_Package.zip; corpus self-declares SCHEDULE SYNTHETIC / SCORES SIMULATED; authorised for MVP_CONTROL_CALIBRATION_ONLY by R-V3-MVP-CONTROL-CORPUS-01,2025-08-30,2026-08-22,3.0.0-internal-shadow-mvp,V3-INTERNAL-SHADOW-MVP-2026-08-22-R1-001,training
G25-0036,2025,1,Utah,Penn,AWAY,4.069888,-16.125273,16.695161,18.0,W,GOVERNED_SYNTHETIC_CONTROL: 2025 Synthetic Season LOCKED v3.xlsx sha256=77bb6ecf48e805b62b8af238bbf7b3534330df0405b8a170e48bb5c234d532ba via Power_Crunch_Research_Lab_Phase5D_WalkForward_Package.zip; corpus self-declares SCHEDULE SYNTHETIC / SCORES SIMULATED; authorised for MVP_CONTROL_CALIBRATION_ONLY by R-V3-MVP-CONTROL-CORPUS-01,2025-08-30,2026-08-22,3.0.0-internal-shadow-mvp,V3-INTERNAL-SHADOW-MVP-2026-08-22-R1-001,training
G25-0037,2025,1,Penn State,Wisconsin,HOME,13.198517,-0.299443,16.997961,3.0,W,GOVERNED_SYNTHETIC_CONTROL: 2025 Synthetic Season LOCKED v3.xlsx sha256=77bb6ecf48e805b62b8af238bbf7b3534330df0405b8a170e48bb5c234d532ba via Power_Crunch_Research_Lab_Phase5D_WalkForward_Package.zip; corpus self-declares SCHEDULE SYNTHETIC / SCORES SIMULATED; authorised for MVP_CONTROL_CALIBRATION_ONLY by R-V3-MVP-CONTROL-CORPUS-01,2025-08-30,2026-08-22,3.0.0-internal-shadow-mvp,V3-INTERNAL-SHADOW-MVP-2026-08-22-R1-001,training
G25-0037,2025,1,Wisconsin,Penn State,AWAY,-0.299443,13.198517,-16.997961,-3.0,L,GOVERNED_SYNTHETIC_CONTROL: 2025 Synthetic Season LOCKED v3.xlsx sha256=77bb6ecf48e805b62b8af238bbf7b3534330df0405b8a170e48bb5c234d532ba via Power_Crunch_Research_Lab_Phase5D_WalkForward_Package.zip; corpus self-declares SCHEDULE SYNTHETIC / SCORES SIMULATED; authorised for MVP_CONTROL_CALIBRATION_ONLY by R-V3-MVP-CONTROL-CORPUS-01,2025-08-30,2026-08-22,3.0.0-internal-shadow-mvp,V3-INTERNAL-SHADOW-MVP-2026-08-22-R1-001,training
G25-0038,2025,1,Princeton,Cincinnati,HOME,-17.850324,4.758615,-19.108938,8.0,W,GOVERNED_SYNTHETIC_CONTROL: 2025 Synthetic Season LOCKED v3.xlsx sha256=77bb6ecf48e805b62b8af238bbf7b3534330df0405b8a170e48bb5c234d532ba via Power_Crunch_Research_Lab_Phase5D_WalkForward_Package.zip; corpus self-declares SCHEDULE SYNTHETIC / SCORES SIMULATED; authorised for MVP_CONTROL_CALIBRATION_ONLY by R-V3-MVP-CONTROL-CORPUS-01,2025-08-30,2026-08-22,3.0.0-internal-shadow-mvp,V3-INTERNAL-SHADOW-MVP-2026-08-22-R1-001,training
G25-0038,2025,1,Cincinnati,Princeton,AWAY,4.758615,-17.850324,19.108938,-8.0,L,GOVERNED_SYNTHETIC_CONTROL: 2025 Synthetic Season LOCKED v3.xlsx sha256=77bb6ecf48e805b62b8af238bbf7b3534330df0405b8a170e48bb5c234d532ba via Power_Crunch_Research_Lab_Phase5D_WalkForward_Package.zip; corpus self-declares SCHEDULE SYNTHETIC / SCORES SIMULATED; authorised for MVP_CONTROL_CALIBRATION_ONLY by R-V3-MVP-CONTROL-CORPUS-01,2025-08-30,2026-08-22,3.0.0-internal-shadow-mvp,V3-INTERNAL-SHADOW-MVP-2026-08-22-R1-001,training
G25-0039,2025,1,Purdue,Iowa,HOME,-16.341563,8.761074,-21.602637,-41.0,L,GOVERNED_SYNTHETIC_CONTROL: 2025 Synthetic Season LOCKED v3.xlsx sha256=77bb6ecf48e805b62b8af238bbf7b3534330df0405b8a170e48bb5c234d532ba via Power_Crunch_Research_Lab_Phase5D_WalkForward_Package.zip; corpus self-declares SCHEDULE SYNTHETIC / SCORES SIMULATED; authorised for MVP_CONTROL_CALIBRATION_ONLY by R-V3-MVP-CONTROL-CORPUS-01,2025-08-30,2026-08-22,3.0.0-internal-shadow-mvp,V3-INTERNAL-SHADOW-MVP-2026-08-22-R1-001,training
G25-0039,2025,1,Iowa,Purdue,AWAY,8.761074,-16.341563,21.602637,41.0,W,GOVERNED_SYNTHETIC_CONTROL: 2025 Synthetic Season LOCKED v3.xlsx sha256=77bb6ecf48e805b62b8af238bbf7b3534330df0405b8a170e48bb5c234d532ba via Power_Crunch_Research_Lab_Phase5D_WalkForward_Package.zip; corpus self-declares SCHEDULE SYNTHETIC / SCORES SIMULATED; authorised for MVP_CONTROL_CALIBRATION_ONLY by R-V3-MVP-CONTROL-CORPUS-01,2025-08-30,2026-08-22,3.0.0-internal-shadow-mvp,V3-INTERNAL-SHADOW-MVP-2026-08-22-R1-001,training
G25-0041,2025,1,San Jose State,Nevada,HOME,-5.829076,-7.262123,4.933047,-13.0,L,GOVERNED_SYNTHETIC_CONTROL: 2025 Synthetic Season LOCKED v3.xlsx sha256=77bb6ecf48e805b62b8af238bbf7b3534330df0405b8a170e48bb5c234d532ba via Power_Crunch_Research_Lab_Phase5D_WalkForward_Package.zip; corpus self-declares SCHEDULE SYNTHETIC / SCORES SIMULATED; authorised for MVP_CONTROL_CALIBRATION_ONLY by R-V3-MVP-CONTROL-CORPUS-01,2025-08-30,2026-08-22,3.0.0-internal-shadow-mvp,V3-INTERNAL-SHADOW-MVP-2026-08-22-R1-001,training
G25-0041,2025,1,Nevada,San Jose State,AWAY,-7.262123,-5.829076,-4.933047,13.0,W,GOVERNED_SYNTHETIC_CONTROL: 2025 Synthetic Season LOCKED v3.xlsx sha256=77bb6ecf48e805b62b8af238bbf7b3534330df0405b8a170e48bb5c234d532ba via Power_Crunch_Research_Lab_Phase5D_WalkForward_Package.zip; corpus self-declares SCHEDULE SYNTHETIC / SCORES SIMULATED; authorised for MVP_CONTROL_CALIBRATION_ONLY by R-V3-MVP-CONTROL-CORPUS-01,2025-08-30,2026-08-22,3.0.0-internal-shadow-mvp,V3-INTERNAL-SHADOW-MVP-2026-08-22-R1-001,training
G25-0042,2025,1,South Carolina,Georgia,HOME,11.325253,13.526636,1.298617,-53.0,L,GOVERNED_SYNTHETIC_CONTROL: 2025 Synthetic Season LOCKED v3.xlsx sha256=77bb6ecf48e805b62b8af238bbf7b3534330df0405b8a170e48bb5c234d532ba via Power_Crunch_Research_Lab_Phase5D_WalkForward_Package.zip; corpus self-declares SCHEDULE SYNTHETIC / SCORES SIMULATED; authorised for MVP_CONTROL_CALIBRATION_ONLY by R-V3-MVP-CONTROL-CORPUS-01,2025-08-30,2026-08-22,3.0.0-internal-shadow-mvp,V3-INTERNAL-SHADOW-MVP-2026-08-22-R1-001,training
G25-0042,2025,1,Georgia,South Carolina,AWAY,13.526636,11.325253,-1.298617,53.0,W,GOVERNED_SYNTHETIC_CONTROL: 2025 Synthetic Season LOCKED v3.xlsx sha256=77bb6ecf48e805b62b8af238bbf7b3534330df0405b8a170e48bb5c234d532ba via Power_Crunch_Research_Lab_Phase5D_WalkForward_Package.zip; corpus self-declares SCHEDULE SYNTHETIC / SCORES SIMULATED; authorised for MVP_CONTROL_CALIBRATION_ONLY by R-V3-MVP-CONTROL-CORPUS-01,2025-08-30,2026-08-22,3.0.0-internal-shadow-mvp,V3-INTERNAL-SHADOW-MVP-2026-08-22-R1-001,training
G25-0043,2025,1,Temple,Tulsa,HOME,-15.903651,-25.291274,12.887623,6.0,W,GOVERNED_SYNTHETIC_CONTROL: 2025 Synthetic Season LOCKED v3.xlsx sha256=77bb6ecf48e805b62b8af238bbf7b3534330df0405b8a170e48bb5c234d532ba via Power_Crunch_Research_Lab_Phase5D_WalkForward_Package.zip; corpus self-declares SCHEDULE SYNTHETIC / SCORES SIMULATED; authorised for MVP_CONTROL_CALIBRATION_ONLY by R-V3-MVP-CONTROL-CORPUS-01,2025-08-30,2026-08-22,3.0.0-internal-shadow-mvp,V3-INTERNAL-SHADOW-MVP-2026-08-22-R1-001,training
G25-0043,2025,1,Tulsa,Temple,AWAY,-25.291274,-15.903651,-12.887623,-6.0,L,GOVERNED_SYNTHETIC_CONTROL: 2025 Synthetic Season LOCKED v3.xlsx sha256=77bb6ecf48e805b62b8af238bbf7b3534330df0405b8a170e48bb5c234d532ba via Power_Crunch_Research_Lab_Phase5D_WalkForward_Package.zip; corpus self-declares SCHEDULE SYNTHETIC / SCORES SIMULATED; authorised for MVP_CONTROL_CALIBRATION_ONLY by R-V3-MVP-CONTROL-CORPUS-01,2025-08-30,2026-08-22,3.0.0-internal-shadow-mvp,V3-INTERNAL-SHADOW-MVP-2026-08-22-R1-001,training
G25-0044,2025,1,Tennessee,Texas,HOME,12.251514,17.023118,-1.271605,-22.0,L,GOVERNED_SYNTHETIC_CONTROL: 2025 Synthetic Season LOCKED v3.xlsx sha256=77bb6ecf48e805b62b8af238bbf7b3534330df0405b8a170e48bb5c234d532ba via Power_Crunch_Research_Lab_Phase5D_WalkForward_Package.zip; corpus self-declares SCHEDULE SYNTHETIC / SCORES SIMULATED; authorised for MVP_CONTROL_CALIBRATION_ONLY by R-V3-MVP-CONTROL-CORPUS-01,2025-08-30,2026-08-22,3.0.0-internal-shadow-mvp,V3-INTERNAL-SHADOW-MVP-2026-08-22-R1-001,training
G25-0044,2025,1,Texas,Tennessee,AWAY,17.023118,12.251514,1.271605,22.0,W,GOVERNED_SYNTHETIC_CONTROL: 2025 Synthetic Season LOCKED v3.xlsx sha256=77bb6ecf48e805b62b8af238bbf7b3534330df0405b8a170e48bb5c234d532ba via Power_Crunch_Research_Lab_Phase5D_WalkForward_Package.zip; corpus self-declares SCHEDULE SYNTHETIC / SCORES SIMULATED; authorised for MVP_CONTROL_CALIBRATION_ONLY by R-V3-MVP-CONTROL-CORPUS-01,2025-08-30,2026-08-22,3.0.0-internal-shadow-mvp,V3-INTERNAL-SHADOW-MVP-2026-08-22-R1-001,training
G25-0045,2025,1,Texas Tech,Virginia,HOME,9.531054,-3.127729,16.158783,17.0,W,GOVERNED_SYNTHETIC_CONTROL: 2025 Synthetic Season LOCKED v3.xlsx sha256=77bb6ecf48e805b62b8af238bbf7b3534330df0405b8a170e48bb5c234d532ba via Power_Crunch_Research_Lab_Phase5D_WalkForward_Package.zip; corpus self-declares SCHEDULE SYNTHETIC / SCORES SIMULATED; authorised for MVP_CONTROL_CALIBRATION_ONLY by R-V3-MVP-CONTROL-CORPUS-01,2025-08-30,2026-08-22,3.0.0-internal-shadow-mvp,V3-INTERNAL-SHADOW-MVP-2026-08-22-R1-001,training
G25-0045,2025,1,Virginia,Texas Tech,AWAY,-3.127729,9.531054,-16.158783,-17.0,L,GOVERNED_SYNTHETIC_CONTROL: 2025 Synthetic Season LOCKED v3.xlsx sha256=77bb6ecf48e805b62b8af238bbf7b3534330df0405b8a170e48bb5c234d532ba via Power_Crunch_Research_Lab_Phase5D_WalkForward_Package.zip; corpus self-declares SCHEDULE SYNTHETIC / SCORES SIMULATED; authorised for MVP_CONTROL_CALIBRATION_ONLY by R-V3-MVP-CONTROL-CORPUS-01,2025-08-30,2026-08-22,3.0.0-internal-shadow-mvp,V3-INTERNAL-SHADOW-MVP-2026-08-22-R1-001,training
G25-0046,2025,1,Tulane,South Florida,HOME,10.802494,-7.69705,21.999544,17.0,W,GOVERNED_SYNTHETIC_CONTROL: 2025 Synthetic Season LOCKED v3.xlsx sha256=77bb6ecf48e805b62b8af238bbf7b3534330df0405b8a170e48bb5c234d532ba via Power_Crunch_Research_Lab_Phase5D_WalkForward_Package.zip; corpus self-declares SCHEDULE SYNTHETIC / SCORES SIMULATED; authorised for MVP_CONTROL_CALIBRATION_ONLY by R-V3-MVP-CONTROL-CORPUS-01,2025-08-30,2026-08-22,3.0.0-internal-shadow-mvp,V3-INTERNAL-SHADOW-MVP-2026-08-22-R1-001,training
G25-0046,2025,1,South Florida,Tulane,AWAY,-7.69705,10.802494,-21.999544,-17.0,L,GOVERNED_SYNTHETIC_CONTROL: 2025 Synthetic Season LOCKED v3.xlsx sha256=77bb6ecf48e805b62b8af238bbf7b3534330df0405b8a170e48bb5c234d532ba via Power_Crunch_Research_Lab_Phase5D_WalkForward_Package.zip; corpus self-declares SCHEDULE SYNTHETIC / SCORES SIMULATED; authorised for MVP_CONTROL_CALIBRATION_ONLY by R-V3-MVP-CONTROL-CORPUS-01,2025-08-30,2026-08-22,3.0.0-internal-shadow-mvp,V3-INTERNAL-SHADOW-MVP-2026-08-22-R1-001,training
G25-0047,2025,1,UAB,Troy,HOME,-11.086441,-4.870924,-2.715518,23.0,W,GOVERNED_SYNTHETIC_CONTROL: 2025 Synthetic Season LOCKED v3.xlsx sha256=77bb6ecf48e805b62b8af238bbf7b3534330df0405b8a170e48bb5c234d532ba via Power_Crunch_Research_Lab_Phase5D_WalkForward_Package.zip; corpus self-declares SCHEDULE SYNTHETIC / SCORES SIMULATED; authorised for MVP_CONTROL_CALIBRATION_ONLY by R-V3-MVP-CONTROL-CORPUS-01,2025-08-30,2026-08-22,3.0.0-internal-shadow-mvp,V3-INTERNAL-SHADOW-MVP-2026-08-22-R1-001,training
G25-0047,2025,1,Troy,UAB,AWAY,-4.870924,-11.086441,2.715518,-23.0,L,GOVERNED_SYNTHETIC_CONTROL: 2025 Synthetic Season LOCKED v3.xlsx sha256=77bb6ecf48e805b62b8af238bbf7b3534330df0405b8a170e48bb5c234d532ba via Power_Crunch_Research_Lab_Phase5D_WalkForward_Package.zip; corpus self-declares SCHEDULE SYNTHETIC / SCORES SIMULATED; authorised for MVP_CONTROL_CALIBRATION_ONLY by R-V3-MVP-CONTROL-CORPUS-01,2025-08-30,2026-08-22,3.0.0-internal-shadow-mvp,V3-INTERNAL-SHADOW-MVP-2026-08-22-R1-001,training
G25-0048,2025,1,UNLV,Colorado State,HOME,8.341066,-3.984543,15.825609,15.0,W,GOVERNED_SYNTHETIC_CONTROL: 2025 Synthetic Season LOCKED v3.xlsx sha256=77bb6ecf48e805b62b8af238bbf7b3534330df0405b8a170e48bb5c234d532ba via Power_Crunch_Research_Lab_Phase5D_WalkForward_Package.zip; corpus self-declares SCHEDULE SYNTHETIC / SCORES SIMULATED; authorised for MVP_CONTROL_CALIBRATION_ONLY by R-V3-MVP-CONTROL-CORPUS-01,2025-08-30,2026-08-22,3.0.0-internal-shadow-mvp,V3-INTERNAL-SHADOW-MVP-2026-08-22-R1-001,training
G25-0048,2025,1,Colorado State,UNLV,AWAY,-3.984543,8.341066,-15.825609,-15.0,L,GOVERNED_SYNTHETIC_CONTROL: 2025 Synthetic Season LOCKED v3.xlsx sha256=77bb6ecf48e805b62b8af238bbf7b3534330df0405b8a170e48bb5c234d532ba via Power_Crunch_Research_Lab_Phase5D_WalkForward_Package.zip; corpus self-declares SCHEDULE SYNTHETIC / SCORES SIMULATED; authorised for MVP_CONTROL_CALIBRATION_ONLY by R-V3-MVP-CONTROL-CORPUS-01,2025-08-30,2026-08-22,3.0.0-internal-shadow-mvp,V3-INTERNAL-SHADOW-MVP-2026-08-22-R1-001,training
G25-0049,2025,1,USC,Michigan State,HOME,9.316287,-6.514181,19.330468,41.0,W,GOVERNED_SYNTHETIC_CONTROL: 2025 Synthetic Season LOCKED v3.xlsx sha256=77bb6ecf48e805b62b8af238bbf7b3534330df0405b8a170e48bb5c234d532ba via Power_Crunch_Research_Lab_Phase5D_WalkForward_Package.zip; corpus self-declares SCHEDULE SYNTHETIC / SCORES SIMULATED; authorised for MVP_CONTROL_CALIBRATION_ONLY by R-V3-MVP-CONTROL-CORPUS-01,2025-08-30,2026-08-22,3.0.0-internal-shadow-mvp,V3-INTERNAL-SHADOW-MVP-2026-08-22-R1-001,training
G25-0049,2025,1,Michigan State,USC,AWAY,-6.514181,9.316287,-19.330468,-41.0,L,GOVERNED_SYNTHETIC_CONTROL: 2025 Synthetic Season LOCKED v3.xlsx sha256=77bb6ecf48e805b62b8af238bbf7b3534330df0405b8a170e48bb5c234d532ba via Power_Crunch_Research_Lab_Phase5D_WalkForward_Package.zip; corpus self-declares SCHEDULE SYNTHETIC / SCORES SIMULATED; authorised for MVP_CONTROL_CALIBRATION_ONLY by R-V3-MVP-CONTROL-CORPUS-01,2025-08-30,2026-08-22,3.0.0-internal-shadow-mvp,V3-INTERNAL-SHADOW-MVP-2026-08-22-R1-001,training
G25-0050,2025,1,UTSA,UTEP,HOME,-4.663617,-12.314483,11.150866,-5.0,L,GOVERNED_SYNTHETIC_CONTROL: 2025 Synthetic Season LOCKED v3.xlsx sha256=77bb6ecf48e805b62b8af238bbf7b3534330df0405b8a170e48bb5c234d532ba via Power_Crunch_Research_Lab_Phase5D_WalkForward_Package.zip; corpus self-declares SCHEDULE SYNTHETIC / SCORES SIMULATED; authorised for MVP_CONTROL_CALIBRATION_ONLY by R-V3-MVP-CONTROL-CORPUS-01,2025-08-30,2026-08-22,3.0.0-internal-shadow-mvp,V3-INTERNAL-SHADOW-MVP-2026-08-22-R1-001,training
G25-0050,2025,1,UTEP,UTSA,AWAY,-12.314483,-4.663617,-11.150866,5.0,W,GOVERNED_SYNTHETIC_CONTROL: 2025 Synthetic Season LOCKED v3.xlsx sha256=77bb6ecf48e805b62b8af238bbf7b3534330df0405b8a170e48bb5c234d532ba via Power_Crunch_Research_Lab_Phase5D_WalkForward_Package.zip; corpus self-declares SCHEDULE SYNTHETIC / SCORES SIMULATED; authorised for MVP_CONTROL_CALIBRATION_ONLY by R-V3-MVP-CONTROL-CORPUS-01,2025-08-30,2026-08-22,3.0.0-internal-shadow-mvp,V3-INTERNAL-SHADOW-MVP-2026-08-22-R1-001,training
G25-0051,2025,1,Utah State,San Diego State,HOME,-9.504868,-13.467285,7.462418,2.0,W,GOVERNED_SYNTHETIC_CONTROL: 2025 Synthetic Season LOCKED v3.xlsx sha256=77bb6ecf48e805b62b8af238bbf7b3534330df0405b8a170e48bb5c234d532ba via Power_Crunch_Research_Lab_Phase5D_WalkForward_Package.zip; corpus self-declares SCHEDULE SYNTHETIC / SCORES SIMULATED; authorised for MVP_CONTROL_CALIBRATION_ONLY by R-V3-MVP-CONTROL-CORPUS-01,2025-08-30,2026-08-22,3.0.0-internal-shadow-mvp,V3-INTERNAL-SHADOW-MVP-2026-08-22-R1-001,training
G25-0051,2025,1,San Diego State,Utah State,AWAY,-13.467285,-9.504868,-7.462418,-2.0,L,GOVERNED_SYNTHETIC_CONTROL: 2025 Synthetic Season LOCKED v3.xlsx sha256=77bb6ecf48e805b62b8af238bbf7b3534330df0405b8a170e48bb5c234d532ba via Power_Crunch_Research_Lab_Phase5D_WalkForward_Package.zip; corpus self-declares SCHEDULE SYNTHETIC / SCORES SIMULATED; authorised for MVP_CONTROL_CALIBRATION_ONLY by R-V3-MVP-CONTROL-CORPUS-01,2025-08-30,2026-08-22,3.0.0-internal-shadow-mvp,V3-INTERNAL-SHADOW-MVP-2026-08-22-R1-001,training
G25-0052,2025,1,Wake Forest,Pittsburgh,HOME,-2.492428,0.401008,0.606564,12.0,W,GOVERNED_SYNTHETIC_CONTROL: 2025 Synthetic Season LOCKED v3.xlsx sha256=77bb6ecf48e805b62b8af238bbf7b3534330df0405b8a170e48bb5c234d532ba via Power_Crunch_Research_Lab_Phase5D_WalkForward_Package.zip; corpus self-declares SCHEDULE SYNTHETIC / SCORES SIMULATED; authorised for MVP_CONTROL_CALIBRATION_ONLY by R-V3-MVP-CONTROL-CORPUS-01,2025-08-30,2026-08-22,3.0.0-internal-shadow-mvp,V3-INTERNAL-SHADOW-MVP-2026-08-22-R1-001,training
G25-0052,2025,1,Pittsburgh,Wake Forest,AWAY,0.401008,-2.492428,-0.606564,-12.0,L,GOVERNED_SYNTHETIC_CONTROL: 2025 Synthetic Season LOCKED v3.xlsx sha256=77bb6ecf48e805b62b8af238bbf7b3534330df0405b8a170e48bb5c234d532ba via Power_Crunch_Research_Lab_Phase5D_WalkForward_Package.zip; corpus self-declares SCHEDULE SYNTHETIC / SCORES SIMULATED; authorised for MVP_CONTROL_CALIBRATION_ONLY by R-V3-MVP-CONTROL-CORPUS-01,2025-08-30,2026-08-22,3.0.0-internal-shadow-mvp,V3-INTERNAL-SHADOW-MVP-2026-08-22-R1-001,training
G25-0053,2025,1,West Virginia,Arizona,HOME,2.189339,-4.59057,10.279908,-24.0,L,GOVERNED_SYNTHETIC_CONTROL: 2025 Synthetic Season LOCKED v3.xlsx sha256=77bb6ecf48e805b62b8af238bbf7b3534330df0405b8a170e48bb5c234d532ba via Power_Crunch_Research_Lab_Phase5D_WalkForward_Package.zip; corpus self-declares SCHEDULE SYNTHETIC / SCORES SIMULATED; authorised for MVP_CONTROL_CALIBRATION_ONLY by R-V3-MVP-CONTROL-CORPUS-01,2025-08-30,2026-08-22,3.0.0-internal-shadow-mvp,V3-INTERNAL-SHADOW-MVP-2026-08-22-R1-001,training
G25-0053,2025,1,Arizona,West Virginia,AWAY,-4.59057,2.189339,-10.279908,24.0,W,GOVERNED_SYNTHETIC_CONTROL: 2025 Synthetic Season LOCKED v3.xlsx sha256=77bb6ecf48e805b62b8af238bbf7b3534330df0405b8a170e48bb5c234d532ba via Power_Crunch_Research_Lab_Phase5D_WalkForward_Package.zip; corpus self-declares SCHEDULE SYNTHETIC / SCORES SIMULATED; authorised for MVP_CONTROL_CALIBRATION_ONLY by R-V3-MVP-CONTROL-CORPUS-01,2025-08-30,2026-08-22,3.0.0-internal-shadow-mvp,V3-INTERNAL-SHADOW-MVP-2026-08-22-R1-001,training
G25-0054,2025,1,Yale,UConn,HOME,-16.967187,-0.791824,-12.675362,-3.0,L,GOVERNED_SYNTHETIC_CONTROL: 2025 Synthetic Season LOCKED v3.xlsx sha256=77bb6ecf48e805b62b8af238bbf7b3534330df0405b8a170e48bb5c234d532ba via Power_Crunch_Research_Lab_Phase5D_WalkForward_Package.zip; corpus self-declares SCHEDULE SYNTHETIC / SCORES SIMULATED; authorised for MVP_CONTROL_CALIBRATION_ONLY by R-V3-MVP-CONTROL-CORPUS-01,2025-08-30,2026-08-22,3.0.0-internal-shadow-mvp,V3-INTERNAL-SHADOW-MVP-2026-08-22-R1-001,training
G25-0054,2025,1,UConn,Yale,AWAY,-0.791824,-16.967187,12.675362,3.0,W,GOVERNED_SYNTHETIC_CONTROL: 2025 Synthetic Season LOCKED v3.xlsx sha256=77bb6ecf48e805b62b8af238bbf7b3534330df0405b8a170e48bb5c234d532ba via Power_Crunch_Research_Lab_Phase5D_WalkForward_Package.zip; corpus self-declares SCHEDULE SYNTHETIC / SCORES SIMULATED; authorised for MVP_CONTROL_CALIBRATION_ONLY by R-V3-MVP-CONTROL-CORPUS-01,2025-08-30,2026-08-22,3.0.0-internal-shadow-mvp,V3-INTERNAL-SHADOW-MVP-2026-08-22-R1-001,training
G25-0055,2025,2,Arizona,Arizona State,HOME,-4.59057,10.834653,-11.925223,36.0,W,GOVERNED_SYNTHETIC_CONTROL: 2025 Synthetic Season LOCKED v3.xlsx sha256=77bb6ecf48e805b62b8af238bbf7b3534330df0405b8a170e48bb5c234d532ba via Power_Crunch_Research_Lab_Phase5D_WalkForward_Package.zip; corpus self-declares SCHEDULE SYNTHETIC / SCORES SIMULATED; authorised for MVP_CONTROL_CALIBRATION_ONLY by R-V3-MVP-CONTROL-CORPUS-01,2025-09-06,2026-08-22,3.0.0-internal-shadow-mvp,V3-INTERNAL-SHADOW-MVP-2026-08-22-R1-001,training
G25-0055,2025,2,Arizona State,Arizona,AWAY,10.834653,-4.59057,11.925223,-36.0,L,GOVERNED_SYNTHETIC_CONTROL: 2025 Synthetic Season LOCKED v3.xlsx sha256=77bb6ecf48e805b62b8af238bbf7b3534330df0405b8a170e48bb5c234d532ba via Power_Crunch_Research_Lab_Phase5D_WalkForward_Package.zip; corpus self-declares SCHEDULE SYNTHETIC / SCORES SIMULATED; authorised for MVP_CONTROL_CALIBRATION_ONLY by R-V3-MVP-CONTROL-CORPUS-01,2025-09-06,2026-08-22,3.0.0-internal-shadow-mvp,V3-INTERNAL-SHADOW-MVP-2026-08-22-R1-001,training
G25-0056,2025,2,Arkansas,Texas A&M,HOME,2.183153,6.93403,-1.250877,-57.0,L,GOVERNED_SYNTHETIC_CONTROL: 2025 Synthetic Season LOCKED v3.xlsx sha256=77bb6ecf48e805b62b8af238bbf7b3534330df0405b8a170e48bb5c234d532ba via Power_Crunch_Research_Lab_Phase5D_WalkForward_Package.zip; corpus self-declares SCHEDULE SYNTHETIC / SCORES SIMULATED; authorised for MVP_CONTROL_CALIBRATION_ONLY by R-V3-MVP-CONTROL-CORPUS-01,2025-09-06,2026-08-22,3.0.0-internal-shadow-mvp,V3-INTERNAL-SHADOW-MVP-2026-08-22-R1-001,training
G25-0056,2025,2,Texas A&M,Arkansas,AWAY,6.93403,2.183153,1.250877,57.0,W,GOVERNED_SYNTHETIC_CONTROL: 2025 Synthetic Season LOCKED v3.xlsx sha256=77bb6ecf48e805b62b8af238bbf7b3534330df0405b8a170e48bb5c234d532ba via Power_Crunch_Research_Lab_Phase5D_WalkForward_Package.zip; corpus self-declares SCHEDULE SYNTHETIC / SCORES SIMULATED; authorised for MVP_CONTROL_CALIBRATION_ONLY by R-V3-MVP-CONTROL-CORPUS-01,2025-09-06,2026-08-22,3.0.0-internal-shadow-mvp,V3-INTERNAL-SHADOW-MVP-2026-08-22-R1-001,training
G25-0057,2025,2,Army,South Florida,HOME,6.368779,-7.69705,17.565829,3.0,W,GOVERNED_SYNTHETIC_CONTROL: 2025 Synthetic Season LOCKED v3.xlsx sha256=77bb6ecf48e805b62b8af238bbf7b3534330df0405b8a170e48bb5c234d532ba via Power_Crunch_Research_Lab_Phase5D_WalkForward_Package.zip; corpus self-declares SCHEDULE SYNTHETIC / SCORES SIMULATED; authorised for MVP_CONTROL_CALIBRATION_ONLY by R-V3-MVP-CONTROL-CORPUS-01,2025-09-06,2026-08-22,3.0.0-internal-shadow-mvp,V3-INTERNAL-SHADOW-MVP-2026-08-22-R1-001,training
G25-0057,2025,2,South Florida,Army,AWAY,-7.69705,6.368779,-17.565829,-3.0,L,GOVERNED_SYNTHETIC_CONTROL: 2025 Synthetic Season LOCKED v3.xlsx sha256=77bb6ecf48e805b62b8af238bbf7b3534330df0405b8a170e48bb5c234d532ba via Power_Crunch_Research_Lab_Phase5D_WalkForward_Package.zip; corpus self-declares SCHEDULE SYNTHETIC / SCORES SIMULATED; authorised for MVP_CONTROL_CALIBRATION_ONLY by R-V3-MVP-CONTROL-CORPUS-01,2025-09-06,2026-08-22,3.0.0-internal-shadow-mvp,V3-INTERNAL-SHADOW-MVP-2026-08-22-R1-001,training
G25-0058,2025,2,Baylor,Colorado,HOME,12.20833,14.287411,1.420919,-10.0,L,GOVERNED_SYNTHETIC_CONTROL: 2025 Synthetic Season LOCKED v3.xlsx sha256=77bb6ecf48e805b62b8af238bbf7b3534330df0405b8a170e48bb5c234d532ba via Power_Crunch_Research_Lab_Phase5D_WalkForward_Package.zip; corpus self-declares SCHEDULE SYNTHETIC / SCORES SIMULATED; authorised for MVP_CONTROL_CALIBRATION_ONLY by R-V3-MVP-CONTROL-CORPUS-01,2025-09-06,2026-08-22,3.0.0-internal-shadow-mvp,V3-INTERNAL-SHADOW-MVP-2026-08-22-R1-001,training
G25-0058,2025,2,Colorado,Baylor,AWAY,14.287411,12.20833,-1.420919,10.0,W,GOVERNED_SYNTHETIC_CONTROL: 2025 Synthetic Season LOCKED v3.xlsx sha256=77bb6ecf48e805b62b8af238bbf7b3534330df0405b8a170e48bb5c234d532ba via Power_Crunch_Research_Lab_Phase5D_WalkForward_Package.zip; corpus self-declares SCHEDULE SYNTHETIC / SCORES SIMULATED; authorised for MVP_CONTROL_CALIBRATION_ONLY by R-V3-MVP-CONTROL-CORPUS-01,2025-09-06,2026-08-22,3.0.0-internal-shadow-mvp,V3-INTERNAL-SHADOW-MVP-2026-08-22-R1-001,training
G25-0059,2025,2,Boise State,Florida Atlantic,HOME,10.997383,-9.943856,24.441239,-7.0,L,GOVERNED_SYNTHETIC_CONTROL: 2025 Synthetic Season LOCKED v3.xlsx sha256=77bb6ecf48e805b62b8af238bbf7b3534330df0405b8a170e48bb5c234d532ba via Power_Crunch_Research_Lab_Phase5D_WalkForward_Package.zip; corpus self-declares SCHEDULE SYNTHETIC / SCORES SIMULATED; authorised for MVP_CONTROL_CALIBRATION_ONLY by R-V3-MVP-CONTROL-CORPUS-01,2025-09-06,2026-08-22,3.0.0-internal-shadow-mvp,V3-INTERNAL-SHADOW-MVP-2026-08-22-R1-001,training
G25-0059,2025,2,Florida Atlantic,Boise State,AWAY,-9.943856,10.997383,-24.441239,7.0,W,GOVERNED_SYNTHETIC_CONTROL: 2025 Synthetic Season LOCKED v3.xlsx sha256=77bb6ecf48e805b62b8af238bbf7b3534330df0405b8a170e48bb5c234d532ba via Power_Crunch_Research_Lab_Phase5D_WalkForward_Package.zip; corpus self-declares SCHEDULE SYNTHETIC / SCORES SIMULATED; authorised for MVP_CONTROL_CALIBRATION_ONLY by R-V3-MVP-CONTROL-CORPUS-01,2025-09-06,2026-08-22,3.0.0-internal-shadow-mvp,V3-INTERNAL-SHADOW-MVP-2026-08-22-R1-001,training
G25-0060,2025,2,California,Miami,HOME,0.194333,12.299165,-8.604832,-41.0,L,GOVERNED_SYNTHETIC_CONTROL: 2025 Synthetic Season LOCKED v3.xlsx sha256=77bb6ecf48e805b62b8af238bbf7b3534330df0405b8a170e48bb5c234d532ba via Power_Crunch_Research_Lab_Phase5D_WalkForward_Package.zip; corpus self-declares SCHEDULE SYNTHETIC / SCORES SIMULATED; authorised for MVP_CONTROL_CALIBRATION_ONLY by R-V3-MVP-CONTROL-CORPUS-01,2025-09-06,2026-08-22,3.0.0-internal-shadow-mvp,V3-INTERNAL-SHADOW-MVP-2026-08-22-R1-001,training
G25-0060,2025,2,Miami,California,AWAY,12.299165,0.194333,8.604832,41.0,W,GOVERNED_SYNTHETIC_CONTROL: 2025 Synthetic Season LOCKED v3.xlsx sha256=77bb6ecf48e805b62b8af238bbf7b3534330df0405b8a170e48bb5c234d532ba via Power_Crunch_Research_Lab_Phase5D_WalkForward_Package.zip; corpus self-declares SCHEDULE SYNTHETIC / SCORES SIMULATED; authorised for MVP_CONTROL_CALIBRATION_ONLY by R-V3-MVP-CONTROL-CORPUS-01,2025-09-06,2026-08-22,3.0.0-internal-shadow-mvp,V3-INTERNAL-SHADOW-MVP-2026-08-22-R1-001,training
G25-0061,2025,2,Clemson,North Carolina,HOME,9.032362,0.444721,12.087641,-8.0,L,GOVERNED_SYNTHETIC_CONTROL: 2025 Synthetic Season LOCKED v3.xlsx sha256=77bb6ecf48e805b62b8af238bbf7b3534330df0405b8a170e48bb5c234d532ba via Power_Crunch_Research_Lab_Phase5D_WalkForward_Package.zip; corpus self-declares SCHEDULE SYNTHETIC / SCORES SIMULATED; authorised for MVP_CONTROL_CALIBRATION_ONLY by R-V3-MVP-CONTROL-CORPUS-01,2025-09-06,2026-08-22,3.0.0-internal-shadow-mvp,V3-INTERNAL-SHADOW-MVP-2026-08-22-R1-001,training
G25-0061,2025,2,North Carolina,Clemson,AWAY,0.444721,9.032362,-12.087641,8.0,W,GOVERNED_SYNTHETIC_CONTROL: 2025 Synthetic Season LOCKED v3.xlsx sha256=77bb6ecf48e805b62b8af238bbf7b3534330df0405b8a170e48bb5c234d532ba via Power_Crunch_Research_Lab_Phase5D_WalkForward_Package.zip; corpus self-declares SCHEDULE SYNTHETIC / SCORES SIMULATED; authorised for MVP_CONTROL_CALIBRATION_ONLY by R-V3-MVP-CONTROL-CORPUS-01,2025-09-06,2026-08-22,3.0.0-internal-shadow-mvp,V3-INTERNAL-SHADOW-MVP-2026-08-22-R1-001,training
G25-0062,2025,2,Coastal Carolina,West Virginia,HOME,-8.285752,2.189339,-6.97509,-11.0,L,GOVERNED_SYNTHETIC_CONTROL: 2025 Synthetic Season LOCKED v3.xlsx sha256=77bb6ecf48e805b62b8af238bbf7b3534330df0405b8a170e48bb5c234d532ba via Power_Crunch_Research_Lab_Phase5D_WalkForward_Package.zip; corpus self-declares SCHEDULE SYNTHETIC / SCORES SIMULATED; authorised for MVP_CONTROL_CALIBRATION_ONLY by R-V3-MVP-CONTROL-CORPUS-01,2025-09-06,2026-08-22,3.0.0-internal-shadow-mvp,V3-INTERNAL-SHADOW-MVP-2026-08-22-R1-001,training
G25-0062,2025,2,West Virginia,Coastal Carolina,AWAY,2.189339,-8.285752,6.97509,11.0,W,GOVERNED_SYNTHETIC_CONTROL: 2025 Synthetic Season LOCKED v3.xlsx sha256=77bb6ecf48e805b62b8af238bbf7b3534330df0405b8a170e48bb5c234d532ba via Power_Crunch_Research_Lab_Phase5D_WalkForward_Package.zip; corpus self-declares SCHEDULE SYNTHETIC / SCORES SIMULATED; authorised for MVP_CONTROL_CALIBRATION_ONLY by R-V3-MVP-CONTROL-CORPUS-01,2025-09-06,2026-08-22,3.0.0-internal-shadow-mvp,V3-INTERNAL-SHADOW-MVP-2026-08-22-R1-001,training
G25-0063,2025,2,Colgate,Oregon State,HOME,-18.825652,-8.27489,-7.050762,1.0,W,GOVERNED_SYNTHETIC_CONTROL: 2025 Synthetic Season LOCKED v3.xlsx sha256=77bb6ecf48e805b62b8af238bbf7b3534330df0405b8a170e48bb5c234d532ba via Power_Crunch_Research_Lab_Phase5D_WalkForward_Package.zip; corpus self-declares SCHEDULE SYNTHETIC / SCORES SIMULATED; authorised for MVP_CONTROL_CALIBRATION_ONLY by R-V3-MVP-CONTROL-CORPUS-01,2025-09-06,2026-08-22,3.0.0-internal-shadow-mvp,V3-INTERNAL-SHADOW-MVP-2026-08-22-R1-001,training
G25-0063,2025,2,Oregon State,Colgate,AWAY,-8.27489,-18.825652,7.050762,-1.0,L,GOVERNED_SYNTHETIC_CONTROL: 2025 Synthetic Season LOCKED v3.xlsx sha256=77bb6ecf48e805b62b8af238bbf7b3534330df0405b8a170e48bb5c234d532ba via Power_Crunch_Research_Lab_Phase5D_WalkForward_Package.zip; corpus self-declares SCHEDULE SYNTHETIC / SCORES SIMULATED; authorised for MVP_CONTROL_CALIBRATION_ONLY by R-V3-MVP-CONTROL-CORPUS-01,2025-09-06,2026-08-22,3.0.0-internal-shadow-mvp,V3-INTERNAL-SHADOW-MVP-2026-08-22-R1-001,training
G25-0064,2025,2,Colorado State,Temple,HOME,-3.984543,-15.903651,15.419108,-21.0,L,GOVERNED_SYNTHETIC_CONTROL: 2025 Synthetic Season LOCKED v3.xlsx sha256=77bb6ecf48e805b62b8af238bbf7b3534330df0405b8a170e48bb5c234d532ba via Power_Crunch_Research_Lab_Phase5D_WalkForward_Package.zip; corpus self-declares SCHEDULE SYNTHETIC / SCORES SIMULATED; authorised for MVP_CONTROL_CALIBRATION_ONLY by R-V3-MVP-CONTROL-CORPUS-01,2025-09-06,2026-08-22,3.0.0-internal-shadow-mvp,V3-INTERNAL-SHADOW-MVP-2026-08-22-R1-001,training
G25-0064,2025,2,Temple,Colorado State,AWAY,-15.903651,-3.984543,-15.419108,21.0,W,GOVERNED_SYNTHETIC_CONTROL: 2025 Synthetic Season LOCKED v3.xlsx sha256=77bb6ecf48e805b62b8af238bbf7b3534330df0405b8a170e48bb5c234d532ba via Power_Crunch_Research_Lab_Phase5D_WalkForward_Package.zip; corpus self-declares SCHEDULE SYNTHETIC / SCORES SIMULATED; authorised for MVP_CONTROL_CALIBRATION_ONLY by R-V3-MVP-CONTROL-CORPUS-01,2025-09-06,2026-08-22,3.0.0-internal-shadow-mvp,V3-INTERNAL-SHADOW-MVP-2026-08-22-R1-001,training
G25-0066,2025,2,Florida International,Rice,HOME,-8.312119,-5.914261,1.102142,-3.0,L,GOVERNED_SYNTHETIC_CONTROL: 2025 Synthetic Season LOCKED v3.xlsx sha256=77bb6ecf48e805b62b8af238bbf7b3534330df0405b8a170e48bb5c234d532ba via Power_Crunch_Research_Lab_Phase5D_WalkForward_Package.zip; corpus self-declares SCHEDULE SYNTHETIC / SCORES SIMULATED; authorised for MVP_CONTROL_CALIBRATION_ONLY by R-V3-MVP-CONTROL-CORPUS-01,2025-09-06,2026-08-22,3.0.0-internal-shadow-mvp,V3-INTERNAL-SHADOW-MVP-2026-08-22-R1-001,training
G25-0066,2025,2,Rice,Florida International,AWAY,-5.914261,-8.312119,-1.102142,3.0,W,GOVERNED_SYNTHETIC_CONTROL: 2025 Synthetic Season LOCKED v3.xlsx sha256=77bb6ecf48e805b62b8af238bbf7b3534330df0405b8a170e48bb5c234d532ba via Power_Crunch_Research_Lab_Phase5D_WalkForward_Package.zip; corpus self-declares SCHEDULE SYNTHETIC / SCORES SIMULATED; authorised for MVP_CONTROL_CALIBRATION_ONLY by R-V3-MVP-CONTROL-CORPUS-01,2025-09-06,2026-08-22,3.0.0-internal-shadow-mvp,V3-INTERNAL-SHADOW-MVP-2026-08-22-R1-001,training
G25-0067,2025,2,Georgia State,Old Dominion,HOME,-5.361003,-2.037263,0.17626,-4.0,L,GOVERNED_SYNTHETIC_CONTROL: 2025 Synthetic Season LOCKED v3.xlsx sha256=77bb6ecf48e805b62b8af238bbf7b3534330df0405b8a170e48bb5c234d532ba via Power_Crunch_Research_Lab_Phase5D_WalkForward_Package.zip; corpus self-declares SCHEDULE SYNTHETIC / SCORES SIMULATED; authorised for MVP_CONTROL_CALIBRATION_ONLY by R-V3-MVP-CONTROL-CORPUS-01,2025-09-06,2026-08-22,3.0.0-internal-shadow-mvp,V3-INTERNAL-SHADOW-MVP-2026-08-22-R1-001,training
G25-0067,2025,2,Old Dominion,Georgia State,AWAY,-2.037263,-5.361003,-0.17626,4.0,W,GOVERNED_SYNTHETIC_CONTROL: 2025 Synthetic Season LOCKED v3.xlsx sha256=77bb6ecf48e805b62b8af238bbf7b3534330df0405b8a170e48bb5c234d532ba via Power_Crunch_Research_Lab_Phase5D_WalkForward_Package.zip; corpus self-declares SCHEDULE SYNTHETIC / SCORES SIMULATED; authorised for MVP_CONTROL_CALIBRATION_ONLY by R-V3-MVP-CONTROL-CORPUS-01,2025-09-06,2026-08-22,3.0.0-internal-shadow-mvp,V3-INTERNAL-SHADOW-MVP-2026-08-22-R1-001,training
G25-0068,2025,2,Hawaii,Florida State,HOME,-7.334224,-5.52339,1.689167,4.0,W,GOVERNED_SYNTHETIC_CONTROL: 2025 Synthetic Season LOCKED v3.xlsx sha256=77bb6ecf48e805b62b8af238bbf7b3534330df0405b8a170e48bb5c234d532ba via Power_Crunch_Research_Lab_Phase5D_WalkForward_Package.zip; corpus self-declares SCHEDULE SYNTHETIC / SCORES SIMULATED; authorised for MVP_CONTROL_CALIBRATION_ONLY by R-V3-MVP-CONTROL-CORPUS-01,2025-09-06,2026-08-22,3.0.0-internal-shadow-mvp,V3-INTERNAL-SHADOW-MVP-2026-08-22-R1-001,training
G25-0068,2025,2,Florida State,Hawaii,AWAY,-5.52339,-7.334224,-1.689167,-4.0,L,GOVERNED_SYNTHETIC_CONTROL: 2025 Synthetic Season LOCKED v3.xlsx sha256=77bb6ecf48e805b62b8af238bbf7b3534330df0405b8a170e48bb5c234d532ba via Power_Crunch_Research_Lab_Phase5D_WalkForward_Package.zip; corpus self-declares SCHEDULE SYNTHETIC / SCORES SIMULATED; authorised for MVP_CONTROL_CALIBRATION_ONLY by R-V3-MVP-CONTROL-CORPUS-01,2025-09-06,2026-08-22,3.0.0-internal-shadow-mvp,V3-INTERNAL-SHADOW-MVP-2026-08-22-R1-001,training
G25-0069,2025,2,Holy Cross,Harvard,HOME,-23.562391,-17.099603,-2.962789,-4.0,L,GOVERNED_SYNTHETIC_CONTROL: 2025 Synthetic Season LOCKED v3.xlsx sha256=77bb6ecf48e805b62b8af238bbf7b3534330df0405b8a170e48bb5c234d532ba via Power_Crunch_Research_Lab_Phase5D_WalkForward_Package.zip; corpus self-declares SCHEDULE SYNTHETIC / SCORES SIMULATED; authorised for MVP_CONTROL_CALIBRATION_ONLY by R-V3-MVP-CONTROL-CORPUS-01,2025-09-06,2026-08-22,3.0.0-internal-shadow-mvp,V3-INTERNAL-SHADOW-MVP-2026-08-22-R1-001,training
G25-0069,2025,2,Harvard,Holy Cross,AWAY,-17.099603,-23.562391,2.962789,4.0,W,GOVERNED_SYNTHETIC_CONTROL: 2025 Synthetic Season LOCKED v3.xlsx sha256=77bb6ecf48e805b62b8af238bbf7b3534330df0405b8a170e48bb5c234d532ba via Power_Crunch_Research_Lab_Phase5D_WalkForward_Package.zip; corpus self-declares SCHEDULE SYNTHETIC / SCORES SIMULATED; authorised for MVP_CONTROL_CALIBRATION_ONLY by R-V3-MVP-CONTROL-CORPUS-01,2025-09-06,2026-08-22,3.0.0-internal-shadow-mvp,V3-INTERNAL-SHADOW-MVP-2026-08-22-R1-001,training
G25-0070,2025,2,Indiana,Cincinnati,HOME,13.990784,4.758615,12.732169,46.0,W,GOVERNED_SYNTHETIC_CONTROL: 2025 Synthetic Season LOCKED v3.xlsx sha256=77bb6ecf48e805b62b8af238bbf7b3534330df0405b8a170e48bb5c234d532ba via Power_Crunch_Research_Lab_Phase5D_WalkForward_Package.zip; corpus self-declares SCHEDULE SYNTHETIC / SCORES SIMULATED; authorised for MVP_CONTROL_CALIBRATION_ONLY by R-V3-MVP-CONTROL-CORPUS-01,2025-09-06,2026-08-22,3.0.0-internal-shadow-mvp,V3-INTERNAL-SHADOW-MVP-2026-08-22-R1-001,training
G25-0070,2025,2,Cincinnati,Indiana,AWAY,4.758615,13.990784,-12.732169,-46.0,L,GOVERNED_SYNTHETIC_CONTROL: 2025 Synthetic Season LOCKED v3.xlsx sha256=77bb6ecf48e805b62b8af238bbf7b3534330df0405b8a170e48bb5c234d532ba via Power_Crunch_Research_Lab_Phase5D_WalkForward_Package.zip; corpus self-declares SCHEDULE SYNTHETIC / SCORES SIMULATED; authorised for MVP_CONTROL_CALIBRATION_ONLY by R-V3-MVP-CONTROL-CORPUS-01,2025-09-06,2026-08-22,3.0.0-internal-shadow-mvp,V3-INTERNAL-SHADOW-MVP-2026-08-22-R1-001,training
G25-0071,2025,2,Iowa State,Houston,HOME,13.137773,-1.072684,17.710457,-1.0,L,GOVERNED_SYNTHETIC_CONTROL: 2025 Synthetic Season LOCKED v3.xlsx sha256=77bb6ecf48e805b62b8af238bbf7b3534330df0405b8a170e48bb5c234d532ba via Power_Crunch_Research_Lab_Phase5D_WalkForward_Package.zip; corpus self-declares SCHEDULE SYNTHETIC / SCORES SIMULATED; authorised for MVP_CONTROL_CALIBRATION_ONLY by R-V3-MVP-CONTROL-CORPUS-01,2025-09-06,2026-08-22,3.0.0-internal-shadow-mvp,V3-INTERNAL-SHADOW-MVP-2026-08-22-R1-001,training
G25-0071,2025,2,Houston,Iowa State,AWAY,-1.072684,13.137773,-17.710457,1.0,W,GOVERNED_SYNTHETIC_CONTROL: 2025 Synthetic Season LOCKED v3.xlsx sha256=77bb6ecf48e805b62b8af238bbf7b3534330df0405b8a170e48bb5c234d532ba via Power_Crunch_Research_Lab_Phase5D_WalkForward_Package.zip; corpus self-declares SCHEDULE SYNTHETIC / SCORES SIMULATED; authorised for MVP_CONTROL_CALIBRATION_ONLY by R-V3-MVP-CONTROL-CORPUS-01,2025-09-06,2026-08-22,3.0.0-internal-shadow-mvp,V3-INTERNAL-SHADOW-MVP-2026-08-22-R1-001,training
G25-0072,2025,2,Kansas,TCU,HOME,8.398327,7.77341,4.124918,-41.0,L,GOVERNED_SYNTHETIC_CONTROL: 2025 Synthetic Season LOCKED v3.xlsx sha256=77bb6ecf48e805b62b8af238bbf7b3534330df0405b8a170e48bb5c234d532ba via Power_Crunch_Research_Lab_Phase5D_WalkForward_Package.zip; corpus self-declares SCHEDULE SYNTHETIC / SCORES SIMULATED; authorised for MVP_CONTROL_CALIBRATION_ONLY by R-V3-MVP-CONTROL-CORPUS-01,2025-09-06,2026-08-22,3.0.0-internal-shadow-mvp,V3-INTERNAL-SHADOW-MVP-2026-08-22-R1-001,training
G25-0072,2025,2,TCU,Kansas,AWAY,7.77341,8.398327,-4.124918,41.0,W,GOVERNED_SYNTHETIC_CONTROL: 2025 Synthetic Season LOCKED v3.xlsx sha256=77bb6ecf48e805b62b8af238bbf7b3534330df0405b8a170e48bb5c234d532ba via Power_Crunch_Research_Lab_Phase5D_WalkForward_Package.zip; corpus self-declares SCHEDULE SYNTHETIC / SCORES SIMULATED; authorised for MVP_CONTROL_CALIBRATION_ONLY by R-V3-MVP-CONTROL-CORPUS-01,2025-09-06,2026-08-22,3.0.0-internal-shadow-mvp,V3-INTERNAL-SHADOW-MVP-2026-08-22-R1-001,training
G25-0073,2025,2,Kansas State,Utah,HOME,10.992702,4.069888,10.422814,-25.0,L,GOVERNED_SYNTHETIC_CONTROL: 2025 Synthetic Season LOCKED v3.xlsx sha256=77bb6ecf48e805b62b8af238bbf7b3534330df0405b8a170e48bb5c234d532ba via Power_Crunch_Research_Lab_Phase5D_WalkForward_Package.zip; corpus self-declares SCHEDULE SYNTHETIC / SCORES SIMULATED; authorised for MVP_CONTROL_CALIBRATION_ONLY by R-V3-MVP-CONTROL-CORPUS-01,2025-09-06,2026-08-22,3.0.0-internal-shadow-mvp,V3-INTERNAL-SHADOW-MVP-2026-08-22-R1-001,training
G25-0073,2025,2,Utah,Kansas State,AWAY,4.069888,10.992702,-10.422814,25.0,W,GOVERNED_SYNTHETIC_CONTROL: 2025 Synthetic Season LOCKED v3.xlsx sha256=77bb6ecf48e805b62b8af238bbf7b3534330df0405b8a170e48bb5c234d532ba via Power_Crunch_Research_Lab_Phase5D_WalkForward_Package.zip; corpus self-declares SCHEDULE SYNTHETIC / SCORES SIMULATED; authorised for MVP_CONTROL_CALIBRATION_ONLY by R-V3-MVP-CONTROL-CORPUS-01,2025-09-06,2026-08-22,3.0.0-internal-shadow-mvp,V3-INTERNAL-SHADOW-MVP-2026-08-22-R1-001,training
G25-0074,2025,2,LSU,Georgia,HOME,8.929553,13.526636,-1.097083,-52.0,L,GOVERNED_SYNTHETIC_CONTROL: 2025 Synthetic Season LOCKED v3.xlsx sha256=77bb6ecf48e805b62b8af238bbf7b3534330df0405b8a170e48bb5c234d532ba via Power_Crunch_Research_Lab_Phase5D_WalkForward_Package.zip; corpus self-declares SCHEDULE SYNTHETIC / SCORES SIMULATED; authorised for MVP_CONTROL_CALIBRATION_ONLY by R-V3-MVP-CONTROL-CORPUS-01,2025-09-06,2026-08-22,3.0.0-internal-shadow-mvp,V3-INTERNAL-SHADOW-MVP-2026-08-22-R1-001,training
G25-0074,2025,2,Georgia,LSU,AWAY,13.526636,8.929553,1.097083,52.0,W,GOVERNED_SYNTHETIC_CONTROL: 2025 Synthetic Season LOCKED v3.xlsx sha256=77bb6ecf48e805b62b8af238bbf7b3534330df0405b8a170e48bb5c234d532ba via Power_Crunch_Research_Lab_Phase5D_WalkForward_Package.zip; corpus self-declares SCHEDULE SYNTHETIC / SCORES SIMULATED; authorised for MVP_CONTROL_CALIBRATION_ONLY by R-V3-MVP-CONTROL-CORPUS-01,2025-09-06,2026-08-22,3.0.0-internal-shadow-mvp,V3-INTERNAL-SHADOW-MVP-2026-08-22-R1-001,training
G25-0075,2025,2,Lehigh,Virginia,HOME,-19.938674,-3.127729,-13.310945,-14.0,L,GOVERNED_SYNTHETIC_CONTROL: 2025 Synthetic Season LOCKED v3.xlsx sha256=77bb6ecf48e805b62b8af238bbf7b3534330df0405b8a170e48bb5c234d532ba via Power_Crunch_Research_Lab_Phase5D_WalkForward_Package.zip; corpus self-declares SCHEDULE SYNTHETIC / SCORES SIMULATED; authorised for MVP_CONTROL_CALIBRATION_ONLY by R-V3-MVP-CONTROL-CORPUS-01,2025-09-06,2026-08-22,3.0.0-internal-shadow-mvp,V3-INTERNAL-SHADOW-MVP-2026-08-22-R1-001,training
G25-0075,2025,2,Virginia,Lehigh,AWAY,-3.127729,-19.938674,13.310945,14.0,W,GOVERNED_SYNTHETIC_CONTROL: 2025 Synthetic Season LOCKED v3.xlsx sha256=77bb6ecf48e805b62b8af238bbf7b3534330df0405b8a170e48bb5c234d532ba via Power_Crunch_Research_Lab_Phase5D_WalkForward_Package.zip; corpus self-declares SCHEDULE SYNTHETIC / SCORES SIMULATED; authorised for MVP_CONTROL_CALIBRATION_ONLY by R-V3-MVP-CONTROL-CORPUS-01,2025-09-06,2026-08-22,3.0.0-internal-shadow-mvp,V3-INTERNAL-SHADOW-MVP-2026-08-22-R1-001,training
G25-0076,2025,2,Louisiana Tech,Princeton,HOME,-10.52921,-17.850324,10.821114,3.0,W,GOVERNED_SYNTHETIC_CONTROL: 2025 Synthetic Season LOCKED v3.xlsx sha256=77bb6ecf48e805b62b8af238bbf7b3534330df0405b8a170e48bb5c234d532ba via Power_Crunch_Research_Lab_Phase5D_WalkForward_Package.zip; corpus self-declares SCHEDULE SYNTHETIC / SCORES SIMULATED; authorised for MVP_CONTROL_CALIBRATION_ONLY by R-V3-MVP-CONTROL-CORPUS-01,2025-09-06,2026-08-22,3.0.0-internal-shadow-mvp,V3-INTERNAL-SHADOW-MVP-2026-08-22-R1-001,training
G25-0076,2025,2,Princeton,Louisiana Tech,AWAY,-17.850324,-10.52921,-10.821114,-3.0,L,GOVERNED_SYNTHETIC_CONTROL: 2025 Synthetic Season LOCKED v3.xlsx sha256=77bb6ecf48e805b62b8af238bbf7b3534330df0405b8a170e48bb5c234d532ba via Power_Crunch_Research_Lab_Phase5D_WalkForward_Package.zip; corpus self-declares SCHEDULE SYNTHETIC / SCORES SIMULATED; authorised for MVP_CONTROL_CALIBRATION_ONLY by R-V3-MVP-CONTROL-CORPUS-01,2025-09-06,2026-08-22,3.0.0-internal-shadow-mvp,V3-INTERNAL-SHADOW-MVP-2026-08-22-R1-001,training
G25-0077,2025,2,Marshall,Memphis,HOME,1.989598,7.215966,-1.726368,4.0,W,GOVERNED_SYNTHETIC_CONTROL: 2025 Synthetic Season LOCKED v3.xlsx sha256=77bb6ecf48e805b62b8af238bbf7b3534330df0405b8a170e48bb5c234d532ba via Power_Crunch_Research_Lab_Phase5D_WalkForward_Package.zip; corpus self-declares SCHEDULE SYNTHETIC / SCORES SIMULATED; authorised for MVP_CONTROL_CALIBRATION_ONLY by R-V3-MVP-CONTROL-CORPUS-01,2025-09-06,2026-08-22,3.0.0-internal-shadow-mvp,V3-INTERNAL-SHADOW-MVP-2026-08-22-R1-001,training
G25-0077,2025,2,Memphis,Marshall,AWAY,7.215966,1.989598,1.726368,-4.0,L,GOVERNED_SYNTHETIC_CONTROL: 2025 Synthetic Season LOCKED v3.xlsx sha256=77bb6ecf48e805b62b8af238bbf7b3534330df0405b8a170e48bb5c234d532ba via Power_Crunch_Research_Lab_Phase5D_WalkForward_Package.zip; corpus self-declares SCHEDULE SYNTHETIC / SCORES SIMULATED; authorised for MVP_CONTROL_CALIBRATION_ONLY by R-V3-MVP-CONTROL-CORPUS-01,2025-09-06,2026-08-22,3.0.0-internal-shadow-mvp,V3-INTERNAL-SHADOW-MVP-2026-08-22-R1-001,training
G25-0078,2025,2,Maryland,Illinois,HOME,-0.830141,3.767812,-1.097954,-47.0,L,GOVERNED_SYNTHETIC_CONTROL: 2025 Synthetic Season LOCKED v3.xlsx sha256=77bb6ecf48e805b62b8af238bbf7b3534330df0405b8a170e48bb5c234d532ba via Power_Crunch_Research_Lab_Phase5D_WalkForward_Package.zip; corpus self-declares SCHEDULE SYNTHETIC / SCORES SIMULATED; authorised for MVP_CONTROL_CALIBRATION_ONLY by R-V3-MVP-CONTROL-CORPUS-01,2025-09-06,2026-08-22,3.0.0-internal-shadow-mvp,V3-INTERNAL-SHADOW-MVP-2026-08-22-R1-001,training
G25-0078,2025,2,Illinois,Maryland,AWAY,3.767812,-0.830141,1.097954,47.0,W,GOVERNED_SYNTHETIC_CONTROL: 2025 Synthetic Season LOCKED v3.xlsx sha256=77bb6ecf48e805b62b8af238bbf7b3534330df0405b8a170e48bb5c234d532ba via Power_Crunch_Research_Lab_Phase5D_WalkForward_Package.zip; corpus self-declares SCHEDULE SYNTHETIC / SCORES SIMULATED; authorised for MVP_CONTROL_CALIBRATION_ONLY by R-V3-MVP-CONTROL-CORPUS-01,2025-09-06,2026-08-22,3.0.0-internal-shadow-mvp,V3-INTERNAL-SHADOW-MVP-2026-08-22-R1-001,training
G25-0079,2025,2,Michigan,Nebraska,HOME,5.929106,4.137967,5.291139,51.0,W,GOVERNED_SYNTHETIC_CONTROL: 2025 Synthetic Season LOCKED v3.xlsx sha256=77bb6ecf48e805b62b8af238bbf7b3534330df0405b8a170e48bb5c234d532ba via Power_Crunch_Research_Lab_Phase5D_WalkForward_Package.zip; corpus self-declares SCHEDULE SYNTHETIC / SCORES SIMULATED; authorised for MVP_CONTROL_CALIBRATION_ONLY by R-V3-MVP-CONTROL-CORPUS-01,2025-09-06,2026-08-22,3.0.0-internal-shadow-mvp,V3-INTERNAL-SHADOW-MVP-2026-08-22-R1-001,training
G25-0079,2025,2,Nebraska,Michigan,AWAY,4.137967,5.929106,-5.291139,-51.0,L,GOVERNED_SYNTHETIC_CONTROL: 2025 Synthetic Season LOCKED v3.xlsx sha256=77bb6ecf48e805b62b8af238bbf7b3534330df0405b8a170e48bb5c234d532ba via Power_Crunch_Research_Lab_Phase5D_WalkForward_Package.zip; corpus self-declares SCHEDULE SYNTHETIC / SCORES SIMULATED; authorised for MVP_CONTROL_CALIBRATION_ONLY by R-V3-MVP-CONTROL-CORPUS-01,2025-09-06,2026-08-22,3.0.0-internal-shadow-mvp,V3-INTERNAL-SHADOW-MVP-2026-08-22-R1-001,training
G25-0080,2025,2,Michigan State,Buffalo,HOME,-6.514181,-8.687879,5.673698,5.0,W,GOVERNED_SYNTHETIC_CONTROL: 2025 Synthetic Season LOCKED v3.xlsx sha256=77bb6ecf48e805b62b8af238bbf7b3534330df0405b8a170e48bb5c234d532ba via Power_Crunch_Research_Lab_Phase5D_WalkForward_Package.zip; corpus self-declares SCHEDULE SYNTHETIC / SCORES SIMULATED; authorised for MVP_CONTROL_CALIBRATION_ONLY by R-V3-MVP-CONTROL-CORPUS-01,2025-09-06,2026-08-22,3.0.0-internal-shadow-mvp,V3-INTERNAL-SHADOW-MVP-2026-08-22-R1-001,training
G25-0080,2025,2,Buffalo,Michigan State,AWAY,-8.687879,-6.514181,-5.673698,-5.0,L,GOVERNED_SYNTHETIC_CONTROL: 2025 Synthetic Season LOCKED v3.xlsx sha256=77bb6ecf48e805b62b8af238bbf7b3534330df0405b8a170e48bb5c234d532ba via Power_Crunch_Research_Lab_Phase5D_WalkForward_Package.zip; corpus self-declares SCHEDULE SYNTHETIC / SCORES SIMULATED; authorised for MVP_CONTROL_CALIBRATION_ONLY by R-V3-MVP-CONTROL-CORPUS-01,2025-09-06,2026-08-22,3.0.0-internal-shadow-mvp,V3-INTERNAL-SHADOW-MVP-2026-08-22-R1-001,training
G25-0081,2025,2,Minnesota,Oregon,HOME,7.401791,16.370827,-5.469036,-45.0,L,GOVERNED_SYNTHETIC_CONTROL: 2025 Synthetic Season LOCKED v3.xlsx sha256=77bb6ecf48e805b62b8af238bbf7b3534330df0405b8a170e48bb5c234d532ba via Power_Crunch_Research_Lab_Phase5D_WalkForward_Package.zip; corpus self-declares SCHEDULE SYNTHETIC / SCORES SIMULATED; authorised for MVP_CONTROL_CALIBRATION_ONLY by R-V3-MVP-CONTROL-CORPUS-01,2025-09-06,2026-08-22,3.0.0-internal-shadow-mvp,V3-INTERNAL-SHADOW-MVP-2026-08-22-R1-001,training
G25-0081,2025,2,Oregon,Minnesota,AWAY,16.370827,7.401791,5.469036,45.0,W,GOVERNED_SYNTHETIC_CONTROL: 2025 Synthetic Season LOCKED v3.xlsx sha256=77bb6ecf48e805b62b8af238bbf7b3534330df0405b8a170e48bb5c234d532ba via Power_Crunch_Research_Lab_Phase5D_WalkForward_Package.zip; corpus self-declares SCHEDULE SYNTHETIC / SCORES SIMULATED; authorised for MVP_CONTROL_CALIBRATION_ONLY by R-V3-MVP-CONTROL-CORPUS-01,2025-09-06,2026-08-22,3.0.0-internal-shadow-mvp,V3-INTERNAL-SHADOW-MVP-2026-08-22-R1-001,training
G25-0082,2025,2,Mississippi State,South Carolina,HOME,-6.712865,11.325253,-14.538118,25.0,W,GOVERNED_SYNTHETIC_CONTROL: 2025 Synthetic Season LOCKED v3.xlsx sha256=77bb6ecf48e805b62b8af238bbf7b3534330df0405b8a170e48bb5c234d532ba via Power_Crunch_Research_Lab_Phase5D_WalkForward_Package.zip; corpus self-declares SCHEDULE SYNTHETIC / SCORES SIMULATED; authorised for MVP_CONTROL_CALIBRATION_ONLY by R-V3-MVP-CONTROL-CORPUS-01,2025-09-06,2026-08-22,3.0.0-internal-shadow-mvp,V3-INTERNAL-SHADOW-MVP-2026-08-22-R1-001,training
G25-0082,2025,2,South Carolina,Mississippi State,AWAY,11.325253,-6.712865,14.538118,-25.0,L,GOVERNED_SYNTHETIC_CONTROL: 2025 Synthetic Season LOCKED v3.xlsx sha256=77bb6ecf48e805b62b8af238bbf7b3534330df0405b8a170e48bb5c234d532ba via Power_Crunch_Research_Lab_Phase5D_WalkForward_Package.zip; corpus self-declares SCHEDULE SYNTHETIC / SCORES SIMULATED; authorised for MVP_CONTROL_CALIBRATION_ONLY by R-V3-MVP-CONTROL-CORPUS-01,2025-09-06,2026-08-22,3.0.0-internal-shadow-mvp,V3-INTERNAL-SHADOW-MVP-2026-08-22-R1-001,training
G25-0083,2025,2,Missouri,Texas Tech,HOME,4.936789,9.531054,-1.094265,-24.0,L,GOVERNED_SYNTHETIC_CONTROL: 2025 Synthetic Season LOCKED v3.xlsx sha256=77bb6ecf48e805b62b8af238bbf7b3534330df0405b8a170e48bb5c234d532ba via Power_Crunch_Research_Lab_Phase5D_WalkForward_Package.zip; corpus self-declares SCHEDULE SYNTHETIC / SCORES SIMULATED; authorised for MVP_CONTROL_CALIBRATION_ONLY by R-V3-MVP-CONTROL-CORPUS-01,2025-09-06,2026-08-22,3.0.0-internal-shadow-mvp,V3-INTERNAL-SHADOW-MVP-2026-08-22-R1-001,training
G25-0083,2025,2,Texas Tech,Missouri,AWAY,9.531054,4.936789,1.094265,24.0,W,GOVERNED_SYNTHETIC_CONTROL: 2025 Synthetic Season LOCKED v3.xlsx sha256=77bb6ecf48e805b62b8af238bbf7b3534330df0405b8a170e48bb5c234d532ba via Power_Crunch_Research_Lab_Phase5D_WalkForward_Package.zip; corpus self-declares SCHEDULE SYNTHETIC / SCORES SIMULATED; authorised for MVP_CONTROL_CALIBRATION_ONLY by R-V3-MVP-CONTROL-CORPUS-01,2025-09-06,2026-08-22,3.0.0-internal-shadow-mvp,V3-INTERNAL-SHADOW-MVP-2026-08-22-R1-001,training
G25-0084,2025,2,Navy,East Carolina,HOME,2.920755,1.937644,4.483111,5.0,W,GOVERNED_SYNTHETIC_CONTROL: 2025 Synthetic Season LOCKED v3.xlsx sha256=77bb6ecf48e805b62b8af238bbf7b3534330df0405b8a170e48bb5c234d532ba via Power_Crunch_Research_Lab_Phase5D_WalkForward_Package.zip; corpus self-declares SCHEDULE SYNTHETIC / SCORES SIMULATED; authorised for MVP_CONTROL_CALIBRATION_ONLY by R-V3-MVP-CONTROL-CORPUS-01,2025-09-06,2026-08-22,3.0.0-internal-shadow-mvp,V3-INTERNAL-SHADOW-MVP-2026-08-22-R1-001,training
G25-0084,2025,2,East Carolina,Navy,AWAY,1.937644,2.920755,-4.483111,-5.0,L,GOVERNED_SYNTHETIC_CONTROL: 2025 Synthetic Season LOCKED v3.xlsx sha256=77bb6ecf48e805b62b8af238bbf7b3534330df0405b8a170e48bb5c234d532ba via Power_Crunch_Research_Lab_Phase5D_WalkForward_Package.zip; corpus self-declares SCHEDULE SYNTHETIC / SCORES SIMULATED; authorised for MVP_CONTROL_CALIBRATION_ONLY by R-V3-MVP-CONTROL-CORPUS-01,2025-09-06,2026-08-22,3.0.0-internal-shadow-mvp,V3-INTERNAL-SHADOW-MVP-2026-08-22-R1-001,training
G25-0085,2025,2,Nevada,San Diego State,HOME,-7.262123,-13.467285,9.705162,3.0,W,GOVERNED_SYNTHETIC_CONTROL: 2025 Synthetic Season LOCKED v3.xlsx sha256=77bb6ecf48e805b62b8af238bbf7b3534330df0405b8a170e48bb5c234d532ba via Power_Crunch_Research_Lab_Phase5D_WalkForward_Package.zip; corpus self-declares SCHEDULE SYNTHETIC / SCORES SIMULATED; authorised for MVP_CONTROL_CALIBRATION_ONLY by R-V3-MVP-CONTROL-CORPUS-01,2025-09-06,2026-08-22,3.0.0-internal-shadow-mvp,V3-INTERNAL-SHADOW-MVP-2026-08-22-R1-001,training
G25-0085,2025,2,San Diego State,Nevada,AWAY,-13.467285,-7.262123,-9.705162,-3.0,L,GOVERNED_SYNTHETIC_CONTROL: 2025 Synthetic Season LOCKED v3.xlsx sha256=77bb6ecf48e805b62b8af238bbf7b3534330df0405b8a170e48bb5c234d532ba via Power_Crunch_Research_Lab_Phase5D_WalkForward_Package.zip; corpus self-declares SCHEDULE SYNTHETIC / SCORES SIMULATED; authorised for MVP_CONTROL_CALIBRATION_ONLY by R-V3-MVP-CONTROL-CORPUS-01,2025-09-06,2026-08-22,3.0.0-internal-shadow-mvp,V3-INTERNAL-SHADOW-MVP-2026-08-22-R1-001,training
G25-0086,2025,2,New Mexico,Tulane,HOME,-8.678371,10.802494,-15.980865,-32.0,L,GOVERNED_SYNTHETIC_CONTROL: 2025 Synthetic Season LOCKED v3.xlsx sha256=77bb6ecf48e805b62b8af238bbf7b3534330df0405b8a170e48bb5c234d532ba via Power_Crunch_Research_Lab_Phase5D_WalkForward_Package.zip; corpus self-declares SCHEDULE SYNTHETIC / SCORES SIMULATED; authorised for MVP_CONTROL_CALIBRATION_ONLY by R-V3-MVP-CONTROL-CORPUS-01,2025-09-06,2026-08-22,3.0.0-internal-shadow-mvp,V3-INTERNAL-SHADOW-MVP-2026-08-22-R1-001,training
G25-0086,2025,2,Tulane,New Mexico,AWAY,10.802494,-8.678371,15.980865,32.0,W,GOVERNED_SYNTHETIC_CONTROL: 2025 Synthetic Season LOCKED v3.xlsx sha256=77bb6ecf48e805b62b8af238bbf7b3534330df0405b8a170e48bb5c234d532ba via Power_Crunch_Research_Lab_Phase5D_WalkForward_Package.zip; corpus self-declares SCHEDULE SYNTHETIC / SCORES SIMULATED; authorised for MVP_CONTROL_CALIBRATION_ONLY by R-V3-MVP-CONTROL-CORPUS-01,2025-09-06,2026-08-22,3.0.0-internal-shadow-mvp,V3-INTERNAL-SHADOW-MVP-2026-08-22-R1-001,training
G25-0087,2025,2,Ohio State,Purdue,HOME,17.088745,-16.341563,36.930308,40.0,W,GOVERNED_SYNTHETIC_CONTROL: 2025 Synthetic Season LOCKED v3.xlsx sha256=77bb6ecf48e805b62b8af238bbf7b3534330df0405b8a170e48bb5c234d532ba via Power_Crunch_Research_Lab_Phase5D_WalkForward_Package.zip; corpus self-declares SCHEDULE SYNTHETIC / SCORES SIMULATED; authorised for MVP_CONTROL_CALIBRATION_ONLY by R-V3-MVP-CONTROL-CORPUS-01,2025-09-06,2026-08-22,3.0.0-internal-shadow-mvp,V3-INTERNAL-SHADOW-MVP-2026-08-22-R1-001,training
G25-0087,2025,2,Purdue,Ohio State,AWAY,-16.341563,17.088745,-36.930308,-40.0,L,GOVERNED_SYNTHETIC_CONTROL: 2025 Synthetic Season LOCKED v3.xlsx sha256=77bb6ecf48e805b62b8af238bbf7b3534330df0405b8a170e48bb5c234d532ba via Power_Crunch_Research_Lab_Phase5D_WalkForward_Package.zip; corpus self-declares SCHEDULE SYNTHETIC / SCORES SIMULATED; authorised for MVP_CONTROL_CALIBRATION_ONLY by R-V3-MVP-CONTROL-CORPUS-01,2025-09-06,2026-08-22,3.0.0-internal-shadow-mvp,V3-INTERNAL-SHADOW-MVP-2026-08-22-R1-001,training
G25-0088,2025,2,Oklahoma State,UCF,HOME,-3.588918,2.986734,-3.075652,14.0,W,GOVERNED_SYNTHETIC_CONTROL: 2025 Synthetic Season LOCKED v3.xlsx sha256=77bb6ecf48e805b62b8af238bbf7b3534330df0405b8a170e48bb5c234d532ba via Power_Crunch_Research_Lab_Phase5D_WalkForward_Package.zip; corpus self-declares SCHEDULE SYNTHETIC / SCORES SIMULATED; authorised for MVP_CONTROL_CALIBRATION_ONLY by R-V3-MVP-CONTROL-CORPUS-01,2025-09-06,2026-08-22,3.0.0-internal-shadow-mvp,V3-INTERNAL-SHADOW-MVP-2026-08-22-R1-001,training
G25-0088,2025,2,UCF,Oklahoma State,AWAY,2.986734,-3.588918,3.075652,-14.0,L,GOVERNED_SYNTHETIC_CONTROL: 2025 Synthetic Season LOCKED v3.xlsx sha256=77bb6ecf48e805b62b8af238bbf7b3534330df0405b8a170e48bb5c234d532ba via Power_Crunch_Research_Lab_Phase5D_WalkForward_Package.zip; corpus self-declares SCHEDULE SYNTHETIC / SCORES SIMULATED; authorised for MVP_CONTROL_CALIBRATION_ONLY by R-V3-MVP-CONTROL-CORPUS-01,2025-09-06,2026-08-22,3.0.0-internal-shadow-mvp,V3-INTERNAL-SHADOW-MVP-2026-08-22-R1-001,training
G25-0089,2025,2,Ole Miss,Texas,HOME,15.276663,17.023118,1.753545,10.0,W,GOVERNED_SYNTHETIC_CONTROL: 2025 Synthetic Season LOCKED v3.xlsx sha256=77bb6ecf48e805b62b8af238bbf7b3534330df0405b8a170e48bb5c234d532ba via Power_Crunch_Research_Lab_Phase5D_WalkForward_Package.zip; corpus self-declares SCHEDULE SYNTHETIC / SCORES SIMULATED; authorised for MVP_CONTROL_CALIBRATION_ONLY by R-V3-MVP-CONTROL-CORPUS-01,2025-09-06,2026-08-22,3.0.0-internal-shadow-mvp,V3-INTERNAL-SHADOW-MVP-2026-08-22-R1-001,training
G25-0089,2025,2,Texas,Ole Miss,AWAY,17.023118,15.276663,-1.753545,-10.0,L,GOVERNED_SYNTHETIC_CONTROL: 2025 Synthetic Season LOCKED v3.xlsx sha256=77bb6ecf48e805b62b8af238bbf7b3534330df0405b8a170e48bb5c234d532ba via Power_Crunch_Research_Lab_Phase5D_WalkForward_Package.zip; corpus self-declares SCHEDULE SYNTHETIC / SCORES SIMULATED; authorised for MVP_CONTROL_CALIBRATION_ONLY by R-V3-MVP-CONTROL-CORPUS-01,2025-09-06,2026-08-22,3.0.0-internal-shadow-mvp,V3-INTERNAL-SHADOW-MVP-2026-08-22-R1-001,training
G25-0090,2025,2,Penn State,Iowa,HOME,13.198517,8.761074,7.937443,-55.0,L,GOVERNED_SYNTHETIC_CONTROL: 2025 Synthetic Season LOCKED v3.xlsx sha256=77bb6ecf48e805b62b8af238bbf7b3534330df0405b8a170e48bb5c234d532ba via Power_Crunch_Research_Lab_Phase5D_WalkForward_Package.zip; corpus self-declares SCHEDULE SYNTHETIC / SCORES SIMULATED; authorised for MVP_CONTROL_CALIBRATION_ONLY by R-V3-MVP-CONTROL-CORPUS-01,2025-09-06,2026-08-22,3.0.0-internal-shadow-mvp,V3-INTERNAL-SHADOW-MVP-2026-08-22-R1-001,training
G25-0090,2025,2,Iowa,Penn State,AWAY,8.761074,13.198517,-7.937443,55.0,W,GOVERNED_SYNTHETIC_CONTROL: 2025 Synthetic Season LOCKED v3.xlsx sha256=77bb6ecf48e805b62b8af238bbf7b3534330df0405b8a170e48bb5c234d532ba via Power_Crunch_Research_Lab_Phase5D_WalkForward_Package.zip; corpus self-declares SCHEDULE SYNTHETIC / SCORES SIMULATED; authorised for MVP_CONTROL_CALIBRATION_ONLY by R-V3-MVP-CONTROL-CORPUS-01,2025-09-06,2026-08-22,3.0.0-internal-shadow-mvp,V3-INTERNAL-SHADOW-MVP-2026-08-22-R1-001,training
G25-0091,2025,2,Pittsburgh,Boston College,HOME,0.401008,3.923945,-0.022937,17.0,W,GOVERNED_SYNTHETIC_CONTROL: 2025 Synthetic Season LOCKED v3.xlsx sha256=77bb6ecf48e805b62b8af238bbf7b3534330df0405b8a170e48bb5c234d532ba via Power_Crunch_Research_Lab_Phase5D_WalkForward_Package.zip; corpus self-declares SCHEDULE SYNTHETIC / SCORES SIMULATED; authorised for MVP_CONTROL_CALIBRATION_ONLY by R-V3-MVP-CONTROL-CORPUS-01,2025-09-06,2026-08-22,3.0.0-internal-shadow-mvp,V3-INTERNAL-SHADOW-MVP-2026-08-22-R1-001,training
G25-0091,2025,2,Boston College,Pittsburgh,AWAY,3.923945,0.401008,0.022937,-17.0,L,GOVERNED_SYNTHETIC_CONTROL: 2025 Synthetic Season LOCKED v3.xlsx sha256=77bb6ecf48e805b62b8af238bbf7b3534330df0405b8a170e48bb5c234d532ba via Power_Crunch_Research_Lab_Phase5D_WalkForward_Package.zip; corpus self-declares SCHEDULE SYNTHETIC / SCORES SIMULATED; authorised for MVP_CONTROL_CALIBRATION_ONLY by R-V3-MVP-CONTROL-CORPUS-01,2025-09-06,2026-08-22,3.0.0-internal-shadow-mvp,V3-INTERNAL-SHADOW-MVP-2026-08-22-R1-001,training
G25-0092,2025,2,SMU,Virginia Tech,HOME,15.022981,8.382445,10.140536,10.0,W,GOVERNED_SYNTHETIC_CONTROL: 2025 Synthetic Season LOCKED v3.xlsx sha256=77bb6ecf48e805b62b8af238bbf7b3534330df0405b8a170e48bb5c234d532ba via Power_Crunch_Research_Lab_Phase5D_WalkForward_Package.zip; corpus self-declares SCHEDULE SYNTHETIC / SCORES SIMULATED; authorised for MVP_CONTROL_CALIBRATION_ONLY by R-V3-MVP-CONTROL-CORPUS-01,2025-09-06,2026-08-22,3.0.0-internal-shadow-mvp,V3-INTERNAL-SHADOW-MVP-2026-08-22-R1-001,training
G25-0092,2025,2,Virginia Tech,SMU,AWAY,8.382445,15.022981,-10.140536,-10.0,L,GOVERNED_SYNTHETIC_CONTROL: 2025 Synthetic Season LOCKED v3.xlsx sha256=77bb6ecf48e805b62b8af238bbf7b3534330df0405b8a170e48bb5c234d532ba via Power_Crunch_Research_Lab_Phase5D_WalkForward_Package.zip; corpus self-declares SCHEDULE SYNTHETIC / SCORES SIMULATED; authorised for MVP_CONTROL_CALIBRATION_ONLY by R-V3-MVP-CONTROL-CORPUS-01,2025-09-06,2026-08-22,3.0.0-internal-shadow-mvp,V3-INTERNAL-SHADOW-MVP-2026-08-22-R1-001,training
G25-0093,2025,2,Stanford,Duke,HOME,-5.752052,3.608707,-5.860759,-23.0,L,GOVERNED_SYNTHETIC_CONTROL: 2025 Synthetic Season LOCKED v3.xlsx sha256=77bb6ecf48e805b62b8af238bbf7b3534330df0405b8a170e48bb5c234d532ba via Power_Crunch_Research_Lab_Phase5D_WalkForward_Package.zip; corpus self-declares SCHEDULE SYNTHETIC / SCORES SIMULATED; authorised for MVP_CONTROL_CALIBRATION_ONLY by R-V3-MVP-CONTROL-CORPUS-01,2025-09-06,2026-08-22,3.0.0-internal-shadow-mvp,V3-INTERNAL-SHADOW-MVP-2026-08-22-R1-001,training
G25-0093,2025,2,Duke,Stanford,AWAY,3.608707,-5.752052,5.860759,23.0,W,GOVERNED_SYNTHETIC_CONTROL: 2025 Synthetic Season LOCKED v3.xlsx sha256=77bb6ecf48e805b62b8af238bbf7b3534330df0405b8a170e48bb5c234d532ba via Power_Crunch_Research_Lab_Phase5D_WalkForward_Package.zip; corpus self-declares SCHEDULE SYNTHETIC / SCORES SIMULATED; authorised for MVP_CONTROL_CALIBRATION_ONLY by R-V3-MVP-CONTROL-CORPUS-01,2025-09-06,2026-08-22,3.0.0-internal-shadow-mvp,V3-INTERNAL-SHADOW-MVP-2026-08-22-R1-001,training
G25-0094,2025,2,Syracuse,Notre Dame,HOME,4.189202,22.838334,-15.149131,-40.0,L,GOVERNED_SYNTHETIC_CONTROL: 2025 Synthetic Season LOCKED v3.xlsx sha256=77bb6ecf48e805b62b8af238bbf7b3534330df0405b8a170e48bb5c234d532ba via Power_Crunch_Research_Lab_Phase5D_WalkForward_Package.zip; corpus self-declares SCHEDULE SYNTHETIC / SCORES SIMULATED; authorised for MVP_CONTROL_CALIBRATION_ONLY by R-V3-MVP-CONTROL-CORPUS-01,2025-09-06,2026-08-22,3.0.0-internal-shadow-mvp,V3-INTERNAL-SHADOW-MVP-2026-08-22-R1-001,training
G25-0094,2025,2,Notre Dame,Syracuse,AWAY,22.838334,4.189202,15.149131,40.0,W,GOVERNED_SYNTHETIC_CONTROL: 2025 Synthetic Season LOCKED v3.xlsx sha256=77bb6ecf48e805b62b8af238bbf7b3534330df0405b8a170e48bb5c234d532ba via Power_Crunch_Research_Lab_Phase5D_WalkForward_Package.zip; corpus self-declares SCHEDULE SYNTHETIC / SCORES SIMULATED; authorised for MVP_CONTROL_CALIBRATION_ONLY by R-V3-MVP-CONTROL-CORPUS-01,2025-09-06,2026-08-22,3.0.0-internal-shadow-mvp,V3-INTERNAL-SHADOW-MVP-2026-08-22-R1-001,training
G25-0095,2025,2,Tennessee,NC State,HOME,12.251514,-3.484643,19.236157,48.0,W,GOVERNED_SYNTHETIC_CONTROL: 2025 Synthetic Season LOCKED v3.xlsx sha256=77bb6ecf48e805b62b8af238bbf7b3534330df0405b8a170e48bb5c234d532ba via Power_Crunch_Research_Lab_Phase5D_WalkForward_Package.zip; corpus self-declares SCHEDULE SYNTHETIC / SCORES SIMULATED; authorised for MVP_CONTROL_CALIBRATION_ONLY by R-V3-MVP-CONTROL-CORPUS-01,2025-09-06,2026-08-22,3.0.0-internal-shadow-mvp,V3-INTERNAL-SHADOW-MVP-2026-08-22-R1-001,training
G25-0095,2025,2,NC State,Tennessee,AWAY,-3.484643,12.251514,-19.236157,-48.0,L,GOVERNED_SYNTHETIC_CONTROL: 2025 Synthetic Season LOCKED v3.xlsx sha256=77bb6ecf48e805b62b8af238bbf7b3534330df0405b8a170e48bb5c234d532ba via Power_Crunch_Research_Lab_Phase5D_WalkForward_Package.zip; corpus self-declares SCHEDULE SYNTHETIC / SCORES SIMULATED; authorised for MVP_CONTROL_CALIBRATION_ONLY by R-V3-MVP-CONTROL-CORPUS-01,2025-09-06,2026-08-22,3.0.0-internal-shadow-mvp,V3-INTERNAL-SHADOW-MVP-2026-08-22-R1-001,training
G25-0096,2025,2,Troy,Georgia Southern,HOME,-4.870924,-4.057828,2.686905,3.0,W,GOVERNED_SYNTHETIC_CONTROL: 2025 Synthetic Season LOCKED v3.xlsx sha256=77bb6ecf48e805b62b8af238bbf7b3534330df0405b8a170e48bb5c234d532ba via Power_Crunch_Research_Lab_Phase5D_WalkForward_Package.zip; corpus self-declares SCHEDULE SYNTHETIC / SCORES SIMULATED; authorised for MVP_CONTROL_CALIBRATION_ONLY by R-V3-MVP-CONTROL-CORPUS-01,2025-09-06,2026-08-22,3.0.0-internal-shadow-mvp,V3-INTERNAL-SHADOW-MVP-2026-08-22-R1-001,training
G25-0096,2025,2,Georgia Southern,Troy,AWAY,-4.057828,-4.870924,-2.686905,-3.0,L,GOVERNED_SYNTHETIC_CONTROL: 2025 Synthetic Season LOCKED v3.xlsx sha256=77bb6ecf48e805b62b8af238bbf7b3534330df0405b8a170e48bb5c234d532ba via Power_Crunch_Research_Lab_Phase5D_WalkForward_Package.zip; corpus self-declares SCHEDULE SYNTHETIC / SCORES SIMULATED; authorised for MVP_CONTROL_CALIBRATION_ONLY by R-V3-MVP-CONTROL-CORPUS-01,2025-09-06,2026-08-22,3.0.0-internal-shadow-mvp,V3-INTERNAL-SHADOW-MVP-2026-08-22-R1-001,training
G25-0097,2025,2,Tulsa,Texas State,HOME,-25.291274,4.102521,-25.893795,19.0,W,GOVERNED_SYNTHETIC_CONTROL: 2025 Synthetic Season LOCKED v3.xlsx sha256=77bb6ecf48e805b62b8af238bbf7b3534330df0405b8a170e48bb5c234d532ba via Power_Crunch_Research_Lab_Phase5D_WalkForward_Package.zip; corpus self-declares SCHEDULE SYNTHETIC / SCORES SIMULATED; authorised for MVP_CONTROL_CALIBRATION_ONLY by R-V3-MVP-CONTROL-CORPUS-01,2025-09-06,2026-08-22,3.0.0-internal-shadow-mvp,V3-INTERNAL-SHADOW-MVP-2026-08-22-R1-001,training
G25-0097,2025,2,Texas State,Tulsa,AWAY,4.102521,-25.291274,25.893795,-19.0,L,GOVERNED_SYNTHETIC_CONTROL: 2025 Synthetic Season LOCKED v3.xlsx sha256=77bb6ecf48e805b62b8af238bbf7b3534330df0405b8a170e48bb5c234d532ba via Power_Crunch_Research_Lab_Phase5D_WalkForward_Package.zip; corpus self-declares SCHEDULE SYNTHETIC / SCORES SIMULATED; authorised for MVP_CONTROL_CALIBRATION_ONLY by R-V3-MVP-CONTROL-CORPUS-01,2025-09-06,2026-08-22,3.0.0-internal-shadow-mvp,V3-INTERNAL-SHADOW-MVP-2026-08-22-R1-001,training
G25-0098,2025,2,UAB,Auburn,HOME,-11.086441,0.524534,-8.110975,-40.0,L,GOVERNED_SYNTHETIC_CONTROL: 2025 Synthetic Season LOCKED v3.xlsx sha256=77bb6ecf48e805b62b8af238bbf7b3534330df0405b8a170e48bb5c234d532ba via Power_Crunch_Research_Lab_Phase5D_WalkForward_Package.zip; corpus self-declares SCHEDULE SYNTHETIC / SCORES SIMULATED; authorised for MVP_CONTROL_CALIBRATION_ONLY by R-V3-MVP-CONTROL-CORPUS-01,2025-09-06,2026-08-22,3.0.0-internal-shadow-mvp,V3-INTERNAL-SHADOW-MVP-2026-08-22-R1-001,training
G25-0098,2025,2,Auburn,UAB,AWAY,0.524534,-11.086441,8.110975,40.0,W,GOVERNED_SYNTHETIC_CONTROL: 2025 Synthetic Season LOCKED v3.xlsx sha256=77bb6ecf48e805b62b8af238bbf7b3534330df0405b8a170e48bb5c234d532ba via Power_Crunch_Research_Lab_Phase5D_WalkForward_Package.zip; corpus self-declares SCHEDULE SYNTHETIC / SCORES SIMULATED; authorised for MVP_CONTROL_CALIBRATION_ONLY by R-V3-MVP-CONTROL-CORPUS-01,2025-09-06,2026-08-22,3.0.0-internal-shadow-mvp,V3-INTERNAL-SHADOW-MVP-2026-08-22-R1-001,training
G25-0099,2025,2,UCLA,Kentucky,HOME,0.677684,-1.405004,5.582688,-20.0,L,GOVERNED_SYNTHETIC_CONTROL: 2025 Synthetic Season LOCKED v3.xlsx sha256=77bb6ecf48e805b62b8af238bbf7b3534330df0405b8a170e48bb5c234d532ba via Power_Crunch_Research_Lab_Phase5D_WalkForward_Package.zip; corpus self-declares SCHEDULE SYNTHETIC / SCORES SIMULATED; authorised for MVP_CONTROL_CALIBRATION_ONLY by R-V3-MVP-CONTROL-CORPUS-01,2025-09-06,2026-08-22,3.0.0-internal-shadow-mvp,V3-INTERNAL-SHADOW-MVP-2026-08-22-R1-001,training
G25-0099,2025,2,Kentucky,UCLA,AWAY,-1.405004,0.677684,-5.582688,20.0,W,GOVERNED_SYNTHETIC_CONTROL: 2025 Synthetic Season LOCKED v3.xlsx sha256=77bb6ecf48e805b62b8af238bbf7b3534330df0405b8a170e48bb5c234d532ba via Power_Crunch_Research_Lab_Phase5D_WalkForward_Package.zip; corpus self-declares SCHEDULE SYNTHETIC / SCORES SIMULATED; authorised for MVP_CONTROL_CALIBRATION_ONLY by R-V3-MVP-CONTROL-CORPUS-01,2025-09-06,2026-08-22,3.0.0-internal-shadow-mvp,V3-INTERNAL-SHADOW-MVP-2026-08-22-R1-001,training
G25-0100,2025,2,UTEP,New Mexico State,HOME,-12.314483,-14.30157,5.487086,-10.0,L,GOVERNED_SYNTHETIC_CONTROL: 2025 Synthetic Season LOCKED v3.xlsx sha256=77bb6ecf48e805b62b8af238bbf7b3534330df0405b8a170e48bb5c234d532ba via Power_Crunch_Research_Lab_Phase5D_WalkForward_Package.zip; corpus self-declares SCHEDULE SYNTHETIC / SCORES SIMULATED; authorised for MVP_CONTROL_CALIBRATION_ONLY by R-V3-MVP-CONTROL-CORPUS-01,2025-09-06,2026-08-22,3.0.0-internal-shadow-mvp,V3-INTERNAL-SHADOW-MVP-2026-08-22-R1-001,training
G25-0100,2025,2,New Mexico State,UTEP,AWAY,-14.30157,-12.314483,-5.487086,10.0,W,GOVERNED_SYNTHETIC_CONTROL: 2025 Synthetic Season LOCKED v3.xlsx sha256=77bb6ecf48e805b62b8af238bbf7b3534330df0405b8a170e48bb5c234d532ba via Power_Crunch_Research_Lab_Phase5D_WalkForward_Package.zip; corpus self-declares SCHEDULE SYNTHETIC / SCORES SIMULATED; authorised for MVP_CONTROL_CALIBRATION_ONLY by R-V3-MVP-CONTROL-CORPUS-01,2025-09-06,2026-08-22,3.0.0-internal-shadow-mvp,V3-INTERNAL-SHADOW-MVP-2026-08-22-R1-001,training
G25-0101,2025,2,UTSA,North Texas,HOME,-4.663617,-7.469067,6.30545,-23.0,L,GOVERNED_SYNTHETIC_CONTROL: 2025 Synthetic Season LOCKED v3.xlsx sha256=77bb6ecf48e805b62b8af238bbf7b3534330df0405b8a170e48bb5c234d532ba via Power_Crunch_Research_Lab_Phase5D_WalkForward_Package.zip; corpus self-declares SCHEDULE SYNTHETIC / SCORES SIMULATED; authorised for MVP_CONTROL_CALIBRATION_ONLY by R-V3-MVP-CONTROL-CORPUS-01,2025-09-06,2026-08-22,3.0.0-internal-shadow-mvp,V3-INTERNAL-SHADOW-MVP-2026-08-22-R1-001,training
G25-0101,2025,2,North Texas,UTSA,AWAY,-7.469067,-4.663617,-6.30545,23.0,W,GOVERNED_SYNTHETIC_CONTROL: 2025 Synthetic Season LOCKED v3.xlsx sha256=77bb6ecf48e805b62b8af238bbf7b3534330df0405b8a170e48bb5c234d532ba via Power_Crunch_Research_Lab_Phase5D_WalkForward_Package.zip; corpus self-declares SCHEDULE SYNTHETIC / SCORES SIMULATED; authorised for MVP_CONTROL_CALIBRATION_ONLY by R-V3-MVP-CONTROL-CORPUS-01,2025-09-06,2026-08-22,3.0.0-internal-shadow-mvp,V3-INTERNAL-SHADOW-MVP-2026-08-22-R1-001,training
G25-0102,2025,2,Utah State,UConn,HOME,-9.504868,-0.791824,-5.213043,-42.0,L,GOVERNED_SYNTHETIC_CONTROL: 2025 Synthetic Season LOCKED v3.xlsx sha256=77bb6ecf48e805b62b8af238bbf7b3534330df0405b8a170e48bb5c234d532ba via Power_Crunch_Research_Lab_Phase5D_WalkForward_Package.zip; corpus self-declares SCHEDULE SYNTHETIC / SCORES SIMULATED; authorised for MVP_CONTROL_CALIBRATION_ONLY by R-V3-MVP-CONTROL-CORPUS-01,2025-09-06,2026-08-22,3.0.0-internal-shadow-mvp,V3-INTERNAL-SHADOW-MVP-2026-08-22-R1-001,training
G25-0102,2025,2,UConn,Utah State,AWAY,-0.791824,-9.504868,5.213043,42.0,W,GOVERNED_SYNTHETIC_CONTROL: 2025 Synthetic Season LOCKED v3.xlsx sha256=77bb6ecf48e805b62b8af238bbf7b3534330df0405b8a170e48bb5c234d532ba via Power_Crunch_Research_Lab_Phase5D_WalkForward_Package.zip; corpus self-declares SCHEDULE SYNTHETIC / SCORES SIMULATED; authorised for MVP_CONTROL_CALIBRATION_ONLY by R-V3-MVP-CONTROL-CORPUS-01,2025-09-06,2026-08-22,3.0.0-internal-shadow-mvp,V3-INTERNAL-SHADOW-MVP-2026-08-22-R1-001,training
G25-0103,2025,2,Vanderbilt,Oklahoma,HOME,6.168161,4.120726,5.547435,1.0,W,GOVERNED_SYNTHETIC_CONTROL: 2025 Synthetic Season LOCKED v3.xlsx sha256=77bb6ecf48e805b62b8af238bbf7b3534330df0405b8a170e48bb5c234d532ba via Power_Crunch_Research_Lab_Phase5D_WalkForward_Package.zip; corpus self-declares SCHEDULE SYNTHETIC / SCORES SIMULATED; authorised for MVP_CONTROL_CALIBRATION_ONLY by R-V3-MVP-CONTROL-CORPUS-01,2025-09-06,2026-08-22,3.0.0-internal-shadow-mvp,V3-INTERNAL-SHADOW-MVP-2026-08-22-R1-001,training
G25-0103,2025,2,Oklahoma,Vanderbilt,AWAY,4.120726,6.168161,-5.547435,-1.0,L,GOVERNED_SYNTHETIC_CONTROL: 2025 Synthetic Season LOCKED v3.xlsx sha256=77bb6ecf48e805b62b8af238bbf7b3534330df0405b8a170e48bb5c234d532ba via Power_Crunch_Research_Lab_Phase5D_WalkForward_Package.zip; corpus self-declares SCHEDULE SYNTHETIC / SCORES SIMULATED; authorised for MVP_CONTROL_CALIBRATION_ONLY by R-V3-MVP-CONTROL-CORPUS-01,2025-09-06,2026-08-22,3.0.0-internal-shadow-mvp,V3-INTERNAL-SHADOW-MVP-2026-08-22-R1-001,training
G25-0104,2025,2,Wake Forest,Georgia Tech,HOME,-2.492428,4.587751,-3.580179,-8.0,L,GOVERNED_SYNTHETIC_CONTROL: 2025 Synthetic Season LOCKED v3.xlsx sha256=77bb6ecf48e805b62b8af238bbf7b3534330df0405b8a170e48bb5c234d532ba via Power_Crunch_Research_Lab_Phase5D_WalkForward_Package.zip; corpus self-declares SCHEDULE SYNTHETIC / SCORES SIMULATED; authorised for MVP_CONTROL_CALIBRATION_ONLY by R-V3-MVP-CONTROL-CORPUS-01,2025-09-06,2026-08-22,3.0.0-internal-shadow-mvp,V3-INTERNAL-SHADOW-MVP-2026-08-22-R1-001,training
G25-0104,2025,2,Georgia Tech,Wake Forest,AWAY,4.587751,-2.492428,3.580179,8.0,W,GOVERNED_SYNTHETIC_CONTROL: 2025 Synthetic Season LOCKED v3.xlsx sha256=77bb6ecf48e805b62b8af238bbf7b3534330df0405b8a170e48bb5c234d532ba via Power_Crunch_Research_Lab_Phase5D_WalkForward_Package.zip; corpus self-declares SCHEDULE SYNTHETIC / SCORES SIMULATED; authorised for MVP_CONTROL_CALIBRATION_ONLY by R-V3-MVP-CONTROL-CORPUS-01,2025-09-06,2026-08-22,3.0.0-internal-shadow-mvp,V3-INTERNAL-SHADOW-MVP-2026-08-22-R1-001,training
G25-0105,2025,2,Washington,Rutgers,HOME,3.095609,0.155646,6.439963,50.0,W,GOVERNED_SYNTHETIC_CONTROL: 2025 Synthetic Season LOCKED v3.xlsx sha256=77bb6ecf48e805b62b8af238bbf7b3534330df0405b8a170e48bb5c234d532ba via Power_Crunch_Research_Lab_Phase5D_WalkForward_Package.zip; corpus self-declares SCHEDULE SYNTHETIC / SCORES SIMULATED; authorised for MVP_CONTROL_CALIBRATION_ONLY by R-V3-MVP-CONTROL-CORPUS-01,2025-09-06,2026-08-22,3.0.0-internal-shadow-mvp,V3-INTERNAL-SHADOW-MVP-2026-08-22-R1-001,training
G25-0105,2025,2,Rutgers,Washington,AWAY,0.155646,3.095609,-6.439963,-50.0,L,GOVERNED_SYNTHETIC_CONTROL: 2025 Synthetic Season LOCKED v3.xlsx sha256=77bb6ecf48e805b62b8af238bbf7b3534330df0405b8a170e48bb5c234d532ba via Power_Crunch_Research_Lab_Phase5D_WalkForward_Package.zip; corpus self-declares SCHEDULE SYNTHETIC / SCORES SIMULATED; authorised for MVP_CONTROL_CALIBRATION_ONLY by R-V3-MVP-CONTROL-CORPUS-01,2025-09-06,2026-08-22,3.0.0-internal-shadow-mvp,V3-INTERNAL-SHADOW-MVP-2026-08-22-R1-001,training
G25-0106,2025,2,Wyoming,Fresno State,HOME,-7.83226,-2.44182,-1.89044,3.0,W,GOVERNED_SYNTHETIC_CONTROL: 2025 Synthetic Season LOCKED v3.xlsx sha256=77bb6ecf48e805b62b8af238bbf7b3534330df0405b8a170e48bb5c234d532ba via Power_Crunch_Research_Lab_Phase5D_WalkForward_Package.zip; corpus self-declares SCHEDULE SYNTHETIC / SCORES SIMULATED; authorised for MVP_CONTROL_CALIBRATION_ONLY by R-V3-MVP-CONTROL-CORPUS-01,2025-09-06,2026-08-22,3.0.0-internal-shadow-mvp,V3-INTERNAL-SHADOW-MVP-2026-08-22-R1-001,training
G25-0106,2025,2,Fresno State,Wyoming,AWAY,-2.44182,-7.83226,1.89044,-3.0,L,GOVERNED_SYNTHETIC_CONTROL: 2025 Synthetic Season LOCKED v3.xlsx sha256=77bb6ecf48e805b62b8af238bbf7b3534330df0405b8a170e48bb5c234d532ba via Power_Crunch_Research_Lab_Phase5D_WalkForward_Package.zip; corpus self-declares SCHEDULE SYNTHETIC / SCORES SIMULATED; authorised for MVP_CONTROL_CALIBRATION_ONLY by R-V3-MVP-CONTROL-CORPUS-01,2025-09-06,2026-08-22,3.0.0-internal-shadow-mvp,V3-INTERNAL-SHADOW-MVP-2026-08-22-R1-001,training
G25-0107,2025,2,Yale,Penn,HOME,-16.967187,-16.125273,2.658087,-32.0,L,GOVERNED_SYNTHETIC_CONTROL: 2025 Synthetic Season LOCKED v3.xlsx sha256=77bb6ecf48e805b62b8af238bbf7b3534330df0405b8a170e48bb5c234d532ba via Power_Crunch_Research_Lab_Phase5D_WalkForward_Package.zip; corpus self-declares SCHEDULE SYNTHETIC / SCORES SIMULATED; authorised for MVP_CONTROL_CALIBRATION_ONLY by R-V3-MVP-CONTROL-CORPUS-01,2025-09-06,2026-08-22,3.0.0-internal-shadow-mvp,V3-INTERNAL-SHADOW-MVP-2026-08-22-R1-001,training
G25-0107,2025,2,Penn,Yale,AWAY,-16.125273,-16.967187,-2.658087,32.0,W,GOVERNED_SYNTHETIC_CONTROL: 2025 Synthetic Season LOCKED v3.xlsx sha256=77bb6ecf48e805b62b8af238bbf7b3534330df0405b8a170e48bb5c234d532ba via Power_Crunch_Research_Lab_Phase5D_WalkForward_Package.zip; corpus self-declares SCHEDULE SYNTHETIC / SCORES SIMULATED; authorised for MVP_CONTROL_CALIBRATION_ONLY by R-V3-MVP-CONTROL-CORPUS-01,2025-09-06,2026-08-22,3.0.0-internal-shadow-mvp,V3-INTERNAL-SHADOW-MVP-2026-08-22-R1-001,training
G25-0108,2025,3,Air Force,Nevada,HOME,-5.695016,-6.849325,4.654309,5.0,W,GOVERNED_SYNTHETIC_CONTROL: 2025 Synthetic Season LOCKED v3.xlsx sha256=77bb6ecf48e805b62b8af238bbf7b3534330df0405b8a170e48bb5c234d532ba via Power_Crunch_Research_Lab_Phase5D_WalkForward_Package.zip; corpus self-declares SCHEDULE SYNTHETIC / SCORES SIMULATED; authorised for MVP_CONTROL_CALIBRATION_ONLY by R-V3-MVP-CONTROL-CORPUS-01,2025-09-13,2026-08-22,3.0.0-internal-shadow-mvp,V3-INTERNAL-SHADOW-MVP-2026-08-22-R1-001,training
G25-0108,2025,3,Nevada,Air Force,AWAY,-6.849325,-5.695016,-4.654309,-5.0,L,GOVERNED_SYNTHETIC_CONTROL: 2025 Synthetic Season LOCKED v3.xlsx sha256=77bb6ecf48e805b62b8af238bbf7b3534330df0405b8a170e48bb5c234d532ba via Power_Crunch_Research_Lab_Phase5D_WalkForward_Package.zip; corpus self-declares SCHEDULE SYNTHETIC / SCORES SIMULATED; authorised for MVP_CONTROL_CALIBRATION_ONLY by R-V3-MVP-CONTROL-CORPUS-01,2025-09-13,2026-08-22,3.0.0-internal-shadow-mvp,V3-INTERNAL-SHADOW-MVP-2026-08-22-R1-001,training
G25-0109,2025,3,Arizona,BYU,HOME,-0.59057,11.488354,-8.578924,-8.0,L,GOVERNED_SYNTHETIC_CONTROL: 2025 Synthetic Season LOCKED v3.xlsx sha256=77bb6ecf48e805b62b8af238bbf7b3534330df0405b8a170e48bb5c234d532ba via Power_Crunch_Research_Lab_Phase5D_WalkForward_Package.zip; corpus self-declares SCHEDULE SYNTHETIC / SCORES SIMULATED; authorised for MVP_CONTROL_CALIBRATION_ONLY by R-V3-MVP-CONTROL-CORPUS-01,2025-09-13,2026-08-22,3.0.0-internal-shadow-mvp,V3-INTERNAL-SHADOW-MVP-2026-08-22-R1-001,training
G25-0109,2025,3,BYU,Arizona,AWAY,11.488354,-0.59057,8.578924,8.0,W,GOVERNED_SYNTHETIC_CONTROL: 2025 Synthetic Season LOCKED v3.xlsx sha256=77bb6ecf48e805b62b8af238bbf7b3534330df0405b8a170e48bb5c234d532ba via Power_Crunch_Research_Lab_Phase5D_WalkForward_Package.zip; corpus self-declares SCHEDULE SYNTHETIC / SCORES SIMULATED; authorised for MVP_CONTROL_CALIBRATION_ONLY by R-V3-MVP-CONTROL-CORPUS-01,2025-09-13,2026-08-22,3.0.0-internal-shadow-mvp,V3-INTERNAL-SHADOW-MVP-2026-08-22-R1-001,training
G25-0110,2025,3,Arizona State,Houston,HOME,8.364065,1.273202,10.590863,-29.0,L,GOVERNED_SYNTHETIC_CONTROL: 2025 Synthetic Season LOCKED v3.xlsx sha256=77bb6ecf48e805b62b8af238bbf7b3534330df0405b8a170e48bb5c234d532ba via Power_Crunch_Research_Lab_Phase5D_WalkForward_Package.zip; corpus self-declares SCHEDULE SYNTHETIC / SCORES SIMULATED; authorised for MVP_CONTROL_CALIBRATION_ONLY by R-V3-MVP-CONTROL-CORPUS-01,2025-09-13,2026-08-22,3.0.0-internal-shadow-mvp,V3-INTERNAL-SHADOW-MVP-2026-08-22-R1-001,training
G25-0110,2025,3,Houston,Arizona State,AWAY,1.273202,8.364065,-10.590863,29.0,W,GOVERNED_SYNTHETIC_CONTROL: 2025 Synthetic Season LOCKED v3.xlsx sha256=77bb6ecf48e805b62b8af238bbf7b3534330df0405b8a170e48bb5c234d532ba via Power_Crunch_Research_Lab_Phase5D_WalkForward_Package.zip; corpus self-declares SCHEDULE SYNTHETIC / SCORES SIMULATED; authorised for MVP_CONTROL_CALIBRATION_ONLY by R-V3-MVP-CONTROL-CORPUS-01,2025-09-13,2026-08-22,3.0.0-internal-shadow-mvp,V3-INTERNAL-SHADOW-MVP-2026-08-22-R1-001,training
G25-0111,2025,3,Army,East Carolina,HOME,5.340603,1.613131,7.227472,10.0,W,GOVERNED_SYNTHETIC_CONTROL: 2025 Synthetic Season LOCKED v3.xlsx sha256=77bb6ecf48e805b62b8af238bbf7b3534330df0405b8a170e48bb5c234d532ba via Power_Crunch_Research_Lab_Phase5D_WalkForward_Package.zip; corpus self-declares SCHEDULE SYNTHETIC / SCORES SIMULATED; authorised for MVP_CONTROL_CALIBRATION_ONLY by R-V3-MVP-CONTROL-CORPUS-01,2025-09-13,2026-08-22,3.0.0-internal-shadow-mvp,V3-INTERNAL-SHADOW-MVP-2026-08-22-R1-001,training
G25-0111,2025,3,East Carolina,Army,AWAY,1.613131,5.340603,-7.227472,-10.0,L,GOVERNED_SYNTHETIC_CONTROL: 2025 Synthetic Season LOCKED v3.xlsx sha256=77bb6ecf48e805b62b8af238bbf7b3534330df0405b8a170e48bb5c234d532ba via Power_Crunch_Research_Lab_Phase5D_WalkForward_Package.zip; corpus self-declares SCHEDULE SYNTHETIC / SCORES SIMULATED; authorised for MVP_CONTROL_CALIBRATION_ONLY by R-V3-MVP-CONTROL-CORPUS-01,2025-09-13,2026-08-22,3.0.0-internal-shadow-mvp,V3-INTERNAL-SHADOW-MVP-2026-08-22-R1-001,training
G25-0112,2025,3,Auburn,Texas,HOME,1.56824,17.465242,-12.397002,-47.0,L,GOVERNED_SYNTHETIC_CONTROL: 2025 Synthetic Season LOCKED v3.xlsx sha256=77bb6ecf48e805b62b8af238bbf7b3534330df0405b8a170e48bb5c234d532ba via Power_Crunch_Research_Lab_Phase5D_WalkForward_Package.zip; corpus self-declares SCHEDULE SYNTHETIC / SCORES SIMULATED; authorised for MVP_CONTROL_CALIBRATION_ONLY by R-V3-MVP-CONTROL-CORPUS-01,2025-09-13,2026-08-22,3.0.0-internal-shadow-mvp,V3-INTERNAL-SHADOW-MVP-2026-08-22-R1-001,training
G25-0112,2025,3,Texas,Auburn,AWAY,17.465242,1.56824,12.397002,47.0,W,GOVERNED_SYNTHETIC_CONTROL: 2025 Synthetic Season LOCKED v3.xlsx sha256=77bb6ecf48e805b62b8af238bbf7b3534330df0405b8a170e48bb5c234d532ba via Power_Crunch_Research_Lab_Phase5D_WalkForward_Package.zip; corpus self-declares SCHEDULE SYNTHETIC / SCORES SIMULATED; authorised for MVP_CONTROL_CALIBRATION_ONLY by R-V3-MVP-CONTROL-CORPUS-01,2025-09-13,2026-08-22,3.0.0-internal-shadow-mvp,V3-INTERNAL-SHADOW-MVP-2026-08-22-R1-001,training
G25-0113,2025,3,Baylor,Cincinnati,HOME,9.972422,1.070797,12.401625,-1.0,L,GOVERNED_SYNTHETIC_CONTROL: 2025 Synthetic Season LOCKED v3.xlsx sha256=77bb6ecf48e805b62b8af238bbf7b3534330df0405b8a170e48bb5c234d532ba via Power_Crunch_Research_Lab_Phase5D_WalkForward_Package.zip; corpus self-declares SCHEDULE SYNTHETIC / SCORES SIMULATED; authorised for MVP_CONTROL_CALIBRATION_ONLY by R-V3-MVP-CONTROL-CORPUS-01,2025-09-13,2026-08-22,3.0.0-internal-shadow-mvp,V3-INTERNAL-SHADOW-MVP-2026-08-22-R1-001,training
G25-0113,2025,3,Cincinnati,Baylor,AWAY,1.070797,9.972422,-12.401625,1.0,W,GOVERNED_SYNTHETIC_CONTROL: 2025 Synthetic Season LOCKED v3.xlsx sha256=77bb6ecf48e805b62b8af238bbf7b3534330df0405b8a170e48bb5c234d532ba via Power_Crunch_Research_Lab_Phase5D_WalkForward_Package.zip; corpus self-declares SCHEDULE SYNTHETIC / SCORES SIMULATED; authorised for MVP_CONTROL_CALIBRATION_ONLY by R-V3-MVP-CONTROL-CORPUS-01,2025-09-13,2026-08-22,3.0.0-internal-shadow-mvp,V3-INTERNAL-SHADOW-MVP-2026-08-22-R1-001,training
G25-0114,2025,3,Boise State,Utah State,HOME,8.44044,-12.245364,24.185804,6.0,W,GOVERNED_SYNTHETIC_CONTROL: 2025 Synthetic Season LOCKED v3.xlsx sha256=77bb6ecf48e805b62b8af238bbf7b3534330df0405b8a170e48bb5c234d532ba via Power_Crunch_Research_Lab_Phase5D_WalkForward_Package.zip; corpus self-declares SCHEDULE SYNTHETIC / SCORES SIMULATED; authorised for MVP_CONTROL_CALIBRATION_ONLY by R-V3-MVP-CONTROL-CORPUS-01,2025-09-13,2026-08-22,3.0.0-internal-shadow-mvp,V3-INTERNAL-SHADOW-MVP-2026-08-22-R1-001,training
G25-0114,2025,3,Utah State,Boise State,AWAY,-12.245364,8.44044,-24.185804,-6.0,L,GOVERNED_SYNTHETIC_CONTROL: 2025 Synthetic Season LOCKED v3.xlsx sha256=77bb6ecf48e805b62b8af238bbf7b3534330df0405b8a170e48bb5c234d532ba via Power_Crunch_Research_Lab_Phase5D_WalkForward_Package.zip; corpus self-declares SCHEDULE SYNTHETIC / SCORES SIMULATED; authorised for MVP_CONTROL_CALIBRATION_ONLY by R-V3-MVP-CONTROL-CORPUS-01,2025-09-13,2026-08-22,3.0.0-internal-shadow-mvp,V3-INTERNAL-SHADOW-MVP-2026-08-22-R1-001,training
G25-0115,2025,3,California,Boston College,HOME,-1.998828,3.246507,-1.745334,15.0,W,GOVERNED_SYNTHETIC_CONTROL: 2025 Synthetic Season LOCKED v3.xlsx sha256=77bb6ecf48e805b62b8af238bbf7b3534330df0405b8a170e48bb5c234d532ba via Power_Crunch_Research_Lab_Phase5D_WalkForward_Package.zip; corpus self-declares SCHEDULE SYNTHETIC / SCORES SIMULATED; authorised for MVP_CONTROL_CALIBRATION_ONLY by R-V3-MVP-CONTROL-CORPUS-01,2025-09-13,2026-08-22,3.0.0-internal-shadow-mvp,V3-INTERNAL-SHADOW-MVP-2026-08-22-R1-001,training
G25-0115,2025,3,Boston College,California,AWAY,3.246507,-1.998828,1.745334,-15.0,L,GOVERNED_SYNTHETIC_CONTROL: 2025 Synthetic Season LOCKED v3.xlsx sha256=77bb6ecf48e805b62b8af238bbf7b3534330df0405b8a170e48bb5c234d532ba via Power_Crunch_Research_Lab_Phase5D_WalkForward_Package.zip; corpus self-declares SCHEDULE SYNTHETIC / SCORES SIMULATED; authorised for MVP_CONTROL_CALIBRATION_ONLY by R-V3-MVP-CONTROL-CORPUS-01,2025-09-13,2026-08-22,3.0.0-internal-shadow-mvp,V3-INTERNAL-SHADOW-MVP-2026-08-22-R1-001,training
G25-0116,2025,3,Clemson,UCF,HOME,7.09023,1.480555,9.109675,-1.0,L,GOVERNED_SYNTHETIC_CONTROL: 2025 Synthetic Season LOCKED v3.xlsx sha256=77bb6ecf48e805b62b8af238bbf7b3534330df0405b8a170e48bb5c234d532ba via Power_Crunch_Research_Lab_Phase5D_WalkForward_Package.zip; corpus self-declares SCHEDULE SYNTHETIC / SCORES SIMULATED; authorised for MVP_CONTROL_CALIBRATION_ONLY by R-V3-MVP-CONTROL-CORPUS-01,2025-09-13,2026-08-22,3.0.0-internal-shadow-mvp,V3-INTERNAL-SHADOW-MVP-2026-08-22-R1-001,training
G25-0116,2025,3,UCF,Clemson,AWAY,1.480555,7.09023,-9.109675,1.0,W,GOVERNED_SYNTHETIC_CONTROL: 2025 Synthetic Season LOCKED v3.xlsx sha256=77bb6ecf48e805b62b8af238bbf7b3534330df0405b8a170e48bb5c234d532ba via Power_Crunch_Research_Lab_Phase5D_WalkForward_Package.zip; corpus self-declares SCHEDULE SYNTHETIC / SCORES SIMULATED; authorised for MVP_CONTROL_CALIBRATION_ONLY by R-V3-MVP-CONTROL-CORPUS-01,2025-09-13,2026-08-22,3.0.0-internal-shadow-mvp,V3-INTERNAL-SHADOW-MVP-2026-08-22-R1-001,training
G25-0117,2025,3,Colorado,Kansas,HOME,15.357964,6.228578,12.629386,-8.0,L,GOVERNED_SYNTHETIC_CONTROL: 2025 Synthetic Season LOCKED v3.xlsx sha256=77bb6ecf48e805b62b8af238bbf7b3534330df0405b8a170e48bb5c234d532ba via Power_Crunch_Research_Lab_Phase5D_WalkForward_Package.zip; corpus self-declares SCHEDULE SYNTHETIC / SCORES SIMULATED; authorised for MVP_CONTROL_CALIBRATION_ONLY by R-V3-MVP-CONTROL-CORPUS-01,2025-09-13,2026-08-22,3.0.0-internal-shadow-mvp,V3-INTERNAL-SHADOW-MVP-2026-08-22-R1-001,training
G25-0117,2025,3,Kansas,Colorado,AWAY,6.228578,15.357964,-12.629386,8.0,W,GOVERNED_SYNTHETIC_CONTROL: 2025 Synthetic Season LOCKED v3.xlsx sha256=77bb6ecf48e805b62b8af238bbf7b3534330df0405b8a170e48bb5c234d532ba via Power_Crunch_Research_Lab_Phase5D_WalkForward_Package.zip; corpus self-declares SCHEDULE SYNTHETIC / SCORES SIMULATED; authorised for MVP_CONTROL_CALIBRATION_ONLY by R-V3-MVP-CONTROL-CORPUS-01,2025-09-13,2026-08-22,3.0.0-internal-shadow-mvp,V3-INTERNAL-SHADOW-MVP-2026-08-22-R1-001,training
G25-0118,2025,3,Cornell,Penn,HOME,-18.128949,-13.743294,-0.885655,1.0,W,GOVERNED_SYNTHETIC_CONTROL: 2025 Synthetic Season LOCKED v3.xlsx sha256=77bb6ecf48e805b62b8af238bbf7b3534330df0405b8a170e48bb5c234d532ba via Power_Crunch_Research_Lab_Phase5D_WalkForward_Package.zip; corpus self-declares SCHEDULE SYNTHETIC / SCORES SIMULATED; authorised for MVP_CONTROL_CALIBRATION_ONLY by R-V3-MVP-CONTROL-CORPUS-01,2025-09-13,2026-08-22,3.0.0-internal-shadow-mvp,V3-INTERNAL-SHADOW-MVP-2026-08-22-R1-001,training
G25-0118,2025,3,Penn,Cornell,AWAY,-13.743294,-18.128949,0.885655,-1.0,L,GOVERNED_SYNTHETIC_CONTROL: 2025 Synthetic Season LOCKED v3.xlsx sha256=77bb6ecf48e805b62b8af238bbf7b3534330df0405b8a170e48bb5c234d532ba via Power_Crunch_Research_Lab_Phase5D_WalkForward_Package.zip; corpus self-declares SCHEDULE SYNTHETIC / SCORES SIMULATED; authorised for MVP_CONTROL_CALIBRATION_ONLY by R-V3-MVP-CONTROL-CORPUS-01,2025-09-13,2026-08-22,3.0.0-internal-shadow-mvp,V3-INTERNAL-SHADOW-MVP-2026-08-22-R1-001,training
G25-0120,2025,3,Florida,Oklahoma State,HOME,7.668583,-2.613472,13.782055,7.0,W,GOVERNED_SYNTHETIC_CONTROL: 2025 Synthetic Season LOCKED v3.xlsx sha256=77bb6ecf48e805b62b8af238bbf7b3534330df0405b8a170e48bb5c234d532ba via Power_Crunch_Research_Lab_Phase5D_WalkForward_Package.zip; corpus self-declares SCHEDULE SYNTHETIC / SCORES SIMULATED; authorised for MVP_CONTROL_CALIBRATION_ONLY by R-V3-MVP-CONTROL-CORPUS-01,2025-09-13,2026-08-22,3.0.0-internal-shadow-mvp,V3-INTERNAL-SHADOW-MVP-2026-08-22-R1-001,training
G25-0120,2025,3,Oklahoma State,Florida,AWAY,-2.613472,7.668583,-13.782055,-7.0,L,GOVERNED_SYNTHETIC_CONTROL: 2025 Synthetic Season LOCKED v3.xlsx sha256=77bb6ecf48e805b62b8af238bbf7b3534330df0405b8a170e48bb5c234d532ba via Power_Crunch_Research_Lab_Phase5D_WalkForward_Package.zip; corpus self-declares SCHEDULE SYNTHETIC / SCORES SIMULATED; authorised for MVP_CONTROL_CALIBRATION_ONLY by R-V3-MVP-CONTROL-CORPUS-01,2025-09-13,2026-08-22,3.0.0-internal-shadow-mvp,V3-INTERNAL-SHADOW-MVP-2026-08-22-R1-001,training
G25-0121,2025,3,Florida International,Louisiana Tech,HOME,-10.21532,-11.19357,4.47825,5.0,W,GOVERNED_SYNTHETIC_CONTROL: 2025 Synthetic Season LOCKED v3.xlsx sha256=77bb6ecf48e805b62b8af238bbf7b3534330df0405b8a170e48bb5c234d532ba via Power_Crunch_Research_Lab_Phase5D_WalkForward_Package.zip; corpus self-declares SCHEDULE SYNTHETIC / SCORES SIMULATED; authorised for MVP_CONTROL_CALIBRATION_ONLY by R-V3-MVP-CONTROL-CORPUS-01,2025-09-13,2026-08-22,3.0.0-internal-shadow-mvp,V3-INTERNAL-SHADOW-MVP-2026-08-22-R1-001,training
G25-0121,2025,3,Louisiana Tech,Florida International,AWAY,-11.19357,-10.21532,-4.47825,-5.0,L,GOVERNED_SYNTHETIC_CONTROL: 2025 Synthetic Season LOCKED v3.xlsx sha256=77bb6ecf48e805b62b8af238bbf7b3534330df0405b8a170e48bb5c234d532ba via Power_Crunch_Research_Lab_Phase5D_WalkForward_Package.zip; corpus self-declares SCHEDULE SYNTHETIC / SCORES SIMULATED; authorised for MVP_CONTROL_CALIBRATION_ONLY by R-V3-MVP-CONTROL-CORPUS-01,2025-09-13,2026-08-22,3.0.0-internal-shadow-mvp,V3-INTERNAL-SHADOW-MVP-2026-08-22-R1-001,training
G25-0122,2025,3,Georgia Southern,Buffalo,HOME,-5.189351,-8.640324,6.950973,-7.0,L,GOVERNED_SYNTHETIC_CONTROL: 2025 Synthetic Season LOCKED v3.xlsx sha256=77bb6ecf48e805b62b8af238bbf7b3534330df0405b8a170e48bb5c234d532ba via Power_Crunch_Research_Lab_Phase5D_WalkForward_Package.zip; corpus self-declares SCHEDULE SYNTHETIC / SCORES SIMULATED; authorised for MVP_CONTROL_CALIBRATION_ONLY by R-V3-MVP-CONTROL-CORPUS-01,2025-09-13,2026-08-22,3.0.0-internal-shadow-mvp,V3-INTERNAL-SHADOW-MVP-2026-08-22-R1-001,training
G25-0122,2025,3,Buffalo,Georgia Southern,AWAY,-8.640324,-5.189351,-6.950973,7.0,W,GOVERNED_SYNTHETIC_CONTROL: 2025 Synthetic Season LOCKED v3.xlsx sha256=77bb6ecf48e805b62b8af238bbf7b3534330df0405b8a170e48bb5c234d532ba via Power_Crunch_Research_Lab_Phase5D_WalkForward_Package.zip; corpus self-declares SCHEDULE SYNTHETIC / SCORES SIMULATED; authorised for MVP_CONTROL_CALIBRATION_ONLY by R-V3-MVP-CONTROL-CORPUS-01,2025-09-13,2026-08-22,3.0.0-internal-shadow-mvp,V3-INTERNAL-SHADOW-MVP-2026-08-22-R1-001,training
G25-0123,2025,3,Georgia Tech,Louisville,HOME,4.806181,9.261372,-0.955191,3.0,W,GOVERNED_SYNTHETIC_CONTROL: 2025 Synthetic Season LOCKED v3.xlsx sha256=77bb6ecf48e805b62b8af238bbf7b3534330df0405b8a170e48bb5c234d532ba via Power_Crunch_Research_Lab_Phase5D_WalkForward_Package.zip; corpus self-declares SCHEDULE SYNTHETIC / SCORES SIMULATED; authorised for MVP_CONTROL_CALIBRATION_ONLY by R-V3-MVP-CONTROL-CORPUS-01,2025-09-13,2026-08-22,3.0.0-internal-shadow-mvp,V3-INTERNAL-SHADOW-MVP-2026-08-22-R1-001,training
G25-0123,2025,3,Louisville,Georgia Tech,AWAY,9.261372,4.806181,0.955191,-3.0,L,GOVERNED_SYNTHETIC_CONTROL: 2025 Synthetic Season LOCKED v3.xlsx sha256=77bb6ecf48e805b62b8af238bbf7b3534330df0405b8a170e48bb5c234d532ba via Power_Crunch_Research_Lab_Phase5D_WalkForward_Package.zip; corpus self-declares SCHEDULE SYNTHETIC / SCORES SIMULATED; authorised for MVP_CONTROL_CALIBRATION_ONLY by R-V3-MVP-CONTROL-CORPUS-01,2025-09-13,2026-08-22,3.0.0-internal-shadow-mvp,V3-INTERNAL-SHADOW-MVP-2026-08-22-R1-001,training
G25-0124,2025,3,Harvard,Colgate,HOME,-17.026388,-19.28251,5.756122,-1.0,L,GOVERNED_SYNTHETIC_CONTROL: 2025 Synthetic Season LOCKED v3.xlsx sha256=77bb6ecf48e805b62b8af238bbf7b3534330df0405b8a170e48bb5c234d532ba via Power_Crunch_Research_Lab_Phase5D_WalkForward_Package.zip; corpus self-declares SCHEDULE SYNTHETIC / SCORES SIMULATED; authorised for MVP_CONTROL_CALIBRATION_ONLY by R-V3-MVP-CONTROL-CORPUS-01,2025-09-13,2026-08-22,3.0.0-internal-shadow-mvp,V3-INTERNAL-SHADOW-MVP-2026-08-22-R1-001,training
G25-0124,2025,3,Colgate,Harvard,AWAY,-19.28251,-17.026388,-5.756122,1.0,W,GOVERNED_SYNTHETIC_CONTROL: 2025 Synthetic Season LOCKED v3.xlsx sha256=77bb6ecf48e805b62b8af238bbf7b3534330df0405b8a170e48bb5c234d532ba via Power_Crunch_Research_Lab_Phase5D_WalkForward_Package.zip; corpus self-declares SCHEDULE SYNTHETIC / SCORES SIMULATED; authorised for MVP_CONTROL_CALIBRATION_ONLY by R-V3-MVP-CONTROL-CORPUS-01,2025-09-13,2026-08-22,3.0.0-internal-shadow-mvp,V3-INTERNAL-SHADOW-MVP-2026-08-22-R1-001,training
G25-0125,2025,3,Hawaii,South Florida,HOME,-6.833544,-6.421838,3.088293,-6.0,L,GOVERNED_SYNTHETIC_CONTROL: 2025 Synthetic Season LOCKED v3.xlsx sha256=77bb6ecf48e805b62b8af238bbf7b3534330df0405b8a170e48bb5c234d532ba via Power_Crunch_Research_Lab_Phase5D_WalkForward_Package.zip; corpus self-declares SCHEDULE SYNTHETIC / SCORES SIMULATED; authorised for MVP_CONTROL_CALIBRATION_ONLY by R-V3-MVP-CONTROL-CORPUS-01,2025-09-13,2026-08-22,3.0.0-internal-shadow-mvp,V3-INTERNAL-SHADOW-MVP-2026-08-22-R1-001,training
G25-0125,2025,3,South Florida,Hawaii,AWAY,-6.421838,-6.833544,-3.088293,6.0,W,GOVERNED_SYNTHETIC_CONTROL: 2025 Synthetic Season LOCKED v3.xlsx sha256=77bb6ecf48e805b62b8af238bbf7b3534330df0405b8a170e48bb5c234d532ba via Power_Crunch_Research_Lab_Phase5D_WalkForward_Package.zip; corpus self-declares SCHEDULE SYNTHETIC / SCORES SIMULATED; authorised for MVP_CONTROL_CALIBRATION_ONLY by R-V3-MVP-CONTROL-CORPUS-01,2025-09-13,2026-08-22,3.0.0-internal-shadow-mvp,V3-INTERNAL-SHADOW-MVP-2026-08-22-R1-001,training
G25-0126,2025,3,Holy Cross,UTSA,HOME,-25.062434,-7.53028,-14.032155,12.0,W,GOVERNED_SYNTHETIC_CONTROL: 2025 Synthetic Season LOCKED v3.xlsx sha256=77bb6ecf48e805b62b8af238bbf7b3534330df0405b8a170e48bb5c234d532ba via Power_Crunch_Research_Lab_Phase5D_WalkForward_Package.zip; corpus self-declares SCHEDULE SYNTHETIC / SCORES SIMULATED; authorised for MVP_CONTROL_CALIBRATION_ONLY by R-V3-MVP-CONTROL-CORPUS-01,2025-09-13,2026-08-22,3.0.0-internal-shadow-mvp,V3-INTERNAL-SHADOW-MVP-2026-08-22-R1-001,training
G25-0126,2025,3,UTSA,Holy Cross,AWAY,-7.53028,-25.062434,14.032155,-12.0,L,GOVERNED_SYNTHETIC_CONTROL: 2025 Synthetic Season LOCKED v3.xlsx sha256=77bb6ecf48e805b62b8af238bbf7b3534330df0405b8a170e48bb5c234d532ba via Power_Crunch_Research_Lab_Phase5D_WalkForward_Package.zip; corpus self-declares SCHEDULE SYNTHETIC / SCORES SIMULATED; authorised for MVP_CONTROL_CALIBRATION_ONLY by R-V3-MVP-CONTROL-CORPUS-01,2025-09-13,2026-08-22,3.0.0-internal-shadow-mvp,V3-INTERNAL-SHADOW-MVP-2026-08-22-R1-001,training
G25-0127,2025,3,Illinois,Michigan State,HOME,7.767812,-7.632466,18.900278,60.0,W,GOVERNED_SYNTHETIC_CONTROL: 2025 Synthetic Season LOCKED v3.xlsx sha256=77bb6ecf48e805b62b8af238bbf7b3534330df0405b8a170e48bb5c234d532ba via Power_Crunch_Research_Lab_Phase5D_WalkForward_Package.zip; corpus self-declares SCHEDULE SYNTHETIC / SCORES SIMULATED; authorised for MVP_CONTROL_CALIBRATION_ONLY by R-V3-MVP-CONTROL-CORPUS-01,2025-09-13,2026-08-22,3.0.0-internal-shadow-mvp,V3-INTERNAL-SHADOW-MVP-2026-08-22-R1-001,training
G25-0127,2025,3,Michigan State,Illinois,AWAY,-7.632466,7.767812,-18.900278,-60.0,L,GOVERNED_SYNTHETIC_CONTROL: 2025 Synthetic Season LOCKED v3.xlsx sha256=77bb6ecf48e805b62b8af238bbf7b3534330df0405b8a170e48bb5c234d532ba via Power_Crunch_Research_Lab_Phase5D_WalkForward_Package.zip; corpus self-declares SCHEDULE SYNTHETIC / SCORES SIMULATED; authorised for MVP_CONTROL_CALIBRATION_ONLY by R-V3-MVP-CONTROL-CORPUS-01,2025-09-13,2026-08-22,3.0.0-internal-shadow-mvp,V3-INTERNAL-SHADOW-MVP-2026-08-22-R1-001,training
G25-0128,2025,3,Indiana,Oregon,HOME,17.299583,20.370827,0.428756,1.0,W,GOVERNED_SYNTHETIC_CONTROL: 2025 Synthetic Season LOCKED v3.xlsx sha256=77bb6ecf48e805b62b8af238bbf7b3534330df0405b8a170e48bb5c234d532ba via Power_Crunch_Research_Lab_Phase5D_WalkForward_Package.zip; corpus self-declares SCHEDULE SYNTHETIC / SCORES SIMULATED; authorised for MVP_CONTROL_CALIBRATION_ONLY by R-V3-MVP-CONTROL-CORPUS-01,2025-09-13,2026-08-22,3.0.0-internal-shadow-mvp,V3-INTERNAL-SHADOW-MVP-2026-08-22-R1-001,training
G25-0128,2025,3,Oregon,Indiana,AWAY,20.370827,17.299583,-0.428756,-1.0,L,GOVERNED_SYNTHETIC_CONTROL: 2025 Synthetic Season LOCKED v3.xlsx sha256=77bb6ecf48e805b62b8af238bbf7b3534330df0405b8a170e48bb5c234d532ba via Power_Crunch_Research_Lab_Phase5D_WalkForward_Package.zip; corpus self-declares SCHEDULE SYNTHETIC / SCORES SIMULATED; authorised for MVP_CONTROL_CALIBRATION_ONLY by R-V3-MVP-CONTROL-CORPUS-01,2025-09-13,2026-08-22,3.0.0-internal-shadow-mvp,V3-INTERNAL-SHADOW-MVP-2026-08-22-R1-001,training
G25-0129,2025,3,Iowa,Michigan,HOME,12.19012,7.439212,8.250908,19.0,W,GOVERNED_SYNTHETIC_CONTROL: 2025 Synthetic Season LOCKED v3.xlsx sha256=77bb6ecf48e805b62b8af238bbf7b3534330df0405b8a170e48bb5c234d532ba via Power_Crunch_Research_Lab_Phase5D_WalkForward_Package.zip; corpus self-declares SCHEDULE SYNTHETIC / SCORES SIMULATED; authorised for MVP_CONTROL_CALIBRATION_ONLY by R-V3-MVP-CONTROL-CORPUS-01,2025-09-13,2026-08-22,3.0.0-internal-shadow-mvp,V3-INTERNAL-SHADOW-MVP-2026-08-22-R1-001,training
G25-0129,2025,3,Michigan,Iowa,AWAY,7.439212,12.19012,-8.250908,-19.0,L,GOVERNED_SYNTHETIC_CONTROL: 2025 Synthetic Season LOCKED v3.xlsx sha256=77bb6ecf48e805b62b8af238bbf7b3534330df0405b8a170e48bb5c234d532ba via Power_Crunch_Research_Lab_Phase5D_WalkForward_Package.zip; corpus self-declares SCHEDULE SYNTHETIC / SCORES SIMULATED; authorised for MVP_CONTROL_CALIBRATION_ONLY by R-V3-MVP-CONTROL-CORPUS-01,2025-09-13,2026-08-22,3.0.0-internal-shadow-mvp,V3-INTERNAL-SHADOW-MVP-2026-08-22-R1-001,training
G25-0130,2025,3,Kentucky,Tennessee,HOME,-1.328579,13.257676,-11.086255,-18.0,L,GOVERNED_SYNTHETIC_CONTROL: 2025 Synthetic Season LOCKED v3.xlsx sha256=77bb6ecf48e805b62b8af238bbf7b3534330df0405b8a170e48bb5c234d532ba via Power_Crunch_Research_Lab_Phase5D_WalkForward_Package.zip; corpus self-declares SCHEDULE SYNTHETIC / SCORES SIMULATED; authorised for MVP_CONTROL_CALIBRATION_ONLY by R-V3-MVP-CONTROL-CORPUS-01,2025-09-13,2026-08-22,3.0.0-internal-shadow-mvp,V3-INTERNAL-SHADOW-MVP-2026-08-22-R1-001,training
G25-0130,2025,3,Tennessee,Kentucky,AWAY,13.257676,-1.328579,11.086255,18.0,W,GOVERNED_SYNTHETIC_CONTROL: 2025 Synthetic Season LOCKED v3.xlsx sha256=77bb6ecf48e805b62b8af238bbf7b3534330df0405b8a170e48bb5c234d532ba via Power_Crunch_Research_Lab_Phase5D_WalkForward_Package.zip; corpus self-declares SCHEDULE SYNTHETIC / SCORES SIMULATED; authorised for MVP_CONTROL_CALIBRATION_ONLY by R-V3-MVP-CONTROL-CORPUS-01,2025-09-13,2026-08-22,3.0.0-internal-shadow-mvp,V3-INTERNAL-SHADOW-MVP-2026-08-22-R1-001,training
G25-0131,2025,3,Marshall,Oregon State,HOME,3.503234,-8.05818,15.061414,11.0,W,GOVERNED_SYNTHETIC_CONTROL: 2025 Synthetic Season LOCKED v3.xlsx sha256=77bb6ecf48e805b62b8af238bbf7b3534330df0405b8a170e48bb5c234d532ba via Power_Crunch_Research_Lab_Phase5D_WalkForward_Package.zip; corpus self-declares SCHEDULE SYNTHETIC / SCORES SIMULATED; authorised for MVP_CONTROL_CALIBRATION_ONLY by R-V3-MVP-CONTROL-CORPUS-01,2025-09-13,2026-08-22,3.0.0-internal-shadow-mvp,V3-INTERNAL-SHADOW-MVP-2026-08-22-R1-001,training
G25-0131,2025,3,Oregon State,Marshall,AWAY,-8.05818,3.503234,-15.061414,-11.0,L,GOVERNED_SYNTHETIC_CONTROL: 2025 Synthetic Season LOCKED v3.xlsx sha256=77bb6ecf48e805b62b8af238bbf7b3534330df0405b8a170e48bb5c234d532ba via Power_Crunch_Research_Lab_Phase5D_WalkForward_Package.zip; corpus self-declares SCHEDULE SYNTHETIC / SCORES SIMULATED; authorised for MVP_CONTROL_CALIBRATION_ONLY by R-V3-MVP-CONTROL-CORPUS-01,2025-09-13,2026-08-22,3.0.0-internal-shadow-mvp,V3-INTERNAL-SHADOW-MVP-2026-08-22-R1-001,training
G25-0132,2025,3,Maryland,SMU,HOME,-4.367091,15.013061,-15.880151,-9.0,L,GOVERNED_SYNTHETIC_CONTROL: 2025 Synthetic Season LOCKED v3.xlsx sha256=77bb6ecf48e805b62b8af238bbf7b3534330df0405b8a170e48bb5c234d532ba via Power_Crunch_Research_Lab_Phase5D_WalkForward_Package.zip; corpus self-declares SCHEDULE SYNTHETIC / SCORES SIMULATED; authorised for MVP_CONTROL_CALIBRATION_ONLY by R-V3-MVP-CONTROL-CORPUS-01,2025-09-13,2026-08-22,3.0.0-internal-shadow-mvp,V3-INTERNAL-SHADOW-MVP-2026-08-22-R1-001,training
G25-0132,2025,3,SMU,Maryland,AWAY,15.013061,-4.367091,15.880151,9.0,W,GOVERNED_SYNTHETIC_CONTROL: 2025 Synthetic Season LOCKED v3.xlsx sha256=77bb6ecf48e805b62b8af238bbf7b3534330df0405b8a170e48bb5c234d532ba via Power_Crunch_Research_Lab_Phase5D_WalkForward_Package.zip; corpus self-declares SCHEDULE SYNTHETIC / SCORES SIMULATED; authorised for MVP_CONTROL_CALIBRATION_ONLY by R-V3-MVP-CONTROL-CORPUS-01,2025-09-13,2026-08-22,3.0.0-internal-shadow-mvp,V3-INTERNAL-SHADOW-MVP-2026-08-22-R1-001,training
G25-0133,2025,3,Memphis,Florida Atlantic,HOME,6.475988,-7.724474,17.700462,19.0,W,GOVERNED_SYNTHETIC_CONTROL: 2025 Synthetic Season LOCKED v3.xlsx sha256=77bb6ecf48e805b62b8af238bbf7b3534330df0405b8a170e48bb5c234d532ba via Power_Crunch_Research_Lab_Phase5D_WalkForward_Package.zip; corpus self-declares SCHEDULE SYNTHETIC / SCORES SIMULATED; authorised for MVP_CONTROL_CALIBRATION_ONLY by R-V3-MVP-CONTROL-CORPUS-01,2025-09-13,2026-08-22,3.0.0-internal-shadow-mvp,V3-INTERNAL-SHADOW-MVP-2026-08-22-R1-001,training
G25-0133,2025,3,Florida Atlantic,Memphis,AWAY,-7.724474,6.475988,-17.700462,-19.0,L,GOVERNED_SYNTHETIC_CONTROL: 2025 Synthetic Season LOCKED v3.xlsx sha256=77bb6ecf48e805b62b8af238bbf7b3534330df0405b8a170e48bb5c234d532ba via Power_Crunch_Research_Lab_Phase5D_WalkForward_Package.zip; corpus self-declares SCHEDULE SYNTHETIC / SCORES SIMULATED; authorised for MVP_CONTROL_CALIBRATION_ONLY by R-V3-MVP-CONTROL-CORPUS-01,2025-09-13,2026-08-22,3.0.0-internal-shadow-mvp,V3-INTERNAL-SHADOW-MVP-2026-08-22-R1-001,training
G25-0134,2025,3,Miami,Georgia,HOME,16.299165,17.526636,2.272529,21.0,W,GOVERNED_SYNTHETIC_CONTROL: 2025 Synthetic Season LOCKED v3.xlsx sha256=77bb6ecf48e805b62b8af238bbf7b3534330df0405b8a170e48bb5c234d532ba via Power_Crunch_Research_Lab_Phase5D_WalkForward_Package.zip; corpus self-declares SCHEDULE SYNTHETIC / SCORES SIMULATED; authorised for MVP_CONTROL_CALIBRATION_ONLY by R-V3-MVP-CONTROL-CORPUS-01,2025-09-13,2026-08-22,3.0.0-internal-shadow-mvp,V3-INTERNAL-SHADOW-MVP-2026-08-22-R1-001,training
G25-0134,2025,3,Georgia,Miami,AWAY,17.526636,16.299165,-2.272529,-21.0,L,GOVERNED_SYNTHETIC_CONTROL: 2025 Synthetic Season LOCKED v3.xlsx sha256=77bb6ecf48e805b62b8af238bbf7b3534330df0405b8a170e48bb5c234d532ba via Power_Crunch_Research_Lab_Phase5D_WalkForward_Package.zip; corpus self-declares SCHEDULE SYNTHETIC / SCORES SIMULATED; authorised for MVP_CONTROL_CALIBRATION_ONLY by R-V3-MVP-CONTROL-CORPUS-01,2025-09-13,2026-08-22,3.0.0-internal-shadow-mvp,V3-INTERNAL-SHADOW-MVP-2026-08-22-R1-001,training
G25-0135,2025,3,Mississippi State,Alabama,HOME,-4.242277,13.79869,-14.540967,-48.0,L,GOVERNED_SYNTHETIC_CONTROL: 2025 Synthetic Season LOCKED v3.xlsx sha256=77bb6ecf48e805b62b8af238bbf7b3534330df0405b8a170e48bb5c234d532ba via Power_Crunch_Research_Lab_Phase5D_WalkForward_Package.zip; corpus self-declares SCHEDULE SYNTHETIC / SCORES SIMULATED; authorised for MVP_CONTROL_CALIBRATION_ONLY by R-V3-MVP-CONTROL-CORPUS-01,2025-09-13,2026-08-22,3.0.0-internal-shadow-mvp,V3-INTERNAL-SHADOW-MVP-2026-08-22-R1-001,training
G25-0135,2025,3,Alabama,Mississippi State,AWAY,13.79869,-4.242277,14.540967,48.0,W,GOVERNED_SYNTHETIC_CONTROL: 2025 Synthetic Season LOCKED v3.xlsx sha256=77bb6ecf48e805b62b8af238bbf7b3534330df0405b8a170e48bb5c234d532ba via Power_Crunch_Research_Lab_Phase5D_WalkForward_Package.zip; corpus self-declares SCHEDULE SYNTHETIC / SCORES SIMULATED; authorised for MVP_CONTROL_CALIBRATION_ONLY by R-V3-MVP-CONTROL-CORPUS-01,2025-09-13,2026-08-22,3.0.0-internal-shadow-mvp,V3-INTERNAL-SHADOW-MVP-2026-08-22-R1-001,training
G25-0136,2025,3,Missouri,South Carolina,HOME,4.048558,7.325253,0.223305,15.0,W,GOVERNED_SYNTHETIC_CONTROL: 2025 Synthetic Season LOCKED v3.xlsx sha256=77bb6ecf48e805b62b8af238bbf7b3534330df0405b8a170e48bb5c234d532ba via Power_Crunch_Research_Lab_Phase5D_WalkForward_Package.zip; corpus self-declares SCHEDULE SYNTHETIC / SCORES SIMULATED; authorised for MVP_CONTROL_CALIBRATION_ONLY by R-V3-MVP-CONTROL-CORPUS-01,2025-09-13,2026-08-22,3.0.0-internal-shadow-mvp,V3-INTERNAL-SHADOW-MVP-2026-08-22-R1-001,training
G25-0136,2025,3,South Carolina,Missouri,AWAY,7.325253,4.048558,-0.223305,-15.0,L,GOVERNED_SYNTHETIC_CONTROL: 2025 Synthetic Season LOCKED v3.xlsx sha256=77bb6ecf48e805b62b8af238bbf7b3534330df0405b8a170e48bb5c234d532ba via Power_Crunch_Research_Lab_Phase5D_WalkForward_Package.zip; corpus self-declares SCHEDULE SYNTHETIC / SCORES SIMULATED; authorised for MVP_CONTROL_CALIBRATION_ONLY by R-V3-MVP-CONTROL-CORPUS-01,2025-09-13,2026-08-22,3.0.0-internal-shadow-mvp,V3-INTERNAL-SHADOW-MVP-2026-08-22-R1-001,training
G25-0137,2025,3,Nebraska,Lehigh,HOME,1.667379,-18.560485,23.727864,-9.0,L,GOVERNED_SYNTHETIC_CONTROL: 2025 Synthetic Season LOCKED v3.xlsx sha256=77bb6ecf48e805b62b8af238bbf7b3534330df0405b8a170e48bb5c234d532ba via Power_Crunch_Research_Lab_Phase5D_WalkForward_Package.zip; corpus self-declares SCHEDULE SYNTHETIC / SCORES SIMULATED; authorised for MVP_CONTROL_CALIBRATION_ONLY by R-V3-MVP-CONTROL-CORPUS-01,2025-09-13,2026-08-22,3.0.0-internal-shadow-mvp,V3-INTERNAL-SHADOW-MVP-2026-08-22-R1-001,training
G25-0137,2025,3,Lehigh,Nebraska,AWAY,-18.560485,1.667379,-23.727864,9.0,W,GOVERNED_SYNTHETIC_CONTROL: 2025 Synthetic Season LOCKED v3.xlsx sha256=77bb6ecf48e805b62b8af238bbf7b3534330df0405b8a170e48bb5c234d532ba via Power_Crunch_Research_Lab_Phase5D_WalkForward_Package.zip; corpus self-declares SCHEDULE SYNTHETIC / SCORES SIMULATED; authorised for MVP_CONTROL_CALIBRATION_ONLY by R-V3-MVP-CONTROL-CORPUS-01,2025-09-13,2026-08-22,3.0.0-internal-shadow-mvp,V3-INTERNAL-SHADOW-MVP-2026-08-22-R1-001,training
G25-0138,2025,3,New Mexico,NC State,HOME,-9.809133,-7.244444,0.935311,-3.0,L,GOVERNED_SYNTHETIC_CONTROL: 2025 Synthetic Season LOCKED v3.xlsx sha256=77bb6ecf48e805b62b8af238bbf7b3534330df0405b8a170e48bb5c234d532ba via Power_Crunch_Research_Lab_Phase5D_WalkForward_Package.zip; corpus self-declares SCHEDULE SYNTHETIC / SCORES SIMULATED; authorised for MVP_CONTROL_CALIBRATION_ONLY by R-V3-MVP-CONTROL-CORPUS-01,2025-09-13,2026-08-22,3.0.0-internal-shadow-mvp,V3-INTERNAL-SHADOW-MVP-2026-08-22-R1-001,training
G25-0138,2025,3,NC State,New Mexico,AWAY,-7.244444,-9.809133,-0.935311,3.0,W,GOVERNED_SYNTHETIC_CONTROL: 2025 Synthetic Season LOCKED v3.xlsx sha256=77bb6ecf48e805b62b8af238bbf7b3534330df0405b8a170e48bb5c234d532ba via Power_Crunch_Research_Lab_Phase5D_WalkForward_Package.zip; corpus self-declares SCHEDULE SYNTHETIC / SCORES SIMULATED; authorised for MVP_CONTROL_CALIBRATION_ONLY by R-V3-MVP-CONTROL-CORPUS-01,2025-09-13,2026-08-22,3.0.0-internal-shadow-mvp,V3-INTERNAL-SHADOW-MVP-2026-08-22-R1-001,training
G25-0139,2025,3,North Carolina,Duke,HOME,2.783962,4.970748,1.313213,15.0,W,GOVERNED_SYNTHETIC_CONTROL: 2025 Synthetic Season LOCKED v3.xlsx sha256=77bb6ecf48e805b62b8af238bbf7b3534330df0405b8a170e48bb5c234d532ba via Power_Crunch_Research_Lab_Phase5D_WalkForward_Package.zip; corpus self-declares SCHEDULE SYNTHETIC / SCORES SIMULATED; authorised for MVP_CONTROL_CALIBRATION_ONLY by R-V3-MVP-CONTROL-CORPUS-01,2025-09-13,2026-08-22,3.0.0-internal-shadow-mvp,V3-INTERNAL-SHADOW-MVP-2026-08-22-R1-001,training
G25-0139,2025,3,Duke,North Carolina,AWAY,4.970748,2.783962,-1.313213,-15.0,L,GOVERNED_SYNTHETIC_CONTROL: 2025 Synthetic Season LOCKED v3.xlsx sha256=77bb6ecf48e805b62b8af238bbf7b3534330df0405b8a170e48bb5c234d532ba via Power_Crunch_Research_Lab_Phase5D_WalkForward_Package.zip; corpus self-declares SCHEDULE SYNTHETIC / SCORES SIMULATED; authorised for MVP_CONTROL_CALIBRATION_ONLY by R-V3-MVP-CONTROL-CORPUS-01,2025-09-13,2026-08-22,3.0.0-internal-shadow-mvp,V3-INTERNAL-SHADOW-MVP-2026-08-22-R1-001,training
G25-0140,2025,3,North Texas,New Mexico State,HOME,-3.786809,-13.096082,12.809273,23.0,W,GOVERNED_SYNTHETIC_CONTROL: 2025 Synthetic Season LOCKED v3.xlsx sha256=77bb6ecf48e805b62b8af238bbf7b3534330df0405b8a170e48bb5c234d532ba via Power_Crunch_Research_Lab_Phase5D_WalkForward_Package.zip; corpus self-declares SCHEDULE SYNTHETIC / SCORES SIMULATED; authorised for MVP_CONTROL_CALIBRATION_ONLY by R-V3-MVP-CONTROL-CORPUS-01,2025-09-13,2026-08-22,3.0.0-internal-shadow-mvp,V3-INTERNAL-SHADOW-MVP-2026-08-22-R1-001,training
G25-0140,2025,3,New Mexico State,North Texas,AWAY,-13.096082,-3.786809,-12.809273,-23.0,L,GOVERNED_SYNTHETIC_CONTROL: 2025 Synthetic Season LOCKED v3.xlsx sha256=77bb6ecf48e805b62b8af238bbf7b3534330df0405b8a170e48bb5c234d532ba via Power_Crunch_Research_Lab_Phase5D_WalkForward_Package.zip; corpus self-declares SCHEDULE SYNTHETIC / SCORES SIMULATED; authorised for MVP_CONTROL_CALIBRATION_ONLY by R-V3-MVP-CONTROL-CORPUS-01,2025-09-13,2026-08-22,3.0.0-internal-shadow-mvp,V3-INTERNAL-SHADOW-MVP-2026-08-22-R1-001,training
G25-0141,2025,3,Northwestern,Ohio State,HOME,-7.052901,18.37179,-21.924691,-49.0,L,GOVERNED_SYNTHETIC_CONTROL: 2025 Synthetic Season LOCKED v3.xlsx sha256=77bb6ecf48e805b62b8af238bbf7b3534330df0405b8a170e48bb5c234d532ba via Power_Crunch_Research_Lab_Phase5D_WalkForward_Package.zip; corpus self-declares SCHEDULE SYNTHETIC / SCORES SIMULATED; authorised for MVP_CONTROL_CALIBRATION_ONLY by R-V3-MVP-CONTROL-CORPUS-01,2025-09-13,2026-08-22,3.0.0-internal-shadow-mvp,V3-INTERNAL-SHADOW-MVP-2026-08-22-R1-001,training
G25-0141,2025,3,Ohio State,Northwestern,AWAY,18.37179,-7.052901,21.924691,49.0,W,GOVERNED_SYNTHETIC_CONTROL: 2025 Synthetic Season LOCKED v3.xlsx sha256=77bb6ecf48e805b62b8af238bbf7b3534330df0405b8a170e48bb5c234d532ba via Power_Crunch_Research_Lab_Phase5D_WalkForward_Package.zip; corpus self-declares SCHEDULE SYNTHETIC / SCORES SIMULATED; authorised for MVP_CONTROL_CALIBRATION_ONLY by R-V3-MVP-CONTROL-CORPUS-01,2025-09-13,2026-08-22,3.0.0-internal-shadow-mvp,V3-INTERNAL-SHADOW-MVP-2026-08-22-R1-001,training
G25-0142,2025,3,Oklahoma,Arkansas,HOME,6.171133,-1.016079,10.687212,46.0,W,GOVERNED_SYNTHETIC_CONTROL: 2025 Synthetic Season LOCKED v3.xlsx sha256=77bb6ecf48e805b62b8af238bbf7b3534330df0405b8a170e48bb5c234d532ba via Power_Crunch_Research_Lab_Phase5D_WalkForward_Package.zip; corpus self-declares SCHEDULE SYNTHETIC / SCORES SIMULATED; authorised for MVP_CONTROL_CALIBRATION_ONLY by R-V3-MVP-CONTROL-CORPUS-01,2025-09-13,2026-08-22,3.0.0-internal-shadow-mvp,V3-INTERNAL-SHADOW-MVP-2026-08-22-R1-001,training
G25-0142,2025,3,Arkansas,Oklahoma,AWAY,-1.016079,6.171133,-10.687212,-46.0,L,GOVERNED_SYNTHETIC_CONTROL: 2025 Synthetic Season LOCKED v3.xlsx sha256=77bb6ecf48e805b62b8af238bbf7b3534330df0405b8a170e48bb5c234d532ba via Power_Crunch_Research_Lab_Phase5D_WalkForward_Package.zip; corpus self-declares SCHEDULE SYNTHETIC / SCORES SIMULATED; authorised for MVP_CONTROL_CALIBRATION_ONLY by R-V3-MVP-CONTROL-CORPUS-01,2025-09-13,2026-08-22,3.0.0-internal-shadow-mvp,V3-INTERNAL-SHADOW-MVP-2026-08-22-R1-001,training
G25-0143,2025,3,Rutgers,Wisconsin,HOME,-2.497415,0.39222,0.610365,-14.0,L,GOVERNED_SYNTHETIC_CONTROL: 2025 Synthetic Season LOCKED v3.xlsx sha256=77bb6ecf48e805b62b8af238bbf7b3534330df0405b8a170e48bb5c234d532ba via Power_Crunch_Research_Lab_Phase5D_WalkForward_Package.zip; corpus self-declares SCHEDULE SYNTHETIC / SCORES SIMULATED; authorised for MVP_CONTROL_CALIBRATION_ONLY by R-V3-MVP-CONTROL-CORPUS-01,2025-09-13,2026-08-22,3.0.0-internal-shadow-mvp,V3-INTERNAL-SHADOW-MVP-2026-08-22-R1-001,training
G25-0143,2025,3,Wisconsin,Rutgers,AWAY,0.39222,-2.497415,-0.610365,14.0,W,GOVERNED_SYNTHETIC_CONTROL: 2025 Synthetic Season LOCKED v3.xlsx sha256=77bb6ecf48e805b62b8af238bbf7b3534330df0405b8a170e48bb5c234d532ba via Power_Crunch_Research_Lab_Phase5D_WalkForward_Package.zip; corpus self-declares SCHEDULE SYNTHETIC / SCORES SIMULATED; authorised for MVP_CONTROL_CALIBRATION_ONLY by R-V3-MVP-CONTROL-CORPUS-01,2025-09-13,2026-08-22,3.0.0-internal-shadow-mvp,V3-INTERNAL-SHADOW-MVP-2026-08-22-R1-001,training
G25-0144,2025,3,San Diego State,Fresno State,HOME,-12.724072,-2.881175,-6.342897,7.0,W,GOVERNED_SYNTHETIC_CONTROL: 2025 Synthetic Season LOCKED v3.xlsx sha256=77bb6ecf48e805b62b8af238bbf7b3534330df0405b8a170e48bb5c234d532ba via Power_Crunch_Research_Lab_Phase5D_WalkForward_Package.zip; corpus self-declares SCHEDULE SYNTHETIC / SCORES SIMULATED; authorised for MVP_CONTROL_CALIBRATION_ONLY by R-V3-MVP-CONTROL-CORPUS-01,2025-09-13,2026-08-22,3.0.0-internal-shadow-mvp,V3-INTERNAL-SHADOW-MVP-2026-08-22-R1-001,training
G25-0144,2025,3,Fresno State,San Diego State,AWAY,-2.881175,-12.724072,6.342897,-7.0,L,GOVERNED_SYNTHETIC_CONTROL: 2025 Synthetic Season LOCKED v3.xlsx sha256=77bb6ecf48e805b62b8af238bbf7b3534330df0405b8a170e48bb5c234d532ba via Power_Crunch_Research_Lab_Phase5D_WalkForward_Package.zip; corpus self-declares SCHEDULE SYNTHETIC / SCORES SIMULATED; authorised for MVP_CONTROL_CALIBRATION_ONLY by R-V3-MVP-CONTROL-CORPUS-01,2025-09-13,2026-08-22,3.0.0-internal-shadow-mvp,V3-INTERNAL-SHADOW-MVP-2026-08-22-R1-001,training
G25-0145,2025,3,San Jose State,Colorado State,HOME,-6.715179,-6.414337,3.199157,4.0,W,GOVERNED_SYNTHETIC_CONTROL: 2025 Synthetic Season LOCKED v3.xlsx sha256=77bb6ecf48e805b62b8af238bbf7b3534330df0405b8a170e48bb5c234d532ba via Power_Crunch_Research_Lab_Phase5D_WalkForward_Package.zip; corpus self-declares SCHEDULE SYNTHETIC / SCORES SIMULATED; authorised for MVP_CONTROL_CALIBRATION_ONLY by R-V3-MVP-CONTROL-CORPUS-01,2025-09-13,2026-08-22,3.0.0-internal-shadow-mvp,V3-INTERNAL-SHADOW-MVP-2026-08-22-R1-001,training
G25-0145,2025,3,Colorado State,San Jose State,AWAY,-6.414337,-6.715179,-3.199157,-4.0,L,GOVERNED_SYNTHETIC_CONTROL: 2025 Synthetic Season LOCKED v3.xlsx sha256=77bb6ecf48e805b62b8af238bbf7b3534330df0405b8a170e48bb5c234d532ba via Power_Crunch_Research_Lab_Phase5D_WalkForward_Package.zip; corpus self-declares SCHEDULE SYNTHETIC / SCORES SIMULATED; authorised for MVP_CONTROL_CALIBRATION_ONLY by R-V3-MVP-CONTROL-CORPUS-01,2025-09-13,2026-08-22,3.0.0-internal-shadow-mvp,V3-INTERNAL-SHADOW-MVP-2026-08-22-R1-001,training
G25-0146,2025,3,Syracuse,Wake Forest,HOME,2.282811,-2.241445,8.024256,-17.0,L,GOVERNED_SYNTHETIC_CONTROL: 2025 Synthetic Season LOCKED v3.xlsx sha256=77bb6ecf48e805b62b8af238bbf7b3534330df0405b8a170e48bb5c234d532ba via Power_Crunch_Research_Lab_Phase5D_WalkForward_Package.zip; corpus self-declares SCHEDULE SYNTHETIC / SCORES SIMULATED; authorised for MVP_CONTROL_CALIBRATION_ONLY by R-V3-MVP-CONTROL-CORPUS-01,2025-09-13,2026-08-22,3.0.0-internal-shadow-mvp,V3-INTERNAL-SHADOW-MVP-2026-08-22-R1-001,training
G25-0146,2025,3,Wake Forest,Syracuse,AWAY,-2.241445,2.282811,-8.024256,17.0,W,GOVERNED_SYNTHETIC_CONTROL: 2025 Synthetic Season LOCKED v3.xlsx sha256=77bb6ecf48e805b62b8af238bbf7b3534330df0405b8a170e48bb5c234d532ba via Power_Crunch_Research_Lab_Phase5D_WalkForward_Package.zip; corpus self-declares SCHEDULE SYNTHETIC / SCORES SIMULATED; authorised for MVP_CONTROL_CALIBRATION_ONLY by R-V3-MVP-CONTROL-CORPUS-01,2025-09-13,2026-08-22,3.0.0-internal-shadow-mvp,V3-INTERNAL-SHADOW-MVP-2026-08-22-R1-001,training
G25-0147,2025,3,Temple,Notre Dame,HOME,-13.773393,24.984065,-35.257457,-47.0,L,GOVERNED_SYNTHETIC_CONTROL: 2025 Synthetic Season LOCKED v3.xlsx sha256=77bb6ecf48e805b62b8af238bbf7b3534330df0405b8a170e48bb5c234d532ba via Power_Crunch_Research_Lab_Phase5D_WalkForward_Package.zip; corpus self-declares SCHEDULE SYNTHETIC / SCORES SIMULATED; authorised for MVP_CONTROL_CALIBRATION_ONLY by R-V3-MVP-CONTROL-CORPUS-01,2025-09-13,2026-08-22,3.0.0-internal-shadow-mvp,V3-INTERNAL-SHADOW-MVP-2026-08-22-R1-001,training
G25-0147,2025,3,Notre Dame,Temple,AWAY,24.984065,-13.773393,35.257457,47.0,W,GOVERNED_SYNTHETIC_CONTROL: 2025 Synthetic Season LOCKED v3.xlsx sha256=77bb6ecf48e805b62b8af238bbf7b3534330df0405b8a170e48bb5c234d532ba via Power_Crunch_Research_Lab_Phase5D_WalkForward_Package.zip; corpus self-declares SCHEDULE SYNTHETIC / SCORES SIMULATED; authorised for MVP_CONTROL_CALIBRATION_ONLY by R-V3-MVP-CONTROL-CORPUS-01,2025-09-13,2026-08-22,3.0.0-internal-shadow-mvp,V3-INTERNAL-SHADOW-MVP-2026-08-22-R1-001,training
G25-0148,2025,3,Texas A&M,UTEP,HOME,10.93403,-12.609646,27.043677,73.0,W,GOVERNED_SYNTHETIC_CONTROL: 2025 Synthetic Season LOCKED v3.xlsx sha256=77bb6ecf48e805b62b8af238bbf7b3534330df0405b8a170e48bb5c234d532ba via Power_Crunch_Research_Lab_Phase5D_WalkForward_Package.zip; corpus self-declares SCHEDULE SYNTHETIC / SCORES SIMULATED; authorised for MVP_CONTROL_CALIBRATION_ONLY by R-V3-MVP-CONTROL-CORPUS-01,2025-09-13,2026-08-22,3.0.0-internal-shadow-mvp,V3-INTERNAL-SHADOW-MVP-2026-08-22-R1-001,training
G25-0148,2025,3,UTEP,Texas A&M,AWAY,-12.609646,10.93403,-27.043677,-73.0,L,GOVERNED_SYNTHETIC_CONTROL: 2025 Synthetic Season LOCKED v3.xlsx sha256=77bb6ecf48e805b62b8af238bbf7b3534330df0405b8a170e48bb5c234d532ba via Power_Crunch_Research_Lab_Phase5D_WalkForward_Package.zip; corpus self-declares SCHEDULE SYNTHETIC / SCORES SIMULATED; authorised for MVP_CONTROL_CALIBRATION_ONLY by R-V3-MVP-CONTROL-CORPUS-01,2025-09-13,2026-08-22,3.0.0-internal-shadow-mvp,V3-INTERNAL-SHADOW-MVP-2026-08-22-R1-001,training
G25-0149,2025,3,Texas State,Old Dominion,HOME,1.143335,-1.559995,6.20333,-12.0,L,GOVERNED_SYNTHETIC_CONTROL: 2025 Synthetic Season LOCKED v3.xlsx sha256=77bb6ecf48e805b62b8af238bbf7b3534330df0405b8a170e48bb5c234d532ba via Power_Crunch_Research_Lab_Phase5D_WalkForward_Package.zip; corpus self-declares SCHEDULE SYNTHETIC / SCORES SIMULATED; authorised for MVP_CONTROL_CALIBRATION_ONLY by R-V3-MVP-CONTROL-CORPUS-01,2025-09-13,2026-08-22,3.0.0-internal-shadow-mvp,V3-INTERNAL-SHADOW-MVP-2026-08-22-R1-001,training
G25-0149,2025,3,Old Dominion,Texas State,AWAY,-1.559995,1.143335,-6.20333,12.0,W,GOVERNED_SYNTHETIC_CONTROL: 2025 Synthetic Season LOCKED v3.xlsx sha256=77bb6ecf48e805b62b8af238bbf7b3534330df0405b8a170e48bb5c234d532ba via Power_Crunch_Research_Lab_Phase5D_WalkForward_Package.zip; corpus self-declares SCHEDULE SYNTHETIC / SCORES SIMULATED; authorised for MVP_CONTROL_CALIBRATION_ONLY by R-V3-MVP-CONTROL-CORPUS-01,2025-09-13,2026-08-22,3.0.0-internal-shadow-mvp,V3-INTERNAL-SHADOW-MVP-2026-08-22-R1-001,training
G25-0150,2025,3,Texas Tech,Kansas State,HOME,11.189496,8.522114,6.167382,55.0,W,GOVERNED_SYNTHETIC_CONTROL: 2025 Synthetic Season LOCKED v3.xlsx sha256=77bb6ecf48e805b62b8af238bbf7b3534330df0405b8a170e48bb5c234d532ba via Power_Crunch_Research_Lab_Phase5D_WalkForward_Package.zip; corpus self-declares SCHEDULE SYNTHETIC / SCORES SIMULATED; authorised for MVP_CONTROL_CALIBRATION_ONLY by R-V3-MVP-CONTROL-CORPUS-01,2025-09-13,2026-08-22,3.0.0-internal-shadow-mvp,V3-INTERNAL-SHADOW-MVP-2026-08-22-R1-001,training
G25-0150,2025,3,Kansas State,Texas Tech,AWAY,8.522114,11.189496,-6.167382,-55.0,L,GOVERNED_SYNTHETIC_CONTROL: 2025 Synthetic Season LOCKED v3.xlsx sha256=77bb6ecf48e805b62b8af238bbf7b3534330df0405b8a170e48bb5c234d532ba via Power_Crunch_Research_Lab_Phase5D_WalkForward_Package.zip; corpus self-declares SCHEDULE SYNTHETIC / SCORES SIMULATED; authorised for MVP_CONTROL_CALIBRATION_ONLY by R-V3-MVP-CONTROL-CORPUS-01,2025-09-13,2026-08-22,3.0.0-internal-shadow-mvp,V3-INTERNAL-SHADOW-MVP-2026-08-22-R1-001,training
G25-0151,2025,3,Troy,Middle Tennessee,HOME,-6.119472,-10.753031,8.133559,-8.0,L,GOVERNED_SYNTHETIC_CONTROL: 2025 Synthetic Season LOCKED v3.xlsx sha256=77bb6ecf48e805b62b8af238bbf7b3534330df0405b8a170e48bb5c234d532ba via Power_Crunch_Research_Lab_Phase5D_WalkForward_Package.zip; corpus self-declares SCHEDULE SYNTHETIC / SCORES SIMULATED; authorised for MVP_CONTROL_CALIBRATION_ONLY by R-V3-MVP-CONTROL-CORPUS-01,2025-09-13,2026-08-22,3.0.0-internal-shadow-mvp,V3-INTERNAL-SHADOW-MVP-2026-08-22-R1-001,training
G25-0151,2025,3,Middle Tennessee,Troy,AWAY,-10.753031,-6.119472,-8.133559,8.0,W,GOVERNED_SYNTHETIC_CONTROL: 2025 Synthetic Season LOCKED v3.xlsx sha256=77bb6ecf48e805b62b8af238bbf7b3534330df0405b8a170e48bb5c234d532ba via Power_Crunch_Research_Lab_Phase5D_WalkForward_Package.zip; corpus self-declares SCHEDULE SYNTHETIC / SCORES SIMULATED; authorised for MVP_CONTROL_CALIBRATION_ONLY by R-V3-MVP-CONTROL-CORPUS-01,2025-09-13,2026-08-22,3.0.0-internal-shadow-mvp,V3-INTERNAL-SHADOW-MVP-2026-08-22-R1-001,training
G25-0152,2025,3,Tulsa,Tulane,HOME,-22.480356,11.68622,-30.666577,-27.0,L,GOVERNED_SYNTHETIC_CONTROL: 2025 Synthetic Season LOCKED v3.xlsx sha256=77bb6ecf48e805b62b8af238bbf7b3534330df0405b8a170e48bb5c234d532ba via Power_Crunch_Research_Lab_Phase5D_WalkForward_Package.zip; corpus self-declares SCHEDULE SYNTHETIC / SCORES SIMULATED; authorised for MVP_CONTROL_CALIBRATION_ONLY by R-V3-MVP-CONTROL-CORPUS-01,2025-09-13,2026-08-22,3.0.0-internal-shadow-mvp,V3-INTERNAL-SHADOW-MVP-2026-08-22-R1-001,training
G25-0152,2025,3,Tulane,Tulsa,AWAY,11.68622,-22.480356,30.666577,27.0,W,GOVERNED_SYNTHETIC_CONTROL: 2025 Synthetic Season LOCKED v3.xlsx sha256=77bb6ecf48e805b62b8af238bbf7b3534330df0405b8a170e48bb5c234d532ba via Power_Crunch_Research_Lab_Phase5D_WalkForward_Package.zip; corpus self-declares SCHEDULE SYNTHETIC / SCORES SIMULATED; authorised for MVP_CONTROL_CALIBRATION_ONLY by R-V3-MVP-CONTROL-CORPUS-01,2025-09-13,2026-08-22,3.0.0-internal-shadow-mvp,V3-INTERNAL-SHADOW-MVP-2026-08-22-R1-001,training
G25-0153,2025,3,UAB,Rice,HOME,-12.066782,-5.624698,-2.942084,-19.0,L,GOVERNED_SYNTHETIC_CONTROL: 2025 Synthetic Season LOCKED v3.xlsx sha256=77bb6ecf48e805b62b8af238bbf7b3534330df0405b8a170e48bb5c234d532ba via Power_Crunch_Research_Lab_Phase5D_WalkForward_Package.zip; corpus self-declares SCHEDULE SYNTHETIC / SCORES SIMULATED; authorised for MVP_CONTROL_CALIBRATION_ONLY by R-V3-MVP-CONTROL-CORPUS-01,2025-09-13,2026-08-22,3.0.0-internal-shadow-mvp,V3-INTERNAL-SHADOW-MVP-2026-08-22-R1-001,training
G25-0153,2025,3,Rice,UAB,AWAY,-5.624698,-12.066782,2.942084,19.0,W,GOVERNED_SYNTHETIC_CONTROL: 2025 Synthetic Season LOCKED v3.xlsx sha256=77bb6ecf48e805b62b8af238bbf7b3534330df0405b8a170e48bb5c234d532ba via Power_Crunch_Research_Lab_Phase5D_WalkForward_Package.zip; corpus self-declares SCHEDULE SYNTHETIC / SCORES SIMULATED; authorised for MVP_CONTROL_CALIBRATION_ONLY by R-V3-MVP-CONTROL-CORPUS-01,2025-09-13,2026-08-22,3.0.0-internal-shadow-mvp,V3-INTERNAL-SHADOW-MVP-2026-08-22-R1-001,training
G25-0154,2025,3,UCLA,Penn State,HOME,-0.724297,10.036265,-7.260562,-16.0,L,GOVERNED_SYNTHETIC_CONTROL: 2025 Synthetic Season LOCKED v3.xlsx sha256=77bb6ecf48e805b62b8af238bbf7b3534330df0405b8a170e48bb5c234d532ba via Power_Crunch_Research_Lab_Phase5D_WalkForward_Package.zip; corpus self-declares SCHEDULE SYNTHETIC / SCORES SIMULATED; authorised for MVP_CONTROL_CALIBRATION_ONLY by R-V3-MVP-CONTROL-CORPUS-01,2025-09-13,2026-08-22,3.0.0-internal-shadow-mvp,V3-INTERNAL-SHADOW-MVP-2026-08-22-R1-001,training
G25-0154,2025,3,Penn State,UCLA,AWAY,10.036265,-0.724297,7.260562,16.0,W,GOVERNED_SYNTHETIC_CONTROL: 2025 Synthetic Season LOCKED v3.xlsx sha256=77bb6ecf48e805b62b8af238bbf7b3534330df0405b8a170e48bb5c234d532ba via Power_Crunch_Research_Lab_Phase5D_WalkForward_Package.zip; corpus self-declares SCHEDULE SYNTHETIC / SCORES SIMULATED; authorised for MVP_CONTROL_CALIBRATION_ONLY by R-V3-MVP-CONTROL-CORPUS-01,2025-09-13,2026-08-22,3.0.0-internal-shadow-mvp,V3-INTERNAL-SHADOW-MVP-2026-08-22-R1-001,training
G25-0155,2025,3,UConn,Princeton,HOME,1.200687,-15.958744,20.659432,-19.0,L,GOVERNED_SYNTHETIC_CONTROL: 2025 Synthetic Season LOCKED v3.xlsx sha256=77bb6ecf48e805b62b8af238bbf7b3534330df0405b8a170e48bb5c234d532ba via Power_Crunch_Research_Lab_Phase5D_WalkForward_Package.zip; corpus self-declares SCHEDULE SYNTHETIC / SCORES SIMULATED; authorised for MVP_CONTROL_CALIBRATION_ONLY by R-V3-MVP-CONTROL-CORPUS-01,2025-09-13,2026-08-22,3.0.0-internal-shadow-mvp,V3-INTERNAL-SHADOW-MVP-2026-08-22-R1-001,training
G25-0155,2025,3,Princeton,UConn,AWAY,-15.958744,1.200687,-20.659432,19.0,W,GOVERNED_SYNTHETIC_CONTROL: 2025 Synthetic Season LOCKED v3.xlsx sha256=77bb6ecf48e805b62b8af238bbf7b3534330df0405b8a170e48bb5c234d532ba via Power_Crunch_Research_Lab_Phase5D_WalkForward_Package.zip; corpus self-declares SCHEDULE SYNTHETIC / SCORES SIMULATED; authorised for MVP_CONTROL_CALIBRATION_ONLY by R-V3-MVP-CONTROL-CORPUS-01,2025-09-13,2026-08-22,3.0.0-internal-shadow-mvp,V3-INTERNAL-SHADOW-MVP-2026-08-22-R1-001,training
G25-0156,2025,3,USC,Virginia,HOME,10.387017,-3.120656,17.007672,-12.0,L,GOVERNED_SYNTHETIC_CONTROL: 2025 Synthetic Season LOCKED v3.xlsx sha256=77bb6ecf48e805b62b8af238bbf7b3534330df0405b8a170e48bb5c234d532ba via Power_Crunch_Research_Lab_Phase5D_WalkForward_Package.zip; corpus self-declares SCHEDULE SYNTHETIC / SCORES SIMULATED; authorised for MVP_CONTROL_CALIBRATION_ONLY by R-V3-MVP-CONTROL-CORPUS-01,2025-09-13,2026-08-22,3.0.0-internal-shadow-mvp,V3-INTERNAL-SHADOW-MVP-2026-08-22-R1-001,training
G25-0156,2025,3,Virginia,USC,AWAY,-3.120656,10.387017,-17.007672,12.0,W,GOVERNED_SYNTHETIC_CONTROL: 2025 Synthetic Season LOCKED v3.xlsx sha256=77bb6ecf48e805b62b8af238bbf7b3534330df0405b8a170e48bb5c234d532ba via Power_Crunch_Research_Lab_Phase5D_WalkForward_Package.zip; corpus self-declares SCHEDULE SYNTHETIC / SCORES SIMULATED; authorised for MVP_CONTROL_CALIBRATION_ONLY by R-V3-MVP-CONTROL-CORPUS-01,2025-09-13,2026-08-22,3.0.0-internal-shadow-mvp,V3-INTERNAL-SHADOW-MVP-2026-08-22-R1-001,training
G25-0157,2025,3,Utah,TCU,HOME,6.60495,11.673723,-1.568773,6.0,W,GOVERNED_SYNTHETIC_CONTROL: 2025 Synthetic Season LOCKED v3.xlsx sha256=77bb6ecf48e805b62b8af238bbf7b3534330df0405b8a170e48bb5c234d532ba via Power_Crunch_Research_Lab_Phase5D_WalkForward_Package.zip; corpus self-declares SCHEDULE SYNTHETIC / SCORES SIMULATED; authorised for MVP_CONTROL_CALIBRATION_ONLY by R-V3-MVP-CONTROL-CORPUS-01,2025-09-13,2026-08-22,3.0.0-internal-shadow-mvp,V3-INTERNAL-SHADOW-MVP-2026-08-22-R1-001,training
G25-0157,2025,3,TCU,Utah,AWAY,11.673723,6.60495,1.568773,-6.0,L,GOVERNED_SYNTHETIC_CONTROL: 2025 Synthetic Season LOCKED v3.xlsx sha256=77bb6ecf48e805b62b8af238bbf7b3534330df0405b8a170e48bb5c234d532ba via Power_Crunch_Research_Lab_Phase5D_WalkForward_Package.zip; corpus self-declares SCHEDULE SYNTHETIC / SCORES SIMULATED; authorised for MVP_CONTROL_CALIBRATION_ONLY by R-V3-MVP-CONTROL-CORPUS-01,2025-09-13,2026-08-22,3.0.0-internal-shadow-mvp,V3-INTERNAL-SHADOW-MVP-2026-08-22-R1-001,training
G25-0158,2025,3,Vanderbilt,Ole Miss,HOME,7.576577,15.858766,-4.782189,-9.0,L,GOVERNED_SYNTHETIC_CONTROL: 2025 Synthetic Season LOCKED v3.xlsx sha256=77bb6ecf48e805b62b8af238bbf7b3534330df0405b8a170e48bb5c234d532ba via Power_Crunch_Research_Lab_Phase5D_WalkForward_Package.zip; corpus self-declares SCHEDULE SYNTHETIC / SCORES SIMULATED; authorised for MVP_CONTROL_CALIBRATION_ONLY by R-V3-MVP-CONTROL-CORPUS-01,2025-09-13,2026-08-22,3.0.0-internal-shadow-mvp,V3-INTERNAL-SHADOW-MVP-2026-08-22-R1-001,training
G25-0158,2025,3,Ole Miss,Vanderbilt,AWAY,15.858766,7.576577,4.782189,9.0,W,GOVERNED_SYNTHETIC_CONTROL: 2025 Synthetic Season LOCKED v3.xlsx sha256=77bb6ecf48e805b62b8af238bbf7b3534330df0405b8a170e48bb5c234d532ba via Power_Crunch_Research_Lab_Phase5D_WalkForward_Package.zip; corpus self-declares SCHEDULE SYNTHETIC / SCORES SIMULATED; authorised for MVP_CONTROL_CALIBRATION_ONLY by R-V3-MVP-CONTROL-CORPUS-01,2025-09-13,2026-08-22,3.0.0-internal-shadow-mvp,V3-INTERNAL-SHADOW-MVP-2026-08-22-R1-001,training
G25-0159,2025,3,Virginia Tech,Stanford,HOME,8.224076,-5.880205,17.604282,2.0,W,GOVERNED_SYNTHETIC_CONTROL: 2025 Synthetic Season LOCKED v3.xlsx sha256=77bb6ecf48e805b62b8af238bbf7b3534330df0405b8a170e48bb5c234d532ba via Power_Crunch_Research_Lab_Phase5D_WalkForward_Package.zip; corpus self-declares SCHEDULE SYNTHETIC / SCORES SIMULATED; authorised for MVP_CONTROL_CALIBRATION_ONLY by R-V3-MVP-CONTROL-CORPUS-01,2025-09-13,2026-08-22,3.0.0-internal-shadow-mvp,V3-INTERNAL-SHADOW-MVP-2026-08-22-R1-001,training
G25-0159,2025,3,Stanford,Virginia Tech,AWAY,-5.880205,8.224076,-17.604282,-2.0,L,GOVERNED_SYNTHETIC_CONTROL: 2025 Synthetic Season LOCKED v3.xlsx sha256=77bb6ecf48e805b62b8af238bbf7b3534330df0405b8a170e48bb5c234d532ba via Power_Crunch_Research_Lab_Phase5D_WalkForward_Package.zip; corpus self-declares SCHEDULE SYNTHETIC / SCORES SIMULATED; authorised for MVP_CONTROL_CALIBRATION_ONLY by R-V3-MVP-CONTROL-CORPUS-01,2025-09-13,2026-08-22,3.0.0-internal-shadow-mvp,V3-INTERNAL-SHADOW-MVP-2026-08-22-R1-001,training
G25-0160,2025,3,Washington,Purdue,HOME,3.836786,-17.516705,24.853491,51.0,W,GOVERNED_SYNTHETIC_CONTROL: 2025 Synthetic Season LOCKED v3.xlsx sha256=77bb6ecf48e805b62b8af238bbf7b3534330df0405b8a170e48bb5c234d532ba via Power_Crunch_Research_Lab_Phase5D_WalkForward_Package.zip; corpus self-declares SCHEDULE SYNTHETIC / SCORES SIMULATED; authorised for MVP_CONTROL_CALIBRATION_ONLY by R-V3-MVP-CONTROL-CORPUS-01,2025-09-13,2026-08-22,3.0.0-internal-shadow-mvp,V3-INTERNAL-SHADOW-MVP-2026-08-22-R1-001,training
G25-0160,2025,3,Purdue,Washington,AWAY,-17.516705,3.836786,-24.853491,-51.0,L,GOVERNED_SYNTHETIC_CONTROL: 2025 Synthetic Season LOCKED v3.xlsx sha256=77bb6ecf48e805b62b8af238bbf7b3534330df0405b8a170e48bb5c234d532ba via Power_Crunch_Research_Lab_Phase5D_WalkForward_Package.zip; corpus self-declares SCHEDULE SYNTHETIC / SCORES SIMULATED; authorised for MVP_CONTROL_CALIBRATION_ONLY by R-V3-MVP-CONTROL-CORPUS-01,2025-09-13,2026-08-22,3.0.0-internal-shadow-mvp,V3-INTERNAL-SHADOW-MVP-2026-08-22-R1-001,training
G25-0161,2025,3,Washington State,UNLV,HOME,0.326988,8.300271,-4.473283,24.0,W,GOVERNED_SYNTHETIC_CONTROL: 2025 Synthetic Season LOCKED v3.xlsx sha256=77bb6ecf48e805b62b8af238bbf7b3534330df0405b8a170e48bb5c234d532ba via Power_Crunch_Research_Lab_Phase5D_WalkForward_Package.zip; corpus self-declares SCHEDULE SYNTHETIC / SCORES SIMULATED; authorised for MVP_CONTROL_CALIBRATION_ONLY by R-V3-MVP-CONTROL-CORPUS-01,2025-09-13,2026-08-22,3.0.0-internal-shadow-mvp,V3-INTERNAL-SHADOW-MVP-2026-08-22-R1-001,training
G25-0161,2025,3,UNLV,Washington State,AWAY,8.300271,0.326988,4.473283,-24.0,L,GOVERNED_SYNTHETIC_CONTROL: 2025 Synthetic Season LOCKED v3.xlsx sha256=77bb6ecf48e805b62b8af238bbf7b3534330df0405b8a170e48bb5c234d532ba via Power_Crunch_Research_Lab_Phase5D_WalkForward_Package.zip; corpus self-declares SCHEDULE SYNTHETIC / SCORES SIMULATED; authorised for MVP_CONTROL_CALIBRATION_ONLY by R-V3-MVP-CONTROL-CORPUS-01,2025-09-13,2026-08-22,3.0.0-internal-shadow-mvp,V3-INTERNAL-SHADOW-MVP-2026-08-22-R1-001,training
G25-0162,2025,3,Yale,Coastal Carolina,HOME,-18.935563,-8.081266,-7.354297,16.0,W,GOVERNED_SYNTHETIC_CONTROL: 2025 Synthetic Season LOCKED v3.xlsx sha256=77bb6ecf48e805b62b8af238bbf7b3534330df0405b8a170e48bb5c234d532ba via Power_Crunch_Research_Lab_Phase5D_WalkForward_Package.zip; corpus self-declares SCHEDULE SYNTHETIC / SCORES SIMULATED; authorised for MVP_CONTROL_CALIBRATION_ONLY by R-V3-MVP-CONTROL-CORPUS-01,2025-09-13,2026-08-22,3.0.0-internal-shadow-mvp,V3-INTERNAL-SHADOW-MVP-2026-08-22-R1-001,training
G25-0162,2025,3,Coastal Carolina,Yale,AWAY,-8.081266,-18.935563,7.354297,-16.0,L,GOVERNED_SYNTHETIC_CONTROL: 2025 Synthetic Season LOCKED v3.xlsx sha256=77bb6ecf48e805b62b8af238bbf7b3534330df0405b8a170e48bb5c234d532ba via Power_Crunch_Research_Lab_Phase5D_WalkForward_Package.zip; corpus self-declares SCHEDULE SYNTHETIC / SCORES SIMULATED; authorised for MVP_CONTROL_CALIBRATION_ONLY by R-V3-MVP-CONTROL-CORPUS-01,2025-09-13,2026-08-22,3.0.0-internal-shadow-mvp,V3-INTERNAL-SHADOW-MVP-2026-08-22-R1-001,training
G25-0163,2025,4,Air Force,UNLV,HOME,-5.313571,5.943069,-7.75664,-9.0,L,GOVERNED_SYNTHETIC_CONTROL: 2025 Synthetic Season LOCKED v3.xlsx sha256=77bb6ecf48e805b62b8af238bbf7b3534330df0405b8a170e48bb5c234d532ba via Power_Crunch_Research_Lab_Phase5D_WalkForward_Package.zip; corpus self-declares SCHEDULE SYNTHETIC / SCORES SIMULATED; authorised for MVP_CONTROL_CALIBRATION_ONLY by R-V3-MVP-CONTROL-CORPUS-01,2025-09-20,2026-08-22,3.0.0-internal-shadow-mvp,V3-INTERNAL-SHADOW-MVP-2026-08-22-R1-001,training
G25-0163,2025,4,UNLV,Air Force,AWAY,5.943069,-5.313571,7.75664,9.0,W,GOVERNED_SYNTHETIC_CONTROL: 2025 Synthetic Season LOCKED v3.xlsx sha256=77bb6ecf48e805b62b8af238bbf7b3534330df0405b8a170e48bb5c234d532ba via Power_Crunch_Research_Lab_Phase5D_WalkForward_Package.zip; corpus self-declares SCHEDULE SYNTHETIC / SCORES SIMULATED; authorised for MVP_CONTROL_CALIBRATION_ONLY by R-V3-MVP-CONTROL-CORPUS-01,2025-09-20,2026-08-22,3.0.0-internal-shadow-mvp,V3-INTERNAL-SHADOW-MVP-2026-08-22-R1-001,training
G25-0164,2025,4,Alabama,Florida,HOME,17.049853,6.728755,13.821098,50.0,W,GOVERNED_SYNTHETIC_CONTROL: 2025 Synthetic Season LOCKED v3.xlsx sha256=77bb6ecf48e805b62b8af238bbf7b3534330df0405b8a170e48bb5c234d532ba via Power_Crunch_Research_Lab_Phase5D_WalkForward_Package.zip; corpus self-declares SCHEDULE SYNTHETIC / SCORES SIMULATED; authorised for MVP_CONTROL_CALIBRATION_ONLY by R-V3-MVP-CONTROL-CORPUS-01,2025-09-20,2026-08-22,3.0.0-internal-shadow-mvp,V3-INTERNAL-SHADOW-MVP-2026-08-22-R1-001,training
G25-0164,2025,4,Florida,Alabama,AWAY,6.728755,17.049853,-13.821098,-50.0,L,GOVERNED_SYNTHETIC_CONTROL: 2025 Synthetic Season LOCKED v3.xlsx sha256=77bb6ecf48e805b62b8af238bbf7b3534330df0405b8a170e48bb5c234d532ba via Power_Crunch_Research_Lab_Phase5D_WalkForward_Package.zip; corpus self-declares SCHEDULE SYNTHETIC / SCORES SIMULATED; authorised for MVP_CONTROL_CALIBRATION_ONLY by R-V3-MVP-CONTROL-CORPUS-01,2025-09-20,2026-08-22,3.0.0-internal-shadow-mvp,V3-INTERNAL-SHADOW-MVP-2026-08-22-R1-001,training
G25-0165,2025,4,Arizona,Wisconsin,HOME,1.2513,1.88016,2.871139,17.0,W,GOVERNED_SYNTHETIC_CONTROL: 2025 Synthetic Season LOCKED v3.xlsx sha256=77bb6ecf48e805b62b8af238bbf7b3534330df0405b8a170e48bb5c234d532ba via Power_Crunch_Research_Lab_Phase5D_WalkForward_Package.zip; corpus self-declares SCHEDULE SYNTHETIC / SCORES SIMULATED; authorised for MVP_CONTROL_CALIBRATION_ONLY by R-V3-MVP-CONTROL-CORPUS-01,2025-09-20,2026-08-22,3.0.0-internal-shadow-mvp,V3-INTERNAL-SHADOW-MVP-2026-08-22-R1-001,training
G25-0165,2025,4,Wisconsin,Arizona,AWAY,1.88016,1.2513,-2.871139,-17.0,L,GOVERNED_SYNTHETIC_CONTROL: 2025 Synthetic Season LOCKED v3.xlsx sha256=77bb6ecf48e805b62b8af238bbf7b3534330df0405b8a170e48bb5c234d532ba via Power_Crunch_Research_Lab_Phase5D_WalkForward_Package.zip; corpus self-declares SCHEDULE SYNTHETIC / SCORES SIMULATED; authorised for MVP_CONTROL_CALIBRATION_ONLY by R-V3-MVP-CONTROL-CORPUS-01,2025-09-20,2026-08-22,3.0.0-internal-shadow-mvp,V3-INTERNAL-SHADOW-MVP-2026-08-22-R1-001,training
G25-0166,2025,4,Arizona State,Florida International,HOME,4.461889,-10.962395,18.924284,18.0,W,GOVERNED_SYNTHETIC_CONTROL: 2025 Synthetic Season LOCKED v3.xlsx sha256=77bb6ecf48e805b62b8af238bbf7b3534330df0405b8a170e48bb5c234d532ba via Power_Crunch_Research_Lab_Phase5D_WalkForward_Package.zip; corpus self-declares SCHEDULE SYNTHETIC / SCORES SIMULATED; authorised for MVP_CONTROL_CALIBRATION_ONLY by R-V3-MVP-CONTROL-CORPUS-01,2025-09-20,2026-08-22,3.0.0-internal-shadow-mvp,V3-INTERNAL-SHADOW-MVP-2026-08-22-R1-001,training
G25-0166,2025,4,Florida International,Arizona State,AWAY,-10.962395,4.461889,-18.924284,-18.0,L,GOVERNED_SYNTHETIC_CONTROL: 2025 Synthetic Season LOCKED v3.xlsx sha256=77bb6ecf48e805b62b8af238bbf7b3534330df0405b8a170e48bb5c234d532ba via Power_Crunch_Research_Lab_Phase5D_WalkForward_Package.zip; corpus self-declares SCHEDULE SYNTHETIC / SCORES SIMULATED; authorised for MVP_CONTROL_CALIBRATION_ONLY by R-V3-MVP-CONTROL-CORPUS-01,2025-09-20,2026-08-22,3.0.0-internal-shadow-mvp,V3-INTERNAL-SHADOW-MVP-2026-08-22-R1-001,training
G25-0167,2025,4,Arkansas,Texas,HOME,-5.220692,20.492836,-22.213528,-40.0,L,GOVERNED_SYNTHETIC_CONTROL: 2025 Synthetic Season LOCKED v3.xlsx sha256=77bb6ecf48e805b62b8af238bbf7b3534330df0405b8a170e48bb5c234d532ba via Power_Crunch_Research_Lab_Phase5D_WalkForward_Package.zip; corpus self-declares SCHEDULE SYNTHETIC / SCORES SIMULATED; authorised for MVP_CONTROL_CALIBRATION_ONLY by R-V3-MVP-CONTROL-CORPUS-01,2025-09-20,2026-08-22,3.0.0-internal-shadow-mvp,V3-INTERNAL-SHADOW-MVP-2026-08-22-R1-001,training
G25-0167,2025,4,Texas,Arkansas,AWAY,20.492836,-5.220692,22.213528,40.0,W,GOVERNED_SYNTHETIC_CONTROL: 2025 Synthetic Season LOCKED v3.xlsx sha256=77bb6ecf48e805b62b8af238bbf7b3534330df0405b8a170e48bb5c234d532ba via Power_Crunch_Research_Lab_Phase5D_WalkForward_Package.zip; corpus self-declares SCHEDULE SYNTHETIC / SCORES SIMULATED; authorised for MVP_CONTROL_CALIBRATION_ONLY by R-V3-MVP-CONTROL-CORPUS-01,2025-09-20,2026-08-22,3.0.0-internal-shadow-mvp,V3-INTERNAL-SHADOW-MVP-2026-08-22-R1-001,training
G25-0168,2025,4,Auburn,Texas A&M,HOME,-0.842632,15.33403,-12.676662,-68.0,L,GOVERNED_SYNTHETIC_CONTROL: 2025 Synthetic Season LOCKED v3.xlsx sha256=77bb6ecf48e805b62b8af238bbf7b3534330df0405b8a170e48bb5c234d532ba via Power_Crunch_Research_Lab_Phase5D_WalkForward_Package.zip; corpus self-declares SCHEDULE SYNTHETIC / SCORES SIMULATED; authorised for MVP_CONTROL_CALIBRATION_ONLY by R-V3-MVP-CONTROL-CORPUS-01,2025-09-20,2026-08-22,3.0.0-internal-shadow-mvp,V3-INTERNAL-SHADOW-MVP-2026-08-22-R1-001,training
G25-0168,2025,4,Texas A&M,Auburn,AWAY,15.33403,-0.842632,12.676662,68.0,W,GOVERNED_SYNTHETIC_CONTROL: 2025 Synthetic Season LOCKED v3.xlsx sha256=77bb6ecf48e805b62b8af238bbf7b3534330df0405b8a170e48bb5c234d532ba via Power_Crunch_Research_Lab_Phase5D_WalkForward_Package.zip; corpus self-declares SCHEDULE SYNTHETIC / SCORES SIMULATED; authorised for MVP_CONTROL_CALIBRATION_ONLY by R-V3-MVP-CONTROL-CORPUS-01,2025-09-20,2026-08-22,3.0.0-internal-shadow-mvp,V3-INTERNAL-SHADOW-MVP-2026-08-22-R1-001,training
G25-0169,2025,4,Boise State,New Mexico,HOME,5.88441,-10.601927,19.986337,-3.0,L,GOVERNED_SYNTHETIC_CONTROL: 2025 Synthetic Season LOCKED v3.xlsx sha256=77bb6ecf48e805b62b8af238bbf7b3534330df0405b8a170e48bb5c234d532ba via Power_Crunch_Research_Lab_Phase5D_WalkForward_Package.zip; corpus self-declares SCHEDULE SYNTHETIC / SCORES SIMULATED; authorised for MVP_CONTROL_CALIBRATION_ONLY by R-V3-MVP-CONTROL-CORPUS-01,2025-09-20,2026-08-22,3.0.0-internal-shadow-mvp,V3-INTERNAL-SHADOW-MVP-2026-08-22-R1-001,training
G25-0169,2025,4,New Mexico,Boise State,AWAY,-10.601927,5.88441,-19.986337,3.0,W,GOVERNED_SYNTHETIC_CONTROL: 2025 Synthetic Season LOCKED v3.xlsx sha256=77bb6ecf48e805b62b8af238bbf7b3534330df0405b8a170e48bb5c234d532ba via Power_Crunch_Research_Lab_Phase5D_WalkForward_Package.zip; corpus self-declares SCHEDULE SYNTHETIC / SCORES SIMULATED; authorised for MVP_CONTROL_CALIBRATION_ONLY by R-V3-MVP-CONTROL-CORPUS-01,2025-09-20,2026-08-22,3.0.0-internal-shadow-mvp,V3-INTERNAL-SHADOW-MVP-2026-08-22-R1-001,training
G25-0170,2025,4,Buffalo,Middle Tennessee,HOME,-7.47393,-9.387908,5.413978,12.0,W,GOVERNED_SYNTHETIC_CONTROL: 2025 Synthetic Season LOCKED v3.xlsx sha256=77bb6ecf48e805b62b8af238bbf7b3534330df0405b8a170e48bb5c234d532ba via Power_Crunch_Research_Lab_Phase5D_WalkForward_Package.zip; corpus self-declares SCHEDULE SYNTHETIC / SCORES SIMULATED; authorised for MVP_CONTROL_CALIBRATION_ONLY by R-V3-MVP-CONTROL-CORPUS-01,2025-09-20,2026-08-22,3.0.0-internal-shadow-mvp,V3-INTERNAL-SHADOW-MVP-2026-08-22-R1-001,training
G25-0170,2025,4,Middle Tennessee,Buffalo,AWAY,-9.387908,-7.47393,-5.413978,-12.0,L,GOVERNED_SYNTHETIC_CONTROL: 2025 Synthetic Season LOCKED v3.xlsx sha256=77bb6ecf48e805b62b8af238bbf7b3534330df0405b8a170e48bb5c234d532ba via Power_Crunch_Research_Lab_Phase5D_WalkForward_Package.zip; corpus self-declares SCHEDULE SYNTHETIC / SCORES SIMULATED; authorised for MVP_CONTROL_CALIBRATION_ONLY by R-V3-MVP-CONTROL-CORPUS-01,2025-09-20,2026-08-22,3.0.0-internal-shadow-mvp,V3-INTERNAL-SHADOW-MVP-2026-08-22-R1-001,training
G25-0171,2025,4,California,Fresno State,HOME,-1.532811,-4.160214,6.127403,2.0,W,GOVERNED_SYNTHETIC_CONTROL: 2025 Synthetic Season LOCKED v3.xlsx sha256=77bb6ecf48e805b62b8af238bbf7b3534330df0405b8a170e48bb5c234d532ba via Power_Crunch_Research_Lab_Phase5D_WalkForward_Package.zip; corpus self-declares SCHEDULE SYNTHETIC / SCORES SIMULATED; authorised for MVP_CONTROL_CALIBRATION_ONLY by R-V3-MVP-CONTROL-CORPUS-01,2025-09-20,2026-08-22,3.0.0-internal-shadow-mvp,V3-INTERNAL-SHADOW-MVP-2026-08-22-R1-001,training
G25-0171,2025,4,Fresno State,California,AWAY,-4.160214,-1.532811,-6.127403,-2.0,L,GOVERNED_SYNTHETIC_CONTROL: 2025 Synthetic Season LOCKED v3.xlsx sha256=77bb6ecf48e805b62b8af238bbf7b3534330df0405b8a170e48bb5c234d532ba via Power_Crunch_Research_Lab_Phase5D_WalkForward_Package.zip; corpus self-declares SCHEDULE SYNTHETIC / SCORES SIMULATED; authorised for MVP_CONTROL_CALIBRATION_ONLY by R-V3-MVP-CONTROL-CORPUS-01,2025-09-20,2026-08-22,3.0.0-internal-shadow-mvp,V3-INTERNAL-SHADOW-MVP-2026-08-22-R1-001,training
G25-0172,2025,4,Cincinnati,BYU,HOME,0.641603,11.536193,-7.39459,-37.0,L,GOVERNED_SYNTHETIC_CONTROL: 2025 Synthetic Season LOCKED v3.xlsx sha256=77bb6ecf48e805b62b8af238bbf7b3534330df0405b8a170e48bb5c234d532ba via Power_Crunch_Research_Lab_Phase5D_WalkForward_Package.zip; corpus self-declares SCHEDULE SYNTHETIC / SCORES SIMULATED; authorised for MVP_CONTROL_CALIBRATION_ONLY by R-V3-MVP-CONTROL-CORPUS-01,2025-09-20,2026-08-22,3.0.0-internal-shadow-mvp,V3-INTERNAL-SHADOW-MVP-2026-08-22-R1-001,training
G25-0172,2025,4,BYU,Cincinnati,AWAY,11.536193,0.641603,7.39459,37.0,W,GOVERNED_SYNTHETIC_CONTROL: 2025 Synthetic Season LOCKED v3.xlsx sha256=77bb6ecf48e805b62b8af238bbf7b3534330df0405b8a170e48bb5c234d532ba via Power_Crunch_Research_Lab_Phase5D_WalkForward_Package.zip; corpus self-declares SCHEDULE SYNTHETIC / SCORES SIMULATED; authorised for MVP_CONTROL_CALIBRATION_ONLY by R-V3-MVP-CONTROL-CORPUS-01,2025-09-20,2026-08-22,3.0.0-internal-shadow-mvp,V3-INTERNAL-SHADOW-MVP-2026-08-22-R1-001,training
G25-0173,2025,4,Clemson,Cornell,HOME,5.45318,-18.136485,27.089665,4.0,W,GOVERNED_SYNTHETIC_CONTROL: 2025 Synthetic Season LOCKED v3.xlsx sha256=77bb6ecf48e805b62b8af238bbf7b3534330df0405b8a170e48bb5c234d532ba via Power_Crunch_Research_Lab_Phase5D_WalkForward_Package.zip; corpus self-declares SCHEDULE SYNTHETIC / SCORES SIMULATED; authorised for MVP_CONTROL_CALIBRATION_ONLY by R-V3-MVP-CONTROL-CORPUS-01,2025-09-20,2026-08-22,3.0.0-internal-shadow-mvp,V3-INTERNAL-SHADOW-MVP-2026-08-22-R1-001,training
G25-0173,2025,4,Cornell,Clemson,AWAY,-18.136485,5.45318,-27.089665,-4.0,L,GOVERNED_SYNTHETIC_CONTROL: 2025 Synthetic Season LOCKED v3.xlsx sha256=77bb6ecf48e805b62b8af238bbf7b3534330df0405b8a170e48bb5c234d532ba via Power_Crunch_Research_Lab_Phase5D_WalkForward_Package.zip; corpus self-declares SCHEDULE SYNTHETIC / SCORES SIMULATED; authorised for MVP_CONTROL_CALIBRATION_ONLY by R-V3-MVP-CONTROL-CORPUS-01,2025-09-20,2026-08-22,3.0.0-internal-shadow-mvp,V3-INTERNAL-SHADOW-MVP-2026-08-22-R1-001,training
G25-0174,2025,4,Colgate,Princeton,HOME,-18.91684,-12.296897,-3.119943,12.0,W,GOVERNED_SYNTHETIC_CONTROL: 2025 Synthetic Season LOCKED v3.xlsx sha256=77bb6ecf48e805b62b8af238bbf7b3534330df0405b8a170e48bb5c234d532ba via Power_Crunch_Research_Lab_Phase5D_WalkForward_Package.zip; corpus self-declares SCHEDULE SYNTHETIC / SCORES SIMULATED; authorised for MVP_CONTROL_CALIBRATION_ONLY by R-V3-MVP-CONTROL-CORPUS-01,2025-09-20,2026-08-22,3.0.0-internal-shadow-mvp,V3-INTERNAL-SHADOW-MVP-2026-08-22-R1-001,training
G25-0174,2025,4,Princeton,Colgate,AWAY,-12.296897,-18.91684,3.119943,-12.0,L,GOVERNED_SYNTHETIC_CONTROL: 2025 Synthetic Season LOCKED v3.xlsx sha256=77bb6ecf48e805b62b8af238bbf7b3534330df0405b8a170e48bb5c234d532ba via Power_Crunch_Research_Lab_Phase5D_WalkForward_Package.zip; corpus self-declares SCHEDULE SYNTHETIC / SCORES SIMULATED; authorised for MVP_CONTROL_CALIBRATION_ONLY by R-V3-MVP-CONTROL-CORPUS-01,2025-09-20,2026-08-22,3.0.0-internal-shadow-mvp,V3-INTERNAL-SHADOW-MVP-2026-08-22-R1-001,training
G25-0175,2025,4,Colorado State,Utah State,HOME,-7.48869,-11.888134,7.899444,11.0,W,GOVERNED_SYNTHETIC_CONTROL: 2025 Synthetic Season LOCKED v3.xlsx sha256=77bb6ecf48e805b62b8af238bbf7b3534330df0405b8a170e48bb5c234d532ba via Power_Crunch_Research_Lab_Phase5D_WalkForward_Package.zip; corpus self-declares SCHEDULE SYNTHETIC / SCORES SIMULATED; authorised for MVP_CONTROL_CALIBRATION_ONLY by R-V3-MVP-CONTROL-CORPUS-01,2025-09-20,2026-08-22,3.0.0-internal-shadow-mvp,V3-INTERNAL-SHADOW-MVP-2026-08-22-R1-001,training
G25-0175,2025,4,Utah State,Colorado State,AWAY,-11.888134,-7.48869,-7.899444,-11.0,L,GOVERNED_SYNTHETIC_CONTROL: 2025 Synthetic Season LOCKED v3.xlsx sha256=77bb6ecf48e805b62b8af238bbf7b3534330df0405b8a170e48bb5c234d532ba via Power_Crunch_Research_Lab_Phase5D_WalkForward_Package.zip; corpus self-declares SCHEDULE SYNTHETIC / SCORES SIMULATED; authorised for MVP_CONTROL_CALIBRATION_ONLY by R-V3-MVP-CONTROL-CORPUS-01,2025-09-20,2026-08-22,3.0.0-internal-shadow-mvp,V3-INTERNAL-SHADOW-MVP-2026-08-22-R1-001,training
G25-0177,2025,4,Duke,NC State,HOME,4.411147,-8.481568,16.392716,-15.0,L,GOVERNED_SYNTHETIC_CONTROL: 2025 Synthetic Season LOCKED v3.xlsx sha256=77bb6ecf48e805b62b8af238bbf7b3534330df0405b8a170e48bb5c234d532ba via Power_Crunch_Research_Lab_Phase5D_WalkForward_Package.zip; corpus self-declares SCHEDULE SYNTHETIC / SCORES SIMULATED; authorised for MVP_CONTROL_CALIBRATION_ONLY by R-V3-MVP-CONTROL-CORPUS-01,2025-09-20,2026-08-22,3.0.0-internal-shadow-mvp,V3-INTERNAL-SHADOW-MVP-2026-08-22-R1-001,training
G25-0177,2025,4,NC State,Duke,AWAY,-8.481568,4.411147,-16.392716,15.0,W,GOVERNED_SYNTHETIC_CONTROL: 2025 Synthetic Season LOCKED v3.xlsx sha256=77bb6ecf48e805b62b8af238bbf7b3534330df0405b8a170e48bb5c234d532ba via Power_Crunch_Research_Lab_Phase5D_WalkForward_Package.zip; corpus self-declares SCHEDULE SYNTHETIC / SCORES SIMULATED; authorised for MVP_CONTROL_CALIBRATION_ONLY by R-V3-MVP-CONTROL-CORPUS-01,2025-09-20,2026-08-22,3.0.0-internal-shadow-mvp,V3-INTERNAL-SHADOW-MVP-2026-08-22-R1-001,training
G25-0178,2025,4,Florida State,Wyoming,HOME,-5.516074,-8.547339,6.531266,9.0,W,GOVERNED_SYNTHETIC_CONTROL: 2025 Synthetic Season LOCKED v3.xlsx sha256=77bb6ecf48e805b62b8af238bbf7b3534330df0405b8a170e48bb5c234d532ba via Power_Crunch_Research_Lab_Phase5D_WalkForward_Package.zip; corpus self-declares SCHEDULE SYNTHETIC / SCORES SIMULATED; authorised for MVP_CONTROL_CALIBRATION_ONLY by R-V3-MVP-CONTROL-CORPUS-01,2025-09-20,2026-08-22,3.0.0-internal-shadow-mvp,V3-INTERNAL-SHADOW-MVP-2026-08-22-R1-001,training
G25-0178,2025,4,Wyoming,Florida State,AWAY,-8.547339,-5.516074,-6.531266,-9.0,L,GOVERNED_SYNTHETIC_CONTROL: 2025 Synthetic Season LOCKED v3.xlsx sha256=77bb6ecf48e805b62b8af238bbf7b3534330df0405b8a170e48bb5c234d532ba via Power_Crunch_Research_Lab_Phase5D_WalkForward_Package.zip; corpus self-declares SCHEDULE SYNTHETIC / SCORES SIMULATED; authorised for MVP_CONTROL_CALIBRATION_ONLY by R-V3-MVP-CONTROL-CORPUS-01,2025-09-20,2026-08-22,3.0.0-internal-shadow-mvp,V3-INTERNAL-SHADOW-MVP-2026-08-22-R1-001,training
G25-0179,2025,4,Georgia,Kentucky,HOME,17.810679,-1.86511,23.17579,56.0,W,GOVERNED_SYNTHETIC_CONTROL: 2025 Synthetic Season LOCKED v3.xlsx sha256=77bb6ecf48e805b62b8af238bbf7b3534330df0405b8a170e48bb5c234d532ba via Power_Crunch_Research_Lab_Phase5D_WalkForward_Package.zip; corpus self-declares SCHEDULE SYNTHETIC / SCORES SIMULATED; authorised for MVP_CONTROL_CALIBRATION_ONLY by R-V3-MVP-CONTROL-CORPUS-01,2025-09-20,2026-08-22,3.0.0-internal-shadow-mvp,V3-INTERNAL-SHADOW-MVP-2026-08-22-R1-001,training
G25-0179,2025,4,Kentucky,Georgia,AWAY,-1.86511,17.810679,-23.17579,-56.0,L,GOVERNED_SYNTHETIC_CONTROL: 2025 Synthetic Season LOCKED v3.xlsx sha256=77bb6ecf48e805b62b8af238bbf7b3534330df0405b8a170e48bb5c234d532ba via Power_Crunch_Research_Lab_Phase5D_WalkForward_Package.zip; corpus self-declares SCHEDULE SYNTHETIC / SCORES SIMULATED; authorised for MVP_CONTROL_CALIBRATION_ONLY by R-V3-MVP-CONTROL-CORPUS-01,2025-09-20,2026-08-22,3.0.0-internal-shadow-mvp,V3-INTERNAL-SHADOW-MVP-2026-08-22-R1-001,training
G25-0180,2025,4,Georgia State,Marshall,HOME,-7.308803,3.797681,-7.606484,-4.0,L,GOVERNED_SYNTHETIC_CONTROL: 2025 Synthetic Season LOCKED v3.xlsx sha256=77bb6ecf48e805b62b8af238bbf7b3534330df0405b8a170e48bb5c234d532ba via Power_Crunch_Research_Lab_Phase5D_WalkForward_Package.zip; corpus self-declares SCHEDULE SYNTHETIC / SCORES SIMULATED; authorised for MVP_CONTROL_CALIBRATION_ONLY by R-V3-MVP-CONTROL-CORPUS-01,2025-09-20,2026-08-22,3.0.0-internal-shadow-mvp,V3-INTERNAL-SHADOW-MVP-2026-08-22-R1-001,training
G25-0180,2025,4,Marshall,Georgia State,AWAY,3.797681,-7.308803,7.606484,4.0,W,GOVERNED_SYNTHETIC_CONTROL: 2025 Synthetic Season LOCKED v3.xlsx sha256=77bb6ecf48e805b62b8af238bbf7b3534330df0405b8a170e48bb5c234d532ba via Power_Crunch_Research_Lab_Phase5D_WalkForward_Package.zip; corpus self-declares SCHEDULE SYNTHETIC / SCORES SIMULATED; authorised for MVP_CONTROL_CALIBRATION_ONLY by R-V3-MVP-CONTROL-CORPUS-01,2025-09-20,2026-08-22,3.0.0-internal-shadow-mvp,V3-INTERNAL-SHADOW-MVP-2026-08-22-R1-001,training
G25-0181,2025,4,Georgia Tech,Boston College,HOME,5.221929,1.588994,7.132935,40.0,W,GOVERNED_SYNTHETIC_CONTROL: 2025 Synthetic Season LOCKED v3.xlsx sha256=77bb6ecf48e805b62b8af238bbf7b3534330df0405b8a170e48bb5c234d532ba via Power_Crunch_Research_Lab_Phase5D_WalkForward_Package.zip; corpus self-declares SCHEDULE SYNTHETIC / SCORES SIMULATED; authorised for MVP_CONTROL_CALIBRATION_ONLY by R-V3-MVP-CONTROL-CORPUS-01,2025-09-20,2026-08-22,3.0.0-internal-shadow-mvp,V3-INTERNAL-SHADOW-MVP-2026-08-22-R1-001,training
G25-0181,2025,4,Boston College,Georgia Tech,AWAY,1.588994,5.221929,-7.132935,-40.0,L,GOVERNED_SYNTHETIC_CONTROL: 2025 Synthetic Season LOCKED v3.xlsx sha256=77bb6ecf48e805b62b8af238bbf7b3534330df0405b8a170e48bb5c234d532ba via Power_Crunch_Research_Lab_Phase5D_WalkForward_Package.zip; corpus self-declares SCHEDULE SYNTHETIC / SCORES SIMULATED; authorised for MVP_CONTROL_CALIBRATION_ONLY by R-V3-MVP-CONTROL-CORPUS-01,2025-09-20,2026-08-22,3.0.0-internal-shadow-mvp,V3-INTERNAL-SHADOW-MVP-2026-08-22-R1-001,training
G25-0182,2025,4,Harvard,Tulane,HOME,-17.551296,11.751665,-25.802961,-30.0,L,GOVERNED_SYNTHETIC_CONTROL: 2025 Synthetic Season LOCKED v3.xlsx sha256=77bb6ecf48e805b62b8af238bbf7b3534330df0405b8a170e48bb5c234d532ba via Power_Crunch_Research_Lab_Phase5D_WalkForward_Package.zip; corpus self-declares SCHEDULE SYNTHETIC / SCORES SIMULATED; authorised for MVP_CONTROL_CALIBRATION_ONLY by R-V3-MVP-CONTROL-CORPUS-01,2025-09-20,2026-08-22,3.0.0-internal-shadow-mvp,V3-INTERNAL-SHADOW-MVP-2026-08-22-R1-001,training
G25-0182,2025,4,Tulane,Harvard,AWAY,11.751665,-17.551296,25.802961,30.0,W,GOVERNED_SYNTHETIC_CONTROL: 2025 Synthetic Season LOCKED v3.xlsx sha256=77bb6ecf48e805b62b8af238bbf7b3534330df0405b8a170e48bb5c234d532ba via Power_Crunch_Research_Lab_Phase5D_WalkForward_Package.zip; corpus self-declares SCHEDULE SYNTHETIC / SCORES SIMULATED; authorised for MVP_CONTROL_CALIBRATION_ONLY by R-V3-MVP-CONTROL-CORPUS-01,2025-09-20,2026-08-22,3.0.0-internal-shadow-mvp,V3-INTERNAL-SHADOW-MVP-2026-08-22-R1-001,training
G25-0183,2025,4,Holy Cross,Penn,HOME,-23.545426,-12.909595,-7.135831,4.0,W,GOVERNED_SYNTHETIC_CONTROL: 2025 Synthetic Season LOCKED v3.xlsx sha256=77bb6ecf48e805b62b8af238bbf7b3534330df0405b8a170e48bb5c234d532ba via Power_Crunch_Research_Lab_Phase5D_WalkForward_Package.zip; corpus self-declares SCHEDULE SYNTHETIC / SCORES SIMULATED; authorised for MVP_CONTROL_CALIBRATION_ONLY by R-V3-MVP-CONTROL-CORPUS-01,2025-09-20,2026-08-22,3.0.0-internal-shadow-mvp,V3-INTERNAL-SHADOW-MVP-2026-08-22-R1-001,training
G25-0183,2025,4,Penn,Holy Cross,AWAY,-12.909595,-23.545426,7.135831,-4.0,L,GOVERNED_SYNTHETIC_CONTROL: 2025 Synthetic Season LOCKED v3.xlsx sha256=77bb6ecf48e805b62b8af238bbf7b3534330df0405b8a170e48bb5c234d532ba via Power_Crunch_Research_Lab_Phase5D_WalkForward_Package.zip; corpus self-declares SCHEDULE SYNTHETIC / SCORES SIMULATED; authorised for MVP_CONTROL_CALIBRATION_ONLY by R-V3-MVP-CONTROL-CORPUS-01,2025-09-20,2026-08-22,3.0.0-internal-shadow-mvp,V3-INTERNAL-SHADOW-MVP-2026-08-22-R1-001,training
G25-0184,2025,4,Illinois,Ohio State,HOME,12.167812,21.129709,-5.461897,2.0,W,GOVERNED_SYNTHETIC_CONTROL: 2025 Synthetic Season LOCKED v3.xlsx sha256=77bb6ecf48e805b62b8af238bbf7b3534330df0405b8a170e48bb5c234d532ba via Power_Crunch_Research_Lab_Phase5D_WalkForward_Package.zip; corpus self-declares SCHEDULE SYNTHETIC / SCORES SIMULATED; authorised for MVP_CONTROL_CALIBRATION_ONLY by R-V3-MVP-CONTROL-CORPUS-01,2025-09-20,2026-08-22,3.0.0-internal-shadow-mvp,V3-INTERNAL-SHADOW-MVP-2026-08-22-R1-001,training
G25-0184,2025,4,Ohio State,Illinois,AWAY,21.129709,12.167812,5.461897,-2.0,L,GOVERNED_SYNTHETIC_CONTROL: 2025 Synthetic Season LOCKED v3.xlsx sha256=77bb6ecf48e805b62b8af238bbf7b3534330df0405b8a170e48bb5c234d532ba via Power_Crunch_Research_Lab_Phase5D_WalkForward_Package.zip; corpus self-declares SCHEDULE SYNTHETIC / SCORES SIMULATED; authorised for MVP_CONTROL_CALIBRATION_ONLY by R-V3-MVP-CONTROL-CORPUS-01,2025-09-20,2026-08-22,3.0.0-internal-shadow-mvp,V3-INTERNAL-SHADOW-MVP-2026-08-22-R1-001,training
G25-0185,2025,4,Indiana,Minnesota,HOME,18.719913,1.653656,20.566257,73.0,W,GOVERNED_SYNTHETIC_CONTROL: 2025 Synthetic Season LOCKED v3.xlsx sha256=77bb6ecf48e805b62b8af238bbf7b3534330df0405b8a170e48bb5c234d532ba via Power_Crunch_Research_Lab_Phase5D_WalkForward_Package.zip; corpus self-declares SCHEDULE SYNTHETIC / SCORES SIMULATED; authorised for MVP_CONTROL_CALIBRATION_ONLY by R-V3-MVP-CONTROL-CORPUS-01,2025-09-20,2026-08-22,3.0.0-internal-shadow-mvp,V3-INTERNAL-SHADOW-MVP-2026-08-22-R1-001,training
G25-0185,2025,4,Minnesota,Indiana,AWAY,1.653656,18.719913,-20.566257,-73.0,L,GOVERNED_SYNTHETIC_CONTROL: 2025 Synthetic Season LOCKED v3.xlsx sha256=77bb6ecf48e805b62b8af238bbf7b3534330df0405b8a170e48bb5c234d532ba via Power_Crunch_Research_Lab_Phase5D_WalkForward_Package.zip; corpus self-declares SCHEDULE SYNTHETIC / SCORES SIMULATED; authorised for MVP_CONTROL_CALIBRATION_ONLY by R-V3-MVP-CONTROL-CORPUS-01,2025-09-20,2026-08-22,3.0.0-internal-shadow-mvp,V3-INTERNAL-SHADOW-MVP-2026-08-22-R1-001,training
G25-0186,2025,4,Iowa State,Texas Tech,HOME,10.894735,14.754575,-0.359839,-23.0,L,GOVERNED_SYNTHETIC_CONTROL: 2025 Synthetic Season LOCKED v3.xlsx sha256=77bb6ecf48e805b62b8af238bbf7b3534330df0405b8a170e48bb5c234d532ba via Power_Crunch_Research_Lab_Phase5D_WalkForward_Package.zip; corpus self-declares SCHEDULE SYNTHETIC / SCORES SIMULATED; authorised for MVP_CONTROL_CALIBRATION_ONLY by R-V3-MVP-CONTROL-CORPUS-01,2025-09-20,2026-08-22,3.0.0-internal-shadow-mvp,V3-INTERNAL-SHADOW-MVP-2026-08-22-R1-001,training
G25-0186,2025,4,Texas Tech,Iowa State,AWAY,14.754575,10.894735,0.359839,23.0,W,GOVERNED_SYNTHETIC_CONTROL: 2025 Synthetic Season LOCKED v3.xlsx sha256=77bb6ecf48e805b62b8af238bbf7b3534330df0405b8a170e48bb5c234d532ba via Power_Crunch_Research_Lab_Phase5D_WalkForward_Package.zip; corpus self-declares SCHEDULE SYNTHETIC / SCORES SIMULATED; authorised for MVP_CONTROL_CALIBRATION_ONLY by R-V3-MVP-CONTROL-CORPUS-01,2025-09-20,2026-08-22,3.0.0-internal-shadow-mvp,V3-INTERNAL-SHADOW-MVP-2026-08-22-R1-001,training
G25-0187,2025,4,Kansas,West Virginia,HOME,7.023549,0.194489,10.32906,11.0,W,GOVERNED_SYNTHETIC_CONTROL: 2025 Synthetic Season LOCKED v3.xlsx sha256=77bb6ecf48e805b62b8af238bbf7b3534330df0405b8a170e48bb5c234d532ba via Power_Crunch_Research_Lab_Phase5D_WalkForward_Package.zip; corpus self-declares SCHEDULE SYNTHETIC / SCORES SIMULATED; authorised for MVP_CONTROL_CALIBRATION_ONLY by R-V3-MVP-CONTROL-CORPUS-01,2025-09-20,2026-08-22,3.0.0-internal-shadow-mvp,V3-INTERNAL-SHADOW-MVP-2026-08-22-R1-001,training
G25-0187,2025,4,West Virginia,Kansas,AWAY,0.194489,7.023549,-10.32906,-11.0,L,GOVERNED_SYNTHETIC_CONTROL: 2025 Synthetic Season LOCKED v3.xlsx sha256=77bb6ecf48e805b62b8af238bbf7b3534330df0405b8a170e48bb5c234d532ba via Power_Crunch_Research_Lab_Phase5D_WalkForward_Package.zip; corpus self-declares SCHEDULE SYNTHETIC / SCORES SIMULATED; authorised for MVP_CONTROL_CALIBRATION_ONLY by R-V3-MVP-CONTROL-CORPUS-01,2025-09-20,2026-08-22,3.0.0-internal-shadow-mvp,V3-INTERNAL-SHADOW-MVP-2026-08-22-R1-001,training
G25-0188,2025,4,Kansas State,Houston,HOME,4.619938,5.123617,2.996321,-17.0,L,GOVERNED_SYNTHETIC_CONTROL: 2025 Synthetic Season LOCKED v3.xlsx sha256=77bb6ecf48e805b62b8af238bbf7b3534330df0405b8a170e48bb5c234d532ba via Power_Crunch_Research_Lab_Phase5D_WalkForward_Package.zip; corpus self-declares SCHEDULE SYNTHETIC / SCORES SIMULATED; authorised for MVP_CONTROL_CALIBRATION_ONLY by R-V3-MVP-CONTROL-CORPUS-01,2025-09-20,2026-08-22,3.0.0-internal-shadow-mvp,V3-INTERNAL-SHADOW-MVP-2026-08-22-R1-001,training
G25-0188,2025,4,Houston,Kansas State,AWAY,5.123617,4.619938,-2.996321,17.0,W,GOVERNED_SYNTHETIC_CONTROL: 2025 Synthetic Season LOCKED v3.xlsx sha256=77bb6ecf48e805b62b8af238bbf7b3534330df0405b8a170e48bb5c234d532ba via Power_Crunch_Research_Lab_Phase5D_WalkForward_Package.zip; corpus self-declares SCHEDULE SYNTHETIC / SCORES SIMULATED; authorised for MVP_CONTROL_CALIBRATION_ONLY by R-V3-MVP-CONTROL-CORPUS-01,2025-09-20,2026-08-22,3.0.0-internal-shadow-mvp,V3-INTERNAL-SHADOW-MVP-2026-08-22-R1-001,training
G25-0189,2025,4,Lehigh,Yale,HOME,-15.298481,-17.833043,6.034562,27.0,W,GOVERNED_SYNTHETIC_CONTROL: 2025 Synthetic Season LOCKED v3.xlsx sha256=77bb6ecf48e805b62b8af238bbf7b3534330df0405b8a170e48bb5c234d532ba via Power_Crunch_Research_Lab_Phase5D_WalkForward_Package.zip; corpus self-declares SCHEDULE SYNTHETIC / SCORES SIMULATED; authorised for MVP_CONTROL_CALIBRATION_ONLY by R-V3-MVP-CONTROL-CORPUS-01,2025-09-20,2026-08-22,3.0.0-internal-shadow-mvp,V3-INTERNAL-SHADOW-MVP-2026-08-22-R1-001,training
G25-0189,2025,4,Yale,Lehigh,AWAY,-17.833043,-15.298481,-6.034562,-27.0,L,GOVERNED_SYNTHETIC_CONTROL: 2025 Synthetic Season LOCKED v3.xlsx sha256=77bb6ecf48e805b62b8af238bbf7b3534330df0405b8a170e48bb5c234d532ba via Power_Crunch_Research_Lab_Phase5D_WalkForward_Package.zip; corpus self-declares SCHEDULE SYNTHETIC / SCORES SIMULATED; authorised for MVP_CONTROL_CALIBRATION_ONLY by R-V3-MVP-CONTROL-CORPUS-01,2025-09-20,2026-08-22,3.0.0-internal-shadow-mvp,V3-INTERNAL-SHADOW-MVP-2026-08-22-R1-001,training
G25-0190,2025,4,Louisiana Tech,UAB,HOME,-11.512208,-13.793519,5.781311,-6.0,L,GOVERNED_SYNTHETIC_CONTROL: 2025 Synthetic Season LOCKED v3.xlsx sha256=77bb6ecf48e805b62b8af238bbf7b3534330df0405b8a170e48bb5c234d532ba via Power_Crunch_Research_Lab_Phase5D_WalkForward_Package.zip; corpus self-declares SCHEDULE SYNTHETIC / SCORES SIMULATED; authorised for MVP_CONTROL_CALIBRATION_ONLY by R-V3-MVP-CONTROL-CORPUS-01,2025-09-20,2026-08-22,3.0.0-internal-shadow-mvp,V3-INTERNAL-SHADOW-MVP-2026-08-22-R1-001,training
G25-0190,2025,4,UAB,Louisiana Tech,AWAY,-13.793519,-11.512208,-5.781311,6.0,W,GOVERNED_SYNTHETIC_CONTROL: 2025 Synthetic Season LOCKED v3.xlsx sha256=77bb6ecf48e805b62b8af238bbf7b3534330df0405b8a170e48bb5c234d532ba via Power_Crunch_Research_Lab_Phase5D_WalkForward_Package.zip; corpus self-declares SCHEDULE SYNTHETIC / SCORES SIMULATED; authorised for MVP_CONTROL_CALIBRATION_ONLY by R-V3-MVP-CONTROL-CORPUS-01,2025-09-20,2026-08-22,3.0.0-internal-shadow-mvp,V3-INTERNAL-SHADOW-MVP-2026-08-22-R1-001,training
G25-0191,2025,4,Maryland,Wake Forest,HOME,-5.269675,-0.080482,-1.689193,10.0,W,GOVERNED_SYNTHETIC_CONTROL: 2025 Synthetic Season LOCKED v3.xlsx sha256=77bb6ecf48e805b62b8af238bbf7b3534330df0405b8a170e48bb5c234d532ba via Power_Crunch_Research_Lab_Phase5D_WalkForward_Package.zip; corpus self-declares SCHEDULE SYNTHETIC / SCORES SIMULATED; authorised for MVP_CONTROL_CALIBRATION_ONLY by R-V3-MVP-CONTROL-CORPUS-01,2025-09-20,2026-08-22,3.0.0-internal-shadow-mvp,V3-INTERNAL-SHADOW-MVP-2026-08-22-R1-001,training
G25-0191,2025,4,Wake Forest,Maryland,AWAY,-0.080482,-5.269675,1.689193,-10.0,L,GOVERNED_SYNTHETIC_CONTROL: 2025 Synthetic Season LOCKED v3.xlsx sha256=77bb6ecf48e805b62b8af238bbf7b3534330df0405b8a170e48bb5c234d532ba via Power_Crunch_Research_Lab_Phase5D_WalkForward_Package.zip; corpus self-declares SCHEDULE SYNTHETIC / SCORES SIMULATED; authorised for MVP_CONTROL_CALIBRATION_ONLY by R-V3-MVP-CONTROL-CORPUS-01,2025-09-20,2026-08-22,3.0.0-internal-shadow-mvp,V3-INTERNAL-SHADOW-MVP-2026-08-22-R1-001,training
G25-0192,2025,4,Memphis,Southern Miss,HOME,6.275658,-15.983883,25.759541,5.0,W,GOVERNED_SYNTHETIC_CONTROL: 2025 Synthetic Season LOCKED v3.xlsx sha256=77bb6ecf48e805b62b8af238bbf7b3534330df0405b8a170e48bb5c234d532ba via Power_Crunch_Research_Lab_Phase5D_WalkForward_Package.zip; corpus self-declares SCHEDULE SYNTHETIC / SCORES SIMULATED; authorised for MVP_CONTROL_CALIBRATION_ONLY by R-V3-MVP-CONTROL-CORPUS-01,2025-09-20,2026-08-22,3.0.0-internal-shadow-mvp,V3-INTERNAL-SHADOW-MVP-2026-08-22-R1-001,training
G25-0192,2025,4,Southern Miss,Memphis,AWAY,-15.983883,6.275658,-25.759541,-5.0,L,GOVERNED_SYNTHETIC_CONTROL: 2025 Synthetic Season LOCKED v3.xlsx sha256=77bb6ecf48e805b62b8af238bbf7b3534330df0405b8a170e48bb5c234d532ba via Power_Crunch_Research_Lab_Phase5D_WalkForward_Package.zip; corpus self-declares SCHEDULE SYNTHETIC / SCORES SIMULATED; authorised for MVP_CONTROL_CALIBRATION_ONLY by R-V3-MVP-CONTROL-CORPUS-01,2025-09-20,2026-08-22,3.0.0-internal-shadow-mvp,V3-INTERNAL-SHADOW-MVP-2026-08-22-R1-001,training
G25-0193,2025,4,Miami,Stanford,HOME,19.51183,-4.650854,27.662684,57.0,W,GOVERNED_SYNTHETIC_CONTROL: 2025 Synthetic Season LOCKED v3.xlsx sha256=77bb6ecf48e805b62b8af238bbf7b3534330df0405b8a170e48bb5c234d532ba via Power_Crunch_Research_Lab_Phase5D_WalkForward_Package.zip; corpus self-declares SCHEDULE SYNTHETIC / SCORES SIMULATED; authorised for MVP_CONTROL_CALIBRATION_ONLY by R-V3-MVP-CONTROL-CORPUS-01,2025-09-20,2026-08-22,3.0.0-internal-shadow-mvp,V3-INTERNAL-SHADOW-MVP-2026-08-22-R1-001,training
G25-0193,2025,4,Stanford,Miami,AWAY,-4.650854,19.51183,-27.662684,-57.0,L,GOVERNED_SYNTHETIC_CONTROL: 2025 Synthetic Season LOCKED v3.xlsx sha256=77bb6ecf48e805b62b8af238bbf7b3534330df0405b8a170e48bb5c234d532ba via Power_Crunch_Research_Lab_Phase5D_WalkForward_Package.zip; corpus self-declares SCHEDULE SYNTHETIC / SCORES SIMULATED; authorised for MVP_CONTROL_CALIBRATION_ONLY by R-V3-MVP-CONTROL-CORPUS-01,2025-09-20,2026-08-22,3.0.0-internal-shadow-mvp,V3-INTERNAL-SHADOW-MVP-2026-08-22-R1-001,training
G25-0194,2025,4,Michigan,Michigan State,HOME,7.182523,-10.973343,21.655866,47.0,W,GOVERNED_SYNTHETIC_CONTROL: 2025 Synthetic Season LOCKED v3.xlsx sha256=77bb6ecf48e805b62b8af238bbf7b3534330df0405b8a170e48bb5c234d532ba via Power_Crunch_Research_Lab_Phase5D_WalkForward_Package.zip; corpus self-declares SCHEDULE SYNTHETIC / SCORES SIMULATED; authorised for MVP_CONTROL_CALIBRATION_ONLY by R-V3-MVP-CONTROL-CORPUS-01,2025-09-20,2026-08-22,3.0.0-internal-shadow-mvp,V3-INTERNAL-SHADOW-MVP-2026-08-22-R1-001,training
G25-0194,2025,4,Michigan State,Michigan,AWAY,-10.973343,7.182523,-21.655866,-47.0,L,GOVERNED_SYNTHETIC_CONTROL: 2025 Synthetic Season LOCKED v3.xlsx sha256=77bb6ecf48e805b62b8af238bbf7b3534330df0405b8a170e48bb5c234d532ba via Power_Crunch_Research_Lab_Phase5D_WalkForward_Package.zip; corpus self-declares SCHEDULE SYNTHETIC / SCORES SIMULATED; authorised for MVP_CONTROL_CALIBRATION_ONLY by R-V3-MVP-CONTROL-CORPUS-01,2025-09-20,2026-08-22,3.0.0-internal-shadow-mvp,V3-INTERNAL-SHADOW-MVP-2026-08-22-R1-001,training
G25-0195,2025,4,Mississippi State,Vanderbilt,HOME,-5.966871,7.814497,-10.281368,-40.0,L,GOVERNED_SYNTHETIC_CONTROL: 2025 Synthetic Season LOCKED v3.xlsx sha256=77bb6ecf48e805b62b8af238bbf7b3534330df0405b8a170e48bb5c234d532ba via Power_Crunch_Research_Lab_Phase5D_WalkForward_Package.zip; corpus self-declares SCHEDULE SYNTHETIC / SCORES SIMULATED; authorised for MVP_CONTROL_CALIBRATION_ONLY by R-V3-MVP-CONTROL-CORPUS-01,2025-09-20,2026-08-22,3.0.0-internal-shadow-mvp,V3-INTERNAL-SHADOW-MVP-2026-08-22-R1-001,training
G25-0195,2025,4,Vanderbilt,Mississippi State,AWAY,7.814497,-5.966871,10.281368,40.0,W,GOVERNED_SYNTHETIC_CONTROL: 2025 Synthetic Season LOCKED v3.xlsx sha256=77bb6ecf48e805b62b8af238bbf7b3534330df0405b8a170e48bb5c234d532ba via Power_Crunch_Research_Lab_Phase5D_WalkForward_Package.zip; corpus self-declares SCHEDULE SYNTHETIC / SCORES SIMULATED; authorised for MVP_CONTROL_CALIBRATION_ONLY by R-V3-MVP-CONTROL-CORPUS-01,2025-09-20,2026-08-22,3.0.0-internal-shadow-mvp,V3-INTERNAL-SHADOW-MVP-2026-08-22-R1-001,training
G25-0196,2025,4,Navy,Florida Atlantic,HOME,3.447513,-6.91009,13.857603,5.0,W,GOVERNED_SYNTHETIC_CONTROL: 2025 Synthetic Season LOCKED v3.xlsx sha256=77bb6ecf48e805b62b8af238bbf7b3534330df0405b8a170e48bb5c234d532ba via Power_Crunch_Research_Lab_Phase5D_WalkForward_Package.zip; corpus self-declares SCHEDULE SYNTHETIC / SCORES SIMULATED; authorised for MVP_CONTROL_CALIBRATION_ONLY by R-V3-MVP-CONTROL-CORPUS-01,2025-09-20,2026-08-22,3.0.0-internal-shadow-mvp,V3-INTERNAL-SHADOW-MVP-2026-08-22-R1-001,training
G25-0196,2025,4,Florida Atlantic,Navy,AWAY,-6.91009,3.447513,-13.857603,-5.0,L,GOVERNED_SYNTHETIC_CONTROL: 2025 Synthetic Season LOCKED v3.xlsx sha256=77bb6ecf48e805b62b8af238bbf7b3534330df0405b8a170e48bb5c234d532ba via Power_Crunch_Research_Lab_Phase5D_WalkForward_Package.zip; corpus self-declares SCHEDULE SYNTHETIC / SCORES SIMULATED; authorised for MVP_CONTROL_CALIBRATION_ONLY by R-V3-MVP-CONTROL-CORPUS-01,2025-09-20,2026-08-22,3.0.0-internal-shadow-mvp,V3-INTERNAL-SHADOW-MVP-2026-08-22-R1-001,training
G25-0197,2025,4,Nebraska,Northwestern,HOME,-2.048046,-9.445896,10.89785,15.0,W,GOVERNED_SYNTHETIC_CONTROL: 2025 Synthetic Season LOCKED v3.xlsx sha256=77bb6ecf48e805b62b8af238bbf7b3534330df0405b8a170e48bb5c234d532ba via Power_Crunch_Research_Lab_Phase5D_WalkForward_Package.zip; corpus self-declares SCHEDULE SYNTHETIC / SCORES SIMULATED; authorised for MVP_CONTROL_CALIBRATION_ONLY by R-V3-MVP-CONTROL-CORPUS-01,2025-09-20,2026-08-22,3.0.0-internal-shadow-mvp,V3-INTERNAL-SHADOW-MVP-2026-08-22-R1-001,training
G25-0197,2025,4,Northwestern,Nebraska,AWAY,-9.445896,-2.048046,-10.89785,-15.0,L,GOVERNED_SYNTHETIC_CONTROL: 2025 Synthetic Season LOCKED v3.xlsx sha256=77bb6ecf48e805b62b8af238bbf7b3534330df0405b8a170e48bb5c234d532ba via Power_Crunch_Research_Lab_Phase5D_WalkForward_Package.zip; corpus self-declares SCHEDULE SYNTHETIC / SCORES SIMULATED; authorised for MVP_CONTROL_CALIBRATION_ONLY by R-V3-MVP-CONTROL-CORPUS-01,2025-09-20,2026-08-22,3.0.0-internal-shadow-mvp,V3-INTERNAL-SHADOW-MVP-2026-08-22-R1-001,training
G25-0198,2025,4,Nevada,UConn,HOME,-6.706399,-0.848996,-2.357402,2.0,W,GOVERNED_SYNTHETIC_CONTROL: 2025 Synthetic Season LOCKED v3.xlsx sha256=77bb6ecf48e805b62b8af238bbf7b3534330df0405b8a170e48bb5c234d532ba via Power_Crunch_Research_Lab_Phase5D_WalkForward_Package.zip; corpus self-declares SCHEDULE SYNTHETIC / SCORES SIMULATED; authorised for MVP_CONTROL_CALIBRATION_ONLY by R-V3-MVP-CONTROL-CORPUS-01,2025-09-20,2026-08-22,3.0.0-internal-shadow-mvp,V3-INTERNAL-SHADOW-MVP-2026-08-22-R1-001,training
G25-0198,2025,4,UConn,Nevada,AWAY,-0.848996,-6.706399,2.357402,-2.0,L,GOVERNED_SYNTHETIC_CONTROL: 2025 Synthetic Season LOCKED v3.xlsx sha256=77bb6ecf48e805b62b8af238bbf7b3534330df0405b8a170e48bb5c234d532ba via Power_Crunch_Research_Lab_Phase5D_WalkForward_Package.zip; corpus self-declares SCHEDULE SYNTHETIC / SCORES SIMULATED; authorised for MVP_CONTROL_CALIBRATION_ONLY by R-V3-MVP-CONTROL-CORPUS-01,2025-09-20,2026-08-22,3.0.0-internal-shadow-mvp,V3-INTERNAL-SHADOW-MVP-2026-08-22-R1-001,training
G25-0199,2025,4,North Carolina,SMU,HOME,4.879848,14.443451,-6.063603,-36.0,L,GOVERNED_SYNTHETIC_CONTROL: 2025 Synthetic Season LOCKED v3.xlsx sha256=77bb6ecf48e805b62b8af238bbf7b3534330df0405b8a170e48bb5c234d532ba via Power_Crunch_Research_Lab_Phase5D_WalkForward_Package.zip; corpus self-declares SCHEDULE SYNTHETIC / SCORES SIMULATED; authorised for MVP_CONTROL_CALIBRATION_ONLY by R-V3-MVP-CONTROL-CORPUS-01,2025-09-20,2026-08-22,3.0.0-internal-shadow-mvp,V3-INTERNAL-SHADOW-MVP-2026-08-22-R1-001,training
G25-0199,2025,4,SMU,North Carolina,AWAY,14.443451,4.879848,6.063603,36.0,W,GOVERNED_SYNTHETIC_CONTROL: 2025 Synthetic Season LOCKED v3.xlsx sha256=77bb6ecf48e805b62b8af238bbf7b3534330df0405b8a170e48bb5c234d532ba via Power_Crunch_Research_Lab_Phase5D_WalkForward_Package.zip; corpus self-declares SCHEDULE SYNTHETIC / SCORES SIMULATED; authorised for MVP_CONTROL_CALIBRATION_ONLY by R-V3-MVP-CONTROL-CORPUS-01,2025-09-20,2026-08-22,3.0.0-internal-shadow-mvp,V3-INTERNAL-SHADOW-MVP-2026-08-22-R1-001,training
G25-0200,2025,4,Notre Dame,Washington State,HOME,26.839831,2.34143,27.998401,45.0,W,GOVERNED_SYNTHETIC_CONTROL: 2025 Synthetic Season LOCKED v3.xlsx sha256=77bb6ecf48e805b62b8af238bbf7b3534330df0405b8a170e48bb5c234d532ba via Power_Crunch_Research_Lab_Phase5D_WalkForward_Package.zip; corpus self-declares SCHEDULE SYNTHETIC / SCORES SIMULATED; authorised for MVP_CONTROL_CALIBRATION_ONLY by R-V3-MVP-CONTROL-CORPUS-01,2025-09-20,2026-08-22,3.0.0-internal-shadow-mvp,V3-INTERNAL-SHADOW-MVP-2026-08-22-R1-001,training
G25-0200,2025,4,Washington State,Notre Dame,AWAY,2.34143,26.839831,-27.998401,-45.0,L,GOVERNED_SYNTHETIC_CONTROL: 2025 Synthetic Season LOCKED v3.xlsx sha256=77bb6ecf48e805b62b8af238bbf7b3534330df0405b8a170e48bb5c234d532ba via Power_Crunch_Research_Lab_Phase5D_WalkForward_Package.zip; corpus self-declares SCHEDULE SYNTHETIC / SCORES SIMULATED; authorised for MVP_CONTROL_CALIBRATION_ONLY by R-V3-MVP-CONTROL-CORPUS-01,2025-09-20,2026-08-22,3.0.0-internal-shadow-mvp,V3-INTERNAL-SHADOW-MVP-2026-08-22-R1-001,training
G25-0201,2025,4,Old Dominion,Troy,HOME,0.134268,-7.963751,11.598019,-1.0,L,GOVERNED_SYNTHETIC_CONTROL: 2025 Synthetic Season LOCKED v3.xlsx sha256=77bb6ecf48e805b62b8af238bbf7b3534330df0405b8a170e48bb5c234d532ba via Power_Crunch_Research_Lab_Phase5D_WalkForward_Package.zip; corpus self-declares SCHEDULE SYNTHETIC / SCORES SIMULATED; authorised for MVP_CONTROL_CALIBRATION_ONLY by R-V3-MVP-CONTROL-CORPUS-01,2025-09-20,2026-08-22,3.0.0-internal-shadow-mvp,V3-INTERNAL-SHADOW-MVP-2026-08-22-R1-001,training
G25-0201,2025,4,Troy,Old Dominion,AWAY,-7.963751,0.134268,-11.598019,1.0,W,GOVERNED_SYNTHETIC_CONTROL: 2025 Synthetic Season LOCKED v3.xlsx sha256=77bb6ecf48e805b62b8af238bbf7b3534330df0405b8a170e48bb5c234d532ba via Power_Crunch_Research_Lab_Phase5D_WalkForward_Package.zip; corpus self-declares SCHEDULE SYNTHETIC / SCORES SIMULATED; authorised for MVP_CONTROL_CALIBRATION_ONLY by R-V3-MVP-CONTROL-CORPUS-01,2025-09-20,2026-08-22,3.0.0-internal-shadow-mvp,V3-INTERNAL-SHADOW-MVP-2026-08-22-R1-001,training
G25-0202,2025,4,Ole Miss,South Carolina,HOME,16.447048,4.287442,15.659605,61.0,W,GOVERNED_SYNTHETIC_CONTROL: 2025 Synthetic Season LOCKED v3.xlsx sha256=77bb6ecf48e805b62b8af238bbf7b3534330df0405b8a170e48bb5c234d532ba via Power_Crunch_Research_Lab_Phase5D_WalkForward_Package.zip; corpus self-declares SCHEDULE SYNTHETIC / SCORES SIMULATED; authorised for MVP_CONTROL_CALIBRATION_ONLY by R-V3-MVP-CONTROL-CORPUS-01,2025-09-20,2026-08-22,3.0.0-internal-shadow-mvp,V3-INTERNAL-SHADOW-MVP-2026-08-22-R1-001,training
G25-0202,2025,4,South Carolina,Ole Miss,AWAY,4.287442,16.447048,-15.659605,-61.0,L,GOVERNED_SYNTHETIC_CONTROL: 2025 Synthetic Season LOCKED v3.xlsx sha256=77bb6ecf48e805b62b8af238bbf7b3534330df0405b8a170e48bb5c234d532ba via Power_Crunch_Research_Lab_Phase5D_WalkForward_Package.zip; corpus self-declares SCHEDULE SYNTHETIC / SCORES SIMULATED; authorised for MVP_CONTROL_CALIBRATION_ONLY by R-V3-MVP-CONTROL-CORPUS-01,2025-09-20,2026-08-22,3.0.0-internal-shadow-mvp,V3-INTERNAL-SHADOW-MVP-2026-08-22-R1-001,training
G25-0203,2025,4,Penn State,UTEP,HOME,9.442024,-15.608872,28.550895,9.0,W,GOVERNED_SYNTHETIC_CONTROL: 2025 Synthetic Season LOCKED v3.xlsx sha256=77bb6ecf48e805b62b8af238bbf7b3534330df0405b8a170e48bb5c234d532ba via Power_Crunch_Research_Lab_Phase5D_WalkForward_Package.zip; corpus self-declares SCHEDULE SYNTHETIC / SCORES SIMULATED; authorised for MVP_CONTROL_CALIBRATION_ONLY by R-V3-MVP-CONTROL-CORPUS-01,2025-09-20,2026-08-22,3.0.0-internal-shadow-mvp,V3-INTERNAL-SHADOW-MVP-2026-08-22-R1-001,training
G25-0203,2025,4,UTEP,Penn State,AWAY,-15.608872,9.442024,-28.550895,-9.0,L,GOVERNED_SYNTHETIC_CONTROL: 2025 Synthetic Season LOCKED v3.xlsx sha256=77bb6ecf48e805b62b8af238bbf7b3534330df0405b8a170e48bb5c234d532ba via Power_Crunch_Research_Lab_Phase5D_WalkForward_Package.zip; corpus self-declares SCHEDULE SYNTHETIC / SCORES SIMULATED; authorised for MVP_CONTROL_CALIBRATION_ONLY by R-V3-MVP-CONTROL-CORPUS-01,2025-09-20,2026-08-22,3.0.0-internal-shadow-mvp,V3-INTERNAL-SHADOW-MVP-2026-08-22-R1-001,training
G25-0204,2025,4,Pittsburgh,Louisville,HOME,1.304741,8.218464,-3.413723,-3.0,L,GOVERNED_SYNTHETIC_CONTROL: 2025 Synthetic Season LOCKED v3.xlsx sha256=77bb6ecf48e805b62b8af238bbf7b3534330df0405b8a170e48bb5c234d532ba via Power_Crunch_Research_Lab_Phase5D_WalkForward_Package.zip; corpus self-declares SCHEDULE SYNTHETIC / SCORES SIMULATED; authorised for MVP_CONTROL_CALIBRATION_ONLY by R-V3-MVP-CONTROL-CORPUS-01,2025-09-20,2026-08-22,3.0.0-internal-shadow-mvp,V3-INTERNAL-SHADOW-MVP-2026-08-22-R1-001,training
G25-0204,2025,4,Louisville,Pittsburgh,AWAY,8.218464,1.304741,3.413723,3.0,W,GOVERNED_SYNTHETIC_CONTROL: 2025 Synthetic Season LOCKED v3.xlsx sha256=77bb6ecf48e805b62b8af238bbf7b3534330df0405b8a170e48bb5c234d532ba via Power_Crunch_Research_Lab_Phase5D_WalkForward_Package.zip; corpus self-declares SCHEDULE SYNTHETIC / SCORES SIMULATED; authorised for MVP_CONTROL_CALIBRATION_ONLY by R-V3-MVP-CONTROL-CORPUS-01,2025-09-20,2026-08-22,3.0.0-internal-shadow-mvp,V3-INTERNAL-SHADOW-MVP-2026-08-22-R1-001,training
G25-0205,2025,4,San Diego State,Tulsa,HOME,-11.318911,-21.012271,13.193359,-14.0,L,GOVERNED_SYNTHETIC_CONTROL: 2025 Synthetic Season LOCKED v3.xlsx sha256=77bb6ecf48e805b62b8af238bbf7b3534330df0405b8a170e48bb5c234d532ba via Power_Crunch_Research_Lab_Phase5D_WalkForward_Package.zip; corpus self-declares SCHEDULE SYNTHETIC / SCORES SIMULATED; authorised for MVP_CONTROL_CALIBRATION_ONLY by R-V3-MVP-CONTROL-CORPUS-01,2025-09-20,2026-08-22,3.0.0-internal-shadow-mvp,V3-INTERNAL-SHADOW-MVP-2026-08-22-R1-001,training
G25-0205,2025,4,Tulsa,San Diego State,AWAY,-21.012271,-11.318911,-13.193359,14.0,W,GOVERNED_SYNTHETIC_CONTROL: 2025 Synthetic Season LOCKED v3.xlsx sha256=77bb6ecf48e805b62b8af238bbf7b3534330df0405b8a170e48bb5c234d532ba via Power_Crunch_Research_Lab_Phase5D_WalkForward_Package.zip; corpus self-declares SCHEDULE SYNTHETIC / SCORES SIMULATED; authorised for MVP_CONTROL_CALIBRATION_ONLY by R-V3-MVP-CONTROL-CORPUS-01,2025-09-20,2026-08-22,3.0.0-internal-shadow-mvp,V3-INTERNAL-SHADOW-MVP-2026-08-22-R1-001,training
G25-0206,2025,4,San Jose State,Hawaii,HOME,-7.01715,-7.372711,3.855561,21.0,W,GOVERNED_SYNTHETIC_CONTROL: 2025 Synthetic Season LOCKED v3.xlsx sha256=77bb6ecf48e805b62b8af238bbf7b3534330df0405b8a170e48bb5c234d532ba via Power_Crunch_Research_Lab_Phase5D_WalkForward_Package.zip; corpus self-declares SCHEDULE SYNTHETIC / SCORES SIMULATED; authorised for MVP_CONTROL_CALIBRATION_ONLY by R-V3-MVP-CONTROL-CORPUS-01,2025-09-20,2026-08-22,3.0.0-internal-shadow-mvp,V3-INTERNAL-SHADOW-MVP-2026-08-22-R1-001,training
G25-0206,2025,4,Hawaii,San Jose State,AWAY,-7.372711,-7.01715,-3.855561,-21.0,L,GOVERNED_SYNTHETIC_CONTROL: 2025 Synthetic Season LOCKED v3.xlsx sha256=77bb6ecf48e805b62b8af238bbf7b3534330df0405b8a170e48bb5c234d532ba via Power_Crunch_Research_Lab_Phase5D_WalkForward_Package.zip; corpus self-declares SCHEDULE SYNTHETIC / SCORES SIMULATED; authorised for MVP_CONTROL_CALIBRATION_ONLY by R-V3-MVP-CONTROL-CORPUS-01,2025-09-20,2026-08-22,3.0.0-internal-shadow-mvp,V3-INTERNAL-SHADOW-MVP-2026-08-22-R1-001,training
G25-0207,2025,4,South Florida,East Carolina,HOME,-5.145554,1.250557,-2.896111,-14.0,L,GOVERNED_SYNTHETIC_CONTROL: 2025 Synthetic Season LOCKED v3.xlsx sha256=77bb6ecf48e805b62b8af238bbf7b3534330df0405b8a170e48bb5c234d532ba via Power_Crunch_Research_Lab_Phase5D_WalkForward_Package.zip; corpus self-declares SCHEDULE SYNTHETIC / SCORES SIMULATED; authorised for MVP_CONTROL_CALIBRATION_ONLY by R-V3-MVP-CONTROL-CORPUS-01,2025-09-20,2026-08-22,3.0.0-internal-shadow-mvp,V3-INTERNAL-SHADOW-MVP-2026-08-22-R1-001,training
G25-0207,2025,4,East Carolina,South Florida,AWAY,1.250557,-5.145554,2.896111,14.0,W,GOVERNED_SYNTHETIC_CONTROL: 2025 Synthetic Season LOCKED v3.xlsx sha256=77bb6ecf48e805b62b8af238bbf7b3534330df0405b8a170e48bb5c234d532ba via Power_Crunch_Research_Lab_Phase5D_WalkForward_Package.zip; corpus self-declares SCHEDULE SYNTHETIC / SCORES SIMULATED; authorised for MVP_CONTROL_CALIBRATION_ONLY by R-V3-MVP-CONTROL-CORPUS-01,2025-09-20,2026-08-22,3.0.0-internal-shadow-mvp,V3-INTERNAL-SHADOW-MVP-2026-08-22-R1-001,training
G25-0208,2025,4,Syracuse,Rutgers,HOME,-0.565261,-4.799469,7.734208,-8.0,L,GOVERNED_SYNTHETIC_CONTROL: 2025 Synthetic Season LOCKED v3.xlsx sha256=77bb6ecf48e805b62b8af238bbf7b3534330df0405b8a170e48bb5c234d532ba via Power_Crunch_Research_Lab_Phase5D_WalkForward_Package.zip; corpus self-declares SCHEDULE SYNTHETIC / SCORES SIMULATED; authorised for MVP_CONTROL_CALIBRATION_ONLY by R-V3-MVP-CONTROL-CORPUS-01,2025-09-20,2026-08-22,3.0.0-internal-shadow-mvp,V3-INTERNAL-SHADOW-MVP-2026-08-22-R1-001,training
G25-0208,2025,4,Rutgers,Syracuse,AWAY,-4.799469,-0.565261,-7.734208,8.0,W,GOVERNED_SYNTHETIC_CONTROL: 2025 Synthetic Season LOCKED v3.xlsx sha256=77bb6ecf48e805b62b8af238bbf7b3534330df0405b8a170e48bb5c234d532ba via Power_Crunch_Research_Lab_Phase5D_WalkForward_Package.zip; corpus self-declares SCHEDULE SYNTHETIC / SCORES SIMULATED; authorised for MVP_CONTROL_CALIBRATION_ONLY by R-V3-MVP-CONTROL-CORPUS-01,2025-09-20,2026-08-22,3.0.0-internal-shadow-mvp,V3-INTERNAL-SHADOW-MVP-2026-08-22-R1-001,training
G25-0209,2025,4,Temple,Oregon,HOME,-13.85433,22.147163,-32.501493,-64.0,L,GOVERNED_SYNTHETIC_CONTROL: 2025 Synthetic Season LOCKED v3.xlsx sha256=77bb6ecf48e805b62b8af238bbf7b3534330df0405b8a170e48bb5c234d532ba via Power_Crunch_Research_Lab_Phase5D_WalkForward_Package.zip; corpus self-declares SCHEDULE SYNTHETIC / SCORES SIMULATED; authorised for MVP_CONTROL_CALIBRATION_ONLY by R-V3-MVP-CONTROL-CORPUS-01,2025-09-20,2026-08-22,3.0.0-internal-shadow-mvp,V3-INTERNAL-SHADOW-MVP-2026-08-22-R1-001,training
G25-0209,2025,4,Oregon,Temple,AWAY,22.147163,-13.85433,32.501493,64.0,W,GOVERNED_SYNTHETIC_CONTROL: 2025 Synthetic Season LOCKED v3.xlsx sha256=77bb6ecf48e805b62b8af238bbf7b3534330df0405b8a170e48bb5c234d532ba via Power_Crunch_Research_Lab_Phase5D_WalkForward_Package.zip; corpus self-declares SCHEDULE SYNTHETIC / SCORES SIMULATED; authorised for MVP_CONTROL_CALIBRATION_ONLY by R-V3-MVP-CONTROL-CORPUS-01,2025-09-20,2026-08-22,3.0.0-internal-shadow-mvp,V3-INTERNAL-SHADOW-MVP-2026-08-22-R1-001,training
G25-0210,2025,4,Tennessee,Oklahoma,HOME,14.243555,9.898905,7.84465,-26.0,L,GOVERNED_SYNTHETIC_CONTROL: 2025 Synthetic Season LOCKED v3.xlsx sha256=77bb6ecf48e805b62b8af238bbf7b3534330df0405b8a170e48bb5c234d532ba via Power_Crunch_Research_Lab_Phase5D_WalkForward_Package.zip; corpus self-declares SCHEDULE SYNTHETIC / SCORES SIMULATED; authorised for MVP_CONTROL_CALIBRATION_ONLY by R-V3-MVP-CONTROL-CORPUS-01,2025-09-20,2026-08-22,3.0.0-internal-shadow-mvp,V3-INTERNAL-SHADOW-MVP-2026-08-22-R1-001,training
G25-0210,2025,4,Oklahoma,Tennessee,AWAY,9.898905,14.243555,-7.84465,26.0,W,GOVERNED_SYNTHETIC_CONTROL: 2025 Synthetic Season LOCKED v3.xlsx sha256=77bb6ecf48e805b62b8af238bbf7b3534330df0405b8a170e48bb5c234d532ba via Power_Crunch_Research_Lab_Phase5D_WalkForward_Package.zip; corpus self-declares SCHEDULE SYNTHETIC / SCORES SIMULATED; authorised for MVP_CONTROL_CALIBRATION_ONLY by R-V3-MVP-CONTROL-CORPUS-01,2025-09-20,2026-08-22,3.0.0-internal-shadow-mvp,V3-INTERNAL-SHADOW-MVP-2026-08-22-R1-001,training
G25-0211,2025,4,Texas State,Georgia Southern,HOME,-1.581093,-6.805665,8.724572,-11.0,L,GOVERNED_SYNTHETIC_CONTROL: 2025 Synthetic Season LOCKED v3.xlsx sha256=77bb6ecf48e805b62b8af238bbf7b3534330df0405b8a170e48bb5c234d532ba via Power_Crunch_Research_Lab_Phase5D_WalkForward_Package.zip; corpus self-declares SCHEDULE SYNTHETIC / SCORES SIMULATED; authorised for MVP_CONTROL_CALIBRATION_ONLY by R-V3-MVP-CONTROL-CORPUS-01,2025-09-20,2026-08-22,3.0.0-internal-shadow-mvp,V3-INTERNAL-SHADOW-MVP-2026-08-22-R1-001,training
G25-0211,2025,4,Georgia Southern,Texas State,AWAY,-6.805665,-1.581093,-8.724572,11.0,W,GOVERNED_SYNTHETIC_CONTROL: 2025 Synthetic Season LOCKED v3.xlsx sha256=77bb6ecf48e805b62b8af238bbf7b3534330df0405b8a170e48bb5c234d532ba via Power_Crunch_Research_Lab_Phase5D_WalkForward_Package.zip; corpus self-declares SCHEDULE SYNTHETIC / SCORES SIMULATED; authorised for MVP_CONTROL_CALIBRATION_ONLY by R-V3-MVP-CONTROL-CORPUS-01,2025-09-20,2026-08-22,3.0.0-internal-shadow-mvp,V3-INTERNAL-SHADOW-MVP-2026-08-22-R1-001,training
G25-0212,2025,4,UCF,TCU,HOME,1.68632,12.67053,-7.48421,-22.0,L,GOVERNED_SYNTHETIC_CONTROL: 2025 Synthetic Season LOCKED v3.xlsx sha256=77bb6ecf48e805b62b8af238bbf7b3534330df0405b8a170e48bb5c234d532ba via Power_Crunch_Research_Lab_Phase5D_WalkForward_Package.zip; corpus self-declares SCHEDULE SYNTHETIC / SCORES SIMULATED; authorised for MVP_CONTROL_CALIBRATION_ONLY by R-V3-MVP-CONTROL-CORPUS-01,2025-09-20,2026-08-22,3.0.0-internal-shadow-mvp,V3-INTERNAL-SHADOW-MVP-2026-08-22-R1-001,training
G25-0212,2025,4,TCU,UCF,AWAY,12.67053,1.68632,7.48421,22.0,W,GOVERNED_SYNTHETIC_CONTROL: 2025 Synthetic Season LOCKED v3.xlsx sha256=77bb6ecf48e805b62b8af238bbf7b3534330df0405b8a170e48bb5c234d532ba via Power_Crunch_Research_Lab_Phase5D_WalkForward_Package.zip; corpus self-declares SCHEDULE SYNTHETIC / SCORES SIMULATED; authorised for MVP_CONTROL_CALIBRATION_ONLY by R-V3-MVP-CONTROL-CORPUS-01,2025-09-20,2026-08-22,3.0.0-internal-shadow-mvp,V3-INTERNAL-SHADOW-MVP-2026-08-22-R1-001,training
G25-0213,2025,4,UCLA,Iowa,HOME,-2.024525,14.496896,-13.021421,-41.0,L,GOVERNED_SYNTHETIC_CONTROL: 2025 Synthetic Season LOCKED v3.xlsx sha256=77bb6ecf48e805b62b8af238bbf7b3534330df0405b8a170e48bb5c234d532ba via Power_Crunch_Research_Lab_Phase5D_WalkForward_Package.zip; corpus self-declares SCHEDULE SYNTHETIC / SCORES SIMULATED; authorised for MVP_CONTROL_CALIBRATION_ONLY by R-V3-MVP-CONTROL-CORPUS-01,2025-09-20,2026-08-22,3.0.0-internal-shadow-mvp,V3-INTERNAL-SHADOW-MVP-2026-08-22-R1-001,training
G25-0213,2025,4,Iowa,UCLA,AWAY,14.496896,-2.024525,13.021421,41.0,W,GOVERNED_SYNTHETIC_CONTROL: 2025 Synthetic Season LOCKED v3.xlsx sha256=77bb6ecf48e805b62b8af238bbf7b3534330df0405b8a170e48bb5c234d532ba via Power_Crunch_Research_Lab_Phase5D_WalkForward_Package.zip; corpus self-declares SCHEDULE SYNTHETIC / SCORES SIMULATED; authorised for MVP_CONTROL_CALIBRATION_ONLY by R-V3-MVP-CONTROL-CORPUS-01,2025-09-20,2026-08-22,3.0.0-internal-shadow-mvp,V3-INTERNAL-SHADOW-MVP-2026-08-22-R1-001,training
G25-0214,2025,4,USC,Army,HOME,8.447251,5.141718,6.805532,10.0,W,GOVERNED_SYNTHETIC_CONTROL: 2025 Synthetic Season LOCKED v3.xlsx sha256=77bb6ecf48e805b62b8af238bbf7b3534330df0405b8a170e48bb5c234d532ba via Power_Crunch_Research_Lab_Phase5D_WalkForward_Package.zip; corpus self-declares SCHEDULE SYNTHETIC / SCORES SIMULATED; authorised for MVP_CONTROL_CALIBRATION_ONLY by R-V3-MVP-CONTROL-CORPUS-01,2025-09-20,2026-08-22,3.0.0-internal-shadow-mvp,V3-INTERNAL-SHADOW-MVP-2026-08-22-R1-001,training
G25-0214,2025,4,Army,USC,AWAY,5.141718,8.447251,-6.805532,-10.0,L,GOVERNED_SYNTHETIC_CONTROL: 2025 Synthetic Season LOCKED v3.xlsx sha256=77bb6ecf48e805b62b8af238bbf7b3534330df0405b8a170e48bb5c234d532ba via Power_Crunch_Research_Lab_Phase5D_WalkForward_Package.zip; corpus self-declares SCHEDULE SYNTHETIC / SCORES SIMULATED; authorised for MVP_CONTROL_CALIBRATION_ONLY by R-V3-MVP-CONTROL-CORPUS-01,2025-09-20,2026-08-22,3.0.0-internal-shadow-mvp,V3-INTERNAL-SHADOW-MVP-2026-08-22-R1-001,training
G25-0215,2025,4,UTSA,New Mexico State,HOME,-10.85977,-13.433316,6.073546,-6.0,L,GOVERNED_SYNTHETIC_CONTROL: 2025 Synthetic Season LOCKED v3.xlsx sha256=77bb6ecf48e805b62b8af238bbf7b3534330df0405b8a170e48bb5c234d532ba via Power_Crunch_Research_Lab_Phase5D_WalkForward_Package.zip; corpus self-declares SCHEDULE SYNTHETIC / SCORES SIMULATED; authorised for MVP_CONTROL_CALIBRATION_ONLY by R-V3-MVP-CONTROL-CORPUS-01,2025-09-20,2026-08-22,3.0.0-internal-shadow-mvp,V3-INTERNAL-SHADOW-MVP-2026-08-22-R1-001,training
G25-0215,2025,4,New Mexico State,UTSA,AWAY,-13.433316,-10.85977,-6.073546,6.0,W,GOVERNED_SYNTHETIC_CONTROL: 2025 Synthetic Season LOCKED v3.xlsx sha256=77bb6ecf48e805b62b8af238bbf7b3534330df0405b8a170e48bb5c234d532ba via Power_Crunch_Research_Lab_Phase5D_WalkForward_Package.zip; corpus self-declares SCHEDULE SYNTHETIC / SCORES SIMULATED; authorised for MVP_CONTROL_CALIBRATION_ONLY by R-V3-MVP-CONTROL-CORPUS-01,2025-09-20,2026-08-22,3.0.0-internal-shadow-mvp,V3-INTERNAL-SHADOW-MVP-2026-08-22-R1-001,training
G25-0216,2025,4,Utah,Purdue,HOME,8.279266,-20.153498,31.932764,37.0,W,GOVERNED_SYNTHETIC_CONTROL: 2025 Synthetic Season LOCKED v3.xlsx sha256=77bb6ecf48e805b62b8af238bbf7b3534330df0405b8a170e48bb5c234d532ba via Power_Crunch_Research_Lab_Phase5D_WalkForward_Package.zip; corpus self-declares SCHEDULE SYNTHETIC / SCORES SIMULATED; authorised for MVP_CONTROL_CALIBRATION_ONLY by R-V3-MVP-CONTROL-CORPUS-01,2025-09-20,2026-08-22,3.0.0-internal-shadow-mvp,V3-INTERNAL-SHADOW-MVP-2026-08-22-R1-001,training
G25-0216,2025,4,Purdue,Utah,AWAY,-20.153498,8.279266,-31.932764,-37.0,L,GOVERNED_SYNTHETIC_CONTROL: 2025 Synthetic Season LOCKED v3.xlsx sha256=77bb6ecf48e805b62b8af238bbf7b3534330df0405b8a170e48bb5c234d532ba via Power_Crunch_Research_Lab_Phase5D_WalkForward_Package.zip; corpus self-declares SCHEDULE SYNTHETIC / SCORES SIMULATED; authorised for MVP_CONTROL_CALIBRATION_ONLY by R-V3-MVP-CONTROL-CORPUS-01,2025-09-20,2026-08-22,3.0.0-internal-shadow-mvp,V3-INTERNAL-SHADOW-MVP-2026-08-22-R1-001,training
G25-0217,2025,4,Virginia Tech,Oregon State,HOME,6.875799,-7.634416,18.010215,26.0,W,GOVERNED_SYNTHETIC_CONTROL: 2025 Synthetic Season LOCKED v3.xlsx sha256=77bb6ecf48e805b62b8af238bbf7b3534330df0405b8a170e48bb5c234d532ba via Power_Crunch_Research_Lab_Phase5D_WalkForward_Package.zip; corpus self-declares SCHEDULE SYNTHETIC / SCORES SIMULATED; authorised for MVP_CONTROL_CALIBRATION_ONLY by R-V3-MVP-CONTROL-CORPUS-01,2025-09-20,2026-08-22,3.0.0-internal-shadow-mvp,V3-INTERNAL-SHADOW-MVP-2026-08-22-R1-001,training
G25-0217,2025,4,Oregon State,Virginia Tech,AWAY,-7.634416,6.875799,-18.010215,-26.0,L,GOVERNED_SYNTHETIC_CONTROL: 2025 Synthetic Season LOCKED v3.xlsx sha256=77bb6ecf48e805b62b8af238bbf7b3534330df0405b8a170e48bb5c234d532ba via Power_Crunch_Research_Lab_Phase5D_WalkForward_Package.zip; corpus self-declares SCHEDULE SYNTHETIC / SCORES SIMULATED; authorised for MVP_CONTROL_CALIBRATION_ONLY by R-V3-MVP-CONTROL-CORPUS-01,2025-09-20,2026-08-22,3.0.0-internal-shadow-mvp,V3-INTERNAL-SHADOW-MVP-2026-08-22-R1-001,training
G25-0218,2025,5,Air Force,New Mexico,HOME,-5.095433,-9.044007,7.448574,-6.0,L,GOVERNED_SYNTHETIC_CONTROL: 2025 Synthetic Season LOCKED v3.xlsx sha256=77bb6ecf48e805b62b8af238bbf7b3534330df0405b8a170e48bb5c234d532ba via Power_Crunch_Research_Lab_Phase5D_WalkForward_Package.zip; corpus self-declares SCHEDULE SYNTHETIC / SCORES SIMULATED; authorised for MVP_CONTROL_CALIBRATION_ONLY by R-V3-MVP-CONTROL-CORPUS-01,2025-09-27,2026-08-22,3.0.0-internal-shadow-mvp,V3-INTERNAL-SHADOW-MVP-2026-08-22-R1-001,training
G25-0218,2025,5,New Mexico,Air Force,AWAY,-9.044007,-5.095433,-7.448574,6.0,W,GOVERNED_SYNTHETIC_CONTROL: 2025 Synthetic Season LOCKED v3.xlsx sha256=77bb6ecf48e805b62b8af238bbf7b3534330df0405b8a170e48bb5c234d532ba via Power_Crunch_Research_Lab_Phase5D_WalkForward_Package.zip; corpus self-declares SCHEDULE SYNTHETIC / SCORES SIMULATED; authorised for MVP_CONTROL_CALIBRATION_ONLY by R-V3-MVP-CONTROL-CORPUS-01,2025-09-27,2026-08-22,3.0.0-internal-shadow-mvp,V3-INTERNAL-SHADOW-MVP-2026-08-22-R1-001,training
G25-0219,2025,5,Arizona,TCU,HOME,4.199036,15.129779,-7.430742,-19.0,L,GOVERNED_SYNTHETIC_CONTROL: 2025 Synthetic Season LOCKED v3.xlsx sha256=77bb6ecf48e805b62b8af238bbf7b3534330df0405b8a170e48bb5c234d532ba via Power_Crunch_Research_Lab_Phase5D_WalkForward_Package.zip; corpus self-declares SCHEDULE SYNTHETIC / SCORES SIMULATED; authorised for MVP_CONTROL_CALIBRATION_ONLY by R-V3-MVP-CONTROL-CORPUS-01,2025-09-27,2026-08-22,3.0.0-internal-shadow-mvp,V3-INTERNAL-SHADOW-MVP-2026-08-22-R1-001,training
G25-0219,2025,5,TCU,Arizona,AWAY,15.129779,4.199036,7.430742,19.0,W,GOVERNED_SYNTHETIC_CONTROL: 2025 Synthetic Season LOCKED v3.xlsx sha256=77bb6ecf48e805b62b8af238bbf7b3534330df0405b8a170e48bb5c234d532ba via Power_Crunch_Research_Lab_Phase5D_WalkForward_Package.zip; corpus self-declares SCHEDULE SYNTHETIC / SCORES SIMULATED; authorised for MVP_CONTROL_CALIBRATION_ONLY by R-V3-MVP-CONTROL-CORPUS-01,2025-09-27,2026-08-22,3.0.0-internal-shadow-mvp,V3-INTERNAL-SHADOW-MVP-2026-08-22-R1-001,training
G25-0220,2025,5,Arizona State,Texas Tech,HOME,1.702558,19.267155,-14.064597,-59.0,L,GOVERNED_SYNTHETIC_CONTROL: 2025 Synthetic Season LOCKED v3.xlsx sha256=77bb6ecf48e805b62b8af238bbf7b3534330df0405b8a170e48bb5c234d532ba via Power_Crunch_Research_Lab_Phase5D_WalkForward_Package.zip; corpus self-declares SCHEDULE SYNTHETIC / SCORES SIMULATED; authorised for MVP_CONTROL_CALIBRATION_ONLY by R-V3-MVP-CONTROL-CORPUS-01,2025-09-27,2026-08-22,3.0.0-internal-shadow-mvp,V3-INTERNAL-SHADOW-MVP-2026-08-22-R1-001,training
G25-0220,2025,5,Texas Tech,Arizona State,AWAY,19.267155,1.702558,14.064597,59.0,W,GOVERNED_SYNTHETIC_CONTROL: 2025 Synthetic Season LOCKED v3.xlsx sha256=77bb6ecf48e805b62b8af238bbf7b3534330df0405b8a170e48bb5c234d532ba via Power_Crunch_Research_Lab_Phase5D_WalkForward_Package.zip; corpus self-declares SCHEDULE SYNTHETIC / SCORES SIMULATED; authorised for MVP_CONTROL_CALIBRATION_ONLY by R-V3-MVP-CONTROL-CORPUS-01,2025-09-27,2026-08-22,3.0.0-internal-shadow-mvp,V3-INTERNAL-SHADOW-MVP-2026-08-22-R1-001,training
G25-0221,2025,5,Auburn,Georgia,HOME,-5.493988,21.584268,-23.578255,-49.0,L,GOVERNED_SYNTHETIC_CONTROL: 2025 Synthetic Season LOCKED v3.xlsx sha256=77bb6ecf48e805b62b8af238bbf7b3534330df0405b8a170e48bb5c234d532ba via Power_Crunch_Research_Lab_Phase5D_WalkForward_Package.zip; corpus self-declares SCHEDULE SYNTHETIC / SCORES SIMULATED; authorised for MVP_CONTROL_CALIBRATION_ONLY by R-V3-MVP-CONTROL-CORPUS-01,2025-09-27,2026-08-22,3.0.0-internal-shadow-mvp,V3-INTERNAL-SHADOW-MVP-2026-08-22-R1-001,training
G25-0221,2025,5,Georgia,Auburn,AWAY,21.584268,-5.493988,23.578255,49.0,W,GOVERNED_SYNTHETIC_CONTROL: 2025 Synthetic Season LOCKED v3.xlsx sha256=77bb6ecf48e805b62b8af238bbf7b3534330df0405b8a170e48bb5c234d532ba via Power_Crunch_Research_Lab_Phase5D_WalkForward_Package.zip; corpus self-declares SCHEDULE SYNTHETIC / SCORES SIMULATED; authorised for MVP_CONTROL_CALIBRATION_ONLY by R-V3-MVP-CONTROL-CORPUS-01,2025-09-27,2026-08-22,3.0.0-internal-shadow-mvp,V3-INTERNAL-SHADOW-MVP-2026-08-22-R1-001,training
G25-0222,2025,5,BYU,California,HOME,14.398547,-1.910306,19.808853,61.0,W,GOVERNED_SYNTHETIC_CONTROL: 2025 Synthetic Season LOCKED v3.xlsx sha256=77bb6ecf48e805b62b8af238bbf7b3534330df0405b8a170e48bb5c234d532ba via Power_Crunch_Research_Lab_Phase5D_WalkForward_Package.zip; corpus self-declares SCHEDULE SYNTHETIC / SCORES SIMULATED; authorised for MVP_CONTROL_CALIBRATION_ONLY by R-V3-MVP-CONTROL-CORPUS-01,2025-09-27,2026-08-22,3.0.0-internal-shadow-mvp,V3-INTERNAL-SHADOW-MVP-2026-08-22-R1-001,training
G25-0222,2025,5,California,BYU,AWAY,-1.910306,14.398547,-19.808853,-61.0,L,GOVERNED_SYNTHETIC_CONTROL: 2025 Synthetic Season LOCKED v3.xlsx sha256=77bb6ecf48e805b62b8af238bbf7b3534330df0405b8a170e48bb5c234d532ba via Power_Crunch_Research_Lab_Phase5D_WalkForward_Package.zip; corpus self-declares SCHEDULE SYNTHETIC / SCORES SIMULATED; authorised for MVP_CONTROL_CALIBRATION_ONLY by R-V3-MVP-CONTROL-CORPUS-01,2025-09-27,2026-08-22,3.0.0-internal-shadow-mvp,V3-INTERNAL-SHADOW-MVP-2026-08-22-R1-001,training
G25-0223,2025,5,Boise State,Colorado State,HOME,1.841152,-8.14532,13.486472,26.0,W,GOVERNED_SYNTHETIC_CONTROL: 2025 Synthetic Season LOCKED v3.xlsx sha256=77bb6ecf48e805b62b8af238bbf7b3534330df0405b8a170e48bb5c234d532ba via Power_Crunch_Research_Lab_Phase5D_WalkForward_Package.zip; corpus self-declares SCHEDULE SYNTHETIC / SCORES SIMULATED; authorised for MVP_CONTROL_CALIBRATION_ONLY by R-V3-MVP-CONTROL-CORPUS-01,2025-09-27,2026-08-22,3.0.0-internal-shadow-mvp,V3-INTERNAL-SHADOW-MVP-2026-08-22-R1-001,training
G25-0223,2025,5,Colorado State,Boise State,AWAY,-8.14532,1.841152,-13.486472,-26.0,L,GOVERNED_SYNTHETIC_CONTROL: 2025 Synthetic Season LOCKED v3.xlsx sha256=77bb6ecf48e805b62b8af238bbf7b3534330df0405b8a170e48bb5c234d532ba via Power_Crunch_Research_Lab_Phase5D_WalkForward_Package.zip; corpus self-declares SCHEDULE SYNTHETIC / SCORES SIMULATED; authorised for MVP_CONTROL_CALIBRATION_ONLY by R-V3-MVP-CONTROL-CORPUS-01,2025-09-27,2026-08-22,3.0.0-internal-shadow-mvp,V3-INTERNAL-SHADOW-MVP-2026-08-22-R1-001,training
G25-0224,2025,5,Buffalo,Texas State,HOME,-6.136129,-5.466897,2.830768,3.0,W,GOVERNED_SYNTHETIC_CONTROL: 2025 Synthetic Season LOCKED v3.xlsx sha256=77bb6ecf48e805b62b8af238bbf7b3534330df0405b8a170e48bb5c234d532ba via Power_Crunch_Research_Lab_Phase5D_WalkForward_Package.zip; corpus self-declares SCHEDULE SYNTHETIC / SCORES SIMULATED; authorised for MVP_CONTROL_CALIBRATION_ONLY by R-V3-MVP-CONTROL-CORPUS-01,2025-09-27,2026-08-22,3.0.0-internal-shadow-mvp,V3-INTERNAL-SHADOW-MVP-2026-08-22-R1-001,training
G25-0224,2025,5,Texas State,Buffalo,AWAY,-5.466897,-6.136129,-2.830768,-3.0,L,GOVERNED_SYNTHETIC_CONTROL: 2025 Synthetic Season LOCKED v3.xlsx sha256=77bb6ecf48e805b62b8af238bbf7b3534330df0405b8a170e48bb5c234d532ba via Power_Crunch_Research_Lab_Phase5D_WalkForward_Package.zip; corpus self-declares SCHEDULE SYNTHETIC / SCORES SIMULATED; authorised for MVP_CONTROL_CALIBRATION_ONLY by R-V3-MVP-CONTROL-CORPUS-01,2025-09-27,2026-08-22,3.0.0-internal-shadow-mvp,V3-INTERNAL-SHADOW-MVP-2026-08-22-R1-001,training
G25-0225,2025,5,Coastal Carolina,Georgia State,HOME,-11.004356,-7.48286,-0.021496,11.0,W,GOVERNED_SYNTHETIC_CONTROL: 2025 Synthetic Season LOCKED v3.xlsx sha256=77bb6ecf48e805b62b8af238bbf7b3534330df0405b8a170e48bb5c234d532ba via Power_Crunch_Research_Lab_Phase5D_WalkForward_Package.zip; corpus self-declares SCHEDULE SYNTHETIC / SCORES SIMULATED; authorised for MVP_CONTROL_CALIBRATION_ONLY by R-V3-MVP-CONTROL-CORPUS-01,2025-09-27,2026-08-22,3.0.0-internal-shadow-mvp,V3-INTERNAL-SHADOW-MVP-2026-08-22-R1-001,training
G25-0225,2025,5,Georgia State,Coastal Carolina,AWAY,-7.48286,-11.004356,0.021496,-11.0,L,GOVERNED_SYNTHETIC_CONTROL: 2025 Synthetic Season LOCKED v3.xlsx sha256=77bb6ecf48e805b62b8af238bbf7b3534330df0405b8a170e48bb5c234d532ba via Power_Crunch_Research_Lab_Phase5D_WalkForward_Package.zip; corpus self-declares SCHEDULE SYNTHETIC / SCORES SIMULATED; authorised for MVP_CONTROL_CALIBRATION_ONLY by R-V3-MVP-CONTROL-CORPUS-01,2025-09-27,2026-08-22,3.0.0-internal-shadow-mvp,V3-INTERNAL-SHADOW-MVP-2026-08-22-R1-001,training
G25-0226,2025,5,Colorado,West Virginia,HOME,13.478772,-0.39731,17.376082,3.0,W,GOVERNED_SYNTHETIC_CONTROL: 2025 Synthetic Season LOCKED v3.xlsx sha256=77bb6ecf48e805b62b8af238bbf7b3534330df0405b8a170e48bb5c234d532ba via Power_Crunch_Research_Lab_Phase5D_WalkForward_Package.zip; corpus self-declares SCHEDULE SYNTHETIC / SCORES SIMULATED; authorised for MVP_CONTROL_CALIBRATION_ONLY by R-V3-MVP-CONTROL-CORPUS-01,2025-09-27,2026-08-22,3.0.0-internal-shadow-mvp,V3-INTERNAL-SHADOW-MVP-2026-08-22-R1-001,training
G25-0226,2025,5,West Virginia,Colorado,AWAY,-0.39731,13.478772,-17.376082,-3.0,L,GOVERNED_SYNTHETIC_CONTROL: 2025 Synthetic Season LOCKED v3.xlsx sha256=77bb6ecf48e805b62b8af238bbf7b3534330df0405b8a170e48bb5c234d532ba via Power_Crunch_Research_Lab_Phase5D_WalkForward_Package.zip; corpus self-declares SCHEDULE SYNTHETIC / SCORES SIMULATED; authorised for MVP_CONTROL_CALIBRATION_ONLY by R-V3-MVP-CONTROL-CORPUS-01,2025-09-27,2026-08-22,3.0.0-internal-shadow-mvp,V3-INTERNAL-SHADOW-MVP-2026-08-22-R1-001,training
G25-0227,2025,5,Duke,Pittsburgh,HOME,1.264291,1.583245,3.181046,-2.0,L,GOVERNED_SYNTHETIC_CONTROL: 2025 Synthetic Season LOCKED v3.xlsx sha256=77bb6ecf48e805b62b8af238bbf7b3534330df0405b8a170e48bb5c234d532ba via Power_Crunch_Research_Lab_Phase5D_WalkForward_Package.zip; corpus self-declares SCHEDULE SYNTHETIC / SCORES SIMULATED; authorised for MVP_CONTROL_CALIBRATION_ONLY by R-V3-MVP-CONTROL-CORPUS-01,2025-09-27,2026-08-22,3.0.0-internal-shadow-mvp,V3-INTERNAL-SHADOW-MVP-2026-08-22-R1-001,training
G25-0227,2025,5,Pittsburgh,Duke,AWAY,1.583245,1.264291,-3.181046,2.0,W,GOVERNED_SYNTHETIC_CONTROL: 2025 Synthetic Season LOCKED v3.xlsx sha256=77bb6ecf48e805b62b8af238bbf7b3534330df0405b8a170e48bb5c234d532ba via Power_Crunch_Research_Lab_Phase5D_WalkForward_Package.zip; corpus self-declares SCHEDULE SYNTHETIC / SCORES SIMULATED; authorised for MVP_CONTROL_CALIBRATION_ONLY by R-V3-MVP-CONTROL-CORPUS-01,2025-09-27,2026-08-22,3.0.0-internal-shadow-mvp,V3-INTERNAL-SHADOW-MVP-2026-08-22-R1-001,training
G25-0228,2025,5,East Carolina,Oklahoma,HOME,2.042736,15.619974,-10.077238,-66.0,L,GOVERNED_SYNTHETIC_CONTROL: 2025 Synthetic Season LOCKED v3.xlsx sha256=77bb6ecf48e805b62b8af238bbf7b3534330df0405b8a170e48bb5c234d532ba via Power_Crunch_Research_Lab_Phase5D_WalkForward_Package.zip; corpus self-declares SCHEDULE SYNTHETIC / SCORES SIMULATED; authorised for MVP_CONTROL_CALIBRATION_ONLY by R-V3-MVP-CONTROL-CORPUS-01,2025-09-27,2026-08-22,3.0.0-internal-shadow-mvp,V3-INTERNAL-SHADOW-MVP-2026-08-22-R1-001,training
G25-0228,2025,5,Oklahoma,East Carolina,AWAY,15.619974,2.042736,10.077238,66.0,W,GOVERNED_SYNTHETIC_CONTROL: 2025 Synthetic Season LOCKED v3.xlsx sha256=77bb6ecf48e805b62b8af238bbf7b3534330df0405b8a170e48bb5c234d532ba via Power_Crunch_Research_Lab_Phase5D_WalkForward_Package.zip; corpus self-declares SCHEDULE SYNTHETIC / SCORES SIMULATED; authorised for MVP_CONTROL_CALIBRATION_ONLY by R-V3-MVP-CONTROL-CORPUS-01,2025-09-27,2026-08-22,3.0.0-internal-shadow-mvp,V3-INTERNAL-SHADOW-MVP-2026-08-22-R1-001,training
G25-0229,2025,5,Florida,UCLA,HOME,2.728987,-5.636782,11.865769,-4.0,L,GOVERNED_SYNTHETIC_CONTROL: 2025 Synthetic Season LOCKED v3.xlsx sha256=77bb6ecf48e805b62b8af238bbf7b3534330df0405b8a170e48bb5c234d532ba via Power_Crunch_Research_Lab_Phase5D_WalkForward_Package.zip; corpus self-declares SCHEDULE SYNTHETIC / SCORES SIMULATED; authorised for MVP_CONTROL_CALIBRATION_ONLY by R-V3-MVP-CONTROL-CORPUS-01,2025-09-27,2026-08-22,3.0.0-internal-shadow-mvp,V3-INTERNAL-SHADOW-MVP-2026-08-22-R1-001,training
G25-0229,2025,5,UCLA,Florida,AWAY,-5.636782,2.728987,-11.865769,4.0,W,GOVERNED_SYNTHETIC_CONTROL: 2025 Synthetic Season LOCKED v3.xlsx sha256=77bb6ecf48e805b62b8af238bbf7b3534330df0405b8a170e48bb5c234d532ba via Power_Crunch_Research_Lab_Phase5D_WalkForward_Package.zip; corpus self-declares SCHEDULE SYNTHETIC / SCORES SIMULATED; authorised for MVP_CONTROL_CALIBRATION_ONLY by R-V3-MVP-CONTROL-CORPUS-01,2025-09-27,2026-08-22,3.0.0-internal-shadow-mvp,V3-INTERNAL-SHADOW-MVP-2026-08-22-R1-001,training
G25-0230,2025,5,Florida Atlantic,Tulsa,HOME,-5.304055,-17.199544,15.395489,-20.0,L,GOVERNED_SYNTHETIC_CONTROL: 2025 Synthetic Season LOCKED v3.xlsx sha256=77bb6ecf48e805b62b8af238bbf7b3534330df0405b8a170e48bb5c234d532ba via Power_Crunch_Research_Lab_Phase5D_WalkForward_Package.zip; corpus self-declares SCHEDULE SYNTHETIC / SCORES SIMULATED; authorised for MVP_CONTROL_CALIBRATION_ONLY by R-V3-MVP-CONTROL-CORPUS-01,2025-09-27,2026-08-22,3.0.0-internal-shadow-mvp,V3-INTERNAL-SHADOW-MVP-2026-08-22-R1-001,training
G25-0230,2025,5,Tulsa,Florida Atlantic,AWAY,-17.199544,-5.304055,-15.395489,20.0,W,GOVERNED_SYNTHETIC_CONTROL: 2025 Synthetic Season LOCKED v3.xlsx sha256=77bb6ecf48e805b62b8af238bbf7b3534330df0405b8a170e48bb5c234d532ba via Power_Crunch_Research_Lab_Phase5D_WalkForward_Package.zip; corpus self-declares SCHEDULE SYNTHETIC / SCORES SIMULATED; authorised for MVP_CONTROL_CALIBRATION_ONLY by R-V3-MVP-CONTROL-CORPUS-01,2025-09-27,2026-08-22,3.0.0-internal-shadow-mvp,V3-INTERNAL-SHADOW-MVP-2026-08-22-R1-001,training
G25-0231,2025,5,Florida International,New Mexico State,HOME,-11.561929,-12.346031,4.284102,7.0,W,GOVERNED_SYNTHETIC_CONTROL: 2025 Synthetic Season LOCKED v3.xlsx sha256=77bb6ecf48e805b62b8af238bbf7b3534330df0405b8a170e48bb5c234d532ba via Power_Crunch_Research_Lab_Phase5D_WalkForward_Package.zip; corpus self-declares SCHEDULE SYNTHETIC / SCORES SIMULATED; authorised for MVP_CONTROL_CALIBRATION_ONLY by R-V3-MVP-CONTROL-CORPUS-01,2025-09-27,2026-08-22,3.0.0-internal-shadow-mvp,V3-INTERNAL-SHADOW-MVP-2026-08-22-R1-001,training
G25-0231,2025,5,New Mexico State,Florida International,AWAY,-12.346031,-11.561929,-4.284102,-7.0,L,GOVERNED_SYNTHETIC_CONTROL: 2025 Synthetic Season LOCKED v3.xlsx sha256=77bb6ecf48e805b62b8af238bbf7b3534330df0405b8a170e48bb5c234d532ba via Power_Crunch_Research_Lab_Phase5D_WalkForward_Package.zip; corpus self-declares SCHEDULE SYNTHETIC / SCORES SIMULATED; authorised for MVP_CONTROL_CALIBRATION_ONLY by R-V3-MVP-CONTROL-CORPUS-01,2025-09-27,2026-08-22,3.0.0-internal-shadow-mvp,V3-INTERNAL-SHADOW-MVP-2026-08-22-R1-001,training
G25-0232,2025,5,Florida State,Clemson,HOME,-5.280225,2.033392,-3.813617,2.0,W,GOVERNED_SYNTHETIC_CONTROL: 2025 Synthetic Season LOCKED v3.xlsx sha256=77bb6ecf48e805b62b8af238bbf7b3534330df0405b8a170e48bb5c234d532ba via Power_Crunch_Research_Lab_Phase5D_WalkForward_Package.zip; corpus self-declares SCHEDULE SYNTHETIC / SCORES SIMULATED; authorised for MVP_CONTROL_CALIBRATION_ONLY by R-V3-MVP-CONTROL-CORPUS-01,2025-09-27,2026-08-22,3.0.0-internal-shadow-mvp,V3-INTERNAL-SHADOW-MVP-2026-08-22-R1-001,training
G25-0232,2025,5,Clemson,Florida State,AWAY,2.033392,-5.280225,3.813617,-2.0,L,GOVERNED_SYNTHETIC_CONTROL: 2025 Synthetic Season LOCKED v3.xlsx sha256=77bb6ecf48e805b62b8af238bbf7b3534330df0405b8a170e48bb5c234d532ba via Power_Crunch_Research_Lab_Phase5D_WalkForward_Package.zip; corpus self-declares SCHEDULE SYNTHETIC / SCORES SIMULATED; authorised for MVP_CONTROL_CALIBRATION_ONLY by R-V3-MVP-CONTROL-CORPUS-01,2025-09-27,2026-08-22,3.0.0-internal-shadow-mvp,V3-INTERNAL-SHADOW-MVP-2026-08-22-R1-001,training
G25-0233,2025,5,Georgia Southern,Memphis,HOME,-6.056722,4.096262,-6.652984,-15.0,L,GOVERNED_SYNTHETIC_CONTROL: 2025 Synthetic Season LOCKED v3.xlsx sha256=77bb6ecf48e805b62b8af238bbf7b3534330df0405b8a170e48bb5c234d532ba via Power_Crunch_Research_Lab_Phase5D_WalkForward_Package.zip; corpus self-declares SCHEDULE SYNTHETIC / SCORES SIMULATED; authorised for MVP_CONTROL_CALIBRATION_ONLY by R-V3-MVP-CONTROL-CORPUS-01,2025-09-27,2026-08-22,3.0.0-internal-shadow-mvp,V3-INTERNAL-SHADOW-MVP-2026-08-22-R1-001,training
G25-0233,2025,5,Memphis,Georgia Southern,AWAY,4.096262,-6.056722,6.652984,15.0,W,GOVERNED_SYNTHETIC_CONTROL: 2025 Synthetic Season LOCKED v3.xlsx sha256=77bb6ecf48e805b62b8af238bbf7b3534330df0405b8a170e48bb5c234d532ba via Power_Crunch_Research_Lab_Phase5D_WalkForward_Package.zip; corpus self-declares SCHEDULE SYNTHETIC / SCORES SIMULATED; authorised for MVP_CONTROL_CALIBRATION_ONLY by R-V3-MVP-CONTROL-CORPUS-01,2025-09-27,2026-08-22,3.0.0-internal-shadow-mvp,V3-INTERNAL-SHADOW-MVP-2026-08-22-R1-001,training
G25-0234,2025,5,Harvard,Lehigh,HOME,-18.258566,-11.162939,-3.595627,-30.0,L,GOVERNED_SYNTHETIC_CONTROL: 2025 Synthetic Season LOCKED v3.xlsx sha256=77bb6ecf48e805b62b8af238bbf7b3534330df0405b8a170e48bb5c234d532ba via Power_Crunch_Research_Lab_Phase5D_WalkForward_Package.zip; corpus self-declares SCHEDULE SYNTHETIC / SCORES SIMULATED; authorised for MVP_CONTROL_CALIBRATION_ONLY by R-V3-MVP-CONTROL-CORPUS-01,2025-09-27,2026-08-22,3.0.0-internal-shadow-mvp,V3-INTERNAL-SHADOW-MVP-2026-08-22-R1-001,training
G25-0234,2025,5,Lehigh,Harvard,AWAY,-11.162939,-18.258566,3.595627,30.0,W,GOVERNED_SYNTHETIC_CONTROL: 2025 Synthetic Season LOCKED v3.xlsx sha256=77bb6ecf48e805b62b8af238bbf7b3534330df0405b8a170e48bb5c234d532ba via Power_Crunch_Research_Lab_Phase5D_WalkForward_Package.zip; corpus self-declares SCHEDULE SYNTHETIC / SCORES SIMULATED; authorised for MVP_CONTROL_CALIBRATION_ONLY by R-V3-MVP-CONTROL-CORPUS-01,2025-09-27,2026-08-22,3.0.0-internal-shadow-mvp,V3-INTERNAL-SHADOW-MVP-2026-08-22-R1-001,training
G25-0235,2025,5,Hawaii,Fresno State,HOME,-9.262908,-4.599399,-1.163509,13.0,W,GOVERNED_SYNTHETIC_CONTROL: 2025 Synthetic Season LOCKED v3.xlsx sha256=77bb6ecf48e805b62b8af238bbf7b3534330df0405b8a170e48bb5c234d532ba via Power_Crunch_Research_Lab_Phase5D_WalkForward_Package.zip; corpus self-declares SCHEDULE SYNTHETIC / SCORES SIMULATED; authorised for MVP_CONTROL_CALIBRATION_ONLY by R-V3-MVP-CONTROL-CORPUS-01,2025-09-27,2026-08-22,3.0.0-internal-shadow-mvp,V3-INTERNAL-SHADOW-MVP-2026-08-22-R1-001,training
G25-0235,2025,5,Fresno State,Hawaii,AWAY,-4.599399,-9.262908,1.163509,-13.0,L,GOVERNED_SYNTHETIC_CONTROL: 2025 Synthetic Season LOCKED v3.xlsx sha256=77bb6ecf48e805b62b8af238bbf7b3534330df0405b8a170e48bb5c234d532ba via Power_Crunch_Research_Lab_Phase5D_WalkForward_Package.zip; corpus self-declares SCHEDULE SYNTHETIC / SCORES SIMULATED; authorised for MVP_CONTROL_CALIBRATION_ONLY by R-V3-MVP-CONTROL-CORPUS-01,2025-09-27,2026-08-22,3.0.0-internal-shadow-mvp,V3-INTERNAL-SHADOW-MVP-2026-08-22-R1-001,training
G25-0236,2025,5,Holy Cross,Ohio State,HOME,-21.753742,22.254146,-40.507888,-40.0,L,GOVERNED_SYNTHETIC_CONTROL: 2025 Synthetic Season LOCKED v3.xlsx sha256=77bb6ecf48e805b62b8af238bbf7b3534330df0405b8a170e48bb5c234d532ba via Power_Crunch_Research_Lab_Phase5D_WalkForward_Package.zip; corpus self-declares SCHEDULE SYNTHETIC / SCORES SIMULATED; authorised for MVP_CONTROL_CALIBRATION_ONLY by R-V3-MVP-CONTROL-CORPUS-01,2025-09-27,2026-08-22,3.0.0-internal-shadow-mvp,V3-INTERNAL-SHADOW-MVP-2026-08-22-R1-001,training
G25-0236,2025,5,Ohio State,Holy Cross,AWAY,22.254146,-21.753742,40.507888,40.0,W,GOVERNED_SYNTHETIC_CONTROL: 2025 Synthetic Season LOCKED v3.xlsx sha256=77bb6ecf48e805b62b8af238bbf7b3534330df0405b8a170e48bb5c234d532ba via Power_Crunch_Research_Lab_Phase5D_WalkForward_Package.zip; corpus self-declares SCHEDULE SYNTHETIC / SCORES SIMULATED; authorised for MVP_CONTROL_CALIBRATION_ONLY by R-V3-MVP-CONTROL-CORPUS-01,2025-09-27,2026-08-22,3.0.0-internal-shadow-mvp,V3-INTERNAL-SHADOW-MVP-2026-08-22-R1-001,training
G25-0237,2025,5,Houston,Oklahoma State,HOME,9.643284,-0.947332,14.090616,25.0,W,GOVERNED_SYNTHETIC_CONTROL: 2025 Synthetic Season LOCKED v3.xlsx sha256=77bb6ecf48e805b62b8af238bbf7b3534330df0405b8a170e48bb5c234d532ba via Power_Crunch_Research_Lab_Phase5D_WalkForward_Package.zip; corpus self-declares SCHEDULE SYNTHETIC / SCORES SIMULATED; authorised for MVP_CONTROL_CALIBRATION_ONLY by R-V3-MVP-CONTROL-CORPUS-01,2025-09-27,2026-08-22,3.0.0-internal-shadow-mvp,V3-INTERNAL-SHADOW-MVP-2026-08-22-R1-001,training
G25-0237,2025,5,Oklahoma State,Houston,AWAY,-0.947332,9.643284,-14.090616,-25.0,L,GOVERNED_SYNTHETIC_CONTROL: 2025 Synthetic Season LOCKED v3.xlsx sha256=77bb6ecf48e805b62b8af238bbf7b3534330df0405b8a170e48bb5c234d532ba via Power_Crunch_Research_Lab_Phase5D_WalkForward_Package.zip; corpus self-declares SCHEDULE SYNTHETIC / SCORES SIMULATED; authorised for MVP_CONTROL_CALIBRATION_ONLY by R-V3-MVP-CONTROL-CORPUS-01,2025-09-27,2026-08-22,3.0.0-internal-shadow-mvp,V3-INTERNAL-SHADOW-MVP-2026-08-22-R1-001,training
G25-0238,2025,5,Iowa,Michigan State,HOME,18.968957,-15.539724,38.008681,62.0,W,GOVERNED_SYNTHETIC_CONTROL: 2025 Synthetic Season LOCKED v3.xlsx sha256=77bb6ecf48e805b62b8af238bbf7b3534330df0405b8a170e48bb5c234d532ba via Power_Crunch_Research_Lab_Phase5D_WalkForward_Package.zip; corpus self-declares SCHEDULE SYNTHETIC / SCORES SIMULATED; authorised for MVP_CONTROL_CALIBRATION_ONLY by R-V3-MVP-CONTROL-CORPUS-01,2025-09-27,2026-08-22,3.0.0-internal-shadow-mvp,V3-INTERNAL-SHADOW-MVP-2026-08-22-R1-001,training
G25-0238,2025,5,Michigan State,Iowa,AWAY,-15.539724,18.968957,-38.008681,-62.0,L,GOVERNED_SYNTHETIC_CONTROL: 2025 Synthetic Season LOCKED v3.xlsx sha256=77bb6ecf48e805b62b8af238bbf7b3534330df0405b8a170e48bb5c234d532ba via Power_Crunch_Research_Lab_Phase5D_WalkForward_Package.zip; corpus self-declares SCHEDULE SYNTHETIC / SCORES SIMULATED; authorised for MVP_CONTROL_CALIBRATION_ONLY by R-V3-MVP-CONTROL-CORPUS-01,2025-09-27,2026-08-22,3.0.0-internal-shadow-mvp,V3-INTERNAL-SHADOW-MVP-2026-08-22-R1-001,training
G25-0239,2025,5,Iowa State,Cincinnati,HOME,8.155649,-2.876775,14.532423,-25.0,L,GOVERNED_SYNTHETIC_CONTROL: 2025 Synthetic Season LOCKED v3.xlsx sha256=77bb6ecf48e805b62b8af238bbf7b3534330df0405b8a170e48bb5c234d532ba via Power_Crunch_Research_Lab_Phase5D_WalkForward_Package.zip; corpus self-declares SCHEDULE SYNTHETIC / SCORES SIMULATED; authorised for MVP_CONTROL_CALIBRATION_ONLY by R-V3-MVP-CONTROL-CORPUS-01,2025-09-27,2026-08-22,3.0.0-internal-shadow-mvp,V3-INTERNAL-SHADOW-MVP-2026-08-22-R1-001,training
G25-0239,2025,5,Cincinnati,Iowa State,AWAY,-2.876775,8.155649,-14.532423,25.0,W,GOVERNED_SYNTHETIC_CONTROL: 2025 Synthetic Season LOCKED v3.xlsx sha256=77bb6ecf48e805b62b8af238bbf7b3534330df0405b8a170e48bb5c234d532ba via Power_Crunch_Research_Lab_Phase5D_WalkForward_Package.zip; corpus self-declares SCHEDULE SYNTHETIC / SCORES SIMULATED; authorised for MVP_CONTROL_CALIBRATION_ONLY by R-V3-MVP-CONTROL-CORPUS-01,2025-09-27,2026-08-22,3.0.0-internal-shadow-mvp,V3-INTERNAL-SHADOW-MVP-2026-08-22-R1-001,training
G25-0240,2025,5,Kansas,Southern Miss,HOME,7.303227,-13.909006,24.712233,26.0,W,GOVERNED_SYNTHETIC_CONTROL: 2025 Synthetic Season LOCKED v3.xlsx sha256=77bb6ecf48e805b62b8af238bbf7b3534330df0405b8a170e48bb5c234d532ba via Power_Crunch_Research_Lab_Phase5D_WalkForward_Package.zip; corpus self-declares SCHEDULE SYNTHETIC / SCORES SIMULATED; authorised for MVP_CONTROL_CALIBRATION_ONLY by R-V3-MVP-CONTROL-CORPUS-01,2025-09-27,2026-08-22,3.0.0-internal-shadow-mvp,V3-INTERNAL-SHADOW-MVP-2026-08-22-R1-001,training
G25-0240,2025,5,Southern Miss,Kansas,AWAY,-13.909006,7.303227,-24.712233,-26.0,L,GOVERNED_SYNTHETIC_CONTROL: 2025 Synthetic Season LOCKED v3.xlsx sha256=77bb6ecf48e805b62b8af238bbf7b3534330df0405b8a170e48bb5c234d532ba via Power_Crunch_Research_Lab_Phase5D_WalkForward_Package.zip; corpus self-declares SCHEDULE SYNTHETIC / SCORES SIMULATED; authorised for MVP_CONTROL_CALIBRATION_ONLY by R-V3-MVP-CONTROL-CORPUS-01,2025-09-27,2026-08-22,3.0.0-internal-shadow-mvp,V3-INTERNAL-SHADOW-MVP-2026-08-22-R1-001,training
G25-0241,2025,5,Kansas State,Northwestern,HOME,0.053545,-11.336582,14.890127,-15.0,L,GOVERNED_SYNTHETIC_CONTROL: 2025 Synthetic Season LOCKED v3.xlsx sha256=77bb6ecf48e805b62b8af238bbf7b3534330df0405b8a170e48bb5c234d532ba via Power_Crunch_Research_Lab_Phase5D_WalkForward_Package.zip; corpus self-declares SCHEDULE SYNTHETIC / SCORES SIMULATED; authorised for MVP_CONTROL_CALIBRATION_ONLY by R-V3-MVP-CONTROL-CORPUS-01,2025-09-27,2026-08-22,3.0.0-internal-shadow-mvp,V3-INTERNAL-SHADOW-MVP-2026-08-22-R1-001,training
G25-0241,2025,5,Northwestern,Kansas State,AWAY,-11.336582,0.053545,-14.890127,15.0,W,GOVERNED_SYNTHETIC_CONTROL: 2025 Synthetic Season LOCKED v3.xlsx sha256=77bb6ecf48e805b62b8af238bbf7b3534330df0405b8a170e48bb5c234d532ba via Power_Crunch_Research_Lab_Phase5D_WalkForward_Package.zip; corpus self-declares SCHEDULE SYNTHETIC / SCORES SIMULATED; authorised for MVP_CONTROL_CALIBRATION_ONLY by R-V3-MVP-CONTROL-CORPUS-01,2025-09-27,2026-08-22,3.0.0-internal-shadow-mvp,V3-INTERNAL-SHADOW-MVP-2026-08-22-R1-001,training
G25-0242,2025,5,LSU,Tennessee,HOME,1.508507,11.758712,-6.750205,-46.0,L,GOVERNED_SYNTHETIC_CONTROL: 2025 Synthetic Season LOCKED v3.xlsx sha256=77bb6ecf48e805b62b8af238bbf7b3534330df0405b8a170e48bb5c234d532ba via Power_Crunch_Research_Lab_Phase5D_WalkForward_Package.zip; corpus self-declares SCHEDULE SYNTHETIC / SCORES SIMULATED; authorised for MVP_CONTROL_CALIBRATION_ONLY by R-V3-MVP-CONTROL-CORPUS-01,2025-09-27,2026-08-22,3.0.0-internal-shadow-mvp,V3-INTERNAL-SHADOW-MVP-2026-08-22-R1-001,training
G25-0242,2025,5,Tennessee,LSU,AWAY,11.758712,1.508507,6.750205,46.0,W,GOVERNED_SYNTHETIC_CONTROL: 2025 Synthetic Season LOCKED v3.xlsx sha256=77bb6ecf48e805b62b8af238bbf7b3534330df0405b8a170e48bb5c234d532ba via Power_Crunch_Research_Lab_Phase5D_WalkForward_Package.zip; corpus self-declares SCHEDULE SYNTHETIC / SCORES SIMULATED; authorised for MVP_CONTROL_CALIBRATION_ONLY by R-V3-MVP-CONTROL-CORPUS-01,2025-09-27,2026-08-22,3.0.0-internal-shadow-mvp,V3-INTERNAL-SHADOW-MVP-2026-08-22-R1-001,training
G25-0244,2025,5,Marshall,Troy,HOME,3.820527,-8.042775,15.363302,10.0,W,GOVERNED_SYNTHETIC_CONTROL: 2025 Synthetic Season LOCKED v3.xlsx sha256=77bb6ecf48e805b62b8af238bbf7b3534330df0405b8a170e48bb5c234d532ba via Power_Crunch_Research_Lab_Phase5D_WalkForward_Package.zip; corpus self-declares SCHEDULE SYNTHETIC / SCORES SIMULATED; authorised for MVP_CONTROL_CALIBRATION_ONLY by R-V3-MVP-CONTROL-CORPUS-01,2025-09-27,2026-08-22,3.0.0-internal-shadow-mvp,V3-INTERNAL-SHADOW-MVP-2026-08-22-R1-001,training
G25-0244,2025,5,Troy,Marshall,AWAY,-8.042775,3.820527,-15.363302,-10.0,L,GOVERNED_SYNTHETIC_CONTROL: 2025 Synthetic Season LOCKED v3.xlsx sha256=77bb6ecf48e805b62b8af238bbf7b3534330df0405b8a170e48bb5c234d532ba via Power_Crunch_Research_Lab_Phase5D_WalkForward_Package.zip; corpus self-declares SCHEDULE SYNTHETIC / SCORES SIMULATED; authorised for MVP_CONTROL_CALIBRATION_ONLY by R-V3-MVP-CONTROL-CORPUS-01,2025-09-27,2026-08-22,3.0.0-internal-shadow-mvp,V3-INTERNAL-SHADOW-MVP-2026-08-22-R1-001,training
G25-0245,2025,5,Miami,Virginia Tech,HOME,24.732559,6.795047,21.437512,69.0,W,GOVERNED_SYNTHETIC_CONTROL: 2025 Synthetic Season LOCKED v3.xlsx sha256=77bb6ecf48e805b62b8af238bbf7b3534330df0405b8a170e48bb5c234d532ba via Power_Crunch_Research_Lab_Phase5D_WalkForward_Package.zip; corpus self-declares SCHEDULE SYNTHETIC / SCORES SIMULATED; authorised for MVP_CONTROL_CALIBRATION_ONLY by R-V3-MVP-CONTROL-CORPUS-01,2025-09-27,2026-08-22,3.0.0-internal-shadow-mvp,V3-INTERNAL-SHADOW-MVP-2026-08-22-R1-001,training
G25-0245,2025,5,Virginia Tech,Miami,AWAY,6.795047,24.732559,-21.437512,-69.0,L,GOVERNED_SYNTHETIC_CONTROL: 2025 Synthetic Season LOCKED v3.xlsx sha256=77bb6ecf48e805b62b8af238bbf7b3534330df0405b8a170e48bb5c234d532ba via Power_Crunch_Research_Lab_Phase5D_WalkForward_Package.zip; corpus self-declares SCHEDULE SYNTHETIC / SCORES SIMULATED; authorised for MVP_CONTROL_CALIBRATION_ONLY by R-V3-MVP-CONTROL-CORPUS-01,2025-09-27,2026-08-22,3.0.0-internal-shadow-mvp,V3-INTERNAL-SHADOW-MVP-2026-08-22-R1-001,training
G25-0246,2025,5,Michigan,San Jose State,HOME,9.613475,-5.684802,18.798277,40.0,W,GOVERNED_SYNTHETIC_CONTROL: 2025 Synthetic Season LOCKED v3.xlsx sha256=77bb6ecf48e805b62b8af238bbf7b3534330df0405b8a170e48bb5c234d532ba via Power_Crunch_Research_Lab_Phase5D_WalkForward_Package.zip; corpus self-declares SCHEDULE SYNTHETIC / SCORES SIMULATED; authorised for MVP_CONTROL_CALIBRATION_ONLY by R-V3-MVP-CONTROL-CORPUS-01,2025-09-27,2026-08-22,3.0.0-internal-shadow-mvp,V3-INTERNAL-SHADOW-MVP-2026-08-22-R1-001,training
G25-0246,2025,5,San Jose State,Michigan,AWAY,-5.684802,9.613475,-18.798277,-40.0,L,GOVERNED_SYNTHETIC_CONTROL: 2025 Synthetic Season LOCKED v3.xlsx sha256=77bb6ecf48e805b62b8af238bbf7b3534330df0405b8a170e48bb5c234d532ba via Power_Crunch_Research_Lab_Phase5D_WalkForward_Package.zip; corpus self-declares SCHEDULE SYNTHETIC / SCORES SIMULATED; authorised for MVP_CONTROL_CALIBRATION_ONLY by R-V3-MVP-CONTROL-CORPUS-01,2025-09-27,2026-08-22,3.0.0-internal-shadow-mvp,V3-INTERNAL-SHADOW-MVP-2026-08-22-R1-001,training
G25-0247,2025,5,Middle Tennessee,Old Dominion,HOME,-9.17181,0.027543,-5.699353,-19.0,L,GOVERNED_SYNTHETIC_CONTROL: 2025 Synthetic Season LOCKED v3.xlsx sha256=77bb6ecf48e805b62b8af238bbf7b3534330df0405b8a170e48bb5c234d532ba via Power_Crunch_Research_Lab_Phase5D_WalkForward_Package.zip; corpus self-declares SCHEDULE SYNTHETIC / SCORES SIMULATED; authorised for MVP_CONTROL_CALIBRATION_ONLY by R-V3-MVP-CONTROL-CORPUS-01,2025-09-27,2026-08-22,3.0.0-internal-shadow-mvp,V3-INTERNAL-SHADOW-MVP-2026-08-22-R1-001,training
G25-0247,2025,5,Old Dominion,Middle Tennessee,AWAY,0.027543,-9.17181,5.699353,19.0,W,GOVERNED_SYNTHETIC_CONTROL: 2025 Synthetic Season LOCKED v3.xlsx sha256=77bb6ecf48e805b62b8af238bbf7b3534330df0405b8a170e48bb5c234d532ba via Power_Crunch_Research_Lab_Phase5D_WalkForward_Package.zip; corpus self-declares SCHEDULE SYNTHETIC / SCORES SIMULATED; authorised for MVP_CONTROL_CALIBRATION_ONLY by R-V3-MVP-CONTROL-CORPUS-01,2025-09-27,2026-08-22,3.0.0-internal-shadow-mvp,V3-INTERNAL-SHADOW-MVP-2026-08-22-R1-001,training
G25-0248,2025,5,Minnesota,Penn State,HOME,-3.214715,6.840657,-6.555372,10.0,W,GOVERNED_SYNTHETIC_CONTROL: 2025 Synthetic Season LOCKED v3.xlsx sha256=77bb6ecf48e805b62b8af238bbf7b3534330df0405b8a170e48bb5c234d532ba via Power_Crunch_Research_Lab_Phase5D_WalkForward_Package.zip; corpus self-declares SCHEDULE SYNTHETIC / SCORES SIMULATED; authorised for MVP_CONTROL_CALIBRATION_ONLY by R-V3-MVP-CONTROL-CORPUS-01,2025-09-27,2026-08-22,3.0.0-internal-shadow-mvp,V3-INTERNAL-SHADOW-MVP-2026-08-22-R1-001,training
G25-0248,2025,5,Penn State,Minnesota,AWAY,6.840657,-3.214715,6.555372,-10.0,L,GOVERNED_SYNTHETIC_CONTROL: 2025 Synthetic Season LOCKED v3.xlsx sha256=77bb6ecf48e805b62b8af238bbf7b3534330df0405b8a170e48bb5c234d532ba via Power_Crunch_Research_Lab_Phase5D_WalkForward_Package.zip; corpus self-declares SCHEDULE SYNTHETIC / SCORES SIMULATED; authorised for MVP_CONTROL_CALIBRATION_ONLY by R-V3-MVP-CONTROL-CORPUS-01,2025-09-27,2026-08-22,3.0.0-internal-shadow-mvp,V3-INTERNAL-SHADOW-MVP-2026-08-22-R1-001,training
G25-0249,2025,5,NC State,Stanford,HOME,-6.719627,-6.700126,3.4805,6.0,W,GOVERNED_SYNTHETIC_CONTROL: 2025 Synthetic Season LOCKED v3.xlsx sha256=77bb6ecf48e805b62b8af238bbf7b3534330df0405b8a170e48bb5c234d532ba via Power_Crunch_Research_Lab_Phase5D_WalkForward_Package.zip; corpus self-declares SCHEDULE SYNTHETIC / SCORES SIMULATED; authorised for MVP_CONTROL_CALIBRATION_ONLY by R-V3-MVP-CONTROL-CORPUS-01,2025-09-27,2026-08-22,3.0.0-internal-shadow-mvp,V3-INTERNAL-SHADOW-MVP-2026-08-22-R1-001,training
G25-0249,2025,5,Stanford,NC State,AWAY,-6.700126,-6.719627,-3.4805,-6.0,L,GOVERNED_SYNTHETIC_CONTROL: 2025 Synthetic Season LOCKED v3.xlsx sha256=77bb6ecf48e805b62b8af238bbf7b3534330df0405b8a170e48bb5c234d532ba via Power_Crunch_Research_Lab_Phase5D_WalkForward_Package.zip; corpus self-declares SCHEDULE SYNTHETIC / SCORES SIMULATED; authorised for MVP_CONTROL_CALIBRATION_ONLY by R-V3-MVP-CONTROL-CORPUS-01,2025-09-27,2026-08-22,3.0.0-internal-shadow-mvp,V3-INTERNAL-SHADOW-MVP-2026-08-22-R1-001,training
G25-0250,2025,5,Navy,Alabama,HOME,2.747745,22.487596,-16.239851,-42.0,L,GOVERNED_SYNTHETIC_CONTROL: 2025 Synthetic Season LOCKED v3.xlsx sha256=77bb6ecf48e805b62b8af238bbf7b3534330df0405b8a170e48bb5c234d532ba via Power_Crunch_Research_Lab_Phase5D_WalkForward_Package.zip; corpus self-declares SCHEDULE SYNTHETIC / SCORES SIMULATED; authorised for MVP_CONTROL_CALIBRATION_ONLY by R-V3-MVP-CONTROL-CORPUS-01,2025-09-27,2026-08-22,3.0.0-internal-shadow-mvp,V3-INTERNAL-SHADOW-MVP-2026-08-22-R1-001,training
G25-0250,2025,5,Alabama,Navy,AWAY,22.487596,2.747745,16.239851,42.0,W,GOVERNED_SYNTHETIC_CONTROL: 2025 Synthetic Season LOCKED v3.xlsx sha256=77bb6ecf48e805b62b8af238bbf7b3534330df0405b8a170e48bb5c234d532ba via Power_Crunch_Research_Lab_Phase5D_WalkForward_Package.zip; corpus self-declares SCHEDULE SYNTHETIC / SCORES SIMULATED; authorised for MVP_CONTROL_CALIBRATION_ONLY by R-V3-MVP-CONTROL-CORPUS-01,2025-09-27,2026-08-22,3.0.0-internal-shadow-mvp,V3-INTERNAL-SHADOW-MVP-2026-08-22-R1-001,training
G25-0251,2025,5,Nebraska,Princeton,HOME,-4.217778,-11.274703,10.556925,2.0,W,GOVERNED_SYNTHETIC_CONTROL: 2025 Synthetic Season LOCKED v3.xlsx sha256=77bb6ecf48e805b62b8af238bbf7b3534330df0405b8a170e48bb5c234d532ba via Power_Crunch_Research_Lab_Phase5D_WalkForward_Package.zip; corpus self-declares SCHEDULE SYNTHETIC / SCORES SIMULATED; authorised for MVP_CONTROL_CALIBRATION_ONLY by R-V3-MVP-CONTROL-CORPUS-01,2025-09-27,2026-08-22,3.0.0-internal-shadow-mvp,V3-INTERNAL-SHADOW-MVP-2026-08-22-R1-001,training
G25-0251,2025,5,Princeton,Nebraska,AWAY,-11.274703,-4.217778,-10.556925,-2.0,L,GOVERNED_SYNTHETIC_CONTROL: 2025 Synthetic Season LOCKED v3.xlsx sha256=77bb6ecf48e805b62b8af238bbf7b3534330df0405b8a170e48bb5c234d532ba via Power_Crunch_Research_Lab_Phase5D_WalkForward_Package.zip; corpus self-declares SCHEDULE SYNTHETIC / SCORES SIMULATED; authorised for MVP_CONTROL_CALIBRATION_ONLY by R-V3-MVP-CONTROL-CORPUS-01,2025-09-27,2026-08-22,3.0.0-internal-shadow-mvp,V3-INTERNAL-SHADOW-MVP-2026-08-22-R1-001,training
G25-0252,2025,5,Nevada,Georgia Tech,HOME,-6.156106,8.615217,-11.271323,-26.0,L,GOVERNED_SYNTHETIC_CONTROL: 2025 Synthetic Season LOCKED v3.xlsx sha256=77bb6ecf48e805b62b8af238bbf7b3534330df0405b8a170e48bb5c234d532ba via Power_Crunch_Research_Lab_Phase5D_WalkForward_Package.zip; corpus self-declares SCHEDULE SYNTHETIC / SCORES SIMULATED; authorised for MVP_CONTROL_CALIBRATION_ONLY by R-V3-MVP-CONTROL-CORPUS-01,2025-09-27,2026-08-22,3.0.0-internal-shadow-mvp,V3-INTERNAL-SHADOW-MVP-2026-08-22-R1-001,training
G25-0252,2025,5,Georgia Tech,Nevada,AWAY,8.615217,-6.156106,11.271323,26.0,W,GOVERNED_SYNTHETIC_CONTROL: 2025 Synthetic Season LOCKED v3.xlsx sha256=77bb6ecf48e805b62b8af238bbf7b3534330df0405b8a170e48bb5c234d532ba via Power_Crunch_Research_Lab_Phase5D_WalkForward_Package.zip; corpus self-declares SCHEDULE SYNTHETIC / SCORES SIMULATED; authorised for MVP_CONTROL_CALIBRATION_ONLY by R-V3-MVP-CONTROL-CORPUS-01,2025-09-27,2026-08-22,3.0.0-internal-shadow-mvp,V3-INTERNAL-SHADOW-MVP-2026-08-22-R1-001,training
G25-0253,2025,5,North Carolina,Army,HOME,3.602701,4.592093,2.510607,-36.0,L,GOVERNED_SYNTHETIC_CONTROL: 2025 Synthetic Season LOCKED v3.xlsx sha256=77bb6ecf48e805b62b8af238bbf7b3534330df0405b8a170e48bb5c234d532ba via Power_Crunch_Research_Lab_Phase5D_WalkForward_Package.zip; corpus self-declares SCHEDULE SYNTHETIC / SCORES SIMULATED; authorised for MVP_CONTROL_CALIBRATION_ONLY by R-V3-MVP-CONTROL-CORPUS-01,2025-09-27,2026-08-22,3.0.0-internal-shadow-mvp,V3-INTERNAL-SHADOW-MVP-2026-08-22-R1-001,training
G25-0253,2025,5,Army,North Carolina,AWAY,4.592093,3.602701,-2.510607,36.0,W,GOVERNED_SYNTHETIC_CONTROL: 2025 Synthetic Season LOCKED v3.xlsx sha256=77bb6ecf48e805b62b8af238bbf7b3534330df0405b8a170e48bb5c234d532ba via Power_Crunch_Research_Lab_Phase5D_WalkForward_Package.zip; corpus self-declares SCHEDULE SYNTHETIC / SCORES SIMULATED; authorised for MVP_CONTROL_CALIBRATION_ONLY by R-V3-MVP-CONTROL-CORPUS-01,2025-09-27,2026-08-22,3.0.0-internal-shadow-mvp,V3-INTERNAL-SHADOW-MVP-2026-08-22-R1-001,training
G25-0254,2025,5,Notre Dame,Penn,HOME,29.840526,-13.166238,46.506763,52.0,W,GOVERNED_SYNTHETIC_CONTROL: 2025 Synthetic Season LOCKED v3.xlsx sha256=77bb6ecf48e805b62b8af238bbf7b3534330df0405b8a170e48bb5c234d532ba via Power_Crunch_Research_Lab_Phase5D_WalkForward_Package.zip; corpus self-declares SCHEDULE SYNTHETIC / SCORES SIMULATED; authorised for MVP_CONTROL_CALIBRATION_ONLY by R-V3-MVP-CONTROL-CORPUS-01,2025-09-27,2026-08-22,3.0.0-internal-shadow-mvp,V3-INTERNAL-SHADOW-MVP-2026-08-22-R1-001,training
G25-0254,2025,5,Penn,Notre Dame,AWAY,-13.166238,29.840526,-46.506763,-52.0,L,GOVERNED_SYNTHETIC_CONTROL: 2025 Synthetic Season LOCKED v3.xlsx sha256=77bb6ecf48e805b62b8af238bbf7b3534330df0405b8a170e48bb5c234d532ba via Power_Crunch_Research_Lab_Phase5D_WalkForward_Package.zip; corpus self-declares SCHEDULE SYNTHETIC / SCORES SIMULATED; authorised for MVP_CONTROL_CALIBRATION_ONLY by R-V3-MVP-CONTROL-CORPUS-01,2025-09-27,2026-08-22,3.0.0-internal-shadow-mvp,V3-INTERNAL-SHADOW-MVP-2026-08-22-R1-001,training
G25-0255,2025,5,Ole Miss,South Florida,HOME,20.1918,-5.266432,28.958232,61.0,W,GOVERNED_SYNTHETIC_CONTROL: 2025 Synthetic Season LOCKED v3.xlsx sha256=77bb6ecf48e805b62b8af238bbf7b3534330df0405b8a170e48bb5c234d532ba via Power_Crunch_Research_Lab_Phase5D_WalkForward_Package.zip; corpus self-declares SCHEDULE SYNTHETIC / SCORES SIMULATED; authorised for MVP_CONTROL_CALIBRATION_ONLY by R-V3-MVP-CONTROL-CORPUS-01,2025-09-27,2026-08-22,3.0.0-internal-shadow-mvp,V3-INTERNAL-SHADOW-MVP-2026-08-22-R1-001,training
G25-0255,2025,5,South Florida,Ole Miss,AWAY,-5.266432,20.1918,-28.958232,-61.0,L,GOVERNED_SYNTHETIC_CONTROL: 2025 Synthetic Season LOCKED v3.xlsx sha256=77bb6ecf48e805b62b8af238bbf7b3534330df0405b8a170e48bb5c234d532ba via Power_Crunch_Research_Lab_Phase5D_WalkForward_Package.zip; corpus self-declares SCHEDULE SYNTHETIC / SCORES SIMULATED; authorised for MVP_CONTROL_CALIBRATION_ONLY by R-V3-MVP-CONTROL-CORPUS-01,2025-09-27,2026-08-22,3.0.0-internal-shadow-mvp,V3-INTERNAL-SHADOW-MVP-2026-08-22-R1-001,training
G25-0256,2025,5,Rice,UTEP,HOME,-3.275113,-15.613053,15.83794,17.0,W,GOVERNED_SYNTHETIC_CONTROL: 2025 Synthetic Season LOCKED v3.xlsx sha256=77bb6ecf48e805b62b8af238bbf7b3534330df0405b8a170e48bb5c234d532ba via Power_Crunch_Research_Lab_Phase5D_WalkForward_Package.zip; corpus self-declares SCHEDULE SYNTHETIC / SCORES SIMULATED; authorised for MVP_CONTROL_CALIBRATION_ONLY by R-V3-MVP-CONTROL-CORPUS-01,2025-09-27,2026-08-22,3.0.0-internal-shadow-mvp,V3-INTERNAL-SHADOW-MVP-2026-08-22-R1-001,training
G25-0256,2025,5,UTEP,Rice,AWAY,-15.613053,-3.275113,-15.83794,-17.0,L,GOVERNED_SYNTHETIC_CONTROL: 2025 Synthetic Season LOCKED v3.xlsx sha256=77bb6ecf48e805b62b8af238bbf7b3534330df0405b8a170e48bb5c234d532ba via Power_Crunch_Research_Lab_Phase5D_WalkForward_Package.zip; corpus self-declares SCHEDULE SYNTHETIC / SCORES SIMULATED; authorised for MVP_CONTROL_CALIBRATION_ONLY by R-V3-MVP-CONTROL-CORPUS-01,2025-09-27,2026-08-22,3.0.0-internal-shadow-mvp,V3-INTERNAL-SHADOW-MVP-2026-08-22-R1-001,training
G25-0257,2025,5,Rutgers,Mississippi State,HOME,-5.031632,-9.526093,7.994461,-3.0,L,GOVERNED_SYNTHETIC_CONTROL: 2025 Synthetic Season LOCKED v3.xlsx sha256=77bb6ecf48e805b62b8af238bbf7b3534330df0405b8a170e48bb5c234d532ba via Power_Crunch_Research_Lab_Phase5D_WalkForward_Package.zip; corpus self-declares SCHEDULE SYNTHETIC / SCORES SIMULATED; authorised for MVP_CONTROL_CALIBRATION_ONLY by R-V3-MVP-CONTROL-CORPUS-01,2025-09-27,2026-08-22,3.0.0-internal-shadow-mvp,V3-INTERNAL-SHADOW-MVP-2026-08-22-R1-001,training
G25-0257,2025,5,Mississippi State,Rutgers,AWAY,-9.526093,-5.031632,-7.994461,3.0,W,GOVERNED_SYNTHETIC_CONTROL: 2025 Synthetic Season LOCKED v3.xlsx sha256=77bb6ecf48e805b62b8af238bbf7b3534330df0405b8a170e48bb5c234d532ba via Power_Crunch_Research_Lab_Phase5D_WalkForward_Package.zip; corpus self-declares SCHEDULE SYNTHETIC / SCORES SIMULATED; authorised for MVP_CONTROL_CALIBRATION_ONLY by R-V3-MVP-CONTROL-CORPUS-01,2025-09-27,2026-08-22,3.0.0-internal-shadow-mvp,V3-INTERNAL-SHADOW-MVP-2026-08-22-R1-001,training
G25-0258,2025,5,San Diego State,UNLV,HOME,-12.951352,4.625167,-14.076519,13.0,W,GOVERNED_SYNTHETIC_CONTROL: 2025 Synthetic Season LOCKED v3.xlsx sha256=77bb6ecf48e805b62b8af238bbf7b3534330df0405b8a170e48bb5c234d532ba via Power_Crunch_Research_Lab_Phase5D_WalkForward_Package.zip; corpus self-declares SCHEDULE SYNTHETIC / SCORES SIMULATED; authorised for MVP_CONTROL_CALIBRATION_ONLY by R-V3-MVP-CONTROL-CORPUS-01,2025-09-27,2026-08-22,3.0.0-internal-shadow-mvp,V3-INTERNAL-SHADOW-MVP-2026-08-22-R1-001,training
G25-0258,2025,5,UNLV,San Diego State,AWAY,4.625167,-12.951352,14.076519,-13.0,L,GOVERNED_SYNTHETIC_CONTROL: 2025 Synthetic Season LOCKED v3.xlsx sha256=77bb6ecf48e805b62b8af238bbf7b3534330df0405b8a170e48bb5c234d532ba via Power_Crunch_Research_Lab_Phase5D_WalkForward_Package.zip; corpus self-declares SCHEDULE SYNTHETIC / SCORES SIMULATED; authorised for MVP_CONTROL_CALIBRATION_ONLY by R-V3-MVP-CONTROL-CORPUS-01,2025-09-27,2026-08-22,3.0.0-internal-shadow-mvp,V3-INTERNAL-SHADOW-MVP-2026-08-22-R1-001,training
G25-0259,2025,5,South Carolina,Texas A&M,HOME,-1.363695,21.65403,-19.517725,-41.0,L,GOVERNED_SYNTHETIC_CONTROL: 2025 Synthetic Season LOCKED v3.xlsx sha256=77bb6ecf48e805b62b8af238bbf7b3534330df0405b8a170e48bb5c234d532ba via Power_Crunch_Research_Lab_Phase5D_WalkForward_Package.zip; corpus self-declares SCHEDULE SYNTHETIC / SCORES SIMULATED; authorised for MVP_CONTROL_CALIBRATION_ONLY by R-V3-MVP-CONTROL-CORPUS-01,2025-09-27,2026-08-22,3.0.0-internal-shadow-mvp,V3-INTERNAL-SHADOW-MVP-2026-08-22-R1-001,training
G25-0259,2025,5,Texas A&M,South Carolina,AWAY,21.65403,-1.363695,19.517725,41.0,W,GOVERNED_SYNTHETIC_CONTROL: 2025 Synthetic Season LOCKED v3.xlsx sha256=77bb6ecf48e805b62b8af238bbf7b3534330df0405b8a170e48bb5c234d532ba via Power_Crunch_Research_Lab_Phase5D_WalkForward_Package.zip; corpus self-declares SCHEDULE SYNTHETIC / SCORES SIMULATED; authorised for MVP_CONTROL_CALIBRATION_ONLY by R-V3-MVP-CONTROL-CORPUS-01,2025-09-27,2026-08-22,3.0.0-internal-shadow-mvp,V3-INTERNAL-SHADOW-MVP-2026-08-22-R1-001,training
G25-0260,2025,5,Syracuse,Virginia,HOME,-4.018763,0.716204,-1.234968,-61.0,L,GOVERNED_SYNTHETIC_CONTROL: 2025 Synthetic Season LOCKED v3.xlsx sha256=77bb6ecf48e805b62b8af238bbf7b3534330df0405b8a170e48bb5c234d532ba via Power_Crunch_Research_Lab_Phase5D_WalkForward_Package.zip; corpus self-declares SCHEDULE SYNTHETIC / SCORES SIMULATED; authorised for MVP_CONTROL_CALIBRATION_ONLY by R-V3-MVP-CONTROL-CORPUS-01,2025-09-27,2026-08-22,3.0.0-internal-shadow-mvp,V3-INTERNAL-SHADOW-MVP-2026-08-22-R1-001,training
G25-0260,2025,5,Virginia,Syracuse,AWAY,0.716204,-4.018763,1.234968,61.0,W,GOVERNED_SYNTHETIC_CONTROL: 2025 Synthetic Season LOCKED v3.xlsx sha256=77bb6ecf48e805b62b8af238bbf7b3534330df0405b8a170e48bb5c234d532ba via Power_Crunch_Research_Lab_Phase5D_WalkForward_Package.zip; corpus self-declares SCHEDULE SYNTHETIC / SCORES SIMULATED; authorised for MVP_CONTROL_CALIBRATION_ONLY by R-V3-MVP-CONTROL-CORPUS-01,2025-09-27,2026-08-22,3.0.0-internal-shadow-mvp,V3-INTERNAL-SHADOW-MVP-2026-08-22-R1-001,training
G25-0261,2025,5,Temple,Maryland,HOME,-16.626365,-5.144218,-7.982147,-16.0,L,GOVERNED_SYNTHETIC_CONTROL: 2025 Synthetic Season LOCKED v3.xlsx sha256=77bb6ecf48e805b62b8af238bbf7b3534330df0405b8a170e48bb5c234d532ba via Power_Crunch_Research_Lab_Phase5D_WalkForward_Package.zip; corpus self-declares SCHEDULE SYNTHETIC / SCORES SIMULATED; authorised for MVP_CONTROL_CALIBRATION_ONLY by R-V3-MVP-CONTROL-CORPUS-01,2025-09-27,2026-08-22,3.0.0-internal-shadow-mvp,V3-INTERNAL-SHADOW-MVP-2026-08-22-R1-001,training
G25-0261,2025,5,Maryland,Temple,AWAY,-5.144218,-16.626365,7.982147,16.0,W,GOVERNED_SYNTHETIC_CONTROL: 2025 Synthetic Season LOCKED v3.xlsx sha256=77bb6ecf48e805b62b8af238bbf7b3534330df0405b8a170e48bb5c234d532ba via Power_Crunch_Research_Lab_Phase5D_WalkForward_Package.zip; corpus self-declares SCHEDULE SYNTHETIC / SCORES SIMULATED; authorised for MVP_CONTROL_CALIBRATION_ONLY by R-V3-MVP-CONTROL-CORPUS-01,2025-09-27,2026-08-22,3.0.0-internal-shadow-mvp,V3-INTERNAL-SHADOW-MVP-2026-08-22-R1-001,training
G25-0262,2025,5,Texas,Kentucky,HOME,24.069968,-5.291445,32.861413,40.0,W,GOVERNED_SYNTHETIC_CONTROL: 2025 Synthetic Season LOCKED v3.xlsx sha256=77bb6ecf48e805b62b8af238bbf7b3534330df0405b8a170e48bb5c234d532ba via Power_Crunch_Research_Lab_Phase5D_WalkForward_Package.zip; corpus self-declares SCHEDULE SYNTHETIC / SCORES SIMULATED; authorised for MVP_CONTROL_CALIBRATION_ONLY by R-V3-MVP-CONTROL-CORPUS-01,2025-09-27,2026-08-22,3.0.0-internal-shadow-mvp,V3-INTERNAL-SHADOW-MVP-2026-08-22-R1-001,training
G25-0262,2025,5,Kentucky,Texas,AWAY,-5.291445,24.069968,-32.861413,-40.0,L,GOVERNED_SYNTHETIC_CONTROL: 2025 Synthetic Season LOCKED v3.xlsx sha256=77bb6ecf48e805b62b8af238bbf7b3534330df0405b8a170e48bb5c234d532ba via Power_Crunch_Research_Lab_Phase5D_WalkForward_Package.zip; corpus self-declares SCHEDULE SYNTHETIC / SCORES SIMULATED; authorised for MVP_CONTROL_CALIBRATION_ONLY by R-V3-MVP-CONTROL-CORPUS-01,2025-09-27,2026-08-22,3.0.0-internal-shadow-mvp,V3-INTERNAL-SHADOW-MVP-2026-08-22-R1-001,training
G25-0263,2025,5,USC,Utah State,HOME,7.70405,-12.301565,23.505615,47.0,W,GOVERNED_SYNTHETIC_CONTROL: 2025 Synthetic Season LOCKED v3.xlsx sha256=77bb6ecf48e805b62b8af238bbf7b3534330df0405b8a170e48bb5c234d532ba via Power_Crunch_Research_Lab_Phase5D_WalkForward_Package.zip; corpus self-declares SCHEDULE SYNTHETIC / SCORES SIMULATED; authorised for MVP_CONTROL_CALIBRATION_ONLY by R-V3-MVP-CONTROL-CORPUS-01,2025-09-27,2026-08-22,3.0.0-internal-shadow-mvp,V3-INTERNAL-SHADOW-MVP-2026-08-22-R1-001,training
G25-0263,2025,5,Utah State,USC,AWAY,-12.301565,7.70405,-23.505615,-47.0,L,GOVERNED_SYNTHETIC_CONTROL: 2025 Synthetic Season LOCKED v3.xlsx sha256=77bb6ecf48e805b62b8af238bbf7b3534330df0405b8a170e48bb5c234d532ba via Power_Crunch_Research_Lab_Phase5D_WalkForward_Package.zip; corpus self-declares SCHEDULE SYNTHETIC / SCORES SIMULATED; authorised for MVP_CONTROL_CALIBRATION_ONLY by R-V3-MVP-CONTROL-CORPUS-01,2025-09-27,2026-08-22,3.0.0-internal-shadow-mvp,V3-INTERNAL-SHADOW-MVP-2026-08-22-R1-001,training
G25-0264,2025,5,UTSA,UAB,HOME,-14.376526,-13.845654,2.969128,-17.0,L,GOVERNED_SYNTHETIC_CONTROL: 2025 Synthetic Season LOCKED v3.xlsx sha256=77bb6ecf48e805b62b8af238bbf7b3534330df0405b8a170e48bb5c234d532ba via Power_Crunch_Research_Lab_Phase5D_WalkForward_Package.zip; corpus self-declares SCHEDULE SYNTHETIC / SCORES SIMULATED; authorised for MVP_CONTROL_CALIBRATION_ONLY by R-V3-MVP-CONTROL-CORPUS-01,2025-09-27,2026-08-22,3.0.0-internal-shadow-mvp,V3-INTERNAL-SHADOW-MVP-2026-08-22-R1-001,training
G25-0264,2025,5,UAB,UTSA,AWAY,-13.845654,-14.376526,-2.969128,17.0,W,GOVERNED_SYNTHETIC_CONTROL: 2025 Synthetic Season LOCKED v3.xlsx sha256=77bb6ecf48e805b62b8af238bbf7b3534330df0405b8a170e48bb5c234d532ba via Power_Crunch_Research_Lab_Phase5D_WalkForward_Package.zip; corpus self-declares SCHEDULE SYNTHETIC / SCORES SIMULATED; authorised for MVP_CONTROL_CALIBRATION_ONLY by R-V3-MVP-CONTROL-CORPUS-01,2025-09-27,2026-08-22,3.0.0-internal-shadow-mvp,V3-INTERNAL-SHADOW-MVP-2026-08-22-R1-001,training
G25-0265,2025,5,Utah,UCF,HOME,10.086859,0.25092,13.33594,42.0,W,GOVERNED_SYNTHETIC_CONTROL: 2025 Synthetic Season LOCKED v3.xlsx sha256=77bb6ecf48e805b62b8af238bbf7b3534330df0405b8a170e48bb5c234d532ba via Power_Crunch_Research_Lab_Phase5D_WalkForward_Package.zip; corpus self-declares SCHEDULE SYNTHETIC / SCORES SIMULATED; authorised for MVP_CONTROL_CALIBRATION_ONLY by R-V3-MVP-CONTROL-CORPUS-01,2025-09-27,2026-08-22,3.0.0-internal-shadow-mvp,V3-INTERNAL-SHADOW-MVP-2026-08-22-R1-001,training
G25-0265,2025,5,UCF,Utah,AWAY,0.25092,10.086859,-13.33594,-42.0,L,GOVERNED_SYNTHETIC_CONTROL: 2025 Synthetic Season LOCKED v3.xlsx sha256=77bb6ecf48e805b62b8af238bbf7b3534330df0405b8a170e48bb5c234d532ba via Power_Crunch_Research_Lab_Phase5D_WalkForward_Package.zip; corpus self-declares SCHEDULE SYNTHETIC / SCORES SIMULATED; authorised for MVP_CONTROL_CALIBRATION_ONLY by R-V3-MVP-CONTROL-CORPUS-01,2025-09-27,2026-08-22,3.0.0-internal-shadow-mvp,V3-INTERNAL-SHADOW-MVP-2026-08-22-R1-001,training
G25-0266,2025,5,Vanderbilt,Illinois,HOME,10.947646,16.217952,-1.770306,14.0,W,GOVERNED_SYNTHETIC_CONTROL: 2025 Synthetic Season LOCKED v3.xlsx sha256=77bb6ecf48e805b62b8af238bbf7b3534330df0405b8a170e48bb5c234d532ba via Power_Crunch_Research_Lab_Phase5D_WalkForward_Package.zip; corpus self-declares SCHEDULE SYNTHETIC / SCORES SIMULATED; authorised for MVP_CONTROL_CALIBRATION_ONLY by R-V3-MVP-CONTROL-CORPUS-01,2025-09-27,2026-08-22,3.0.0-internal-shadow-mvp,V3-INTERNAL-SHADOW-MVP-2026-08-22-R1-001,training
G25-0266,2025,5,Illinois,Vanderbilt,AWAY,16.217952,10.947646,1.770306,-14.0,L,GOVERNED_SYNTHETIC_CONTROL: 2025 Synthetic Season LOCKED v3.xlsx sha256=77bb6ecf48e805b62b8af238bbf7b3534330df0405b8a170e48bb5c234d532ba via Power_Crunch_Research_Lab_Phase5D_WalkForward_Package.zip; corpus self-declares SCHEDULE SYNTHETIC / SCORES SIMULATED; authorised for MVP_CONTROL_CALIBRATION_ONLY by R-V3-MVP-CONTROL-CORPUS-01,2025-09-27,2026-08-22,3.0.0-internal-shadow-mvp,V3-INTERNAL-SHADOW-MVP-2026-08-22-R1-001,training
G25-0267,2025,5,Wake Forest,Louisville,HOME,0.154383,7.333936,-3.679553,22.0,W,GOVERNED_SYNTHETIC_CONTROL: 2025 Synthetic Season LOCKED v3.xlsx sha256=77bb6ecf48e805b62b8af238bbf7b3534330df0405b8a170e48bb5c234d532ba via Power_Crunch_Research_Lab_Phase5D_WalkForward_Package.zip; corpus self-declares SCHEDULE SYNTHETIC / SCORES SIMULATED; authorised for MVP_CONTROL_CALIBRATION_ONLY by R-V3-MVP-CONTROL-CORPUS-01,2025-09-27,2026-08-22,3.0.0-internal-shadow-mvp,V3-INTERNAL-SHADOW-MVP-2026-08-22-R1-001,training
G25-0267,2025,5,Louisville,Wake Forest,AWAY,7.333936,0.154383,3.679553,-22.0,L,GOVERNED_SYNTHETIC_CONTROL: 2025 Synthetic Season LOCKED v3.xlsx sha256=77bb6ecf48e805b62b8af238bbf7b3534330df0405b8a170e48bb5c234d532ba via Power_Crunch_Research_Lab_Phase5D_WalkForward_Package.zip; corpus self-declares SCHEDULE SYNTHETIC / SCORES SIMULATED; authorised for MVP_CONTROL_CALIBRATION_ONLY by R-V3-MVP-CONTROL-CORPUS-01,2025-09-27,2026-08-22,3.0.0-internal-shadow-mvp,V3-INTERNAL-SHADOW-MVP-2026-08-22-R1-001,training
G25-0268,2025,5,Washington,Indiana,HOME,7.875524,23.304458,-11.928934,-9.0,L,GOVERNED_SYNTHETIC_CONTROL: 2025 Synthetic Season LOCKED v3.xlsx sha256=77bb6ecf48e805b62b8af238bbf7b3534330df0405b8a170e48bb5c234d532ba via Power_Crunch_Research_Lab_Phase5D_WalkForward_Package.zip; corpus self-declares SCHEDULE SYNTHETIC / SCORES SIMULATED; authorised for MVP_CONTROL_CALIBRATION_ONLY by R-V3-MVP-CONTROL-CORPUS-01,2025-09-27,2026-08-22,3.0.0-internal-shadow-mvp,V3-INTERNAL-SHADOW-MVP-2026-08-22-R1-001,training
G25-0268,2025,5,Indiana,Washington,AWAY,23.304458,7.875524,11.928934,9.0,W,GOVERNED_SYNTHETIC_CONTROL: 2025 Synthetic Season LOCKED v3.xlsx sha256=77bb6ecf48e805b62b8af238bbf7b3534330df0405b8a170e48bb5c234d532ba via Power_Crunch_Research_Lab_Phase5D_WalkForward_Package.zip; corpus self-declares SCHEDULE SYNTHETIC / SCORES SIMULATED; authorised for MVP_CONTROL_CALIBRATION_ONLY by R-V3-MVP-CONTROL-CORPUS-01,2025-09-27,2026-08-22,3.0.0-internal-shadow-mvp,V3-INTERNAL-SHADOW-MVP-2026-08-22-R1-001,training
G25-0269,2025,5,Washington State,SMU,HOME,1.85682,16.932963,-11.576142,-18.0,L,GOVERNED_SYNTHETIC_CONTROL: 2025 Synthetic Season LOCKED v3.xlsx sha256=77bb6ecf48e805b62b8af238bbf7b3534330df0405b8a170e48bb5c234d532ba via Power_Crunch_Research_Lab_Phase5D_WalkForward_Package.zip; corpus self-declares SCHEDULE SYNTHETIC / SCORES SIMULATED; authorised for MVP_CONTROL_CALIBRATION_ONLY by R-V3-MVP-CONTROL-CORPUS-01,2025-09-27,2026-08-22,3.0.0-internal-shadow-mvp,V3-INTERNAL-SHADOW-MVP-2026-08-22-R1-001,training
G25-0269,2025,5,SMU,Washington State,AWAY,16.932963,1.85682,11.576142,18.0,W,GOVERNED_SYNTHETIC_CONTROL: 2025 Synthetic Season LOCKED v3.xlsx sha256=77bb6ecf48e805b62b8af238bbf7b3534330df0405b8a170e48bb5c234d532ba via Power_Crunch_Research_Lab_Phase5D_WalkForward_Package.zip; corpus self-declares SCHEDULE SYNTHETIC / SCORES SIMULATED; authorised for MVP_CONTROL_CALIBRATION_ONLY by R-V3-MVP-CONTROL-CORPUS-01,2025-09-27,2026-08-22,3.0.0-internal-shadow-mvp,V3-INTERNAL-SHADOW-MVP-2026-08-22-R1-001,training
G25-0270,2025,5,Wisconsin,Arkansas,HOME,1.529485,-9.85073,14.880215,-3.0,L,GOVERNED_SYNTHETIC_CONTROL: 2025 Synthetic Season LOCKED v3.xlsx sha256=77bb6ecf48e805b62b8af238bbf7b3534330df0405b8a170e48bb5c234d532ba via Power_Crunch_Research_Lab_Phase5D_WalkForward_Package.zip; corpus self-declares SCHEDULE SYNTHETIC / SCORES SIMULATED; authorised for MVP_CONTROL_CALIBRATION_ONLY by R-V3-MVP-CONTROL-CORPUS-01,2025-09-27,2026-08-22,3.0.0-internal-shadow-mvp,V3-INTERNAL-SHADOW-MVP-2026-08-22-R1-001,training
G25-0270,2025,5,Arkansas,Wisconsin,AWAY,-9.85073,1.529485,-14.880215,3.0,W,GOVERNED_SYNTHETIC_CONTROL: 2025 Synthetic Season LOCKED v3.xlsx sha256=77bb6ecf48e805b62b8af238bbf7b3534330df0405b8a170e48bb5c234d532ba via Power_Crunch_Research_Lab_Phase5D_WalkForward_Package.zip; corpus self-declares SCHEDULE SYNTHETIC / SCORES SIMULATED; authorised for MVP_CONTROL_CALIBRATION_ONLY by R-V3-MVP-CONTROL-CORPUS-01,2025-09-27,2026-08-22,3.0.0-internal-shadow-mvp,V3-INTERNAL-SHADOW-MVP-2026-08-22-R1-001,training
G25-0271,2025,5,Wyoming,Boston College,HOME,-8.9706,-2.614337,-2.856263,-23.0,L,GOVERNED_SYNTHETIC_CONTROL: 2025 Synthetic Season LOCKED v3.xlsx sha256=77bb6ecf48e805b62b8af238bbf7b3534330df0405b8a170e48bb5c234d532ba via Power_Crunch_Research_Lab_Phase5D_WalkForward_Package.zip; corpus self-declares SCHEDULE SYNTHETIC / SCORES SIMULATED; authorised for MVP_CONTROL_CALIBRATION_ONLY by R-V3-MVP-CONTROL-CORPUS-01,2025-09-27,2026-08-22,3.0.0-internal-shadow-mvp,V3-INTERNAL-SHADOW-MVP-2026-08-22-R1-001,training
G25-0271,2025,5,Boston College,Wyoming,AWAY,-2.614337,-8.9706,2.856263,23.0,W,GOVERNED_SYNTHETIC_CONTROL: 2025 Synthetic Season LOCKED v3.xlsx sha256=77bb6ecf48e805b62b8af238bbf7b3534330df0405b8a170e48bb5c234d532ba via Power_Crunch_Research_Lab_Phase5D_WalkForward_Package.zip; corpus self-declares SCHEDULE SYNTHETIC / SCORES SIMULATED; authorised for MVP_CONTROL_CALIBRATION_ONLY by R-V3-MVP-CONTROL-CORPUS-01,2025-09-27,2026-08-22,3.0.0-internal-shadow-mvp,V3-INTERNAL-SHADOW-MVP-2026-08-22-R1-001,training
G25-0272,2025,5,Yale,Colgate,HOME,-19.392007,-17.318386,1.426379,7.0,W,GOVERNED_SYNTHETIC_CONTROL: 2025 Synthetic Season LOCKED v3.xlsx sha256=77bb6ecf48e805b62b8af238bbf7b3534330df0405b8a170e48bb5c234d532ba via Power_Crunch_Research_Lab_Phase5D_WalkForward_Package.zip; corpus self-declares SCHEDULE SYNTHETIC / SCORES SIMULATED; authorised for MVP_CONTROL_CALIBRATION_ONLY by R-V3-MVP-CONTROL-CORPUS-01,2025-09-27,2026-08-22,3.0.0-internal-shadow-mvp,V3-INTERNAL-SHADOW-MVP-2026-08-22-R1-001,training
G25-0272,2025,5,Colgate,Yale,AWAY,-17.318386,-19.392007,-1.426379,-7.0,L,GOVERNED_SYNTHETIC_CONTROL: 2025 Synthetic Season LOCKED v3.xlsx sha256=77bb6ecf48e805b62b8af238bbf7b3534330df0405b8a170e48bb5c234d532ba via Power_Crunch_Research_Lab_Phase5D_WalkForward_Package.zip; corpus self-declares SCHEDULE SYNTHETIC / SCORES SIMULATED; authorised for MVP_CONTROL_CALIBRATION_ONLY by R-V3-MVP-CONTROL-CORPUS-01,2025-09-27,2026-08-22,3.0.0-internal-shadow-mvp,V3-INTERNAL-SHADOW-MVP-2026-08-22-R1-001,training
G25-0273,2025,6,Air Force,San Jose State,HOME,-6.179053,-7.103496,4.424443,-6.0,L,GOVERNED_SYNTHETIC_CONTROL: 2025 Synthetic Season LOCKED v3.xlsx sha256=77bb6ecf48e805b62b8af238bbf7b3534330df0405b8a170e48bb5c234d532ba via Power_Crunch_Research_Lab_Phase5D_WalkForward_Package.zip; corpus self-declares SCHEDULE SYNTHETIC / SCORES SIMULATED; authorised for MVP_CONTROL_CALIBRATION_ONLY by R-V3-MVP-CONTROL-CORPUS-01,2025-10-04,2026-08-22,3.0.0-internal-shadow-mvp,V3-INTERNAL-SHADOW-MVP-2026-08-22-R1-001,training
G25-0273,2025,6,San Jose State,Air Force,AWAY,-7.103496,-6.179053,-4.424443,6.0,W,GOVERNED_SYNTHETIC_CONTROL: 2025 Synthetic Season LOCKED v3.xlsx sha256=77bb6ecf48e805b62b8af238bbf7b3534330df0405b8a170e48bb5c234d532ba via Power_Crunch_Research_Lab_Phase5D_WalkForward_Package.zip; corpus self-declares SCHEDULE SYNTHETIC / SCORES SIMULATED; authorised for MVP_CONTROL_CALIBRATION_ONLY by R-V3-MVP-CONTROL-CORPUS-01,2025-10-04,2026-08-22,3.0.0-internal-shadow-mvp,V3-INTERNAL-SHADOW-MVP-2026-08-22-R1-001,training
G25-0274,2025,6,Arizona,Colorado,HOME,6.237213,11.39275,-1.655538,21.0,W,GOVERNED_SYNTHETIC_CONTROL: 2025 Synthetic Season LOCKED v3.xlsx sha256=77bb6ecf48e805b62b8af238bbf7b3534330df0405b8a170e48bb5c234d532ba via Power_Crunch_Research_Lab_Phase5D_WalkForward_Package.zip; corpus self-declares SCHEDULE SYNTHETIC / SCORES SIMULATED; authorised for MVP_CONTROL_CALIBRATION_ONLY by R-V3-MVP-CONTROL-CORPUS-01,2025-10-04,2026-08-22,3.0.0-internal-shadow-mvp,V3-INTERNAL-SHADOW-MVP-2026-08-22-R1-001,training
G25-0274,2025,6,Colorado,Arizona,AWAY,11.39275,6.237213,1.655538,-21.0,L,GOVERNED_SYNTHETIC_CONTROL: 2025 Synthetic Season LOCKED v3.xlsx sha256=77bb6ecf48e805b62b8af238bbf7b3534330df0405b8a170e48bb5c234d532ba via Power_Crunch_Research_Lab_Phase5D_WalkForward_Package.zip; corpus self-declares SCHEDULE SYNTHETIC / SCORES SIMULATED; authorised for MVP_CONTROL_CALIBRATION_ONLY by R-V3-MVP-CONTROL-CORPUS-01,2025-10-04,2026-08-22,3.0.0-internal-shadow-mvp,V3-INTERNAL-SHADOW-MVP-2026-08-22-R1-001,training
G25-0275,2025,6,Arizona State,UCF,HOME,-5.307863,-4.20512,2.397257,9.0,W,GOVERNED_SYNTHETIC_CONTROL: 2025 Synthetic Season LOCKED v3.xlsx sha256=77bb6ecf48e805b62b8af238bbf7b3534330df0405b8a170e48bb5c234d532ba via Power_Crunch_Research_Lab_Phase5D_WalkForward_Package.zip; corpus self-declares SCHEDULE SYNTHETIC / SCORES SIMULATED; authorised for MVP_CONTROL_CALIBRATION_ONLY by R-V3-MVP-CONTROL-CORPUS-01,2025-10-04,2026-08-22,3.0.0-internal-shadow-mvp,V3-INTERNAL-SHADOW-MVP-2026-08-22-R1-001,training
G25-0275,2025,6,UCF,Arizona State,AWAY,-4.20512,-5.307863,-2.397257,-9.0,L,GOVERNED_SYNTHETIC_CONTROL: 2025 Synthetic Season LOCKED v3.xlsx sha256=77bb6ecf48e805b62b8af238bbf7b3534330df0405b8a170e48bb5c234d532ba via Power_Crunch_Research_Lab_Phase5D_WalkForward_Package.zip; corpus self-declares SCHEDULE SYNTHETIC / SCORES SIMULATED; authorised for MVP_CONTROL_CALIBRATION_ONLY by R-V3-MVP-CONTROL-CORPUS-01,2025-10-04,2026-08-22,3.0.0-internal-shadow-mvp,V3-INTERNAL-SHADOW-MVP-2026-08-22-R1-001,training
G25-0276,2025,6,Arkansas,LSU,HOME,-12.800416,-4.485706,-4.814711,3.0,W,GOVERNED_SYNTHETIC_CONTROL: 2025 Synthetic Season LOCKED v3.xlsx sha256=77bb6ecf48e805b62b8af238bbf7b3534330df0405b8a170e48bb5c234d532ba via Power_Crunch_Research_Lab_Phase5D_WalkForward_Package.zip; corpus self-declares SCHEDULE SYNTHETIC / SCORES SIMULATED; authorised for MVP_CONTROL_CALIBRATION_ONLY by R-V3-MVP-CONTROL-CORPUS-01,2025-10-04,2026-08-22,3.0.0-internal-shadow-mvp,V3-INTERNAL-SHADOW-MVP-2026-08-22-R1-001,training
G25-0276,2025,6,LSU,Arkansas,AWAY,-4.485706,-12.800416,4.814711,-3.0,L,GOVERNED_SYNTHETIC_CONTROL: 2025 Synthetic Season LOCKED v3.xlsx sha256=77bb6ecf48e805b62b8af238bbf7b3534330df0405b8a170e48bb5c234d532ba via Power_Crunch_Research_Lab_Phase5D_WalkForward_Package.zip; corpus self-declares SCHEDULE SYNTHETIC / SCORES SIMULATED; authorised for MVP_CONTROL_CALIBRATION_ONLY by R-V3-MVP-CONTROL-CORPUS-01,2025-10-04,2026-08-22,3.0.0-internal-shadow-mvp,V3-INTERNAL-SHADOW-MVP-2026-08-22-R1-001,training
G25-0277,2025,6,Coastal Carolina,Old Dominion,HOME,-10.942528,1.728252,-9.17078,-13.0,L,GOVERNED_SYNTHETIC_CONTROL: 2025 Synthetic Season LOCKED v3.xlsx sha256=77bb6ecf48e805b62b8af238bbf7b3534330df0405b8a170e48bb5c234d532ba via Power_Crunch_Research_Lab_Phase5D_WalkForward_Package.zip; corpus self-declares SCHEDULE SYNTHETIC / SCORES SIMULATED; authorised for MVP_CONTROL_CALIBRATION_ONLY by R-V3-MVP-CONTROL-CORPUS-01,2025-10-04,2026-08-22,3.0.0-internal-shadow-mvp,V3-INTERNAL-SHADOW-MVP-2026-08-22-R1-001,training
G25-0277,2025,6,Old Dominion,Coastal Carolina,AWAY,1.728252,-10.942528,9.17078,13.0,W,GOVERNED_SYNTHETIC_CONTROL: 2025 Synthetic Season LOCKED v3.xlsx sha256=77bb6ecf48e805b62b8af238bbf7b3534330df0405b8a170e48bb5c234d532ba via Power_Crunch_Research_Lab_Phase5D_WalkForward_Package.zip; corpus self-declares SCHEDULE SYNTHETIC / SCORES SIMULATED; authorised for MVP_CONTROL_CALIBRATION_ONLY by R-V3-MVP-CONTROL-CORPUS-01,2025-10-04,2026-08-22,3.0.0-internal-shadow-mvp,V3-INTERNAL-SHADOW-MVP-2026-08-22-R1-001,training
G25-0278,2025,6,Colorado State,Mississippi State,HOME,-10.583997,-11.062119,3.978121,4.0,W,GOVERNED_SYNTHETIC_CONTROL: 2025 Synthetic Season LOCKED v3.xlsx sha256=77bb6ecf48e805b62b8af238bbf7b3534330df0405b8a170e48bb5c234d532ba via Power_Crunch_Research_Lab_Phase5D_WalkForward_Package.zip; corpus self-declares SCHEDULE SYNTHETIC / SCORES SIMULATED; authorised for MVP_CONTROL_CALIBRATION_ONLY by R-V3-MVP-CONTROL-CORPUS-01,2025-10-04,2026-08-22,3.0.0-internal-shadow-mvp,V3-INTERNAL-SHADOW-MVP-2026-08-22-R1-001,training
G25-0278,2025,6,Mississippi State,Colorado State,AWAY,-11.062119,-10.583997,-3.978121,-4.0,L,GOVERNED_SYNTHETIC_CONTROL: 2025 Synthetic Season LOCKED v3.xlsx sha256=77bb6ecf48e805b62b8af238bbf7b3534330df0405b8a170e48bb5c234d532ba via Power_Crunch_Research_Lab_Phase5D_WalkForward_Package.zip; corpus self-declares SCHEDULE SYNTHETIC / SCORES SIMULATED; authorised for MVP_CONTROL_CALIBRATION_ONLY by R-V3-MVP-CONTROL-CORPUS-01,2025-10-04,2026-08-22,3.0.0-internal-shadow-mvp,V3-INTERNAL-SHADOW-MVP-2026-08-22-R1-001,training
G25-0279,2025,6,Duke,Wake Forest,HOME,-1.683033,3.505712,-1.688746,20.0,W,GOVERNED_SYNTHETIC_CONTROL: 2025 Synthetic Season LOCKED v3.xlsx sha256=77bb6ecf48e805b62b8af238bbf7b3534330df0405b8a170e48bb5c234d532ba via Power_Crunch_Research_Lab_Phase5D_WalkForward_Package.zip; corpus self-declares SCHEDULE SYNTHETIC / SCORES SIMULATED; authorised for MVP_CONTROL_CALIBRATION_ONLY by R-V3-MVP-CONTROL-CORPUS-01,2025-10-04,2026-08-22,3.0.0-internal-shadow-mvp,V3-INTERNAL-SHADOW-MVP-2026-08-22-R1-001,training
G25-0279,2025,6,Wake Forest,Duke,AWAY,3.505712,-1.683033,1.688746,-20.0,L,GOVERNED_SYNTHETIC_CONTROL: 2025 Synthetic Season LOCKED v3.xlsx sha256=77bb6ecf48e805b62b8af238bbf7b3534330df0405b8a170e48bb5c234d532ba via Power_Crunch_Research_Lab_Phase5D_WalkForward_Package.zip; corpus self-declares SCHEDULE SYNTHETIC / SCORES SIMULATED; authorised for MVP_CONTROL_CALIBRATION_ONLY by R-V3-MVP-CONTROL-CORPUS-01,2025-10-04,2026-08-22,3.0.0-internal-shadow-mvp,V3-INTERNAL-SHADOW-MVP-2026-08-22-R1-001,training
G25-0280,2025,6,East Carolina,Tulsa,HOME,-1.220328,-9.681889,11.961561,21.0,W,GOVERNED_SYNTHETIC_CONTROL: 2025 Synthetic Season LOCKED v3.xlsx sha256=77bb6ecf48e805b62b8af238bbf7b3534330df0405b8a170e48bb5c234d532ba via Power_Crunch_Research_Lab_Phase5D_WalkForward_Package.zip; corpus self-declares SCHEDULE SYNTHETIC / SCORES SIMULATED; authorised for MVP_CONTROL_CALIBRATION_ONLY by R-V3-MVP-CONTROL-CORPUS-01,2025-10-04,2026-08-22,3.0.0-internal-shadow-mvp,V3-INTERNAL-SHADOW-MVP-2026-08-22-R1-001,training
G25-0280,2025,6,Tulsa,East Carolina,AWAY,-9.681889,-1.220328,-11.961561,-21.0,L,GOVERNED_SYNTHETIC_CONTROL: 2025 Synthetic Season LOCKED v3.xlsx sha256=77bb6ecf48e805b62b8af238bbf7b3534330df0405b8a170e48bb5c234d532ba via Power_Crunch_Research_Lab_Phase5D_WalkForward_Package.zip; corpus self-declares SCHEDULE SYNTHETIC / SCORES SIMULATED; authorised for MVP_CONTROL_CALIBRATION_ONLY by R-V3-MVP-CONTROL-CORPUS-01,2025-10-04,2026-08-22,3.0.0-internal-shadow-mvp,V3-INTERNAL-SHADOW-MVP-2026-08-22-R1-001,training
G25-0281,2025,6,Florida State,UTEP,HOME,-4.461626,-16.26871,15.307084,-13.0,L,GOVERNED_SYNTHETIC_CONTROL: 2025 Synthetic Season LOCKED v3.xlsx sha256=77bb6ecf48e805b62b8af238bbf7b3534330df0405b8a170e48bb5c234d532ba via Power_Crunch_Research_Lab_Phase5D_WalkForward_Package.zip; corpus self-declares SCHEDULE SYNTHETIC / SCORES SIMULATED; authorised for MVP_CONTROL_CALIBRATION_ONLY by R-V3-MVP-CONTROL-CORPUS-01,2025-10-04,2026-08-22,3.0.0-internal-shadow-mvp,V3-INTERNAL-SHADOW-MVP-2026-08-22-R1-001,training
G25-0281,2025,6,UTEP,Florida State,AWAY,-16.26871,-4.461626,-15.307084,13.0,W,GOVERNED_SYNTHETIC_CONTROL: 2025 Synthetic Season LOCKED v3.xlsx sha256=77bb6ecf48e805b62b8af238bbf7b3534330df0405b8a170e48bb5c234d532ba via Power_Crunch_Research_Lab_Phase5D_WalkForward_Package.zip; corpus self-declares SCHEDULE SYNTHETIC / SCORES SIMULATED; authorised for MVP_CONTROL_CALIBRATION_ONLY by R-V3-MVP-CONTROL-CORPUS-01,2025-10-04,2026-08-22,3.0.0-internal-shadow-mvp,V3-INTERNAL-SHADOW-MVP-2026-08-22-R1-001,training
G25-0282,2025,6,Georgia,Tennessee,HOME,28.03525,13.877523,17.657727,22.0,W,GOVERNED_SYNTHETIC_CONTROL: 2025 Synthetic Season LOCKED v3.xlsx sha256=77bb6ecf48e805b62b8af238bbf7b3534330df0405b8a170e48bb5c234d532ba via Power_Crunch_Research_Lab_Phase5D_WalkForward_Package.zip; corpus self-declares SCHEDULE SYNTHETIC / SCORES SIMULATED; authorised for MVP_CONTROL_CALIBRATION_ONLY by R-V3-MVP-CONTROL-CORPUS-01,2025-10-04,2026-08-22,3.0.0-internal-shadow-mvp,V3-INTERNAL-SHADOW-MVP-2026-08-22-R1-001,training
G25-0282,2025,6,Tennessee,Georgia,AWAY,13.877523,28.03525,-17.657727,-22.0,L,GOVERNED_SYNTHETIC_CONTROL: 2025 Synthetic Season LOCKED v3.xlsx sha256=77bb6ecf48e805b62b8af238bbf7b3534330df0405b8a170e48bb5c234d532ba via Power_Crunch_Research_Lab_Phase5D_WalkForward_Package.zip; corpus self-declares SCHEDULE SYNTHETIC / SCORES SIMULATED; authorised for MVP_CONTROL_CALIBRATION_ONLY by R-V3-MVP-CONTROL-CORPUS-01,2025-10-04,2026-08-22,3.0.0-internal-shadow-mvp,V3-INTERNAL-SHADOW-MVP-2026-08-22-R1-001,training
G25-0283,2025,6,Georgia Tech,Virginia,HOME,13.022024,6.043974,10.47805,-3.0,L,GOVERNED_SYNTHETIC_CONTROL: 2025 Synthetic Season LOCKED v3.xlsx sha256=77bb6ecf48e805b62b8af238bbf7b3534330df0405b8a170e48bb5c234d532ba via Power_Crunch_Research_Lab_Phase5D_WalkForward_Package.zip; corpus self-declares SCHEDULE SYNTHETIC / SCORES SIMULATED; authorised for MVP_CONTROL_CALIBRATION_ONLY by R-V3-MVP-CONTROL-CORPUS-01,2025-10-04,2026-08-22,3.0.0-internal-shadow-mvp,V3-INTERNAL-SHADOW-MVP-2026-08-22-R1-001,training
G25-0283,2025,6,Virginia,Georgia Tech,AWAY,6.043974,13.022024,-10.47805,3.0,W,GOVERNED_SYNTHETIC_CONTROL: 2025 Synthetic Season LOCKED v3.xlsx sha256=77bb6ecf48e805b62b8af238bbf7b3534330df0405b8a170e48bb5c234d532ba via Power_Crunch_Research_Lab_Phase5D_WalkForward_Package.zip; corpus self-declares SCHEDULE SYNTHETIC / SCORES SIMULATED; authorised for MVP_CONTROL_CALIBRATION_ONLY by R-V3-MVP-CONTROL-CORPUS-01,2025-10-04,2026-08-22,3.0.0-internal-shadow-mvp,V3-INTERNAL-SHADOW-MVP-2026-08-22-R1-001,training
G25-0284,2025,6,Holy Cross,Cornell,HOME,-20.264099,-14.358752,-2.405347,10.0,W,GOVERNED_SYNTHETIC_CONTROL: 2025 Synthetic Season LOCKED v3.xlsx sha256=77bb6ecf48e805b62b8af238bbf7b3534330df0405b8a170e48bb5c234d532ba via Power_Crunch_Research_Lab_Phase5D_WalkForward_Package.zip; corpus self-declares SCHEDULE SYNTHETIC / SCORES SIMULATED; authorised for MVP_CONTROL_CALIBRATION_ONLY by R-V3-MVP-CONTROL-CORPUS-01,2025-10-04,2026-08-22,3.0.0-internal-shadow-mvp,V3-INTERNAL-SHADOW-MVP-2026-08-22-R1-001,training
G25-0284,2025,6,Cornell,Holy Cross,AWAY,-14.358752,-20.264099,2.405347,-10.0,L,GOVERNED_SYNTHETIC_CONTROL: 2025 Synthetic Season LOCKED v3.xlsx sha256=77bb6ecf48e805b62b8af238bbf7b3534330df0405b8a170e48bb5c234d532ba via Power_Crunch_Research_Lab_Phase5D_WalkForward_Package.zip; corpus self-declares SCHEDULE SYNTHETIC / SCORES SIMULATED; authorised for MVP_CONTROL_CALIBRATION_ONLY by R-V3-MVP-CONTROL-CORPUS-01,2025-10-04,2026-08-22,3.0.0-internal-shadow-mvp,V3-INTERNAL-SHADOW-MVP-2026-08-22-R1-001,training
G25-0285,2025,6,Houston,West Virginia,HOME,15.426255,0.366062,18.560193,25.0,W,GOVERNED_SYNTHETIC_CONTROL: 2025 Synthetic Season LOCKED v3.xlsx sha256=77bb6ecf48e805b62b8af238bbf7b3534330df0405b8a170e48bb5c234d532ba via Power_Crunch_Research_Lab_Phase5D_WalkForward_Package.zip; corpus self-declares SCHEDULE SYNTHETIC / SCORES SIMULATED; authorised for MVP_CONTROL_CALIBRATION_ONLY by R-V3-MVP-CONTROL-CORPUS-01,2025-10-04,2026-08-22,3.0.0-internal-shadow-mvp,V3-INTERNAL-SHADOW-MVP-2026-08-22-R1-001,training
G25-0285,2025,6,West Virginia,Houston,AWAY,0.366062,15.426255,-18.560193,-25.0,L,GOVERNED_SYNTHETIC_CONTROL: 2025 Synthetic Season LOCKED v3.xlsx sha256=77bb6ecf48e805b62b8af238bbf7b3534330df0405b8a170e48bb5c234d532ba via Power_Crunch_Research_Lab_Phase5D_WalkForward_Package.zip; corpus self-declares SCHEDULE SYNTHETIC / SCORES SIMULATED; authorised for MVP_CONTROL_CALIBRATION_ONLY by R-V3-MVP-CONTROL-CORPUS-01,2025-10-04,2026-08-22,3.0.0-internal-shadow-mvp,V3-INTERNAL-SHADOW-MVP-2026-08-22-R1-001,training
G25-0286,2025,6,Indiana,Northwestern,HOME,27.407698,-10.061188,40.968886,40.0,W,GOVERNED_SYNTHETIC_CONTROL: 2025 Synthetic Season LOCKED v3.xlsx sha256=77bb6ecf48e805b62b8af238bbf7b3534330df0405b8a170e48bb5c234d532ba via Power_Crunch_Research_Lab_Phase5D_WalkForward_Package.zip; corpus self-declares SCHEDULE SYNTHETIC / SCORES SIMULATED; authorised for MVP_CONTROL_CALIBRATION_ONLY by R-V3-MVP-CONTROL-CORPUS-01,2025-10-04,2026-08-22,3.0.0-internal-shadow-mvp,V3-INTERNAL-SHADOW-MVP-2026-08-22-R1-001,training
G25-0286,2025,6,Northwestern,Indiana,AWAY,-10.061188,27.407698,-40.968886,-40.0,L,GOVERNED_SYNTHETIC_CONTROL: 2025 Synthetic Season LOCKED v3.xlsx sha256=77bb6ecf48e805b62b8af238bbf7b3534330df0405b8a170e48bb5c234d532ba via Power_Crunch_Research_Lab_Phase5D_WalkForward_Package.zip; corpus self-declares SCHEDULE SYNTHETIC / SCORES SIMULATED; authorised for MVP_CONTROL_CALIBRATION_ONLY by R-V3-MVP-CONTROL-CORPUS-01,2025-10-04,2026-08-22,3.0.0-internal-shadow-mvp,V3-INTERNAL-SHADOW-MVP-2026-08-22-R1-001,training
G25-0287,2025,6,Kansas,UConn,HOME,7.446314,-3.399156,14.34547,-8.0,L,GOVERNED_SYNTHETIC_CONTROL: 2025 Synthetic Season LOCKED v3.xlsx sha256=77bb6ecf48e805b62b8af238bbf7b3534330df0405b8a170e48bb5c234d532ba via Power_Crunch_Research_Lab_Phase5D_WalkForward_Package.zip; corpus self-declares SCHEDULE SYNTHETIC / SCORES SIMULATED; authorised for MVP_CONTROL_CALIBRATION_ONLY by R-V3-MVP-CONTROL-CORPUS-01,2025-10-04,2026-08-22,3.0.0-internal-shadow-mvp,V3-INTERNAL-SHADOW-MVP-2026-08-22-R1-001,training
G25-0287,2025,6,UConn,Kansas,AWAY,-3.399156,7.446314,-14.34547,8.0,W,GOVERNED_SYNTHETIC_CONTROL: 2025 Synthetic Season LOCKED v3.xlsx sha256=77bb6ecf48e805b62b8af238bbf7b3534330df0405b8a170e48bb5c234d532ba via Power_Crunch_Research_Lab_Phase5D_WalkForward_Package.zip; corpus self-declares SCHEDULE SYNTHETIC / SCORES SIMULATED; authorised for MVP_CONTROL_CALIBRATION_ONLY by R-V3-MVP-CONTROL-CORPUS-01,2025-10-04,2026-08-22,3.0.0-internal-shadow-mvp,V3-INTERNAL-SHADOW-MVP-2026-08-22-R1-001,training
G25-0288,2025,6,Kansas State,Cincinnati,HOME,-7.848358,-2.560527,-1.78783,5.0,W,GOVERNED_SYNTHETIC_CONTROL: 2025 Synthetic Season LOCKED v3.xlsx sha256=77bb6ecf48e805b62b8af238bbf7b3534330df0405b8a170e48bb5c234d532ba via Power_Crunch_Research_Lab_Phase5D_WalkForward_Package.zip; corpus self-declares SCHEDULE SYNTHETIC / SCORES SIMULATED; authorised for MVP_CONTROL_CALIBRATION_ONLY by R-V3-MVP-CONTROL-CORPUS-01,2025-10-04,2026-08-22,3.0.0-internal-shadow-mvp,V3-INTERNAL-SHADOW-MVP-2026-08-22-R1-001,training
G25-0288,2025,6,Cincinnati,Kansas State,AWAY,-2.560527,-7.848358,1.78783,-5.0,L,GOVERNED_SYNTHETIC_CONTROL: 2025 Synthetic Season LOCKED v3.xlsx sha256=77bb6ecf48e805b62b8af238bbf7b3534330df0405b8a170e48bb5c234d532ba via Power_Crunch_Research_Lab_Phase5D_WalkForward_Package.zip; corpus self-declares SCHEDULE SYNTHETIC / SCORES SIMULATED; authorised for MVP_CONTROL_CALIBRATION_ONLY by R-V3-MVP-CONTROL-CORPUS-01,2025-10-04,2026-08-22,3.0.0-internal-shadow-mvp,V3-INTERNAL-SHADOW-MVP-2026-08-22-R1-001,training
G25-0289,2025,6,Lehigh,Boise State,HOME,-4.259436,-0.853943,0.094507,34.0,W,GOVERNED_SYNTHETIC_CONTROL: 2025 Synthetic Season LOCKED v3.xlsx sha256=77bb6ecf48e805b62b8af238bbf7b3534330df0405b8a170e48bb5c234d532ba via Power_Crunch_Research_Lab_Phase5D_WalkForward_Package.zip; corpus self-declares SCHEDULE SYNTHETIC / SCORES SIMULATED; authorised for MVP_CONTROL_CALIBRATION_ONLY by R-V3-MVP-CONTROL-CORPUS-01,2025-10-04,2026-08-22,3.0.0-internal-shadow-mvp,V3-INTERNAL-SHADOW-MVP-2026-08-22-R1-001,training
G25-0289,2025,6,Boise State,Lehigh,AWAY,-0.853943,-4.259436,-0.094507,-34.0,L,GOVERNED_SYNTHETIC_CONTROL: 2025 Synthetic Season LOCKED v3.xlsx sha256=77bb6ecf48e805b62b8af238bbf7b3534330df0405b8a170e48bb5c234d532ba via Power_Crunch_Research_Lab_Phase5D_WalkForward_Package.zip; corpus self-declares SCHEDULE SYNTHETIC / SCORES SIMULATED; authorised for MVP_CONTROL_CALIBRATION_ONLY by R-V3-MVP-CONTROL-CORPUS-01,2025-10-04,2026-08-22,3.0.0-internal-shadow-mvp,V3-INTERNAL-SHADOW-MVP-2026-08-22-R1-001,training
G25-0290,2025,6,Louisville,Army,HOME,3.405765,7.743043,-0.837278,1.0,W,GOVERNED_SYNTHETIC_CONTROL: 2025 Synthetic Season LOCKED v3.xlsx sha256=77bb6ecf48e805b62b8af238bbf7b3534330df0405b8a170e48bb5c234d532ba via Power_Crunch_Research_Lab_Phase5D_WalkForward_Package.zip; corpus self-declares SCHEDULE SYNTHETIC / SCORES SIMULATED; authorised for MVP_CONTROL_CALIBRATION_ONLY by R-V3-MVP-CONTROL-CORPUS-01,2025-10-04,2026-08-22,3.0.0-internal-shadow-mvp,V3-INTERNAL-SHADOW-MVP-2026-08-22-R1-001,training
G25-0290,2025,6,Army,Louisville,AWAY,7.743043,3.405765,0.837278,-1.0,L,GOVERNED_SYNTHETIC_CONTROL: 2025 Synthetic Season LOCKED v3.xlsx sha256=77bb6ecf48e805b62b8af238bbf7b3534330df0405b8a170e48bb5c234d532ba via Power_Crunch_Research_Lab_Phase5D_WalkForward_Package.zip; corpus self-declares SCHEDULE SYNTHETIC / SCORES SIMULATED; authorised for MVP_CONTROL_CALIBRATION_ONLY by R-V3-MVP-CONTROL-CORPUS-01,2025-10-04,2026-08-22,3.0.0-internal-shadow-mvp,V3-INTERNAL-SHADOW-MVP-2026-08-22-R1-001,training
G25-0291,2025,6,Miami,Penn,HOME,33.844487,-13.451607,50.796093,74.0,W,GOVERNED_SYNTHETIC_CONTROL: 2025 Synthetic Season LOCKED v3.xlsx sha256=77bb6ecf48e805b62b8af238bbf7b3534330df0405b8a170e48bb5c234d532ba via Power_Crunch_Research_Lab_Phase5D_WalkForward_Package.zip; corpus self-declares SCHEDULE SYNTHETIC / SCORES SIMULATED; authorised for MVP_CONTROL_CALIBRATION_ONLY by R-V3-MVP-CONTROL-CORPUS-01,2025-10-04,2026-08-22,3.0.0-internal-shadow-mvp,V3-INTERNAL-SHADOW-MVP-2026-08-22-R1-001,training
G25-0291,2025,6,Penn,Miami,AWAY,-13.451607,33.844487,-50.796093,-74.0,L,GOVERNED_SYNTHETIC_CONTROL: 2025 Synthetic Season LOCKED v3.xlsx sha256=77bb6ecf48e805b62b8af238bbf7b3534330df0405b8a170e48bb5c234d532ba via Power_Crunch_Research_Lab_Phase5D_WalkForward_Package.zip; corpus self-declares SCHEDULE SYNTHETIC / SCORES SIMULATED; authorised for MVP_CONTROL_CALIBRATION_ONLY by R-V3-MVP-CONTROL-CORPUS-01,2025-10-04,2026-08-22,3.0.0-internal-shadow-mvp,V3-INTERNAL-SHADOW-MVP-2026-08-22-R1-001,training
G25-0292,2025,6,Michigan State,Minnesota,HOME,-22.497585,-6.233549,-12.764036,3.0,W,GOVERNED_SYNTHETIC_CONTROL: 2025 Synthetic Season LOCKED v3.xlsx sha256=77bb6ecf48e805b62b8af238bbf7b3534330df0405b8a170e48bb5c234d532ba via Power_Crunch_Research_Lab_Phase5D_WalkForward_Package.zip; corpus self-declares SCHEDULE SYNTHETIC / SCORES SIMULATED; authorised for MVP_CONTROL_CALIBRATION_ONLY by R-V3-MVP-CONTROL-CORPUS-01,2025-10-04,2026-08-22,3.0.0-internal-shadow-mvp,V3-INTERNAL-SHADOW-MVP-2026-08-22-R1-001,training
G25-0292,2025,6,Minnesota,Michigan State,AWAY,-6.233549,-22.497585,12.764036,-3.0,L,GOVERNED_SYNTHETIC_CONTROL: 2025 Synthetic Season LOCKED v3.xlsx sha256=77bb6ecf48e805b62b8af238bbf7b3534330df0405b8a170e48bb5c234d532ba via Power_Crunch_Research_Lab_Phase5D_WalkForward_Package.zip; corpus self-declares SCHEDULE SYNTHETIC / SCORES SIMULATED; authorised for MVP_CONTROL_CALIBRATION_ONLY by R-V3-MVP-CONTROL-CORPUS-01,2025-10-04,2026-08-22,3.0.0-internal-shadow-mvp,V3-INTERNAL-SHADOW-MVP-2026-08-22-R1-001,training
G25-0293,2025,6,Missouri,Baylor,HOME,5.615112,4.550731,4.564381,11.0,W,GOVERNED_SYNTHETIC_CONTROL: 2025 Synthetic Season LOCKED v3.xlsx sha256=77bb6ecf48e805b62b8af238bbf7b3534330df0405b8a170e48bb5c234d532ba via Power_Crunch_Research_Lab_Phase5D_WalkForward_Package.zip; corpus self-declares SCHEDULE SYNTHETIC / SCORES SIMULATED; authorised for MVP_CONTROL_CALIBRATION_ONLY by R-V3-MVP-CONTROL-CORPUS-01,2025-10-04,2026-08-22,3.0.0-internal-shadow-mvp,V3-INTERNAL-SHADOW-MVP-2026-08-22-R1-001,training
G25-0293,2025,6,Baylor,Missouri,AWAY,4.550731,5.615112,-4.564381,-11.0,L,GOVERNED_SYNTHETIC_CONTROL: 2025 Synthetic Season LOCKED v3.xlsx sha256=77bb6ecf48e805b62b8af238bbf7b3534330df0405b8a170e48bb5c234d532ba via Power_Crunch_Research_Lab_Phase5D_WalkForward_Package.zip; corpus self-declares SCHEDULE SYNTHETIC / SCORES SIMULATED; authorised for MVP_CONTROL_CALIBRATION_ONLY by R-V3-MVP-CONTROL-CORPUS-01,2025-10-04,2026-08-22,3.0.0-internal-shadow-mvp,V3-INTERNAL-SHADOW-MVP-2026-08-22-R1-001,training
G25-0294,2025,6,NC State,Clemson,HOME,-5.837595,-1.900898,-0.436697,-10.0,L,GOVERNED_SYNTHETIC_CONTROL: 2025 Synthetic Season LOCKED v3.xlsx sha256=77bb6ecf48e805b62b8af238bbf7b3534330df0405b8a170e48bb5c234d532ba via Power_Crunch_Research_Lab_Phase5D_WalkForward_Package.zip; corpus self-declares SCHEDULE SYNTHETIC / SCORES SIMULATED; authorised for MVP_CONTROL_CALIBRATION_ONLY by R-V3-MVP-CONTROL-CORPUS-01,2025-10-04,2026-08-22,3.0.0-internal-shadow-mvp,V3-INTERNAL-SHADOW-MVP-2026-08-22-R1-001,training
G25-0294,2025,6,Clemson,NC State,AWAY,-1.900898,-5.837595,0.436697,10.0,W,GOVERNED_SYNTHETIC_CONTROL: 2025 Synthetic Season LOCKED v3.xlsx sha256=77bb6ecf48e805b62b8af238bbf7b3534330df0405b8a170e48bb5c234d532ba via Power_Crunch_Research_Lab_Phase5D_WalkForward_Package.zip; corpus self-declares SCHEDULE SYNTHETIC / SCORES SIMULATED; authorised for MVP_CONTROL_CALIBRATION_ONLY by R-V3-MVP-CONTROL-CORPUS-01,2025-10-04,2026-08-22,3.0.0-internal-shadow-mvp,V3-INTERNAL-SHADOW-MVP-2026-08-22-R1-001,training
G25-0295,2025,6,Nebraska,UCLA,HOME,-7.866446,-7.239395,2.872948,5.0,W,GOVERNED_SYNTHETIC_CONTROL: 2025 Synthetic Season LOCKED v3.xlsx sha256=77bb6ecf48e805b62b8af238bbf7b3534330df0405b8a170e48bb5c234d532ba via Power_Crunch_Research_Lab_Phase5D_WalkForward_Package.zip; corpus self-declares SCHEDULE SYNTHETIC / SCORES SIMULATED; authorised for MVP_CONTROL_CALIBRATION_ONLY by R-V3-MVP-CONTROL-CORPUS-01,2025-10-04,2026-08-22,3.0.0-internal-shadow-mvp,V3-INTERNAL-SHADOW-MVP-2026-08-22-R1-001,training
G25-0295,2025,6,UCLA,Nebraska,AWAY,-7.239395,-7.866446,-2.872948,-5.0,L,GOVERNED_SYNTHETIC_CONTROL: 2025 Synthetic Season LOCKED v3.xlsx sha256=77bb6ecf48e805b62b8af238bbf7b3534330df0405b8a170e48bb5c234d532ba via Power_Crunch_Research_Lab_Phase5D_WalkForward_Package.zip; corpus self-declares SCHEDULE SYNTHETIC / SCORES SIMULATED; authorised for MVP_CONTROL_CALIBRATION_ONLY by R-V3-MVP-CONTROL-CORPUS-01,2025-10-04,2026-08-22,3.0.0-internal-shadow-mvp,V3-INTERNAL-SHADOW-MVP-2026-08-22-R1-001,training
G25-0296,2025,6,Nevada,Utah State,HOME,-7.220838,-15.554631,11.833793,-22.0,L,GOVERNED_SYNTHETIC_CONTROL: 2025 Synthetic Season LOCKED v3.xlsx sha256=77bb6ecf48e805b62b8af238bbf7b3534330df0405b8a170e48bb5c234d532ba via Power_Crunch_Research_Lab_Phase5D_WalkForward_Package.zip; corpus self-declares SCHEDULE SYNTHETIC / SCORES SIMULATED; authorised for MVP_CONTROL_CALIBRATION_ONLY by R-V3-MVP-CONTROL-CORPUS-01,2025-10-04,2026-08-22,3.0.0-internal-shadow-mvp,V3-INTERNAL-SHADOW-MVP-2026-08-22-R1-001,training
G25-0296,2025,6,Utah State,Nevada,AWAY,-15.554631,-7.220838,-11.833793,22.0,W,GOVERNED_SYNTHETIC_CONTROL: 2025 Synthetic Season LOCKED v3.xlsx sha256=77bb6ecf48e805b62b8af238bbf7b3534330df0405b8a170e48bb5c234d532ba via Power_Crunch_Research_Lab_Phase5D_WalkForward_Package.zip; corpus self-declares SCHEDULE SYNTHETIC / SCORES SIMULATED; authorised for MVP_CONTROL_CALIBRATION_ONLY by R-V3-MVP-CONTROL-CORPUS-01,2025-10-04,2026-08-22,3.0.0-internal-shadow-mvp,V3-INTERNAL-SHADOW-MVP-2026-08-22-R1-001,training
G25-0297,2025,6,New Mexico State,BYU,HOME,-11.632051,20.517029,-28.649081,-53.0,L,GOVERNED_SYNTHETIC_CONTROL: 2025 Synthetic Season LOCKED v3.xlsx sha256=77bb6ecf48e805b62b8af238bbf7b3534330df0405b8a170e48bb5c234d532ba via Power_Crunch_Research_Lab_Phase5D_WalkForward_Package.zip; corpus self-declares SCHEDULE SYNTHETIC / SCORES SIMULATED; authorised for MVP_CONTROL_CALIBRATION_ONLY by R-V3-MVP-CONTROL-CORPUS-01,2025-10-04,2026-08-22,3.0.0-internal-shadow-mvp,V3-INTERNAL-SHADOW-MVP-2026-08-22-R1-001,training
G25-0297,2025,6,BYU,New Mexico State,AWAY,20.517029,-11.632051,28.649081,53.0,W,GOVERNED_SYNTHETIC_CONTROL: 2025 Synthetic Season LOCKED v3.xlsx sha256=77bb6ecf48e805b62b8af238bbf7b3534330df0405b8a170e48bb5c234d532ba via Power_Crunch_Research_Lab_Phase5D_WalkForward_Package.zip; corpus self-declares SCHEDULE SYNTHETIC / SCORES SIMULATED; authorised for MVP_CONTROL_CALIBRATION_ONLY by R-V3-MVP-CONTROL-CORPUS-01,2025-10-04,2026-08-22,3.0.0-internal-shadow-mvp,V3-INTERNAL-SHADOW-MVP-2026-08-22-R1-001,training
G25-0298,2025,6,North Carolina,California,HOME,-0.495477,-6.274472,9.278995,3.0,W,GOVERNED_SYNTHETIC_CONTROL: 2025 Synthetic Season LOCKED v3.xlsx sha256=77bb6ecf48e805b62b8af238bbf7b3534330df0405b8a170e48bb5c234d532ba via Power_Crunch_Research_Lab_Phase5D_WalkForward_Package.zip; corpus self-declares SCHEDULE SYNTHETIC / SCORES SIMULATED; authorised for MVP_CONTROL_CALIBRATION_ONLY by R-V3-MVP-CONTROL-CORPUS-01,2025-10-04,2026-08-22,3.0.0-internal-shadow-mvp,V3-INTERNAL-SHADOW-MVP-2026-08-22-R1-001,training
G25-0298,2025,6,California,North Carolina,AWAY,-6.274472,-0.495477,-9.278995,-3.0,L,GOVERNED_SYNTHETIC_CONTROL: 2025 Synthetic Season LOCKED v3.xlsx sha256=77bb6ecf48e805b62b8af238bbf7b3534330df0405b8a170e48bb5c234d532ba via Power_Crunch_Research_Lab_Phase5D_WalkForward_Package.zip; corpus self-declares SCHEDULE SYNTHETIC / SCORES SIMULATED; authorised for MVP_CONTROL_CALIBRATION_ONLY by R-V3-MVP-CONTROL-CORPUS-01,2025-10-04,2026-08-22,3.0.0-internal-shadow-mvp,V3-INTERNAL-SHADOW-MVP-2026-08-22-R1-001,training
G25-0299,2025,6,Notre Dame,Iowa,HOME,33.472706,26.055505,10.917201,-39.0,L,GOVERNED_SYNTHETIC_CONTROL: 2025 Synthetic Season LOCKED v3.xlsx sha256=77bb6ecf48e805b62b8af238bbf7b3534330df0405b8a170e48bb5c234d532ba via Power_Crunch_Research_Lab_Phase5D_WalkForward_Package.zip; corpus self-declares SCHEDULE SYNTHETIC / SCORES SIMULATED; authorised for MVP_CONTROL_CALIBRATION_ONLY by R-V3-MVP-CONTROL-CORPUS-01,2025-10-04,2026-08-22,3.0.0-internal-shadow-mvp,V3-INTERNAL-SHADOW-MVP-2026-08-22-R1-001,training
G25-0299,2025,6,Iowa,Notre Dame,AWAY,26.055505,33.472706,-10.917201,39.0,W,GOVERNED_SYNTHETIC_CONTROL: 2025 Synthetic Season LOCKED v3.xlsx sha256=77bb6ecf48e805b62b8af238bbf7b3534330df0405b8a170e48bb5c234d532ba via Power_Crunch_Research_Lab_Phase5D_WalkForward_Package.zip; corpus self-declares SCHEDULE SYNTHETIC / SCORES SIMULATED; authorised for MVP_CONTROL_CALIBRATION_ONLY by R-V3-MVP-CONTROL-CORPUS-01,2025-10-04,2026-08-22,3.0.0-internal-shadow-mvp,V3-INTERNAL-SHADOW-MVP-2026-08-22-R1-001,training
G25-0300,2025,6,Oklahoma,Auburn,HOME,24.902495,-12.18026,40.582755,64.0,W,GOVERNED_SYNTHETIC_CONTROL: 2025 Synthetic Season LOCKED v3.xlsx sha256=77bb6ecf48e805b62b8af238bbf7b3534330df0405b8a170e48bb5c234d532ba via Power_Crunch_Research_Lab_Phase5D_WalkForward_Package.zip; corpus self-declares SCHEDULE SYNTHETIC / SCORES SIMULATED; authorised for MVP_CONTROL_CALIBRATION_ONLY by R-V3-MVP-CONTROL-CORPUS-01,2025-10-04,2026-08-22,3.0.0-internal-shadow-mvp,V3-INTERNAL-SHADOW-MVP-2026-08-22-R1-001,training
G25-0300,2025,6,Auburn,Oklahoma,AWAY,-12.18026,24.902495,-40.582755,-64.0,L,GOVERNED_SYNTHETIC_CONTROL: 2025 Synthetic Season LOCKED v3.xlsx sha256=77bb6ecf48e805b62b8af238bbf7b3534330df0405b8a170e48bb5c234d532ba via Power_Crunch_Research_Lab_Phase5D_WalkForward_Package.zip; corpus self-declares SCHEDULE SYNTHETIC / SCORES SIMULATED; authorised for MVP_CONTROL_CALIBRATION_ONLY by R-V3-MVP-CONTROL-CORPUS-01,2025-10-04,2026-08-22,3.0.0-internal-shadow-mvp,V3-INTERNAL-SHADOW-MVP-2026-08-22-R1-001,training
G25-0301,2025,6,Ole Miss,Alabama,HOME,26.838192,30.333127,0.005065,8.0,W,GOVERNED_SYNTHETIC_CONTROL: 2025 Synthetic Season LOCKED v3.xlsx sha256=77bb6ecf48e805b62b8af238bbf7b3534330df0405b8a170e48bb5c234d532ba via Power_Crunch_Research_Lab_Phase5D_WalkForward_Package.zip; corpus self-declares SCHEDULE SYNTHETIC / SCORES SIMULATED; authorised for MVP_CONTROL_CALIBRATION_ONLY by R-V3-MVP-CONTROL-CORPUS-01,2025-10-04,2026-08-22,3.0.0-internal-shadow-mvp,V3-INTERNAL-SHADOW-MVP-2026-08-22-R1-001,training
G25-0301,2025,6,Alabama,Ole Miss,AWAY,30.333127,26.838192,-0.005065,-8.0,L,GOVERNED_SYNTHETIC_CONTROL: 2025 Synthetic Season LOCKED v3.xlsx sha256=77bb6ecf48e805b62b8af238bbf7b3534330df0405b8a170e48bb5c234d532ba via Power_Crunch_Research_Lab_Phase5D_WalkForward_Package.zip; corpus self-declares SCHEDULE SYNTHETIC / SCORES SIMULATED; authorised for MVP_CONTROL_CALIBRATION_ONLY by R-V3-MVP-CONTROL-CORPUS-01,2025-10-04,2026-08-22,3.0.0-internal-shadow-mvp,V3-INTERNAL-SHADOW-MVP-2026-08-22-R1-001,training
G25-0302,2025,6,Oregon,Maryland,HOME,31.263745,-4.88621,39.649956,55.0,W,GOVERNED_SYNTHETIC_CONTROL: 2025 Synthetic Season LOCKED v3.xlsx sha256=77bb6ecf48e805b62b8af238bbf7b3534330df0405b8a170e48bb5c234d532ba via Power_Crunch_Research_Lab_Phase5D_WalkForward_Package.zip; corpus self-declares SCHEDULE SYNTHETIC / SCORES SIMULATED; authorised for MVP_CONTROL_CALIBRATION_ONLY by R-V3-MVP-CONTROL-CORPUS-01,2025-10-04,2026-08-22,3.0.0-internal-shadow-mvp,V3-INTERNAL-SHADOW-MVP-2026-08-22-R1-001,training
G25-0302,2025,6,Maryland,Oregon,AWAY,-4.88621,31.263745,-39.649956,-55.0,L,GOVERNED_SYNTHETIC_CONTROL: 2025 Synthetic Season LOCKED v3.xlsx sha256=77bb6ecf48e805b62b8af238bbf7b3534330df0405b8a170e48bb5c234d532ba via Power_Crunch_Research_Lab_Phase5D_WalkForward_Package.zip; corpus self-declares SCHEDULE SYNTHETIC / SCORES SIMULATED; authorised for MVP_CONTROL_CALIBRATION_ONLY by R-V3-MVP-CONTROL-CORPUS-01,2025-10-04,2026-08-22,3.0.0-internal-shadow-mvp,V3-INTERNAL-SHADOW-MVP-2026-08-22-R1-001,training
G25-0303,2025,6,Oregon State,Georgia Southern,HOME,-8.383468,-6.800372,1.916904,19.0,W,GOVERNED_SYNTHETIC_CONTROL: 2025 Synthetic Season LOCKED v3.xlsx sha256=77bb6ecf48e805b62b8af238bbf7b3534330df0405b8a170e48bb5c234d532ba via Power_Crunch_Research_Lab_Phase5D_WalkForward_Package.zip; corpus self-declares SCHEDULE SYNTHETIC / SCORES SIMULATED; authorised for MVP_CONTROL_CALIBRATION_ONLY by R-V3-MVP-CONTROL-CORPUS-01,2025-10-04,2026-08-22,3.0.0-internal-shadow-mvp,V3-INTERNAL-SHADOW-MVP-2026-08-22-R1-001,training
G25-0303,2025,6,Georgia Southern,Oregon State,AWAY,-6.800372,-8.383468,-1.916904,-19.0,L,GOVERNED_SYNTHETIC_CONTROL: 2025 Synthetic Season LOCKED v3.xlsx sha256=77bb6ecf48e805b62b8af238bbf7b3534330df0405b8a170e48bb5c234d532ba via Power_Crunch_Research_Lab_Phase5D_WalkForward_Package.zip; corpus self-declares SCHEDULE SYNTHETIC / SCORES SIMULATED; authorised for MVP_CONTROL_CALIBRATION_ONLY by R-V3-MVP-CONTROL-CORPUS-01,2025-10-04,2026-08-22,3.0.0-internal-shadow-mvp,V3-INTERNAL-SHADOW-MVP-2026-08-22-R1-001,training
G25-0304,2025,6,Penn State,Washington,HOME,2.370073,9.968008,-4.097934,-45.0,L,GOVERNED_SYNTHETIC_CONTROL: 2025 Synthetic Season LOCKED v3.xlsx sha256=77bb6ecf48e805b62b8af238bbf7b3534330df0405b8a170e48bb5c234d532ba via Power_Crunch_Research_Lab_Phase5D_WalkForward_Package.zip; corpus self-declares SCHEDULE SYNTHETIC / SCORES SIMULATED; authorised for MVP_CONTROL_CALIBRATION_ONLY by R-V3-MVP-CONTROL-CORPUS-01,2025-10-04,2026-08-22,3.0.0-internal-shadow-mvp,V3-INTERNAL-SHADOW-MVP-2026-08-22-R1-001,training
G25-0304,2025,6,Washington,Penn State,AWAY,9.968008,2.370073,4.097934,45.0,W,GOVERNED_SYNTHETIC_CONTROL: 2025 Synthetic Season LOCKED v3.xlsx sha256=77bb6ecf48e805b62b8af238bbf7b3534330df0405b8a170e48bb5c234d532ba via Power_Crunch_Research_Lab_Phase5D_WalkForward_Package.zip; corpus self-declares SCHEDULE SYNTHETIC / SCORES SIMULATED; authorised for MVP_CONTROL_CALIBRATION_ONLY by R-V3-MVP-CONTROL-CORPUS-01,2025-10-04,2026-08-22,3.0.0-internal-shadow-mvp,V3-INTERNAL-SHADOW-MVP-2026-08-22-R1-001,training
G25-0305,2025,6,Rice,Princeton,HOME,-2.145964,-8.644311,9.998347,-21.0,L,GOVERNED_SYNTHETIC_CONTROL: 2025 Synthetic Season LOCKED v3.xlsx sha256=77bb6ecf48e805b62b8af238bbf7b3534330df0405b8a170e48bb5c234d532ba via Power_Crunch_Research_Lab_Phase5D_WalkForward_Package.zip; corpus self-declares SCHEDULE SYNTHETIC / SCORES SIMULATED; authorised for MVP_CONTROL_CALIBRATION_ONLY by R-V3-MVP-CONTROL-CORPUS-01,2025-10-04,2026-08-22,3.0.0-internal-shadow-mvp,V3-INTERNAL-SHADOW-MVP-2026-08-22-R1-001,training
G25-0305,2025,6,Princeton,Rice,AWAY,-8.644311,-2.145964,-9.998347,21.0,W,GOVERNED_SYNTHETIC_CONTROL: 2025 Synthetic Season LOCKED v3.xlsx sha256=77bb6ecf48e805b62b8af238bbf7b3534330df0405b8a170e48bb5c234d532ba via Power_Crunch_Research_Lab_Phase5D_WalkForward_Package.zip; corpus self-declares SCHEDULE SYNTHETIC / SCORES SIMULATED; authorised for MVP_CONTROL_CALIBRATION_ONLY by R-V3-MVP-CONTROL-CORPUS-01,2025-10-04,2026-08-22,3.0.0-internal-shadow-mvp,V3-INTERNAL-SHADOW-MVP-2026-08-22-R1-001,training
G25-0306,2025,6,Rutgers,Illinois,HOME,-7.198658,19.091648,-22.790306,-48.0,L,GOVERNED_SYNTHETIC_CONTROL: 2025 Synthetic Season LOCKED v3.xlsx sha256=77bb6ecf48e805b62b8af238bbf7b3534330df0405b8a170e48bb5c234d532ba via Power_Crunch_Research_Lab_Phase5D_WalkForward_Package.zip; corpus self-declares SCHEDULE SYNTHETIC / SCORES SIMULATED; authorised for MVP_CONTROL_CALIBRATION_ONLY by R-V3-MVP-CONTROL-CORPUS-01,2025-10-04,2026-08-22,3.0.0-internal-shadow-mvp,V3-INTERNAL-SHADOW-MVP-2026-08-22-R1-001,training
G25-0306,2025,6,Illinois,Rutgers,AWAY,19.091648,-7.198658,22.790306,48.0,W,GOVERNED_SYNTHETIC_CONTROL: 2025 Synthetic Season LOCKED v3.xlsx sha256=77bb6ecf48e805b62b8af238bbf7b3534330df0405b8a170e48bb5c234d532ba via Power_Crunch_Research_Lab_Phase5D_WalkForward_Package.zip; corpus self-declares SCHEDULE SYNTHETIC / SCORES SIMULATED; authorised for MVP_CONTROL_CALIBRATION_ONLY by R-V3-MVP-CONTROL-CORPUS-01,2025-10-04,2026-08-22,3.0.0-internal-shadow-mvp,V3-INTERNAL-SHADOW-MVP-2026-08-22-R1-001,training
G25-0307,2025,6,SMU,Pittsburgh,HOME,19.524992,2.510795,20.514198,-1.0,L,GOVERNED_SYNTHETIC_CONTROL: 2025 Synthetic Season LOCKED v3.xlsx sha256=77bb6ecf48e805b62b8af238bbf7b3534330df0405b8a170e48bb5c234d532ba via Power_Crunch_Research_Lab_Phase5D_WalkForward_Package.zip; corpus self-declares SCHEDULE SYNTHETIC / SCORES SIMULATED; authorised for MVP_CONTROL_CALIBRATION_ONLY by R-V3-MVP-CONTROL-CORPUS-01,2025-10-04,2026-08-22,3.0.0-internal-shadow-mvp,V3-INTERNAL-SHADOW-MVP-2026-08-22-R1-001,training
G25-0307,2025,6,Pittsburgh,SMU,AWAY,2.510795,19.524992,-20.514198,1.0,W,GOVERNED_SYNTHETIC_CONTROL: 2025 Synthetic Season LOCKED v3.xlsx sha256=77bb6ecf48e805b62b8af238bbf7b3534330df0405b8a170e48bb5c234d532ba via Power_Crunch_Research_Lab_Phase5D_WalkForward_Package.zip; corpus self-declares SCHEDULE SYNTHETIC / SCORES SIMULATED; authorised for MVP_CONTROL_CALIBRATION_ONLY by R-V3-MVP-CONTROL-CORPUS-01,2025-10-04,2026-08-22,3.0.0-internal-shadow-mvp,V3-INTERNAL-SHADOW-MVP-2026-08-22-R1-001,training
G25-0308,2025,6,San Diego State,Marshall,HOME,-10.983455,3.547591,-11.031046,-2.0,L,GOVERNED_SYNTHETIC_CONTROL: 2025 Synthetic Season LOCKED v3.xlsx sha256=77bb6ecf48e805b62b8af238bbf7b3534330df0405b8a170e48bb5c234d532ba via Power_Crunch_Research_Lab_Phase5D_WalkForward_Package.zip; corpus self-declares SCHEDULE SYNTHETIC / SCORES SIMULATED; authorised for MVP_CONTROL_CALIBRATION_ONLY by R-V3-MVP-CONTROL-CORPUS-01,2025-10-04,2026-08-22,3.0.0-internal-shadow-mvp,V3-INTERNAL-SHADOW-MVP-2026-08-22-R1-001,training
G25-0308,2025,6,Marshall,San Diego State,AWAY,3.547591,-10.983455,11.031046,2.0,W,GOVERNED_SYNTHETIC_CONTROL: 2025 Synthetic Season LOCKED v3.xlsx sha256=77bb6ecf48e805b62b8af238bbf7b3534330df0405b8a170e48bb5c234d532ba via Power_Crunch_Research_Lab_Phase5D_WalkForward_Package.zip; corpus self-declares SCHEDULE SYNTHETIC / SCORES SIMULATED; authorised for MVP_CONTROL_CALIBRATION_ONLY by R-V3-MVP-CONTROL-CORPUS-01,2025-10-04,2026-08-22,3.0.0-internal-shadow-mvp,V3-INTERNAL-SHADOW-MVP-2026-08-22-R1-001,training
G25-0309,2025,6,South Carolina,Florida,HOME,-9.329295,-2.481681,-3.347615,-8.0,L,GOVERNED_SYNTHETIC_CONTROL: 2025 Synthetic Season LOCKED v3.xlsx sha256=77bb6ecf48e805b62b8af238bbf7b3534330df0405b8a170e48bb5c234d532ba via Power_Crunch_Research_Lab_Phase5D_WalkForward_Package.zip; corpus self-declares SCHEDULE SYNTHETIC / SCORES SIMULATED; authorised for MVP_CONTROL_CALIBRATION_ONLY by R-V3-MVP-CONTROL-CORPUS-01,2025-10-04,2026-08-22,3.0.0-internal-shadow-mvp,V3-INTERNAL-SHADOW-MVP-2026-08-22-R1-001,training
G25-0309,2025,6,Florida,South Carolina,AWAY,-2.481681,-9.329295,3.347615,8.0,W,GOVERNED_SYNTHETIC_CONTROL: 2025 Synthetic Season LOCKED v3.xlsx sha256=77bb6ecf48e805b62b8af238bbf7b3534330df0405b8a170e48bb5c234d532ba via Power_Crunch_Research_Lab_Phase5D_WalkForward_Package.zip; corpus self-declares SCHEDULE SYNTHETIC / SCORES SIMULATED; authorised for MVP_CONTROL_CALIBRATION_ONLY by R-V3-MVP-CONTROL-CORPUS-01,2025-10-04,2026-08-22,3.0.0-internal-shadow-mvp,V3-INTERNAL-SHADOW-MVP-2026-08-22-R1-001,training
G25-0310,2025,6,Southern Miss,South Florida,HOME,-12.324842,-8.421539,-0.403304,-34.0,L,GOVERNED_SYNTHETIC_CONTROL: 2025 Synthetic Season LOCKED v3.xlsx sha256=77bb6ecf48e805b62b8af238bbf7b3534330df0405b8a170e48bb5c234d532ba via Power_Crunch_Research_Lab_Phase5D_WalkForward_Package.zip; corpus self-declares SCHEDULE SYNTHETIC / SCORES SIMULATED; authorised for MVP_CONTROL_CALIBRATION_ONLY by R-V3-MVP-CONTROL-CORPUS-01,2025-10-04,2026-08-22,3.0.0-internal-shadow-mvp,V3-INTERNAL-SHADOW-MVP-2026-08-22-R1-001,training
G25-0310,2025,6,South Florida,Southern Miss,AWAY,-8.421539,-12.324842,0.403304,34.0,W,GOVERNED_SYNTHETIC_CONTROL: 2025 Synthetic Season LOCKED v3.xlsx sha256=77bb6ecf48e805b62b8af238bbf7b3534330df0405b8a170e48bb5c234d532ba via Power_Crunch_Research_Lab_Phase5D_WalkForward_Package.zip; corpus self-declares SCHEDULE SYNTHETIC / SCORES SIMULATED; authorised for MVP_CONTROL_CALIBRATION_ONLY by R-V3-MVP-CONTROL-CORPUS-01,2025-10-04,2026-08-22,3.0.0-internal-shadow-mvp,V3-INTERNAL-SHADOW-MVP-2026-08-22-R1-001,training
G25-0311,2025,6,Syracuse,Florida Atlantic,HOME,-11.325313,-7.321881,-0.503432,17.0,W,GOVERNED_SYNTHETIC_CONTROL: 2025 Synthetic Season LOCKED v3.xlsx sha256=77bb6ecf48e805b62b8af238bbf7b3534330df0405b8a170e48bb5c234d532ba via Power_Crunch_Research_Lab_Phase5D_WalkForward_Package.zip; corpus self-declares SCHEDULE SYNTHETIC / SCORES SIMULATED; authorised for MVP_CONTROL_CALIBRATION_ONLY by R-V3-MVP-CONTROL-CORPUS-01,2025-10-04,2026-08-22,3.0.0-internal-shadow-mvp,V3-INTERNAL-SHADOW-MVP-2026-08-22-R1-001,training
G25-0311,2025,6,Florida Atlantic,Syracuse,AWAY,-7.321881,-11.325313,0.503432,-17.0,L,GOVERNED_SYNTHETIC_CONTROL: 2025 Synthetic Season LOCKED v3.xlsx sha256=77bb6ecf48e805b62b8af238bbf7b3534330df0405b8a170e48bb5c234d532ba via Power_Crunch_Research_Lab_Phase5D_WalkForward_Package.zip; corpus self-declares SCHEDULE SYNTHETIC / SCORES SIMULATED; authorised for MVP_CONTROL_CALIBRATION_ONLY by R-V3-MVP-CONTROL-CORPUS-01,2025-10-04,2026-08-22,3.0.0-internal-shadow-mvp,V3-INTERNAL-SHADOW-MVP-2026-08-22-R1-001,training
G25-0312,2025,6,TCU,Texas Tech,HOME,19.129694,27.495141,-4.865447,-24.0,L,GOVERNED_SYNTHETIC_CONTROL: 2025 Synthetic Season LOCKED v3.xlsx sha256=77bb6ecf48e805b62b8af238bbf7b3534330df0405b8a170e48bb5c234d532ba via Power_Crunch_Research_Lab_Phase5D_WalkForward_Package.zip; corpus self-declares SCHEDULE SYNTHETIC / SCORES SIMULATED; authorised for MVP_CONTROL_CALIBRATION_ONLY by R-V3-MVP-CONTROL-CORPUS-01,2025-10-04,2026-08-22,3.0.0-internal-shadow-mvp,V3-INTERNAL-SHADOW-MVP-2026-08-22-R1-001,training
G25-0312,2025,6,Texas Tech,TCU,AWAY,27.495141,19.129694,4.865447,24.0,W,GOVERNED_SYNTHETIC_CONTROL: 2025 Synthetic Season LOCKED v3.xlsx sha256=77bb6ecf48e805b62b8af238bbf7b3534330df0405b8a170e48bb5c234d532ba via Power_Crunch_Research_Lab_Phase5D_WalkForward_Package.zip; corpus self-declares SCHEDULE SYNTHETIC / SCORES SIMULATED; authorised for MVP_CONTROL_CALIBRATION_ONLY by R-V3-MVP-CONTROL-CORPUS-01,2025-10-04,2026-08-22,3.0.0-internal-shadow-mvp,V3-INTERNAL-SHADOW-MVP-2026-08-22-R1-001,training
G25-0313,2025,6,Temple,Memphis,HOME,-19.381697,3.107091,-18.988788,7.0,W,GOVERNED_SYNTHETIC_CONTROL: 2025 Synthetic Season LOCKED v3.xlsx sha256=77bb6ecf48e805b62b8af238bbf7b3534330df0405b8a170e48bb5c234d532ba via Power_Crunch_Research_Lab_Phase5D_WalkForward_Package.zip; corpus self-declares SCHEDULE SYNTHETIC / SCORES SIMULATED; authorised for MVP_CONTROL_CALIBRATION_ONLY by R-V3-MVP-CONTROL-CORPUS-01,2025-10-04,2026-08-22,3.0.0-internal-shadow-mvp,V3-INTERNAL-SHADOW-MVP-2026-08-22-R1-001,training
G25-0313,2025,6,Memphis,Temple,AWAY,3.107091,-19.381697,18.988788,-7.0,L,GOVERNED_SYNTHETIC_CONTROL: 2025 Synthetic Season LOCKED v3.xlsx sha256=77bb6ecf48e805b62b8af238bbf7b3534330df0405b8a170e48bb5c234d532ba via Power_Crunch_Research_Lab_Phase5D_WalkForward_Package.zip; corpus self-declares SCHEDULE SYNTHETIC / SCORES SIMULATED; authorised for MVP_CONTROL_CALIBRATION_ONLY by R-V3-MVP-CONTROL-CORPUS-01,2025-10-04,2026-08-22,3.0.0-internal-shadow-mvp,V3-INTERNAL-SHADOW-MVP-2026-08-22-R1-001,training
G25-0314,2025,6,Texas A&M,Texas,HOME,30.691653,28.255855,5.935798,-9.0,L,GOVERNED_SYNTHETIC_CONTROL: 2025 Synthetic Season LOCKED v3.xlsx sha256=77bb6ecf48e805b62b8af238bbf7b3534330df0405b8a170e48bb5c234d532ba via Power_Crunch_Research_Lab_Phase5D_WalkForward_Package.zip; corpus self-declares SCHEDULE SYNTHETIC / SCORES SIMULATED; authorised for MVP_CONTROL_CALIBRATION_ONLY by R-V3-MVP-CONTROL-CORPUS-01,2025-10-04,2026-08-22,3.0.0-internal-shadow-mvp,V3-INTERNAL-SHADOW-MVP-2026-08-22-R1-001,training
G25-0314,2025,6,Texas,Texas A&M,AWAY,28.255855,30.691653,-5.935798,9.0,W,GOVERNED_SYNTHETIC_CONTROL: 2025 Synthetic Season LOCKED v3.xlsx sha256=77bb6ecf48e805b62b8af238bbf7b3534330df0405b8a170e48bb5c234d532ba via Power_Crunch_Research_Lab_Phase5D_WalkForward_Package.zip; corpus self-declares SCHEDULE SYNTHETIC / SCORES SIMULATED; authorised for MVP_CONTROL_CALIBRATION_ONLY by R-V3-MVP-CONTROL-CORPUS-01,2025-10-04,2026-08-22,3.0.0-internal-shadow-mvp,V3-INTERNAL-SHADOW-MVP-2026-08-22-R1-001,training
G25-0315,2025,6,Texas State,Middle Tennessee,HOME,-9.499413,-10.204727,4.205314,4.0,W,GOVERNED_SYNTHETIC_CONTROL: 2025 Synthetic Season LOCKED v3.xlsx sha256=77bb6ecf48e805b62b8af238bbf7b3534330df0405b8a170e48bb5c234d532ba via Power_Crunch_Research_Lab_Phase5D_WalkForward_Package.zip; corpus self-declares SCHEDULE SYNTHETIC / SCORES SIMULATED; authorised for MVP_CONTROL_CALIBRATION_ONLY by R-V3-MVP-CONTROL-CORPUS-01,2025-10-04,2026-08-22,3.0.0-internal-shadow-mvp,V3-INTERNAL-SHADOW-MVP-2026-08-22-R1-001,training
G25-0315,2025,6,Middle Tennessee,Texas State,AWAY,-10.204727,-9.499413,-4.205314,-4.0,L,GOVERNED_SYNTHETIC_CONTROL: 2025 Synthetic Season LOCKED v3.xlsx sha256=77bb6ecf48e805b62b8af238bbf7b3534330df0405b8a170e48bb5c234d532ba via Power_Crunch_Research_Lab_Phase5D_WalkForward_Package.zip; corpus self-declares SCHEDULE SYNTHETIC / SCORES SIMULATED; authorised for MVP_CONTROL_CALIBRATION_ONLY by R-V3-MVP-CONTROL-CORPUS-01,2025-10-04,2026-08-22,3.0.0-internal-shadow-mvp,V3-INTERNAL-SHADOW-MVP-2026-08-22-R1-001,training
G25-0316,2025,6,Troy,Georgia State,HOME,-8.020104,-9.125656,4.605552,-4.0,L,GOVERNED_SYNTHETIC_CONTROL: 2025 Synthetic Season LOCKED v3.xlsx sha256=77bb6ecf48e805b62b8af238bbf7b3534330df0405b8a170e48bb5c234d532ba via Power_Crunch_Research_Lab_Phase5D_WalkForward_Package.zip; corpus self-declares SCHEDULE SYNTHETIC / SCORES SIMULATED; authorised for MVP_CONTROL_CALIBRATION_ONLY by R-V3-MVP-CONTROL-CORPUS-01,2025-10-04,2026-08-22,3.0.0-internal-shadow-mvp,V3-INTERNAL-SHADOW-MVP-2026-08-22-R1-001,training
G25-0316,2025,6,Georgia State,Troy,AWAY,-9.125656,-8.020104,-4.605552,4.0,W,GOVERNED_SYNTHETIC_CONTROL: 2025 Synthetic Season LOCKED v3.xlsx sha256=77bb6ecf48e805b62b8af238bbf7b3534330df0405b8a170e48bb5c234d532ba via Power_Crunch_Research_Lab_Phase5D_WalkForward_Package.zip; corpus self-declares SCHEDULE SYNTHETIC / SCORES SIMULATED; authorised for MVP_CONTROL_CALIBRATION_ONLY by R-V3-MVP-CONTROL-CORPUS-01,2025-10-04,2026-08-22,3.0.0-internal-shadow-mvp,V3-INTERNAL-SHADOW-MVP-2026-08-22-R1-001,training
G25-0317,2025,6,Tulane,North Texas,HOME,12.885578,2.943182,13.442395,19.0,W,GOVERNED_SYNTHETIC_CONTROL: 2025 Synthetic Season LOCKED v3.xlsx sha256=77bb6ecf48e805b62b8af238bbf7b3534330df0405b8a170e48bb5c234d532ba via Power_Crunch_Research_Lab_Phase5D_WalkForward_Package.zip; corpus self-declares SCHEDULE SYNTHETIC / SCORES SIMULATED; authorised for MVP_CONTROL_CALIBRATION_ONLY by R-V3-MVP-CONTROL-CORPUS-01,2025-10-04,2026-08-22,3.0.0-internal-shadow-mvp,V3-INTERNAL-SHADOW-MVP-2026-08-22-R1-001,training
G25-0317,2025,6,North Texas,Tulane,AWAY,2.943182,12.885578,-13.442395,-19.0,L,GOVERNED_SYNTHETIC_CONTROL: 2025 Synthetic Season LOCKED v3.xlsx sha256=77bb6ecf48e805b62b8af238bbf7b3534330df0405b8a170e48bb5c234d532ba via Power_Crunch_Research_Lab_Phase5D_WalkForward_Package.zip; corpus self-declares SCHEDULE SYNTHETIC / SCORES SIMULATED; authorised for MVP_CONTROL_CALIBRATION_ONLY by R-V3-MVP-CONTROL-CORPUS-01,2025-10-04,2026-08-22,3.0.0-internal-shadow-mvp,V3-INTERNAL-SHADOW-MVP-2026-08-22-R1-001,training
G25-0318,2025,6,UAB,Florida International,HOME,-12.15974,-12.170931,3.511191,3.0,W,GOVERNED_SYNTHETIC_CONTROL: 2025 Synthetic Season LOCKED v3.xlsx sha256=77bb6ecf48e805b62b8af238bbf7b3534330df0405b8a170e48bb5c234d532ba via Power_Crunch_Research_Lab_Phase5D_WalkForward_Package.zip; corpus self-declares SCHEDULE SYNTHETIC / SCORES SIMULATED; authorised for MVP_CONTROL_CALIBRATION_ONLY by R-V3-MVP-CONTROL-CORPUS-01,2025-10-04,2026-08-22,3.0.0-internal-shadow-mvp,V3-INTERNAL-SHADOW-MVP-2026-08-22-R1-001,training
G25-0318,2025,6,Florida International,UAB,AWAY,-12.170931,-12.15974,-3.511191,-3.0,L,GOVERNED_SYNTHETIC_CONTROL: 2025 Synthetic Season LOCKED v3.xlsx sha256=77bb6ecf48e805b62b8af238bbf7b3534330df0405b8a170e48bb5c234d532ba via Power_Crunch_Research_Lab_Phase5D_WalkForward_Package.zip; corpus self-declares SCHEDULE SYNTHETIC / SCORES SIMULATED; authorised for MVP_CONTROL_CALIBRATION_ONLY by R-V3-MVP-CONTROL-CORPUS-01,2025-10-04,2026-08-22,3.0.0-internal-shadow-mvp,V3-INTERNAL-SHADOW-MVP-2026-08-22-R1-001,training
G25-0319,2025,6,UNLV,Fresno State,HOME,0.259334,-6.757335,10.51667,3.0,W,GOVERNED_SYNTHETIC_CONTROL: 2025 Synthetic Season LOCKED v3.xlsx sha256=77bb6ecf48e805b62b8af238bbf7b3534330df0405b8a170e48bb5c234d532ba via Power_Crunch_Research_Lab_Phase5D_WalkForward_Package.zip; corpus self-declares SCHEDULE SYNTHETIC / SCORES SIMULATED; authorised for MVP_CONTROL_CALIBRATION_ONLY by R-V3-MVP-CONTROL-CORPUS-01,2025-10-04,2026-08-22,3.0.0-internal-shadow-mvp,V3-INTERNAL-SHADOW-MVP-2026-08-22-R1-001,training
G25-0319,2025,6,Fresno State,UNLV,AWAY,-6.757335,0.259334,-10.51667,-3.0,L,GOVERNED_SYNTHETIC_CONTROL: 2025 Synthetic Season LOCKED v3.xlsx sha256=77bb6ecf48e805b62b8af238bbf7b3534330df0405b8a170e48bb5c234d532ba via Power_Crunch_Research_Lab_Phase5D_WalkForward_Package.zip; corpus self-declares SCHEDULE SYNTHETIC / SCORES SIMULATED; authorised for MVP_CONTROL_CALIBRATION_ONLY by R-V3-MVP-CONTROL-CORPUS-01,2025-10-04,2026-08-22,3.0.0-internal-shadow-mvp,V3-INTERNAL-SHADOW-MVP-2026-08-22-R1-001,training
G25-0320,2025,6,USC,Michigan,HOME,9.512814,14.050396,-1.037582,13.0,W,GOVERNED_SYNTHETIC_CONTROL: 2025 Synthetic Season LOCKED v3.xlsx sha256=77bb6ecf48e805b62b8af238bbf7b3534330df0405b8a170e48bb5c234d532ba via Power_Crunch_Research_Lab_Phase5D_WalkForward_Package.zip; corpus self-declares SCHEDULE SYNTHETIC / SCORES SIMULATED; authorised for MVP_CONTROL_CALIBRATION_ONLY by R-V3-MVP-CONTROL-CORPUS-01,2025-10-04,2026-08-22,3.0.0-internal-shadow-mvp,V3-INTERNAL-SHADOW-MVP-2026-08-22-R1-001,training
G25-0320,2025,6,Michigan,USC,AWAY,14.050396,9.512814,1.037582,-13.0,L,GOVERNED_SYNTHETIC_CONTROL: 2025 Synthetic Season LOCKED v3.xlsx sha256=77bb6ecf48e805b62b8af238bbf7b3534330df0405b8a170e48bb5c234d532ba via Power_Crunch_Research_Lab_Phase5D_WalkForward_Package.zip; corpus self-declares SCHEDULE SYNTHETIC / SCORES SIMULATED; authorised for MVP_CONTROL_CALIBRATION_ONLY by R-V3-MVP-CONTROL-CORPUS-01,2025-10-04,2026-08-22,3.0.0-internal-shadow-mvp,V3-INTERNAL-SHADOW-MVP-2026-08-22-R1-001,training
G25-0321,2025,6,UTSA,Louisiana Tech,HOME,-20.338009,-14.172511,-2.665498,5.0,W,GOVERNED_SYNTHETIC_CONTROL: 2025 Synthetic Season LOCKED v3.xlsx sha256=77bb6ecf48e805b62b8af238bbf7b3534330df0405b8a170e48bb5c234d532ba via Power_Crunch_Research_Lab_Phase5D_WalkForward_Package.zip; corpus self-declares SCHEDULE SYNTHETIC / SCORES SIMULATED; authorised for MVP_CONTROL_CALIBRATION_ONLY by R-V3-MVP-CONTROL-CORPUS-01,2025-10-04,2026-08-22,3.0.0-internal-shadow-mvp,V3-INTERNAL-SHADOW-MVP-2026-08-22-R1-001,training
G25-0321,2025,6,Louisiana Tech,UTSA,AWAY,-14.172511,-20.338009,2.665498,-5.0,L,GOVERNED_SYNTHETIC_CONTROL: 2025 Synthetic Season LOCKED v3.xlsx sha256=77bb6ecf48e805b62b8af238bbf7b3534330df0405b8a170e48bb5c234d532ba via Power_Crunch_Research_Lab_Phase5D_WalkForward_Package.zip; corpus self-declares SCHEDULE SYNTHETIC / SCORES SIMULATED; authorised for MVP_CONTROL_CALIBRATION_ONLY by R-V3-MVP-CONTROL-CORPUS-01,2025-10-04,2026-08-22,3.0.0-internal-shadow-mvp,V3-INTERNAL-SHADOW-MVP-2026-08-22-R1-001,training
G25-0322,2025,6,Utah,Oklahoma State,HOME,15.305364,-1.255253,20.060617,34.0,W,GOVERNED_SYNTHETIC_CONTROL: 2025 Synthetic Season LOCKED v3.xlsx sha256=77bb6ecf48e805b62b8af238bbf7b3534330df0405b8a170e48bb5c234d532ba via Power_Crunch_Research_Lab_Phase5D_WalkForward_Package.zip; corpus self-declares SCHEDULE SYNTHETIC / SCORES SIMULATED; authorised for MVP_CONTROL_CALIBRATION_ONLY by R-V3-MVP-CONTROL-CORPUS-01,2025-10-04,2026-08-22,3.0.0-internal-shadow-mvp,V3-INTERNAL-SHADOW-MVP-2026-08-22-R1-001,training
G25-0322,2025,6,Oklahoma State,Utah,AWAY,-1.255253,15.305364,-20.060617,-34.0,L,GOVERNED_SYNTHETIC_CONTROL: 2025 Synthetic Season LOCKED v3.xlsx sha256=77bb6ecf48e805b62b8af238bbf7b3534330df0405b8a170e48bb5c234d532ba via Power_Crunch_Research_Lab_Phase5D_WalkForward_Package.zip; corpus self-declares SCHEDULE SYNTHETIC / SCORES SIMULATED; authorised for MVP_CONTROL_CALIBRATION_ONLY by R-V3-MVP-CONTROL-CORPUS-01,2025-10-04,2026-08-22,3.0.0-internal-shadow-mvp,V3-INTERNAL-SHADOW-MVP-2026-08-22-R1-001,training
G25-0323,2025,6,Virginia Tech,Buffalo,HOME,2.703295,-4.854549,11.057844,36.0,W,GOVERNED_SYNTHETIC_CONTROL: 2025 Synthetic Season LOCKED v3.xlsx sha256=77bb6ecf48e805b62b8af238bbf7b3534330df0405b8a170e48bb5c234d532ba via Power_Crunch_Research_Lab_Phase5D_WalkForward_Package.zip; corpus self-declares SCHEDULE SYNTHETIC / SCORES SIMULATED; authorised for MVP_CONTROL_CALIBRATION_ONLY by R-V3-MVP-CONTROL-CORPUS-01,2025-10-04,2026-08-22,3.0.0-internal-shadow-mvp,V3-INTERNAL-SHADOW-MVP-2026-08-22-R1-001,training
G25-0323,2025,6,Buffalo,Virginia Tech,AWAY,-4.854549,2.703295,-11.057844,-36.0,L,GOVERNED_SYNTHETIC_CONTROL: 2025 Synthetic Season LOCKED v3.xlsx sha256=77bb6ecf48e805b62b8af238bbf7b3534330df0405b8a170e48bb5c234d532ba via Power_Crunch_Research_Lab_Phase5D_WalkForward_Package.zip; corpus self-declares SCHEDULE SYNTHETIC / SCORES SIMULATED; authorised for MVP_CONTROL_CALIBRATION_ONLY by R-V3-MVP-CONTROL-CORPUS-01,2025-10-04,2026-08-22,3.0.0-internal-shadow-mvp,V3-INTERNAL-SHADOW-MVP-2026-08-22-R1-001,training
G25-0324,2025,6,Washington State,Iowa State,HOME,0.971078,1.821536,2.649542,-7.0,L,GOVERNED_SYNTHETIC_CONTROL: 2025 Synthetic Season LOCKED v3.xlsx sha256=77bb6ecf48e805b62b8af238bbf7b3534330df0405b8a170e48bb5c234d532ba via Power_Crunch_Research_Lab_Phase5D_WalkForward_Package.zip; corpus self-declares SCHEDULE SYNTHETIC / SCORES SIMULATED; authorised for MVP_CONTROL_CALIBRATION_ONLY by R-V3-MVP-CONTROL-CORPUS-01,2025-10-04,2026-08-22,3.0.0-internal-shadow-mvp,V3-INTERNAL-SHADOW-MVP-2026-08-22-R1-001,training
G25-0324,2025,6,Iowa State,Washington State,AWAY,1.821536,0.971078,-2.649542,7.0,W,GOVERNED_SYNTHETIC_CONTROL: 2025 Synthetic Season LOCKED v3.xlsx sha256=77bb6ecf48e805b62b8af238bbf7b3534330df0405b8a170e48bb5c234d532ba via Power_Crunch_Research_Lab_Phase5D_WalkForward_Package.zip; corpus self-declares SCHEDULE SYNTHETIC / SCORES SIMULATED; authorised for MVP_CONTROL_CALIBRATION_ONLY by R-V3-MVP-CONTROL-CORPUS-01,2025-10-04,2026-08-22,3.0.0-internal-shadow-mvp,V3-INTERNAL-SHADOW-MVP-2026-08-22-R1-001,training
G25-0325,2025,6,Wisconsin,Ohio State,HOME,-0.336704,23.743838,-20.580542,-44.0,L,GOVERNED_SYNTHETIC_CONTROL: 2025 Synthetic Season LOCKED v3.xlsx sha256=77bb6ecf48e805b62b8af238bbf7b3534330df0405b8a170e48bb5c234d532ba via Power_Crunch_Research_Lab_Phase5D_WalkForward_Package.zip; corpus self-declares SCHEDULE SYNTHETIC / SCORES SIMULATED; authorised for MVP_CONTROL_CALIBRATION_ONLY by R-V3-MVP-CONTROL-CORPUS-01,2025-10-04,2026-08-22,3.0.0-internal-shadow-mvp,V3-INTERNAL-SHADOW-MVP-2026-08-22-R1-001,training
G25-0325,2025,6,Ohio State,Wisconsin,AWAY,23.743838,-0.336704,20.580542,44.0,W,GOVERNED_SYNTHETIC_CONTROL: 2025 Synthetic Season LOCKED v3.xlsx sha256=77bb6ecf48e805b62b8af238bbf7b3534330df0405b8a170e48bb5c234d532ba via Power_Crunch_Research_Lab_Phase5D_WalkForward_Package.zip; corpus self-declares SCHEDULE SYNTHETIC / SCORES SIMULATED; authorised for MVP_CONTROL_CALIBRATION_ONLY by R-V3-MVP-CONTROL-CORPUS-01,2025-10-04,2026-08-22,3.0.0-internal-shadow-mvp,V3-INTERNAL-SHADOW-MVP-2026-08-22-R1-001,training
G25-0326,2025,6,Wyoming,Hawaii,HOME,-11.602385,-9.247544,1.145159,1.0,W,GOVERNED_SYNTHETIC_CONTROL: 2025 Synthetic Season LOCKED v3.xlsx sha256=77bb6ecf48e805b62b8af238bbf7b3534330df0405b8a170e48bb5c234d532ba via Power_Crunch_Research_Lab_Phase5D_WalkForward_Package.zip; corpus self-declares SCHEDULE SYNTHETIC / SCORES SIMULATED; authorised for MVP_CONTROL_CALIBRATION_ONLY by R-V3-MVP-CONTROL-CORPUS-01,2025-10-04,2026-08-22,3.0.0-internal-shadow-mvp,V3-INTERNAL-SHADOW-MVP-2026-08-22-R1-001,training
G25-0326,2025,6,Hawaii,Wyoming,AWAY,-9.247544,-11.602385,-1.145159,-1.0,L,GOVERNED_SYNTHETIC_CONTROL: 2025 Synthetic Season LOCKED v3.xlsx sha256=77bb6ecf48e805b62b8af238bbf7b3534330df0405b8a170e48bb5c234d532ba via Power_Crunch_Research_Lab_Phase5D_WalkForward_Package.zip; corpus self-declares SCHEDULE SYNTHETIC / SCORES SIMULATED; authorised for MVP_CONTROL_CALIBRATION_ONLY by R-V3-MVP-CONTROL-CORPUS-01,2025-10-04,2026-08-22,3.0.0-internal-shadow-mvp,V3-INTERNAL-SHADOW-MVP-2026-08-22-R1-001,training
G25-0327,2025,7,Air Force,Ole Miss,HOME,-7.957537,32.040291,-36.497828,-47.0,L,GOVERNED_SYNTHETIC_CONTROL: 2025 Synthetic Season LOCKED v3.xlsx sha256=77bb6ecf48e805b62b8af238bbf7b3534330df0405b8a170e48bb5c234d532ba via Power_Crunch_Research_Lab_Phase5D_WalkForward_Package.zip; corpus self-declares SCHEDULE SYNTHETIC / SCORES SIMULATED; authorised for MVP_CONTROL_CALIBRATION_ONLY by R-V3-MVP-CONTROL-CORPUS-01,2025-10-11,2026-08-22,3.0.0-internal-shadow-mvp,V3-INTERNAL-SHADOW-MVP-2026-08-22-R1-001,training
G25-0327,2025,7,Ole Miss,Air Force,AWAY,32.040291,-7.957537,36.497828,47.0,W,GOVERNED_SYNTHETIC_CONTROL: 2025 Synthetic Season LOCKED v3.xlsx sha256=77bb6ecf48e805b62b8af238bbf7b3534330df0405b8a170e48bb5c234d532ba via Power_Crunch_Research_Lab_Phase5D_WalkForward_Package.zip; corpus self-declares SCHEDULE SYNTHETIC / SCORES SIMULATED; authorised for MVP_CONTROL_CALIBRATION_ONLY by R-V3-MVP-CONTROL-CORPUS-01,2025-10-11,2026-08-22,3.0.0-internal-shadow-mvp,V3-INTERNAL-SHADOW-MVP-2026-08-22-R1-001,training
G25-0328,2025,7,Boise State,UNLV,HOME,-6.091072,-3.388814,0.797742,23.0,W,GOVERNED_SYNTHETIC_CONTROL: 2025 Synthetic Season LOCKED v3.xlsx sha256=77bb6ecf48e805b62b8af238bbf7b3534330df0405b8a170e48bb5c234d532ba via Power_Crunch_Research_Lab_Phase5D_WalkForward_Package.zip; corpus self-declares SCHEDULE SYNTHETIC / SCORES SIMULATED; authorised for MVP_CONTROL_CALIBRATION_ONLY by R-V3-MVP-CONTROL-CORPUS-01,2025-10-11,2026-08-22,3.0.0-internal-shadow-mvp,V3-INTERNAL-SHADOW-MVP-2026-08-22-R1-001,training
G25-0328,2025,7,UNLV,Boise State,AWAY,-3.388814,-6.091072,-0.797742,-23.0,L,GOVERNED_SYNTHETIC_CONTROL: 2025 Synthetic Season LOCKED v3.xlsx sha256=77bb6ecf48e805b62b8af238bbf7b3534330df0405b8a170e48bb5c234d532ba via Power_Crunch_Research_Lab_Phase5D_WalkForward_Package.zip; corpus self-declares SCHEDULE SYNTHETIC / SCORES SIMULATED; authorised for MVP_CONTROL_CALIBRATION_ONLY by R-V3-MVP-CONTROL-CORPUS-01,2025-10-11,2026-08-22,3.0.0-internal-shadow-mvp,V3-INTERNAL-SHADOW-MVP-2026-08-22-R1-001,training
G25-0329,2025,7,Boston College,Virginia,HOME,-5.193177,10.935062,-12.628239,-44.0,L,GOVERNED_SYNTHETIC_CONTROL: 2025 Synthetic Season LOCKED v3.xlsx sha256=77bb6ecf48e805b62b8af238bbf7b3534330df0405b8a170e48bb5c234d532ba via Power_Crunch_Research_Lab_Phase5D_WalkForward_Package.zip; corpus self-declares SCHEDULE SYNTHETIC / SCORES SIMULATED; authorised for MVP_CONTROL_CALIBRATION_ONLY by R-V3-MVP-CONTROL-CORPUS-01,2025-10-11,2026-08-22,3.0.0-internal-shadow-mvp,V3-INTERNAL-SHADOW-MVP-2026-08-22-R1-001,training
G25-0329,2025,7,Virginia,Boston College,AWAY,10.935062,-5.193177,12.628239,44.0,W,GOVERNED_SYNTHETIC_CONTROL: 2025 Synthetic Season LOCKED v3.xlsx sha256=77bb6ecf48e805b62b8af238bbf7b3534330df0405b8a170e48bb5c234d532ba via Power_Crunch_Research_Lab_Phase5D_WalkForward_Package.zip; corpus self-declares SCHEDULE SYNTHETIC / SCORES SIMULATED; authorised for MVP_CONTROL_CALIBRATION_ONLY by R-V3-MVP-CONTROL-CORPUS-01,2025-10-11,2026-08-22,3.0.0-internal-shadow-mvp,V3-INTERNAL-SHADOW-MVP-2026-08-22-R1-001,training
G25-0330,2025,7,Cincinnati,West Virginia,HOME,-3.044164,0.213026,0.24281,1.0,W,GOVERNED_SYNTHETIC_CONTROL: 2025 Synthetic Season LOCKED v3.xlsx sha256=77bb6ecf48e805b62b8af238bbf7b3534330df0405b8a170e48bb5c234d532ba via Power_Crunch_Research_Lab_Phase5D_WalkForward_Package.zip; corpus self-declares SCHEDULE SYNTHETIC / SCORES SIMULATED; authorised for MVP_CONTROL_CALIBRATION_ONLY by R-V3-MVP-CONTROL-CORPUS-01,2025-10-11,2026-08-22,3.0.0-internal-shadow-mvp,V3-INTERNAL-SHADOW-MVP-2026-08-22-R1-001,training
G25-0330,2025,7,West Virginia,Cincinnati,AWAY,0.213026,-3.044164,-0.24281,-1.0,L,GOVERNED_SYNTHETIC_CONTROL: 2025 Synthetic Season LOCKED v3.xlsx sha256=77bb6ecf48e805b62b8af238bbf7b3534330df0405b8a170e48bb5c234d532ba via Power_Crunch_Research_Lab_Phase5D_WalkForward_Package.zip; corpus self-declares SCHEDULE SYNTHETIC / SCORES SIMULATED; authorised for MVP_CONTROL_CALIBRATION_ONLY by R-V3-MVP-CONTROL-CORPUS-01,2025-10-11,2026-08-22,3.0.0-internal-shadow-mvp,V3-INTERNAL-SHADOW-MVP-2026-08-22-R1-001,training
G25-0331,2025,7,Colgate,New Mexico,HOME,-16.222774,-5.072338,-7.650436,15.0,W,GOVERNED_SYNTHETIC_CONTROL: 2025 Synthetic Season LOCKED v3.xlsx sha256=77bb6ecf48e805b62b8af238bbf7b3534330df0405b8a170e48bb5c234d532ba via Power_Crunch_Research_Lab_Phase5D_WalkForward_Package.zip; corpus self-declares SCHEDULE SYNTHETIC / SCORES SIMULATED; authorised for MVP_CONTROL_CALIBRATION_ONLY by R-V3-MVP-CONTROL-CORPUS-01,2025-10-11,2026-08-22,3.0.0-internal-shadow-mvp,V3-INTERNAL-SHADOW-MVP-2026-08-22-R1-001,training
G25-0331,2025,7,New Mexico,Colgate,AWAY,-5.072338,-16.222774,7.650436,-15.0,L,GOVERNED_SYNTHETIC_CONTROL: 2025 Synthetic Season LOCKED v3.xlsx sha256=77bb6ecf48e805b62b8af238bbf7b3534330df0405b8a170e48bb5c234d532ba via Power_Crunch_Research_Lab_Phase5D_WalkForward_Package.zip; corpus self-declares SCHEDULE SYNTHETIC / SCORES SIMULATED; authorised for MVP_CONTROL_CALIBRATION_ONLY by R-V3-MVP-CONTROL-CORPUS-01,2025-10-11,2026-08-22,3.0.0-internal-shadow-mvp,V3-INTERNAL-SHADOW-MVP-2026-08-22-R1-001,training
G25-0332,2025,7,Colorado State,Iowa State,HOME,-12.191291,-1.374717,-7.316574,-3.0,L,GOVERNED_SYNTHETIC_CONTROL: 2025 Synthetic Season LOCKED v3.xlsx sha256=77bb6ecf48e805b62b8af238bbf7b3534330df0405b8a170e48bb5c234d532ba via Power_Crunch_Research_Lab_Phase5D_WalkForward_Package.zip; corpus self-declares SCHEDULE SYNTHETIC / SCORES SIMULATED; authorised for MVP_CONTROL_CALIBRATION_ONLY by R-V3-MVP-CONTROL-CORPUS-01,2025-10-11,2026-08-22,3.0.0-internal-shadow-mvp,V3-INTERNAL-SHADOW-MVP-2026-08-22-R1-001,training
G25-0332,2025,7,Iowa State,Colorado State,AWAY,-1.374717,-12.191291,7.316574,3.0,W,GOVERNED_SYNTHETIC_CONTROL: 2025 Synthetic Season LOCKED v3.xlsx sha256=77bb6ecf48e805b62b8af238bbf7b3534330df0405b8a170e48bb5c234d532ba via Power_Crunch_Research_Lab_Phase5D_WalkForward_Package.zip; corpus self-declares SCHEDULE SYNTHETIC / SCORES SIMULATED; authorised for MVP_CONTROL_CALIBRATION_ONLY by R-V3-MVP-CONTROL-CORPUS-01,2025-10-11,2026-08-22,3.0.0-internal-shadow-mvp,V3-INTERNAL-SHADOW-MVP-2026-08-22-R1-001,training
G25-0333,2025,7,Cornell,Yale,HOME,-14.539952,-20.689175,9.649223,-16.0,L,GOVERNED_SYNTHETIC_CONTROL: 2025 Synthetic Season LOCKED v3.xlsx sha256=77bb6ecf48e805b62b8af238bbf7b3534330df0405b8a170e48bb5c234d532ba via Power_Crunch_Research_Lab_Phase5D_WalkForward_Package.zip; corpus self-declares SCHEDULE SYNTHETIC / SCORES SIMULATED; authorised for MVP_CONTROL_CALIBRATION_ONLY by R-V3-MVP-CONTROL-CORPUS-01,2025-10-11,2026-08-22,3.0.0-internal-shadow-mvp,V3-INTERNAL-SHADOW-MVP-2026-08-22-R1-001,training
G25-0333,2025,7,Yale,Cornell,AWAY,-20.689175,-14.539952,-9.649223,16.0,W,GOVERNED_SYNTHETIC_CONTROL: 2025 Synthetic Season LOCKED v3.xlsx sha256=77bb6ecf48e805b62b8af238bbf7b3534330df0405b8a170e48bb5c234d532ba via Power_Crunch_Research_Lab_Phase5D_WalkForward_Package.zip; corpus self-declares SCHEDULE SYNTHETIC / SCORES SIMULATED; authorised for MVP_CONTROL_CALIBRATION_ONLY by R-V3-MVP-CONTROL-CORPUS-01,2025-10-11,2026-08-22,3.0.0-internal-shadow-mvp,V3-INTERNAL-SHADOW-MVP-2026-08-22-R1-001,training
G25-0334,2025,7,Florida,LSU,HOME,-5.446173,-9.238984,7.29281,-18.0,L,GOVERNED_SYNTHETIC_CONTROL: 2025 Synthetic Season LOCKED v3.xlsx sha256=77bb6ecf48e805b62b8af238bbf7b3534330df0405b8a170e48bb5c234d532ba via Power_Crunch_Research_Lab_Phase5D_WalkForward_Package.zip; corpus self-declares SCHEDULE SYNTHETIC / SCORES SIMULATED; authorised for MVP_CONTROL_CALIBRATION_ONLY by R-V3-MVP-CONTROL-CORPUS-01,2025-10-11,2026-08-22,3.0.0-internal-shadow-mvp,V3-INTERNAL-SHADOW-MVP-2026-08-22-R1-001,training
G25-0334,2025,7,LSU,Florida,AWAY,-9.238984,-5.446173,-7.29281,18.0,W,GOVERNED_SYNTHETIC_CONTROL: 2025 Synthetic Season LOCKED v3.xlsx sha256=77bb6ecf48e805b62b8af238bbf7b3534330df0405b8a170e48bb5c234d532ba via Power_Crunch_Research_Lab_Phase5D_WalkForward_Package.zip; corpus self-declares SCHEDULE SYNTHETIC / SCORES SIMULATED; authorised for MVP_CONTROL_CALIBRATION_ONLY by R-V3-MVP-CONTROL-CORPUS-01,2025-10-11,2026-08-22,3.0.0-internal-shadow-mvp,V3-INTERNAL-SHADOW-MVP-2026-08-22-R1-001,training
G25-0335,2025,7,Florida Atlantic,Tulane,HOME,-10.438998,13.840549,-20.779546,-37.0,L,GOVERNED_SYNTHETIC_CONTROL: 2025 Synthetic Season LOCKED v3.xlsx sha256=77bb6ecf48e805b62b8af238bbf7b3534330df0405b8a170e48bb5c234d532ba via Power_Crunch_Research_Lab_Phase5D_WalkForward_Package.zip; corpus self-declares SCHEDULE SYNTHETIC / SCORES SIMULATED; authorised for MVP_CONTROL_CALIBRATION_ONLY by R-V3-MVP-CONTROL-CORPUS-01,2025-10-11,2026-08-22,3.0.0-internal-shadow-mvp,V3-INTERNAL-SHADOW-MVP-2026-08-22-R1-001,training
G25-0335,2025,7,Tulane,Florida Atlantic,AWAY,13.840549,-10.438998,20.779546,37.0,W,GOVERNED_SYNTHETIC_CONTROL: 2025 Synthetic Season LOCKED v3.xlsx sha256=77bb6ecf48e805b62b8af238bbf7b3534330df0405b8a170e48bb5c234d532ba via Power_Crunch_Research_Lab_Phase5D_WalkForward_Package.zip; corpus self-declares SCHEDULE SYNTHETIC / SCORES SIMULATED; authorised for MVP_CONTROL_CALIBRATION_ONLY by R-V3-MVP-CONTROL-CORPUS-01,2025-10-11,2026-08-22,3.0.0-internal-shadow-mvp,V3-INTERNAL-SHADOW-MVP-2026-08-22-R1-001,training
G25-0336,2025,7,Fresno State,Georgia Tech,HOME,-7.41487,14.555749,-18.470619,-30.0,L,GOVERNED_SYNTHETIC_CONTROL: 2025 Synthetic Season LOCKED v3.xlsx sha256=77bb6ecf48e805b62b8af238bbf7b3534330df0405b8a170e48bb5c234d532ba via Power_Crunch_Research_Lab_Phase5D_WalkForward_Package.zip; corpus self-declares SCHEDULE SYNTHETIC / SCORES SIMULATED; authorised for MVP_CONTROL_CALIBRATION_ONLY by R-V3-MVP-CONTROL-CORPUS-01,2025-10-11,2026-08-22,3.0.0-internal-shadow-mvp,V3-INTERNAL-SHADOW-MVP-2026-08-22-R1-001,training
G25-0336,2025,7,Georgia Tech,Fresno State,AWAY,14.555749,-7.41487,18.470619,30.0,W,GOVERNED_SYNTHETIC_CONTROL: 2025 Synthetic Season LOCKED v3.xlsx sha256=77bb6ecf48e805b62b8af238bbf7b3534330df0405b8a170e48bb5c234d532ba via Power_Crunch_Research_Lab_Phase5D_WalkForward_Package.zip; corpus self-declares SCHEDULE SYNTHETIC / SCORES SIMULATED; authorised for MVP_CONTROL_CALIBRATION_ONLY by R-V3-MVP-CONTROL-CORPUS-01,2025-10-11,2026-08-22,3.0.0-internal-shadow-mvp,V3-INTERNAL-SHADOW-MVP-2026-08-22-R1-001,training
G25-0337,2025,7,Hawaii,Harvard,HOME,-9.222597,-24.058543,18.335946,8.0,W,GOVERNED_SYNTHETIC_CONTROL: 2025 Synthetic Season LOCKED v3.xlsx sha256=77bb6ecf48e805b62b8af238bbf7b3534330df0405b8a170e48bb5c234d532ba via Power_Crunch_Research_Lab_Phase5D_WalkForward_Package.zip; corpus self-declares SCHEDULE SYNTHETIC / SCORES SIMULATED; authorised for MVP_CONTROL_CALIBRATION_ONLY by R-V3-MVP-CONTROL-CORPUS-01,2025-10-11,2026-08-22,3.0.0-internal-shadow-mvp,V3-INTERNAL-SHADOW-MVP-2026-08-22-R1-001,training
G25-0337,2025,7,Harvard,Hawaii,AWAY,-24.058543,-9.222597,-18.335946,-8.0,L,GOVERNED_SYNTHETIC_CONTROL: 2025 Synthetic Season LOCKED v3.xlsx sha256=77bb6ecf48e805b62b8af238bbf7b3534330df0405b8a170e48bb5c234d532ba via Power_Crunch_Research_Lab_Phase5D_WalkForward_Package.zip; corpus self-declares SCHEDULE SYNTHETIC / SCORES SIMULATED; authorised for MVP_CONTROL_CALIBRATION_ONLY by R-V3-MVP-CONTROL-CORPUS-01,2025-10-11,2026-08-22,3.0.0-internal-shadow-mvp,V3-INTERNAL-SHADOW-MVP-2026-08-22-R1-001,training
G25-0338,2025,7,Houston,BYU,HOME,19.899874,27.039022,-3.639149,-19.0,L,GOVERNED_SYNTHETIC_CONTROL: 2025 Synthetic Season LOCKED v3.xlsx sha256=77bb6ecf48e805b62b8af238bbf7b3534330df0405b8a170e48bb5c234d532ba via Power_Crunch_Research_Lab_Phase5D_WalkForward_Package.zip; corpus self-declares SCHEDULE SYNTHETIC / SCORES SIMULATED; authorised for MVP_CONTROL_CALIBRATION_ONLY by R-V3-MVP-CONTROL-CORPUS-01,2025-10-11,2026-08-22,3.0.0-internal-shadow-mvp,V3-INTERNAL-SHADOW-MVP-2026-08-22-R1-001,training
G25-0338,2025,7,BYU,Houston,AWAY,27.039022,19.899874,3.639149,19.0,W,GOVERNED_SYNTHETIC_CONTROL: 2025 Synthetic Season LOCKED v3.xlsx sha256=77bb6ecf48e805b62b8af238bbf7b3534330df0405b8a170e48bb5c234d532ba via Power_Crunch_Research_Lab_Phase5D_WalkForward_Package.zip; corpus self-declares SCHEDULE SYNTHETIC / SCORES SIMULATED; authorised for MVP_CONTROL_CALIBRATION_ONLY by R-V3-MVP-CONTROL-CORPUS-01,2025-10-11,2026-08-22,3.0.0-internal-shadow-mvp,V3-INTERNAL-SHADOW-MVP-2026-08-22-R1-001,training
G25-0339,2025,7,Iowa,Georgia,HOME,34.302629,32.735806,5.066823,-3.0,L,GOVERNED_SYNTHETIC_CONTROL: 2025 Synthetic Season LOCKED v3.xlsx sha256=77bb6ecf48e805b62b8af238bbf7b3534330df0405b8a170e48bb5c234d532ba via Power_Crunch_Research_Lab_Phase5D_WalkForward_Package.zip; corpus self-declares SCHEDULE SYNTHETIC / SCORES SIMULATED; authorised for MVP_CONTROL_CALIBRATION_ONLY by R-V3-MVP-CONTROL-CORPUS-01,2025-10-11,2026-08-22,3.0.0-internal-shadow-mvp,V3-INTERNAL-SHADOW-MVP-2026-08-22-R1-001,training
G25-0339,2025,7,Georgia,Iowa,AWAY,32.735806,34.302629,-5.066823,3.0,W,GOVERNED_SYNTHETIC_CONTROL: 2025 Synthetic Season LOCKED v3.xlsx sha256=77bb6ecf48e805b62b8af238bbf7b3534330df0405b8a170e48bb5c234d532ba via Power_Crunch_Research_Lab_Phase5D_WalkForward_Package.zip; corpus self-declares SCHEDULE SYNTHETIC / SCORES SIMULATED; authorised for MVP_CONTROL_CALIBRATION_ONLY by R-V3-MVP-CONTROL-CORPUS-01,2025-10-11,2026-08-22,3.0.0-internal-shadow-mvp,V3-INTERNAL-SHADOW-MVP-2026-08-22-R1-001,training
G25-0340,2025,7,Kansas State,Arizona State,HOME,-12.371247,-9.261255,0.390008,3.0,W,GOVERNED_SYNTHETIC_CONTROL: 2025 Synthetic Season LOCKED v3.xlsx sha256=77bb6ecf48e805b62b8af238bbf7b3534330df0405b8a170e48bb5c234d532ba via Power_Crunch_Research_Lab_Phase5D_WalkForward_Package.zip; corpus self-declares SCHEDULE SYNTHETIC / SCORES SIMULATED; authorised for MVP_CONTROL_CALIBRATION_ONLY by R-V3-MVP-CONTROL-CORPUS-01,2025-10-11,2026-08-22,3.0.0-internal-shadow-mvp,V3-INTERNAL-SHADOW-MVP-2026-08-22-R1-001,training
G25-0340,2025,7,Arizona State,Kansas State,AWAY,-9.261255,-12.371247,-0.390008,-3.0,L,GOVERNED_SYNTHETIC_CONTROL: 2025 Synthetic Season LOCKED v3.xlsx sha256=77bb6ecf48e805b62b8af238bbf7b3534330df0405b8a170e48bb5c234d532ba via Power_Crunch_Research_Lab_Phase5D_WalkForward_Package.zip; corpus self-declares SCHEDULE SYNTHETIC / SCORES SIMULATED; authorised for MVP_CONTROL_CALIBRATION_ONLY by R-V3-MVP-CONTROL-CORPUS-01,2025-10-11,2026-08-22,3.0.0-internal-shadow-mvp,V3-INTERNAL-SHADOW-MVP-2026-08-22-R1-001,training
G25-0341,2025,7,Miami,Florida State,HOME,42.225156,-6.80868,52.533836,59.0,W,GOVERNED_SYNTHETIC_CONTROL: 2025 Synthetic Season LOCKED v3.xlsx sha256=77bb6ecf48e805b62b8af238bbf7b3534330df0405b8a170e48bb5c234d532ba via Power_Crunch_Research_Lab_Phase5D_WalkForward_Package.zip; corpus self-declares SCHEDULE SYNTHETIC / SCORES SIMULATED; authorised for MVP_CONTROL_CALIBRATION_ONLY by R-V3-MVP-CONTROL-CORPUS-01,2025-10-11,2026-08-22,3.0.0-internal-shadow-mvp,V3-INTERNAL-SHADOW-MVP-2026-08-22-R1-001,training
G25-0341,2025,7,Florida State,Miami,AWAY,-6.80868,42.225156,-52.533836,-59.0,L,GOVERNED_SYNTHETIC_CONTROL: 2025 Synthetic Season LOCKED v3.xlsx sha256=77bb6ecf48e805b62b8af238bbf7b3534330df0405b8a170e48bb5c234d532ba via Power_Crunch_Research_Lab_Phase5D_WalkForward_Package.zip; corpus self-declares SCHEDULE SYNTHETIC / SCORES SIMULATED; authorised for MVP_CONTROL_CALIBRATION_ONLY by R-V3-MVP-CONTROL-CORPUS-01,2025-10-11,2026-08-22,3.0.0-internal-shadow-mvp,V3-INTERNAL-SHADOW-MVP-2026-08-22-R1-001,training
G25-0342,2025,7,Middle Tennessee,Marshall,HOME,-10.86551,2.446285,-9.811795,3.0,W,GOVERNED_SYNTHETIC_CONTROL: 2025 Synthetic Season LOCKED v3.xlsx sha256=77bb6ecf48e805b62b8af238bbf7b3534330df0405b8a170e48bb5c234d532ba via Power_Crunch_Research_Lab_Phase5D_WalkForward_Package.zip; corpus self-declares SCHEDULE SYNTHETIC / SCORES SIMULATED; authorised for MVP_CONTROL_CALIBRATION_ONLY by R-V3-MVP-CONTROL-CORPUS-01,2025-10-11,2026-08-22,3.0.0-internal-shadow-mvp,V3-INTERNAL-SHADOW-MVP-2026-08-22-R1-001,training
G25-0342,2025,7,Marshall,Middle Tennessee,AWAY,2.446285,-10.86551,9.811795,-3.0,L,GOVERNED_SYNTHETIC_CONTROL: 2025 Synthetic Season LOCKED v3.xlsx sha256=77bb6ecf48e805b62b8af238bbf7b3534330df0405b8a170e48bb5c234d532ba via Power_Crunch_Research_Lab_Phase5D_WalkForward_Package.zip; corpus self-declares SCHEDULE SYNTHETIC / SCORES SIMULATED; authorised for MVP_CONTROL_CALIBRATION_ONLY by R-V3-MVP-CONTROL-CORPUS-01,2025-10-11,2026-08-22,3.0.0-internal-shadow-mvp,V3-INTERNAL-SHADOW-MVP-2026-08-22-R1-001,training
G25-0343,2025,7,Minnesota,Maryland,HOME,-9.833913,-6.281634,-0.052279,17.0,W,GOVERNED_SYNTHETIC_CONTROL: 2025 Synthetic Season LOCKED v3.xlsx sha256=77bb6ecf48e805b62b8af238bbf7b3534330df0405b8a170e48bb5c234d532ba via Power_Crunch_Research_Lab_Phase5D_WalkForward_Package.zip; corpus self-declares SCHEDULE SYNTHETIC / SCORES SIMULATED; authorised for MVP_CONTROL_CALIBRATION_ONLY by R-V3-MVP-CONTROL-CORPUS-01,2025-10-11,2026-08-22,3.0.0-internal-shadow-mvp,V3-INTERNAL-SHADOW-MVP-2026-08-22-R1-001,training
G25-0343,2025,7,Maryland,Minnesota,AWAY,-6.281634,-9.833913,0.052279,-17.0,L,GOVERNED_SYNTHETIC_CONTROL: 2025 Synthetic Season LOCKED v3.xlsx sha256=77bb6ecf48e805b62b8af238bbf7b3534330df0405b8a170e48bb5c234d532ba via Power_Crunch_Research_Lab_Phase5D_WalkForward_Package.zip; corpus self-declares SCHEDULE SYNTHETIC / SCORES SIMULATED; authorised for MVP_CONTROL_CALIBRATION_ONLY by R-V3-MVP-CONTROL-CORPUS-01,2025-10-11,2026-08-22,3.0.0-internal-shadow-mvp,V3-INTERNAL-SHADOW-MVP-2026-08-22-R1-001,training
G25-0344,2025,7,Missouri,Auburn,HOME,6.480358,-18.981759,28.962117,11.0,W,GOVERNED_SYNTHETIC_CONTROL: 2025 Synthetic Season LOCKED v3.xlsx sha256=77bb6ecf48e805b62b8af238bbf7b3534330df0405b8a170e48bb5c234d532ba via Power_Crunch_Research_Lab_Phase5D_WalkForward_Package.zip; corpus self-declares SCHEDULE SYNTHETIC / SCORES SIMULATED; authorised for MVP_CONTROL_CALIBRATION_ONLY by R-V3-MVP-CONTROL-CORPUS-01,2025-10-11,2026-08-22,3.0.0-internal-shadow-mvp,V3-INTERNAL-SHADOW-MVP-2026-08-22-R1-001,training
G25-0344,2025,7,Auburn,Missouri,AWAY,-18.981759,6.480358,-28.962117,-11.0,L,GOVERNED_SYNTHETIC_CONTROL: 2025 Synthetic Season LOCKED v3.xlsx sha256=77bb6ecf48e805b62b8af238bbf7b3534330df0405b8a170e48bb5c234d532ba via Power_Crunch_Research_Lab_Phase5D_WalkForward_Package.zip; corpus self-declares SCHEDULE SYNTHETIC / SCORES SIMULATED; authorised for MVP_CONTROL_CALIBRATION_ONLY by R-V3-MVP-CONTROL-CORPUS-01,2025-10-11,2026-08-22,3.0.0-internal-shadow-mvp,V3-INTERNAL-SHADOW-MVP-2026-08-22-R1-001,training
G25-0345,2025,7,Navy,Army,HOME,-2.666958,9.635265,-8.802223,17.0,W,GOVERNED_SYNTHETIC_CONTROL: 2025 Synthetic Season LOCKED v3.xlsx sha256=77bb6ecf48e805b62b8af238bbf7b3534330df0405b8a170e48bb5c234d532ba via Power_Crunch_Research_Lab_Phase5D_WalkForward_Package.zip; corpus self-declares SCHEDULE SYNTHETIC / SCORES SIMULATED; authorised for MVP_CONTROL_CALIBRATION_ONLY by R-V3-MVP-CONTROL-CORPUS-01,2025-10-11,2026-08-22,3.0.0-internal-shadow-mvp,V3-INTERNAL-SHADOW-MVP-2026-08-22-R1-001,training
G25-0345,2025,7,Army,Navy,AWAY,9.635265,-2.666958,8.802223,-17.0,L,GOVERNED_SYNTHETIC_CONTROL: 2025 Synthetic Season LOCKED v3.xlsx sha256=77bb6ecf48e805b62b8af238bbf7b3534330df0405b8a170e48bb5c234d532ba via Power_Crunch_Research_Lab_Phase5D_WalkForward_Package.zip; corpus self-declares SCHEDULE SYNTHETIC / SCORES SIMULATED; authorised for MVP_CONTROL_CALIBRATION_ONLY by R-V3-MVP-CONTROL-CORPUS-01,2025-10-11,2026-08-22,3.0.0-internal-shadow-mvp,V3-INTERNAL-SHADOW-MVP-2026-08-22-R1-001,training
G25-0346,2025,7,Nebraska,Penn State,HOME,-10.057605,-4.150516,-2.407089,5.0,W,GOVERNED_SYNTHETIC_CONTROL: 2025 Synthetic Season LOCKED v3.xlsx sha256=77bb6ecf48e805b62b8af238bbf7b3534330df0405b8a170e48bb5c234d532ba via Power_Crunch_Research_Lab_Phase5D_WalkForward_Package.zip; corpus self-declares SCHEDULE SYNTHETIC / SCORES SIMULATED; authorised for MVP_CONTROL_CALIBRATION_ONLY by R-V3-MVP-CONTROL-CORPUS-01,2025-10-11,2026-08-22,3.0.0-internal-shadow-mvp,V3-INTERNAL-SHADOW-MVP-2026-08-22-R1-001,training
G25-0346,2025,7,Penn State,Nebraska,AWAY,-4.150516,-10.057605,2.407089,-5.0,L,GOVERNED_SYNTHETIC_CONTROL: 2025 Synthetic Season LOCKED v3.xlsx sha256=77bb6ecf48e805b62b8af238bbf7b3534330df0405b8a170e48bb5c234d532ba via Power_Crunch_Research_Lab_Phase5D_WalkForward_Package.zip; corpus self-declares SCHEDULE SYNTHETIC / SCORES SIMULATED; authorised for MVP_CONTROL_CALIBRATION_ONLY by R-V3-MVP-CONTROL-CORPUS-01,2025-10-11,2026-08-22,3.0.0-internal-shadow-mvp,V3-INTERNAL-SHADOW-MVP-2026-08-22-R1-001,training
G25-0347,2025,7,Nevada,Washington State,HOME,-11.374615,-0.597767,-7.276848,9.0,W,GOVERNED_SYNTHETIC_CONTROL: 2025 Synthetic Season LOCKED v3.xlsx sha256=77bb6ecf48e805b62b8af238bbf7b3534330df0405b8a170e48bb5c234d532ba via Power_Crunch_Research_Lab_Phase5D_WalkForward_Package.zip; corpus self-declares SCHEDULE SYNTHETIC / SCORES SIMULATED; authorised for MVP_CONTROL_CALIBRATION_ONLY by R-V3-MVP-CONTROL-CORPUS-01,2025-10-11,2026-08-22,3.0.0-internal-shadow-mvp,V3-INTERNAL-SHADOW-MVP-2026-08-22-R1-001,training
G25-0347,2025,7,Washington State,Nevada,AWAY,-0.597767,-11.374615,7.276848,-9.0,L,GOVERNED_SYNTHETIC_CONTROL: 2025 Synthetic Season LOCKED v3.xlsx sha256=77bb6ecf48e805b62b8af238bbf7b3534330df0405b8a170e48bb5c234d532ba via Power_Crunch_Research_Lab_Phase5D_WalkForward_Package.zip; corpus self-declares SCHEDULE SYNTHETIC / SCORES SIMULATED; authorised for MVP_CONTROL_CALIBRATION_ONLY by R-V3-MVP-CONTROL-CORPUS-01,2025-10-11,2026-08-22,3.0.0-internal-shadow-mvp,V3-INTERNAL-SHADOW-MVP-2026-08-22-R1-001,training
G25-0349,2025,7,North Texas,Ohio State,HOME,4.010381,27.115823,-19.605442,-49.0,L,GOVERNED_SYNTHETIC_CONTROL: 2025 Synthetic Season LOCKED v3.xlsx sha256=77bb6ecf48e805b62b8af238bbf7b3534330df0405b8a170e48bb5c234d532ba via Power_Crunch_Research_Lab_Phase5D_WalkForward_Package.zip; corpus self-declares SCHEDULE SYNTHETIC / SCORES SIMULATED; authorised for MVP_CONTROL_CALIBRATION_ONLY by R-V3-MVP-CONTROL-CORPUS-01,2025-10-11,2026-08-22,3.0.0-internal-shadow-mvp,V3-INTERNAL-SHADOW-MVP-2026-08-22-R1-001,training
G25-0349,2025,7,Ohio State,North Texas,AWAY,27.115823,4.010381,19.605442,49.0,W,GOVERNED_SYNTHETIC_CONTROL: 2025 Synthetic Season LOCKED v3.xlsx sha256=77bb6ecf48e805b62b8af238bbf7b3534330df0405b8a170e48bb5c234d532ba via Power_Crunch_Research_Lab_Phase5D_WalkForward_Package.zip; corpus self-declares SCHEDULE SYNTHETIC / SCORES SIMULATED; authorised for MVP_CONTROL_CALIBRATION_ONLY by R-V3-MVP-CONTROL-CORPUS-01,2025-10-11,2026-08-22,3.0.0-internal-shadow-mvp,V3-INTERNAL-SHADOW-MVP-2026-08-22-R1-001,training
G25-0350,2025,7,Northwestern,Arizona,HOME,-9.120602,9.893278,-15.51388,-25.0,L,GOVERNED_SYNTHETIC_CONTROL: 2025 Synthetic Season LOCKED v3.xlsx sha256=77bb6ecf48e805b62b8af238bbf7b3534330df0405b8a170e48bb5c234d532ba via Power_Crunch_Research_Lab_Phase5D_WalkForward_Package.zip; corpus self-declares SCHEDULE SYNTHETIC / SCORES SIMULATED; authorised for MVP_CONTROL_CALIBRATION_ONLY by R-V3-MVP-CONTROL-CORPUS-01,2025-10-11,2026-08-22,3.0.0-internal-shadow-mvp,V3-INTERNAL-SHADOW-MVP-2026-08-22-R1-001,training
G25-0350,2025,7,Arizona,Northwestern,AWAY,9.893278,-9.120602,15.51388,25.0,W,GOVERNED_SYNTHETIC_CONTROL: 2025 Synthetic Season LOCKED v3.xlsx sha256=77bb6ecf48e805b62b8af238bbf7b3534330df0405b8a170e48bb5c234d532ba via Power_Crunch_Research_Lab_Phase5D_WalkForward_Package.zip; corpus self-declares SCHEDULE SYNTHETIC / SCORES SIMULATED; authorised for MVP_CONTROL_CALIBRATION_ONLY by R-V3-MVP-CONTROL-CORPUS-01,2025-10-11,2026-08-22,3.0.0-internal-shadow-mvp,V3-INTERNAL-SHADOW-MVP-2026-08-22-R1-001,training
G25-0351,2025,7,Oklahoma,South Carolina,HOME,33.417516,-15.06113,51.978646,63.0,W,GOVERNED_SYNTHETIC_CONTROL: 2025 Synthetic Season LOCKED v3.xlsx sha256=77bb6ecf48e805b62b8af238bbf7b3534330df0405b8a170e48bb5c234d532ba via Power_Crunch_Research_Lab_Phase5D_WalkForward_Package.zip; corpus self-declares SCHEDULE SYNTHETIC / SCORES SIMULATED; authorised for MVP_CONTROL_CALIBRATION_ONLY by R-V3-MVP-CONTROL-CORPUS-01,2025-10-11,2026-08-22,3.0.0-internal-shadow-mvp,V3-INTERNAL-SHADOW-MVP-2026-08-22-R1-001,training
G25-0351,2025,7,South Carolina,Oklahoma,AWAY,-15.06113,33.417516,-51.978646,-63.0,L,GOVERNED_SYNTHETIC_CONTROL: 2025 Synthetic Season LOCKED v3.xlsx sha256=77bb6ecf48e805b62b8af238bbf7b3534330df0405b8a170e48bb5c234d532ba via Power_Crunch_Research_Lab_Phase5D_WalkForward_Package.zip; corpus self-declares SCHEDULE SYNTHETIC / SCORES SIMULATED; authorised for MVP_CONTROL_CALIBRATION_ONLY by R-V3-MVP-CONTROL-CORPUS-01,2025-10-11,2026-08-22,3.0.0-internal-shadow-mvp,V3-INTERNAL-SHADOW-MVP-2026-08-22-R1-001,training
G25-0352,2025,7,Oklahoma State,Pittsburgh,HOME,-2.880301,5.317429,-4.697731,6.0,W,GOVERNED_SYNTHETIC_CONTROL: 2025 Synthetic Season LOCKED v3.xlsx sha256=77bb6ecf48e805b62b8af238bbf7b3534330df0405b8a170e48bb5c234d532ba via Power_Crunch_Research_Lab_Phase5D_WalkForward_Package.zip; corpus self-declares SCHEDULE SYNTHETIC / SCORES SIMULATED; authorised for MVP_CONTROL_CALIBRATION_ONLY by R-V3-MVP-CONTROL-CORPUS-01,2025-10-11,2026-08-22,3.0.0-internal-shadow-mvp,V3-INTERNAL-SHADOW-MVP-2026-08-22-R1-001,training
G25-0352,2025,7,Pittsburgh,Oklahoma State,AWAY,5.317429,-2.880301,4.697731,-6.0,L,GOVERNED_SYNTHETIC_CONTROL: 2025 Synthetic Season LOCKED v3.xlsx sha256=77bb6ecf48e805b62b8af238bbf7b3534330df0405b8a170e48bb5c234d532ba via Power_Crunch_Research_Lab_Phase5D_WalkForward_Package.zip; corpus self-declares SCHEDULE SYNTHETIC / SCORES SIMULATED; authorised for MVP_CONTROL_CALIBRATION_ONLY by R-V3-MVP-CONTROL-CORPUS-01,2025-10-11,2026-08-22,3.0.0-internal-shadow-mvp,V3-INTERNAL-SHADOW-MVP-2026-08-22-R1-001,training
G25-0353,2025,7,Old Dominion,Georgia Southern,HOME,3.241301,-9.033659,15.77496,19.0,W,GOVERNED_SYNTHETIC_CONTROL: 2025 Synthetic Season LOCKED v3.xlsx sha256=77bb6ecf48e805b62b8af238bbf7b3534330df0405b8a170e48bb5c234d532ba via Power_Crunch_Research_Lab_Phase5D_WalkForward_Package.zip; corpus self-declares SCHEDULE SYNTHETIC / SCORES SIMULATED; authorised for MVP_CONTROL_CALIBRATION_ONLY by R-V3-MVP-CONTROL-CORPUS-01,2025-10-11,2026-08-22,3.0.0-internal-shadow-mvp,V3-INTERNAL-SHADOW-MVP-2026-08-22-R1-001,training
G25-0353,2025,7,Georgia Southern,Old Dominion,AWAY,-9.033659,3.241301,-15.77496,-19.0,L,GOVERNED_SYNTHETIC_CONTROL: 2025 Synthetic Season LOCKED v3.xlsx sha256=77bb6ecf48e805b62b8af238bbf7b3534330df0405b8a170e48bb5c234d532ba via Power_Crunch_Research_Lab_Phase5D_WalkForward_Package.zip; corpus self-declares SCHEDULE SYNTHETIC / SCORES SIMULATED; authorised for MVP_CONTROL_CALIBRATION_ONLY by R-V3-MVP-CONTROL-CORPUS-01,2025-10-11,2026-08-22,3.0.0-internal-shadow-mvp,V3-INTERNAL-SHADOW-MVP-2026-08-22-R1-001,training
G25-0354,2025,7,Oregon,Michigan,HOME,35.840936,15.546924,23.794013,21.0,W,GOVERNED_SYNTHETIC_CONTROL: 2025 Synthetic Season LOCKED v3.xlsx sha256=77bb6ecf48e805b62b8af238bbf7b3534330df0405b8a170e48bb5c234d532ba via Power_Crunch_Research_Lab_Phase5D_WalkForward_Package.zip; corpus self-declares SCHEDULE SYNTHETIC / SCORES SIMULATED; authorised for MVP_CONTROL_CALIBRATION_ONLY by R-V3-MVP-CONTROL-CORPUS-01,2025-10-11,2026-08-22,3.0.0-internal-shadow-mvp,V3-INTERNAL-SHADOW-MVP-2026-08-22-R1-001,training
G25-0354,2025,7,Michigan,Oregon,AWAY,15.546924,35.840936,-23.794013,-21.0,L,GOVERNED_SYNTHETIC_CONTROL: 2025 Synthetic Season LOCKED v3.xlsx sha256=77bb6ecf48e805b62b8af238bbf7b3534330df0405b8a170e48bb5c234d532ba via Power_Crunch_Research_Lab_Phase5D_WalkForward_Package.zip; corpus self-declares SCHEDULE SYNTHETIC / SCORES SIMULATED; authorised for MVP_CONTROL_CALIBRATION_ONLY by R-V3-MVP-CONTROL-CORPUS-01,2025-10-11,2026-08-22,3.0.0-internal-shadow-mvp,V3-INTERNAL-SHADOW-MVP-2026-08-22-R1-001,training
G25-0355,2025,7,Oregon State,UConn,HOME,-6.823039,-1.870916,-1.452123,-17.0,L,GOVERNED_SYNTHETIC_CONTROL: 2025 Synthetic Season LOCKED v3.xlsx sha256=77bb6ecf48e805b62b8af238bbf7b3534330df0405b8a170e48bb5c234d532ba via Power_Crunch_Research_Lab_Phase5D_WalkForward_Package.zip; corpus self-declares SCHEDULE SYNTHETIC / SCORES SIMULATED; authorised for MVP_CONTROL_CALIBRATION_ONLY by R-V3-MVP-CONTROL-CORPUS-01,2025-10-11,2026-08-22,3.0.0-internal-shadow-mvp,V3-INTERNAL-SHADOW-MVP-2026-08-22-R1-001,training
G25-0355,2025,7,UConn,Oregon State,AWAY,-1.870916,-6.823039,1.452123,17.0,W,GOVERNED_SYNTHETIC_CONTROL: 2025 Synthetic Season LOCKED v3.xlsx sha256=77bb6ecf48e805b62b8af238bbf7b3534330df0405b8a170e48bb5c234d532ba via Power_Crunch_Research_Lab_Phase5D_WalkForward_Package.zip; corpus self-declares SCHEDULE SYNTHETIC / SCORES SIMULATED; authorised for MVP_CONTROL_CALIBRATION_ONLY by R-V3-MVP-CONTROL-CORPUS-01,2025-10-11,2026-08-22,3.0.0-internal-shadow-mvp,V3-INTERNAL-SHADOW-MVP-2026-08-22-R1-001,training
G25-0356,2025,7,Penn,Clemson,HOME,-16.006754,-3.522067,-8.984687,-1.0,L,GOVERNED_SYNTHETIC_CONTROL: 2025 Synthetic Season LOCKED v3.xlsx sha256=77bb6ecf48e805b62b8af238bbf7b3534330df0405b8a170e48bb5c234d532ba via Power_Crunch_Research_Lab_Phase5D_WalkForward_Package.zip; corpus self-declares SCHEDULE SYNTHETIC / SCORES SIMULATED; authorised for MVP_CONTROL_CALIBRATION_ONLY by R-V3-MVP-CONTROL-CORPUS-01,2025-10-11,2026-08-22,3.0.0-internal-shadow-mvp,V3-INTERNAL-SHADOW-MVP-2026-08-22-R1-001,training
G25-0356,2025,7,Clemson,Penn,AWAY,-3.522067,-16.006754,8.984687,1.0,W,GOVERNED_SYNTHETIC_CONTROL: 2025 Synthetic Season LOCKED v3.xlsx sha256=77bb6ecf48e805b62b8af238bbf7b3534330df0405b8a170e48bb5c234d532ba via Power_Crunch_Research_Lab_Phase5D_WalkForward_Package.zip; corpus self-declares SCHEDULE SYNTHETIC / SCORES SIMULATED; authorised for MVP_CONTROL_CALIBRATION_ONLY by R-V3-MVP-CONTROL-CORPUS-01,2025-10-11,2026-08-22,3.0.0-internal-shadow-mvp,V3-INTERNAL-SHADOW-MVP-2026-08-22-R1-001,training
G25-0357,2025,7,Princeton,Holy Cross,HOME,-3.746416,-18.015587,17.769171,-13.0,L,GOVERNED_SYNTHETIC_CONTROL: 2025 Synthetic Season LOCKED v3.xlsx sha256=77bb6ecf48e805b62b8af238bbf7b3534330df0405b8a170e48bb5c234d532ba via Power_Crunch_Research_Lab_Phase5D_WalkForward_Package.zip; corpus self-declares SCHEDULE SYNTHETIC / SCORES SIMULATED; authorised for MVP_CONTROL_CALIBRATION_ONLY by R-V3-MVP-CONTROL-CORPUS-01,2025-10-11,2026-08-22,3.0.0-internal-shadow-mvp,V3-INTERNAL-SHADOW-MVP-2026-08-22-R1-001,training
G25-0357,2025,7,Holy Cross,Princeton,AWAY,-18.015587,-3.746416,-17.769171,13.0,W,GOVERNED_SYNTHETIC_CONTROL: 2025 Synthetic Season LOCKED v3.xlsx sha256=77bb6ecf48e805b62b8af238bbf7b3534330df0405b8a170e48bb5c234d532ba via Power_Crunch_Research_Lab_Phase5D_WalkForward_Package.zip; corpus self-declares SCHEDULE SYNTHETIC / SCORES SIMULATED; authorised for MVP_CONTROL_CALIBRATION_ONLY by R-V3-MVP-CONTROL-CORPUS-01,2025-10-11,2026-08-22,3.0.0-internal-shadow-mvp,V3-INTERNAL-SHADOW-MVP-2026-08-22-R1-001,training
G25-0358,2025,7,Rice,UTSA,HOME,-4.562565,-23.4907,22.428135,3.0,W,GOVERNED_SYNTHETIC_CONTROL: 2025 Synthetic Season LOCKED v3.xlsx sha256=77bb6ecf48e805b62b8af238bbf7b3534330df0405b8a170e48bb5c234d532ba via Power_Crunch_Research_Lab_Phase5D_WalkForward_Package.zip; corpus self-declares SCHEDULE SYNTHETIC / SCORES SIMULATED; authorised for MVP_CONTROL_CALIBRATION_ONLY by R-V3-MVP-CONTROL-CORPUS-01,2025-10-11,2026-08-22,3.0.0-internal-shadow-mvp,V3-INTERNAL-SHADOW-MVP-2026-08-22-R1-001,training
G25-0358,2025,7,UTSA,Rice,AWAY,-23.4907,-4.562565,-22.428135,-3.0,L,GOVERNED_SYNTHETIC_CONTROL: 2025 Synthetic Season LOCKED v3.xlsx sha256=77bb6ecf48e805b62b8af238bbf7b3534330df0405b8a170e48bb5c234d532ba via Power_Crunch_Research_Lab_Phase5D_WalkForward_Package.zip; corpus self-declares SCHEDULE SYNTHETIC / SCORES SIMULATED; authorised for MVP_CONTROL_CALIBRATION_ONLY by R-V3-MVP-CONTROL-CORPUS-01,2025-10-11,2026-08-22,3.0.0-internal-shadow-mvp,V3-INTERNAL-SHADOW-MVP-2026-08-22-R1-001,training
G25-0359,2025,7,SMU,Syracuse,HOME,19.041277,-14.362276,36.903553,5.0,W,GOVERNED_SYNTHETIC_CONTROL: 2025 Synthetic Season LOCKED v3.xlsx sha256=77bb6ecf48e805b62b8af238bbf7b3534330df0405b8a170e48bb5c234d532ba via Power_Crunch_Research_Lab_Phase5D_WalkForward_Package.zip; corpus self-declares SCHEDULE SYNTHETIC / SCORES SIMULATED; authorised for MVP_CONTROL_CALIBRATION_ONLY by R-V3-MVP-CONTROL-CORPUS-01,2025-10-11,2026-08-22,3.0.0-internal-shadow-mvp,V3-INTERNAL-SHADOW-MVP-2026-08-22-R1-001,training
G25-0359,2025,7,Syracuse,SMU,AWAY,-14.362276,19.041277,-36.903553,-5.0,L,GOVERNED_SYNTHETIC_CONTROL: 2025 Synthetic Season LOCKED v3.xlsx sha256=77bb6ecf48e805b62b8af238bbf7b3534330df0405b8a170e48bb5c234d532ba via Power_Crunch_Research_Lab_Phase5D_WalkForward_Package.zip; corpus self-declares SCHEDULE SYNTHETIC / SCORES SIMULATED; authorised for MVP_CONTROL_CALIBRATION_ONLY by R-V3-MVP-CONTROL-CORPUS-01,2025-10-11,2026-08-22,3.0.0-internal-shadow-mvp,V3-INTERNAL-SHADOW-MVP-2026-08-22-R1-001,training
G25-0360,2025,7,San Diego State,Colorado,HOME,-8.763476,7.705108,-12.968584,-14.0,L,GOVERNED_SYNTHETIC_CONTROL: 2025 Synthetic Season LOCKED v3.xlsx sha256=77bb6ecf48e805b62b8af238bbf7b3534330df0405b8a170e48bb5c234d532ba via Power_Crunch_Research_Lab_Phase5D_WalkForward_Package.zip; corpus self-declares SCHEDULE SYNTHETIC / SCORES SIMULATED; authorised for MVP_CONTROL_CALIBRATION_ONLY by R-V3-MVP-CONTROL-CORPUS-01,2025-10-11,2026-08-22,3.0.0-internal-shadow-mvp,V3-INTERNAL-SHADOW-MVP-2026-08-22-R1-001,training
G25-0360,2025,7,Colorado,San Diego State,AWAY,7.705108,-8.763476,12.968584,14.0,W,GOVERNED_SYNTHETIC_CONTROL: 2025 Synthetic Season LOCKED v3.xlsx sha256=77bb6ecf48e805b62b8af238bbf7b3534330df0405b8a170e48bb5c234d532ba via Power_Crunch_Research_Lab_Phase5D_WalkForward_Package.zip; corpus self-declares SCHEDULE SYNTHETIC / SCORES SIMULATED; authorised for MVP_CONTROL_CALIBRATION_ONLY by R-V3-MVP-CONTROL-CORPUS-01,2025-10-11,2026-08-22,3.0.0-internal-shadow-mvp,V3-INTERNAL-SHADOW-MVP-2026-08-22-R1-001,training
G25-0361,2025,7,San Jose State,Mississippi State,HOME,-6.976537,-12.078126,8.60159,-36.0,L,GOVERNED_SYNTHETIC_CONTROL: 2025 Synthetic Season LOCKED v3.xlsx sha256=77bb6ecf48e805b62b8af238bbf7b3534330df0405b8a170e48bb5c234d532ba via Power_Crunch_Research_Lab_Phase5D_WalkForward_Package.zip; corpus self-declares SCHEDULE SYNTHETIC / SCORES SIMULATED; authorised for MVP_CONTROL_CALIBRATION_ONLY by R-V3-MVP-CONTROL-CORPUS-01,2025-10-11,2026-08-22,3.0.0-internal-shadow-mvp,V3-INTERNAL-SHADOW-MVP-2026-08-22-R1-001,training
G25-0361,2025,7,Mississippi State,San Jose State,AWAY,-12.078126,-6.976537,-8.60159,36.0,W,GOVERNED_SYNTHETIC_CONTROL: 2025 Synthetic Season LOCKED v3.xlsx sha256=77bb6ecf48e805b62b8af238bbf7b3534330df0405b8a170e48bb5c234d532ba via Power_Crunch_Research_Lab_Phase5D_WalkForward_Package.zip; corpus self-declares SCHEDULE SYNTHETIC / SCORES SIMULATED; authorised for MVP_CONTROL_CALIBRATION_ONLY by R-V3-MVP-CONTROL-CORPUS-01,2025-10-11,2026-08-22,3.0.0-internal-shadow-mvp,V3-INTERNAL-SHADOW-MVP-2026-08-22-R1-001,training
G25-0362,2025,7,South Florida,Memphis,HOME,-7.077037,-0.196623,-3.380414,-4.0,L,GOVERNED_SYNTHETIC_CONTROL: 2025 Synthetic Season LOCKED v3.xlsx sha256=77bb6ecf48e805b62b8af238bbf7b3534330df0405b8a170e48bb5c234d532ba via Power_Crunch_Research_Lab_Phase5D_WalkForward_Package.zip; corpus self-declares SCHEDULE SYNTHETIC / SCORES SIMULATED; authorised for MVP_CONTROL_CALIBRATION_ONLY by R-V3-MVP-CONTROL-CORPUS-01,2025-10-11,2026-08-22,3.0.0-internal-shadow-mvp,V3-INTERNAL-SHADOW-MVP-2026-08-22-R1-001,training
G25-0362,2025,7,Memphis,South Florida,AWAY,-0.196623,-7.077037,3.380414,4.0,W,GOVERNED_SYNTHETIC_CONTROL: 2025 Synthetic Season LOCKED v3.xlsx sha256=77bb6ecf48e805b62b8af238bbf7b3534330df0405b8a170e48bb5c234d532ba via Power_Crunch_Research_Lab_Phase5D_WalkForward_Package.zip; corpus self-declares SCHEDULE SYNTHETIC / SCORES SIMULATED; authorised for MVP_CONTROL_CALIBRATION_ONLY by R-V3-MVP-CONTROL-CORPUS-01,2025-10-11,2026-08-22,3.0.0-internal-shadow-mvp,V3-INTERNAL-SHADOW-MVP-2026-08-22-R1-001,training
G25-0363,2025,7,Stanford,Louisiana Tech,HOME,-9.579234,-15.791975,9.712741,12.0,W,GOVERNED_SYNTHETIC_CONTROL: 2025 Synthetic Season LOCKED v3.xlsx sha256=77bb6ecf48e805b62b8af238bbf7b3534330df0405b8a170e48bb5c234d532ba via Power_Crunch_Research_Lab_Phase5D_WalkForward_Package.zip; corpus self-declares SCHEDULE SYNTHETIC / SCORES SIMULATED; authorised for MVP_CONTROL_CALIBRATION_ONLY by R-V3-MVP-CONTROL-CORPUS-01,2025-10-11,2026-08-22,3.0.0-internal-shadow-mvp,V3-INTERNAL-SHADOW-MVP-2026-08-22-R1-001,training
G25-0363,2025,7,Louisiana Tech,Stanford,AWAY,-15.791975,-9.579234,-9.712741,-12.0,L,GOVERNED_SYNTHETIC_CONTROL: 2025 Synthetic Season LOCKED v3.xlsx sha256=77bb6ecf48e805b62b8af238bbf7b3534330df0405b8a170e48bb5c234d532ba via Power_Crunch_Research_Lab_Phase5D_WalkForward_Package.zip; corpus self-declares SCHEDULE SYNTHETIC / SCORES SIMULATED; authorised for MVP_CONTROL_CALIBRATION_ONLY by R-V3-MVP-CONTROL-CORPUS-01,2025-10-11,2026-08-22,3.0.0-internal-shadow-mvp,V3-INTERNAL-SHADOW-MVP-2026-08-22-R1-001,training
G25-0364,2025,7,Temple,Southern Miss,HOME,-18.549352,-14.706166,-0.343186,7.0,W,GOVERNED_SYNTHETIC_CONTROL: 2025 Synthetic Season LOCKED v3.xlsx sha256=77bb6ecf48e805b62b8af238bbf7b3534330df0405b8a170e48bb5c234d532ba via Power_Crunch_Research_Lab_Phase5D_WalkForward_Package.zip; corpus self-declares SCHEDULE SYNTHETIC / SCORES SIMULATED; authorised for MVP_CONTROL_CALIBRATION_ONLY by R-V3-MVP-CONTROL-CORPUS-01,2025-10-11,2026-08-22,3.0.0-internal-shadow-mvp,V3-INTERNAL-SHADOW-MVP-2026-08-22-R1-001,training
G25-0364,2025,7,Southern Miss,Temple,AWAY,-14.706166,-18.549352,0.343186,-7.0,L,GOVERNED_SYNTHETIC_CONTROL: 2025 Synthetic Season LOCKED v3.xlsx sha256=77bb6ecf48e805b62b8af238bbf7b3534330df0405b8a170e48bb5c234d532ba via Power_Crunch_Research_Lab_Phase5D_WalkForward_Package.zip; corpus self-declares SCHEDULE SYNTHETIC / SCORES SIMULATED; authorised for MVP_CONTROL_CALIBRATION_ONLY by R-V3-MVP-CONTROL-CORPUS-01,2025-10-11,2026-08-22,3.0.0-internal-shadow-mvp,V3-INTERNAL-SHADOW-MVP-2026-08-22-R1-001,training
G25-0365,2025,7,Texas,Alabama,HOME,32.541992,34.695686,1.346305,-15.0,L,GOVERNED_SYNTHETIC_CONTROL: 2025 Synthetic Season LOCKED v3.xlsx sha256=77bb6ecf48e805b62b8af238bbf7b3534330df0405b8a170e48bb5c234d532ba via Power_Crunch_Research_Lab_Phase5D_WalkForward_Package.zip; corpus self-declares SCHEDULE SYNTHETIC / SCORES SIMULATED; authorised for MVP_CONTROL_CALIBRATION_ONLY by R-V3-MVP-CONTROL-CORPUS-01,2025-10-11,2026-08-22,3.0.0-internal-shadow-mvp,V3-INTERNAL-SHADOW-MVP-2026-08-22-R1-001,training
G25-0365,2025,7,Alabama,Texas,AWAY,34.695686,32.541992,-1.346305,15.0,W,GOVERNED_SYNTHETIC_CONTROL: 2025 Synthetic Season LOCKED v3.xlsx sha256=77bb6ecf48e805b62b8af238bbf7b3534330df0405b8a170e48bb5c234d532ba via Power_Crunch_Research_Lab_Phase5D_WalkForward_Package.zip; corpus self-declares SCHEDULE SYNTHETIC / SCORES SIMULATED; authorised for MVP_CONTROL_CALIBRATION_ONLY by R-V3-MVP-CONTROL-CORPUS-01,2025-10-11,2026-08-22,3.0.0-internal-shadow-mvp,V3-INTERNAL-SHADOW-MVP-2026-08-22-R1-001,training
G25-0366,2025,7,Texas A&M,Vanderbilt,HOME,35.133023,18.373439,20.259584,28.0,W,GOVERNED_SYNTHETIC_CONTROL: 2025 Synthetic Season LOCKED v3.xlsx sha256=77bb6ecf48e805b62b8af238bbf7b3534330df0405b8a170e48bb5c234d532ba via Power_Crunch_Research_Lab_Phase5D_WalkForward_Package.zip; corpus self-declares SCHEDULE SYNTHETIC / SCORES SIMULATED; authorised for MVP_CONTROL_CALIBRATION_ONLY by R-V3-MVP-CONTROL-CORPUS-01,2025-10-11,2026-08-22,3.0.0-internal-shadow-mvp,V3-INTERNAL-SHADOW-MVP-2026-08-22-R1-001,training
G25-0366,2025,7,Vanderbilt,Texas A&M,AWAY,18.373439,35.133023,-20.259584,-28.0,L,GOVERNED_SYNTHETIC_CONTROL: 2025 Synthetic Season LOCKED v3.xlsx sha256=77bb6ecf48e805b62b8af238bbf7b3534330df0405b8a170e48bb5c234d532ba via Power_Crunch_Research_Lab_Phase5D_WalkForward_Package.zip; corpus self-declares SCHEDULE SYNTHETIC / SCORES SIMULATED; authorised for MVP_CONTROL_CALIBRATION_ONLY by R-V3-MVP-CONTROL-CORPUS-01,2025-10-11,2026-08-22,3.0.0-internal-shadow-mvp,V3-INTERNAL-SHADOW-MVP-2026-08-22-R1-001,training
G25-0367,2025,7,Texas State,California,HOME,-12.181813,-8.51436,-0.167453,1.0,W,GOVERNED_SYNTHETIC_CONTROL: 2025 Synthetic Season LOCKED v3.xlsx sha256=77bb6ecf48e805b62b8af238bbf7b3534330df0405b8a170e48bb5c234d532ba via Power_Crunch_Research_Lab_Phase5D_WalkForward_Package.zip; corpus self-declares SCHEDULE SYNTHETIC / SCORES SIMULATED; authorised for MVP_CONTROL_CALIBRATION_ONLY by R-V3-MVP-CONTROL-CORPUS-01,2025-10-11,2026-08-22,3.0.0-internal-shadow-mvp,V3-INTERNAL-SHADOW-MVP-2026-08-22-R1-001,training
G25-0367,2025,7,California,Texas State,AWAY,-8.51436,-12.181813,0.167453,-1.0,L,GOVERNED_SYNTHETIC_CONTROL: 2025 Synthetic Season LOCKED v3.xlsx sha256=77bb6ecf48e805b62b8af238bbf7b3534330df0405b8a170e48bb5c234d532ba via Power_Crunch_Research_Lab_Phase5D_WalkForward_Package.zip; corpus self-declares SCHEDULE SYNTHETIC / SCORES SIMULATED; authorised for MVP_CONTROL_CALIBRATION_ONLY by R-V3-MVP-CONTROL-CORPUS-01,2025-10-11,2026-08-22,3.0.0-internal-shadow-mvp,V3-INTERNAL-SHADOW-MVP-2026-08-22-R1-001,training
G25-0368,2025,7,Troy,Louisville,HOME,-8.882909,1.000578,-6.383487,-14.0,L,GOVERNED_SYNTHETIC_CONTROL: 2025 Synthetic Season LOCKED v3.xlsx sha256=77bb6ecf48e805b62b8af238bbf7b3534330df0405b8a170e48bb5c234d532ba via Power_Crunch_Research_Lab_Phase5D_WalkForward_Package.zip; corpus self-declares SCHEDULE SYNTHETIC / SCORES SIMULATED; authorised for MVP_CONTROL_CALIBRATION_ONLY by R-V3-MVP-CONTROL-CORPUS-01,2025-10-11,2026-08-22,3.0.0-internal-shadow-mvp,V3-INTERNAL-SHADOW-MVP-2026-08-22-R1-001,training
G25-0368,2025,7,Louisville,Troy,AWAY,1.000578,-8.882909,6.383487,14.0,W,GOVERNED_SYNTHETIC_CONTROL: 2025 Synthetic Season LOCKED v3.xlsx sha256=77bb6ecf48e805b62b8af238bbf7b3534330df0405b8a170e48bb5c234d532ba via Power_Crunch_Research_Lab_Phase5D_WalkForward_Package.zip; corpus self-declares SCHEDULE SYNTHETIC / SCORES SIMULATED; authorised for MVP_CONTROL_CALIBRATION_ONLY by R-V3-MVP-CONTROL-CORPUS-01,2025-10-11,2026-08-22,3.0.0-internal-shadow-mvp,V3-INTERNAL-SHADOW-MVP-2026-08-22-R1-001,training
G25-0369,2025,7,UAB,Tennessee,HOME,-11.09918,14.833025,-22.432204,-50.0,L,GOVERNED_SYNTHETIC_CONTROL: 2025 Synthetic Season LOCKED v3.xlsx sha256=77bb6ecf48e805b62b8af238bbf7b3534330df0405b8a170e48bb5c234d532ba via Power_Crunch_Research_Lab_Phase5D_WalkForward_Package.zip; corpus self-declares SCHEDULE SYNTHETIC / SCORES SIMULATED; authorised for MVP_CONTROL_CALIBRATION_ONLY by R-V3-MVP-CONTROL-CORPUS-01,2025-10-11,2026-08-22,3.0.0-internal-shadow-mvp,V3-INTERNAL-SHADOW-MVP-2026-08-22-R1-001,training
G25-0369,2025,7,Tennessee,UAB,AWAY,14.833025,-11.09918,22.432204,50.0,W,GOVERNED_SYNTHETIC_CONTROL: 2025 Synthetic Season LOCKED v3.xlsx sha256=77bb6ecf48e805b62b8af238bbf7b3534330df0405b8a170e48bb5c234d532ba via Power_Crunch_Research_Lab_Phase5D_WalkForward_Package.zip; corpus self-declares SCHEDULE SYNTHETIC / SCORES SIMULATED; authorised for MVP_CONTROL_CALIBRATION_ONLY by R-V3-MVP-CONTROL-CORPUS-01,2025-10-11,2026-08-22,3.0.0-internal-shadow-mvp,V3-INTERNAL-SHADOW-MVP-2026-08-22-R1-001,training
G25-0370,2025,7,UCF,Buffalo,HOME,-7.819585,-6.552812,2.233227,24.0,W,GOVERNED_SYNTHETIC_CONTROL: 2025 Synthetic Season LOCKED v3.xlsx sha256=77bb6ecf48e805b62b8af238bbf7b3534330df0405b8a170e48bb5c234d532ba via Power_Crunch_Research_Lab_Phase5D_WalkForward_Package.zip; corpus self-declares SCHEDULE SYNTHETIC / SCORES SIMULATED; authorised for MVP_CONTROL_CALIBRATION_ONLY by R-V3-MVP-CONTROL-CORPUS-01,2025-10-11,2026-08-22,3.0.0-internal-shadow-mvp,V3-INTERNAL-SHADOW-MVP-2026-08-22-R1-001,training
G25-0370,2025,7,Buffalo,UCF,AWAY,-6.552812,-7.819585,-2.233227,-24.0,L,GOVERNED_SYNTHETIC_CONTROL: 2025 Synthetic Season LOCKED v3.xlsx sha256=77bb6ecf48e805b62b8af238bbf7b3534330df0405b8a170e48bb5c234d532ba via Power_Crunch_Research_Lab_Phase5D_WalkForward_Package.zip; corpus self-declares SCHEDULE SYNTHETIC / SCORES SIMULATED; authorised for MVP_CONTROL_CALIBRATION_ONLY by R-V3-MVP-CONTROL-CORPUS-01,2025-10-11,2026-08-22,3.0.0-internal-shadow-mvp,V3-INTERNAL-SHADOW-MVP-2026-08-22-R1-001,training
G25-0371,2025,7,UCLA,Purdue,HOME,-8.514078,-26.341509,21.327431,5.0,W,GOVERNED_SYNTHETIC_CONTROL: 2025 Synthetic Season LOCKED v3.xlsx sha256=77bb6ecf48e805b62b8af238bbf7b3534330df0405b8a170e48bb5c234d532ba via Power_Crunch_Research_Lab_Phase5D_WalkForward_Package.zip; corpus self-declares SCHEDULE SYNTHETIC / SCORES SIMULATED; authorised for MVP_CONTROL_CALIBRATION_ONLY by R-V3-MVP-CONTROL-CORPUS-01,2025-10-11,2026-08-22,3.0.0-internal-shadow-mvp,V3-INTERNAL-SHADOW-MVP-2026-08-22-R1-001,training
G25-0371,2025,7,Purdue,UCLA,AWAY,-26.341509,-8.514078,-21.327431,-5.0,L,GOVERNED_SYNTHETIC_CONTROL: 2025 Synthetic Season LOCKED v3.xlsx sha256=77bb6ecf48e805b62b8af238bbf7b3534330df0405b8a170e48bb5c234d532ba via Power_Crunch_Research_Lab_Phase5D_WalkForward_Package.zip; corpus self-declares SCHEDULE SYNTHETIC / SCORES SIMULATED; authorised for MVP_CONTROL_CALIBRATION_ONLY by R-V3-MVP-CONTROL-CORPUS-01,2025-10-11,2026-08-22,3.0.0-internal-shadow-mvp,V3-INTERNAL-SHADOW-MVP-2026-08-22-R1-001,training
G25-0372,2025,7,Utah,Baylor,HOME,20.171393,2.649689,21.021704,34.0,W,GOVERNED_SYNTHETIC_CONTROL: 2025 Synthetic Season LOCKED v3.xlsx sha256=77bb6ecf48e805b62b8af238bbf7b3534330df0405b8a170e48bb5c234d532ba via Power_Crunch_Research_Lab_Phase5D_WalkForward_Package.zip; corpus self-declares SCHEDULE SYNTHETIC / SCORES SIMULATED; authorised for MVP_CONTROL_CALIBRATION_ONLY by R-V3-MVP-CONTROL-CORPUS-01,2025-10-11,2026-08-22,3.0.0-internal-shadow-mvp,V3-INTERNAL-SHADOW-MVP-2026-08-22-R1-001,training
G25-0372,2025,7,Baylor,Utah,AWAY,2.649689,20.171393,-21.021704,-34.0,L,GOVERNED_SYNTHETIC_CONTROL: 2025 Synthetic Season LOCKED v3.xlsx sha256=77bb6ecf48e805b62b8af238bbf7b3534330df0405b8a170e48bb5c234d532ba via Power_Crunch_Research_Lab_Phase5D_WalkForward_Package.zip; corpus self-declares SCHEDULE SYNTHETIC / SCORES SIMULATED; authorised for MVP_CONTROL_CALIBRATION_ONLY by R-V3-MVP-CONTROL-CORPUS-01,2025-10-11,2026-08-22,3.0.0-internal-shadow-mvp,V3-INTERNAL-SHADOW-MVP-2026-08-22-R1-001,training
G25-0373,2025,7,Utah State,Wyoming,HOME,-14.250598,-13.354167,2.60357,16.0,W,GOVERNED_SYNTHETIC_CONTROL: 2025 Synthetic Season LOCKED v3.xlsx sha256=77bb6ecf48e805b62b8af238bbf7b3534330df0405b8a170e48bb5c234d532ba via Power_Crunch_Research_Lab_Phase5D_WalkForward_Package.zip; corpus self-declares SCHEDULE SYNTHETIC / SCORES SIMULATED; authorised for MVP_CONTROL_CALIBRATION_ONLY by R-V3-MVP-CONTROL-CORPUS-01,2025-10-11,2026-08-22,3.0.0-internal-shadow-mvp,V3-INTERNAL-SHADOW-MVP-2026-08-22-R1-001,training
G25-0373,2025,7,Wyoming,Utah State,AWAY,-13.354167,-14.250598,-2.60357,-16.0,L,GOVERNED_SYNTHETIC_CONTROL: 2025 Synthetic Season LOCKED v3.xlsx sha256=77bb6ecf48e805b62b8af238bbf7b3534330df0405b8a170e48bb5c234d532ba via Power_Crunch_Research_Lab_Phase5D_WalkForward_Package.zip; corpus self-declares SCHEDULE SYNTHETIC / SCORES SIMULATED; authorised for MVP_CONTROL_CALIBRATION_ONLY by R-V3-MVP-CONTROL-CORPUS-01,2025-10-11,2026-08-22,3.0.0-internal-shadow-mvp,V3-INTERNAL-SHADOW-MVP-2026-08-22-R1-001,training
G25-0374,2025,7,Virginia Tech,East Carolina,HOME,2.546848,-2.452025,8.498874,-8.0,L,GOVERNED_SYNTHETIC_CONTROL: 2025 Synthetic Season LOCKED v3.xlsx sha256=77bb6ecf48e805b62b8af238bbf7b3534330df0405b8a170e48bb5c234d532ba via Power_Crunch_Research_Lab_Phase5D_WalkForward_Package.zip; corpus self-declares SCHEDULE SYNTHETIC / SCORES SIMULATED; authorised for MVP_CONTROL_CALIBRATION_ONLY by R-V3-MVP-CONTROL-CORPUS-01,2025-10-11,2026-08-22,3.0.0-internal-shadow-mvp,V3-INTERNAL-SHADOW-MVP-2026-08-22-R1-001,training
G25-0374,2025,7,East Carolina,Virginia Tech,AWAY,-2.452025,2.546848,-8.498874,8.0,W,GOVERNED_SYNTHETIC_CONTROL: 2025 Synthetic Season LOCKED v3.xlsx sha256=77bb6ecf48e805b62b8af238bbf7b3534330df0405b8a170e48bb5c234d532ba via Power_Crunch_Research_Lab_Phase5D_WalkForward_Package.zip; corpus self-declares SCHEDULE SYNTHETIC / SCORES SIMULATED; authorised for MVP_CONTROL_CALIBRATION_ONLY by R-V3-MVP-CONTROL-CORPUS-01,2025-10-11,2026-08-22,3.0.0-internal-shadow-mvp,V3-INTERNAL-SHADOW-MVP-2026-08-22-R1-001,training
G25-0375,2025,7,Washington,Wisconsin,HOME,14.919053,-3.957177,22.376231,30.0,W,GOVERNED_SYNTHETIC_CONTROL: 2025 Synthetic Season LOCKED v3.xlsx sha256=77bb6ecf48e805b62b8af238bbf7b3534330df0405b8a170e48bb5c234d532ba via Power_Crunch_Research_Lab_Phase5D_WalkForward_Package.zip; corpus self-declares SCHEDULE SYNTHETIC / SCORES SIMULATED; authorised for MVP_CONTROL_CALIBRATION_ONLY by R-V3-MVP-CONTROL-CORPUS-01,2025-10-11,2026-08-22,3.0.0-internal-shadow-mvp,V3-INTERNAL-SHADOW-MVP-2026-08-22-R1-001,training
G25-0375,2025,7,Wisconsin,Washington,AWAY,-3.957177,14.919053,-22.376231,-30.0,L,GOVERNED_SYNTHETIC_CONTROL: 2025 Synthetic Season LOCKED v3.xlsx sha256=77bb6ecf48e805b62b8af238bbf7b3534330df0405b8a170e48bb5c234d532ba via Power_Crunch_Research_Lab_Phase5D_WalkForward_Package.zip; corpus self-declares SCHEDULE SYNTHETIC / SCORES SIMULATED; authorised for MVP_CONTROL_CALIBRATION_ONLY by R-V3-MVP-CONTROL-CORPUS-01,2025-10-11,2026-08-22,3.0.0-internal-shadow-mvp,V3-INTERNAL-SHADOW-MVP-2026-08-22-R1-001,training
G25-0376,2025,8,Arizona,Cincinnati,HOME,13.008743,-2.980163,19.488906,32.0,W,GOVERNED_SYNTHETIC_CONTROL: 2025 Synthetic Season LOCKED v3.xlsx sha256=77bb6ecf48e805b62b8af238bbf7b3534330df0405b8a170e48bb5c234d532ba via Power_Crunch_Research_Lab_Phase5D_WalkForward_Package.zip; corpus self-declares SCHEDULE SYNTHETIC / SCORES SIMULATED; authorised for MVP_CONTROL_CALIBRATION_ONLY by R-V3-MVP-CONTROL-CORPUS-01,2025-10-18,2026-08-22,3.0.0-internal-shadow-mvp,V3-INTERNAL-SHADOW-MVP-2026-08-22-R1-001,training
G25-0376,2025,8,Cincinnati,Arizona,AWAY,-2.980163,13.008743,-19.488906,-32.0,L,GOVERNED_SYNTHETIC_CONTROL: 2025 Synthetic Season LOCKED v3.xlsx sha256=77bb6ecf48e805b62b8af238bbf7b3534330df0405b8a170e48bb5c234d532ba via Power_Crunch_Research_Lab_Phase5D_WalkForward_Package.zip; corpus self-declares SCHEDULE SYNTHETIC / SCORES SIMULATED; authorised for MVP_CONTROL_CALIBRATION_ONLY by R-V3-MVP-CONTROL-CORPUS-01,2025-10-18,2026-08-22,3.0.0-internal-shadow-mvp,V3-INTERNAL-SHADOW-MVP-2026-08-22-R1-001,training
G25-0377,2025,8,Arkansas,Michigan State,HOME,-14.577927,-27.310767,16.23284,-17.0,L,GOVERNED_SYNTHETIC_CONTROL: 2025 Synthetic Season LOCKED v3.xlsx sha256=77bb6ecf48e805b62b8af238bbf7b3534330df0405b8a170e48bb5c234d532ba via Power_Crunch_Research_Lab_Phase5D_WalkForward_Package.zip; corpus self-declares SCHEDULE SYNTHETIC / SCORES SIMULATED; authorised for MVP_CONTROL_CALIBRATION_ONLY by R-V3-MVP-CONTROL-CORPUS-01,2025-10-18,2026-08-22,3.0.0-internal-shadow-mvp,V3-INTERNAL-SHADOW-MVP-2026-08-22-R1-001,training
G25-0377,2025,8,Michigan State,Arkansas,AWAY,-27.310767,-14.577927,-16.23284,17.0,W,GOVERNED_SYNTHETIC_CONTROL: 2025 Synthetic Season LOCKED v3.xlsx sha256=77bb6ecf48e805b62b8af238bbf7b3534330df0405b8a170e48bb5c234d532ba via Power_Crunch_Research_Lab_Phase5D_WalkForward_Package.zip; corpus self-declares SCHEDULE SYNTHETIC / SCORES SIMULATED; authorised for MVP_CONTROL_CALIBRATION_ONLY by R-V3-MVP-CONTROL-CORPUS-01,2025-10-18,2026-08-22,3.0.0-internal-shadow-mvp,V3-INTERNAL-SHADOW-MVP-2026-08-22-R1-001,training
G25-0378,2025,8,Army,Memphis,HOME,8.327988,-2.364481,14.192469,6.0,W,GOVERNED_SYNTHETIC_CONTROL: 2025 Synthetic Season LOCKED v3.xlsx sha256=77bb6ecf48e805b62b8af238bbf7b3534330df0405b8a170e48bb5c234d532ba via Power_Crunch_Research_Lab_Phase5D_WalkForward_Package.zip; corpus self-declares SCHEDULE SYNTHETIC / SCORES SIMULATED; authorised for MVP_CONTROL_CALIBRATION_ONLY by R-V3-MVP-CONTROL-CORPUS-01,2025-10-18,2026-08-22,3.0.0-internal-shadow-mvp,V3-INTERNAL-SHADOW-MVP-2026-08-22-R1-001,training
G25-0378,2025,8,Memphis,Army,AWAY,-2.364481,8.327988,-14.192469,-6.0,L,GOVERNED_SYNTHETIC_CONTROL: 2025 Synthetic Season LOCKED v3.xlsx sha256=77bb6ecf48e805b62b8af238bbf7b3534330df0405b8a170e48bb5c234d532ba via Power_Crunch_Research_Lab_Phase5D_WalkForward_Package.zip; corpus self-declares SCHEDULE SYNTHETIC / SCORES SIMULATED; authorised for MVP_CONTROL_CALIBRATION_ONLY by R-V3-MVP-CONTROL-CORPUS-01,2025-10-18,2026-08-22,3.0.0-internal-shadow-mvp,V3-INTERNAL-SHADOW-MVP-2026-08-22-R1-001,training
G25-0379,2025,8,BYU,Texas Tech,HOME,33.115395,40.034774,-3.419379,-9.0,L,GOVERNED_SYNTHETIC_CONTROL: 2025 Synthetic Season LOCKED v3.xlsx sha256=77bb6ecf48e805b62b8af238bbf7b3534330df0405b8a170e48bb5c234d532ba via Power_Crunch_Research_Lab_Phase5D_WalkForward_Package.zip; corpus self-declares SCHEDULE SYNTHETIC / SCORES SIMULATED; authorised for MVP_CONTROL_CALIBRATION_ONLY by R-V3-MVP-CONTROL-CORPUS-01,2025-10-18,2026-08-22,3.0.0-internal-shadow-mvp,V3-INTERNAL-SHADOW-MVP-2026-08-22-R1-001,training
G25-0379,2025,8,Texas Tech,BYU,AWAY,40.034774,33.115395,3.419379,9.0,W,GOVERNED_SYNTHETIC_CONTROL: 2025 Synthetic Season LOCKED v3.xlsx sha256=77bb6ecf48e805b62b8af238bbf7b3534330df0405b8a170e48bb5c234d532ba via Power_Crunch_Research_Lab_Phase5D_WalkForward_Package.zip; corpus self-declares SCHEDULE SYNTHETIC / SCORES SIMULATED; authorised for MVP_CONTROL_CALIBRATION_ONLY by R-V3-MVP-CONTROL-CORPUS-01,2025-10-18,2026-08-22,3.0.0-internal-shadow-mvp,V3-INTERNAL-SHADOW-MVP-2026-08-22-R1-001,training
G25-0380,2025,8,Baylor,Oklahoma State,HOME,0.342396,-2.870831,6.713227,13.0,W,GOVERNED_SYNTHETIC_CONTROL: 2025 Synthetic Season LOCKED v3.xlsx sha256=77bb6ecf48e805b62b8af238bbf7b3534330df0405b8a170e48bb5c234d532ba via Power_Crunch_Research_Lab_Phase5D_WalkForward_Package.zip; corpus self-declares SCHEDULE SYNTHETIC / SCORES SIMULATED; authorised for MVP_CONTROL_CALIBRATION_ONLY by R-V3-MVP-CONTROL-CORPUS-01,2025-10-18,2026-08-22,3.0.0-internal-shadow-mvp,V3-INTERNAL-SHADOW-MVP-2026-08-22-R1-001,training
G25-0380,2025,8,Oklahoma State,Baylor,AWAY,-2.870831,0.342396,-6.713227,-13.0,L,GOVERNED_SYNTHETIC_CONTROL: 2025 Synthetic Season LOCKED v3.xlsx sha256=77bb6ecf48e805b62b8af238bbf7b3534330df0405b8a170e48bb5c234d532ba via Power_Crunch_Research_Lab_Phase5D_WalkForward_Package.zip; corpus self-declares SCHEDULE SYNTHETIC / SCORES SIMULATED; authorised for MVP_CONTROL_CALIBRATION_ONLY by R-V3-MVP-CONTROL-CORPUS-01,2025-10-18,2026-08-22,3.0.0-internal-shadow-mvp,V3-INTERNAL-SHADOW-MVP-2026-08-22-R1-001,training
G25-0381,2025,8,Boston College,Auburn,HOME,-9.238132,-21.617465,15.879333,-7.0,L,GOVERNED_SYNTHETIC_CONTROL: 2025 Synthetic Season LOCKED v3.xlsx sha256=77bb6ecf48e805b62b8af238bbf7b3534330df0405b8a170e48bb5c234d532ba via Power_Crunch_Research_Lab_Phase5D_WalkForward_Package.zip; corpus self-declares SCHEDULE SYNTHETIC / SCORES SIMULATED; authorised for MVP_CONTROL_CALIBRATION_ONLY by R-V3-MVP-CONTROL-CORPUS-01,2025-10-18,2026-08-22,3.0.0-internal-shadow-mvp,V3-INTERNAL-SHADOW-MVP-2026-08-22-R1-001,training
G25-0381,2025,8,Auburn,Boston College,AWAY,-21.617465,-9.238132,-15.879333,7.0,W,GOVERNED_SYNTHETIC_CONTROL: 2025 Synthetic Season LOCKED v3.xlsx sha256=77bb6ecf48e805b62b8af238bbf7b3534330df0405b8a170e48bb5c234d532ba via Power_Crunch_Research_Lab_Phase5D_WalkForward_Package.zip; corpus self-declares SCHEDULE SYNTHETIC / SCORES SIMULATED; authorised for MVP_CONTROL_CALIBRATION_ONLY by R-V3-MVP-CONTROL-CORPUS-01,2025-10-18,2026-08-22,3.0.0-internal-shadow-mvp,V3-INTERNAL-SHADOW-MVP-2026-08-22-R1-001,training
G25-0382,2025,8,Coastal Carolina,Troy,HOME,-11.655806,-9.955167,1.79936,-16.0,L,GOVERNED_SYNTHETIC_CONTROL: 2025 Synthetic Season LOCKED v3.xlsx sha256=77bb6ecf48e805b62b8af238bbf7b3534330df0405b8a170e48bb5c234d532ba via Power_Crunch_Research_Lab_Phase5D_WalkForward_Package.zip; corpus self-declares SCHEDULE SYNTHETIC / SCORES SIMULATED; authorised for MVP_CONTROL_CALIBRATION_ONLY by R-V3-MVP-CONTROL-CORPUS-01,2025-10-18,2026-08-22,3.0.0-internal-shadow-mvp,V3-INTERNAL-SHADOW-MVP-2026-08-22-R1-001,training
G25-0382,2025,8,Troy,Coastal Carolina,AWAY,-9.955167,-11.655806,-1.79936,16.0,W,GOVERNED_SYNTHETIC_CONTROL: 2025 Synthetic Season LOCKED v3.xlsx sha256=77bb6ecf48e805b62b8af238bbf7b3534330df0405b8a170e48bb5c234d532ba via Power_Crunch_Research_Lab_Phase5D_WalkForward_Package.zip; corpus self-declares SCHEDULE SYNTHETIC / SCORES SIMULATED; authorised for MVP_CONTROL_CALIBRATION_ONLY by R-V3-MVP-CONTROL-CORPUS-01,2025-10-18,2026-08-22,3.0.0-internal-shadow-mvp,V3-INTERNAL-SHADOW-MVP-2026-08-22-R1-001,training
G25-0383,2025,8,Colorado State,Air Force,HOME,-12.886013,-10.480263,1.094251,5.0,W,GOVERNED_SYNTHETIC_CONTROL: 2025 Synthetic Season LOCKED v3.xlsx sha256=77bb6ecf48e805b62b8af238bbf7b3534330df0405b8a170e48bb5c234d532ba via Power_Crunch_Research_Lab_Phase5D_WalkForward_Package.zip; corpus self-declares SCHEDULE SYNTHETIC / SCORES SIMULATED; authorised for MVP_CONTROL_CALIBRATION_ONLY by R-V3-MVP-CONTROL-CORPUS-01,2025-10-18,2026-08-22,3.0.0-internal-shadow-mvp,V3-INTERNAL-SHADOW-MVP-2026-08-22-R1-001,training
G25-0383,2025,8,Air Force,Colorado State,AWAY,-10.480263,-12.886013,-1.094251,-5.0,L,GOVERNED_SYNTHETIC_CONTROL: 2025 Synthetic Season LOCKED v3.xlsx sha256=77bb6ecf48e805b62b8af238bbf7b3534330df0405b8a170e48bb5c234d532ba via Power_Crunch_Research_Lab_Phase5D_WalkForward_Package.zip; corpus self-declares SCHEDULE SYNTHETIC / SCORES SIMULATED; authorised for MVP_CONTROL_CALIBRATION_ONLY by R-V3-MVP-CONTROL-CORPUS-01,2025-10-18,2026-08-22,3.0.0-internal-shadow-mvp,V3-INTERNAL-SHADOW-MVP-2026-08-22-R1-001,training
G25-0384,2025,8,Cornell,Vanderbilt,HOME,-17.187925,19.230602,-32.918527,-57.0,L,GOVERNED_SYNTHETIC_CONTROL: 2025 Synthetic Season LOCKED v3.xlsx sha256=77bb6ecf48e805b62b8af238bbf7b3534330df0405b8a170e48bb5c234d532ba via Power_Crunch_Research_Lab_Phase5D_WalkForward_Package.zip; corpus self-declares SCHEDULE SYNTHETIC / SCORES SIMULATED; authorised for MVP_CONTROL_CALIBRATION_ONLY by R-V3-MVP-CONTROL-CORPUS-01,2025-10-18,2026-08-22,3.0.0-internal-shadow-mvp,V3-INTERNAL-SHADOW-MVP-2026-08-22-R1-001,training
G25-0384,2025,8,Vanderbilt,Cornell,AWAY,19.230602,-17.187925,32.918527,57.0,W,GOVERNED_SYNTHETIC_CONTROL: 2025 Synthetic Season LOCKED v3.xlsx sha256=77bb6ecf48e805b62b8af238bbf7b3534330df0405b8a170e48bb5c234d532ba via Power_Crunch_Research_Lab_Phase5D_WalkForward_Package.zip; corpus self-declares SCHEDULE SYNTHETIC / SCORES SIMULATED; authorised for MVP_CONTROL_CALIBRATION_ONLY by R-V3-MVP-CONTROL-CORPUS-01,2025-10-18,2026-08-22,3.0.0-internal-shadow-mvp,V3-INTERNAL-SHADOW-MVP-2026-08-22-R1-001,training
G25-0385,2025,8,Duke,Virginia Tech,HOME,-1.266058,0.795317,1.438625,7.0,W,GOVERNED_SYNTHETIC_CONTROL: 2025 Synthetic Season LOCKED v3.xlsx sha256=77bb6ecf48e805b62b8af238bbf7b3534330df0405b8a170e48bb5c234d532ba via Power_Crunch_Research_Lab_Phase5D_WalkForward_Package.zip; corpus self-declares SCHEDULE SYNTHETIC / SCORES SIMULATED; authorised for MVP_CONTROL_CALIBRATION_ONLY by R-V3-MVP-CONTROL-CORPUS-01,2025-10-18,2026-08-22,3.0.0-internal-shadow-mvp,V3-INTERNAL-SHADOW-MVP-2026-08-22-R1-001,training
G25-0385,2025,8,Virginia Tech,Duke,AWAY,0.795317,-1.266058,-1.438625,-7.0,L,GOVERNED_SYNTHETIC_CONTROL: 2025 Synthetic Season LOCKED v3.xlsx sha256=77bb6ecf48e805b62b8af238bbf7b3534330df0405b8a170e48bb5c234d532ba via Power_Crunch_Research_Lab_Phase5D_WalkForward_Package.zip; corpus self-declares SCHEDULE SYNTHETIC / SCORES SIMULATED; authorised for MVP_CONTROL_CALIBRATION_ONLY by R-V3-MVP-CONTROL-CORPUS-01,2025-10-18,2026-08-22,3.0.0-internal-shadow-mvp,V3-INTERNAL-SHADOW-MVP-2026-08-22-R1-001,training
G25-0386,2025,8,Florida,Missouri,HOME,-9.877444,5.07693,-11.454374,-36.0,L,GOVERNED_SYNTHETIC_CONTROL: 2025 Synthetic Season LOCKED v3.xlsx sha256=77bb6ecf48e805b62b8af238bbf7b3534330df0405b8a170e48bb5c234d532ba via Power_Crunch_Research_Lab_Phase5D_WalkForward_Package.zip; corpus self-declares SCHEDULE SYNTHETIC / SCORES SIMULATED; authorised for MVP_CONTROL_CALIBRATION_ONLY by R-V3-MVP-CONTROL-CORPUS-01,2025-10-18,2026-08-22,3.0.0-internal-shadow-mvp,V3-INTERNAL-SHADOW-MVP-2026-08-22-R1-001,training
G25-0386,2025,8,Missouri,Florida,AWAY,5.07693,-9.877444,11.454374,36.0,W,GOVERNED_SYNTHETIC_CONTROL: 2025 Synthetic Season LOCKED v3.xlsx sha256=77bb6ecf48e805b62b8af238bbf7b3534330df0405b8a170e48bb5c234d532ba via Power_Crunch_Research_Lab_Phase5D_WalkForward_Package.zip; corpus self-declares SCHEDULE SYNTHETIC / SCORES SIMULATED; authorised for MVP_CONTROL_CALIBRATION_ONLY by R-V3-MVP-CONTROL-CORPUS-01,2025-10-18,2026-08-22,3.0.0-internal-shadow-mvp,V3-INTERNAL-SHADOW-MVP-2026-08-22-R1-001,training
G25-0387,2025,8,Florida Atlantic,South Florida,HOME,-14.27547,-6.259078,-4.516391,5.0,W,GOVERNED_SYNTHETIC_CONTROL: 2025 Synthetic Season LOCKED v3.xlsx sha256=77bb6ecf48e805b62b8af238bbf7b3534330df0405b8a170e48bb5c234d532ba via Power_Crunch_Research_Lab_Phase5D_WalkForward_Package.zip; corpus self-declares SCHEDULE SYNTHETIC / SCORES SIMULATED; authorised for MVP_CONTROL_CALIBRATION_ONLY by R-V3-MVP-CONTROL-CORPUS-01,2025-10-18,2026-08-22,3.0.0-internal-shadow-mvp,V3-INTERNAL-SHADOW-MVP-2026-08-22-R1-001,training
G25-0387,2025,8,South Florida,Florida Atlantic,AWAY,-6.259078,-14.27547,4.516391,-5.0,L,GOVERNED_SYNTHETIC_CONTROL: 2025 Synthetic Season LOCKED v3.xlsx sha256=77bb6ecf48e805b62b8af238bbf7b3534330df0405b8a170e48bb5c234d532ba via Power_Crunch_Research_Lab_Phase5D_WalkForward_Package.zip; corpus self-declares SCHEDULE SYNTHETIC / SCORES SIMULATED; authorised for MVP_CONTROL_CALIBRATION_ONLY by R-V3-MVP-CONTROL-CORPUS-01,2025-10-18,2026-08-22,3.0.0-internal-shadow-mvp,V3-INTERNAL-SHADOW-MVP-2026-08-22-R1-001,training
G25-0388,2025,8,Florida State,Syracuse,HOME,-9.152039,-13.197014,7.544975,7.0,W,GOVERNED_SYNTHETIC_CONTROL: 2025 Synthetic Season LOCKED v3.xlsx sha256=77bb6ecf48e805b62b8af238bbf7b3534330df0405b8a170e48bb5c234d532ba via Power_Crunch_Research_Lab_Phase5D_WalkForward_Package.zip; corpus self-declares SCHEDULE SYNTHETIC / SCORES SIMULATED; authorised for MVP_CONTROL_CALIBRATION_ONLY by R-V3-MVP-CONTROL-CORPUS-01,2025-10-18,2026-08-22,3.0.0-internal-shadow-mvp,V3-INTERNAL-SHADOW-MVP-2026-08-22-R1-001,training
G25-0388,2025,8,Syracuse,Florida State,AWAY,-13.197014,-9.152039,-7.544975,-7.0,L,GOVERNED_SYNTHETIC_CONTROL: 2025 Synthetic Season LOCKED v3.xlsx sha256=77bb6ecf48e805b62b8af238bbf7b3534330df0405b8a170e48bb5c234d532ba via Power_Crunch_Research_Lab_Phase5D_WalkForward_Package.zip; corpus self-declares SCHEDULE SYNTHETIC / SCORES SIMULATED; authorised for MVP_CONTROL_CALIBRATION_ONLY by R-V3-MVP-CONTROL-CORPUS-01,2025-10-18,2026-08-22,3.0.0-internal-shadow-mvp,V3-INTERNAL-SHADOW-MVP-2026-08-22-R1-001,training
G25-0389,2025,8,Fresno State,Boise State,HOME,-9.028279,-7.410446,1.882168,-19.0,L,GOVERNED_SYNTHETIC_CONTROL: 2025 Synthetic Season LOCKED v3.xlsx sha256=77bb6ecf48e805b62b8af238bbf7b3534330df0405b8a170e48bb5c234d532ba via Power_Crunch_Research_Lab_Phase5D_WalkForward_Package.zip; corpus self-declares SCHEDULE SYNTHETIC / SCORES SIMULATED; authorised for MVP_CONTROL_CALIBRATION_ONLY by R-V3-MVP-CONTROL-CORPUS-01,2025-10-18,2026-08-22,3.0.0-internal-shadow-mvp,V3-INTERNAL-SHADOW-MVP-2026-08-22-R1-001,training
G25-0389,2025,8,Boise State,Fresno State,AWAY,-7.410446,-9.028279,-1.882168,19.0,W,GOVERNED_SYNTHETIC_CONTROL: 2025 Synthetic Season LOCKED v3.xlsx sha256=77bb6ecf48e805b62b8af238bbf7b3534330df0405b8a170e48bb5c234d532ba via Power_Crunch_Research_Lab_Phase5D_WalkForward_Package.zip; corpus self-declares SCHEDULE SYNTHETIC / SCORES SIMULATED; authorised for MVP_CONTROL_CALIBRATION_ONLY by R-V3-MVP-CONTROL-CORPUS-01,2025-10-18,2026-08-22,3.0.0-internal-shadow-mvp,V3-INTERNAL-SHADOW-MVP-2026-08-22-R1-001,training
G25-0390,2025,8,Georgia,Texas A&M,HOME,36.429006,38.611498,1.317508,-11.0,L,GOVERNED_SYNTHETIC_CONTROL: 2025 Synthetic Season LOCKED v3.xlsx sha256=77bb6ecf48e805b62b8af238bbf7b3534330df0405b8a170e48bb5c234d532ba via Power_Crunch_Research_Lab_Phase5D_WalkForward_Package.zip; corpus self-declares SCHEDULE SYNTHETIC / SCORES SIMULATED; authorised for MVP_CONTROL_CALIBRATION_ONLY by R-V3-MVP-CONTROL-CORPUS-01,2025-10-18,2026-08-22,3.0.0-internal-shadow-mvp,V3-INTERNAL-SHADOW-MVP-2026-08-22-R1-001,training
G25-0390,2025,8,Texas A&M,Georgia,AWAY,38.611498,36.429006,-1.317508,11.0,W,GOVERNED_SYNTHETIC_CONTROL: 2025 Synthetic Season LOCKED v3.xlsx sha256=77bb6ecf48e805b62b8af238bbf7b3534330df0405b8a170e48bb5c234d532ba via Power_Crunch_Research_Lab_Phase5D_WalkForward_Package.zip; corpus self-declares SCHEDULE SYNTHETIC / SCORES SIMULATED; authorised for MVP_CONTROL_CALIBRATION_ONLY by R-V3-MVP-CONTROL-CORPUS-01,2025-10-18,2026-08-22,3.0.0-internal-shadow-mvp,V3-INTERNAL-SHADOW-MVP-2026-08-22-R1-001,training
G25-0391,2025,8,Georgia Southern,Middle Tennessee,HOME,-10.656479,-10.044116,2.887637,17.0,W,GOVERNED_SYNTHETIC_CONTROL: 2025 Synthetic Season LOCKED v3.xlsx sha256=77bb6ecf48e805b62b8af238bbf7b3534330df0405b8a170e48bb5c234d532ba via Power_Crunch_Research_Lab_Phase5D_WalkForward_Package.zip; corpus self-declares SCHEDULE SYNTHETIC / SCORES SIMULATED; authorised for MVP_CONTROL_CALIBRATION_ONLY by R-V3-MVP-CONTROL-CORPUS-01,2025-10-18,2026-08-22,3.0.0-internal-shadow-mvp,V3-INTERNAL-SHADOW-MVP-2026-08-22-R1-001,training
G25-0391,2025,8,Middle Tennessee,Georgia Southern,AWAY,-10.044116,-10.656479,-2.887637,-17.0,L,GOVERNED_SYNTHETIC_CONTROL: 2025 Synthetic Season LOCKED v3.xlsx sha256=77bb6ecf48e805b62b8af238bbf7b3534330df0405b8a170e48bb5c234d532ba via Power_Crunch_Research_Lab_Phase5D_WalkForward_Package.zip; corpus self-declares SCHEDULE SYNTHETIC / SCORES SIMULATED; authorised for MVP_CONTROL_CALIBRATION_ONLY by R-V3-MVP-CONTROL-CORPUS-01,2025-10-18,2026-08-22,3.0.0-internal-shadow-mvp,V3-INTERNAL-SHADOW-MVP-2026-08-22-R1-001,training
G25-0392,2025,8,Georgia State,Buffalo,HOME,-9.213967,-9.961812,4.247845,6.0,W,GOVERNED_SYNTHETIC_CONTROL: 2025 Synthetic Season LOCKED v3.xlsx sha256=77bb6ecf48e805b62b8af238bbf7b3534330df0405b8a170e48bb5c234d532ba via Power_Crunch_Research_Lab_Phase5D_WalkForward_Package.zip; corpus self-declares SCHEDULE SYNTHETIC / SCORES SIMULATED; authorised for MVP_CONTROL_CALIBRATION_ONLY by R-V3-MVP-CONTROL-CORPUS-01,2025-10-18,2026-08-22,3.0.0-internal-shadow-mvp,V3-INTERNAL-SHADOW-MVP-2026-08-22-R1-001,training
G25-0392,2025,8,Buffalo,Georgia State,AWAY,-9.961812,-9.213967,-4.247845,-6.0,L,GOVERNED_SYNTHETIC_CONTROL: 2025 Synthetic Season LOCKED v3.xlsx sha256=77bb6ecf48e805b62b8af238bbf7b3534330df0405b8a170e48bb5c234d532ba via Power_Crunch_Research_Lab_Phase5D_WalkForward_Package.zip; corpus self-declares SCHEDULE SYNTHETIC / SCORES SIMULATED; authorised for MVP_CONTROL_CALIBRATION_ONLY by R-V3-MVP-CONTROL-CORPUS-01,2025-10-18,2026-08-22,3.0.0-internal-shadow-mvp,V3-INTERNAL-SHADOW-MVP-2026-08-22-R1-001,training
G25-0393,2025,8,Harvard,Yale,HOME,-24.618484,-18.550074,-2.56841,-3.0,L,GOVERNED_SYNTHETIC_CONTROL: 2025 Synthetic Season LOCKED v3.xlsx sha256=77bb6ecf48e805b62b8af238bbf7b3534330df0405b8a170e48bb5c234d532ba via Power_Crunch_Research_Lab_Phase5D_WalkForward_Package.zip; corpus self-declares SCHEDULE SYNTHETIC / SCORES SIMULATED; authorised for MVP_CONTROL_CALIBRATION_ONLY by R-V3-MVP-CONTROL-CORPUS-01,2025-10-18,2026-08-22,3.0.0-internal-shadow-mvp,V3-INTERNAL-SHADOW-MVP-2026-08-22-R1-001,training
G25-0393,2025,8,Yale,Harvard,AWAY,-18.550074,-24.618484,2.56841,3.0,W,GOVERNED_SYNTHETIC_CONTROL: 2025 Synthetic Season LOCKED v3.xlsx sha256=77bb6ecf48e805b62b8af238bbf7b3534330df0405b8a170e48bb5c234d532ba via Power_Crunch_Research_Lab_Phase5D_WalkForward_Package.zip; corpus self-declares SCHEDULE SYNTHETIC / SCORES SIMULATED; authorised for MVP_CONTROL_CALIBRATION_ONLY by R-V3-MVP-CONTROL-CORPUS-01,2025-10-18,2026-08-22,3.0.0-internal-shadow-mvp,V3-INTERNAL-SHADOW-MVP-2026-08-22-R1-001,training
G25-0394,2025,8,Hawaii,San Diego State,HOME,-10.341384,-7.380245,0.538861,-2.0,L,GOVERNED_SYNTHETIC_CONTROL: 2025 Synthetic Season LOCKED v3.xlsx sha256=77bb6ecf48e805b62b8af238bbf7b3534330df0405b8a170e48bb5c234d532ba via Power_Crunch_Research_Lab_Phase5D_WalkForward_Package.zip; corpus self-declares SCHEDULE SYNTHETIC / SCORES SIMULATED; authorised for MVP_CONTROL_CALIBRATION_ONLY by R-V3-MVP-CONTROL-CORPUS-01,2025-10-18,2026-08-22,3.0.0-internal-shadow-mvp,V3-INTERNAL-SHADOW-MVP-2026-08-22-R1-001,training
G25-0394,2025,8,San Diego State,Hawaii,AWAY,-7.380245,-10.341384,-0.538861,2.0,W,GOVERNED_SYNTHETIC_CONTROL: 2025 Synthetic Season LOCKED v3.xlsx sha256=77bb6ecf48e805b62b8af238bbf7b3534330df0405b8a170e48bb5c234d532ba via Power_Crunch_Research_Lab_Phase5D_WalkForward_Package.zip; corpus self-declares SCHEDULE SYNTHETIC / SCORES SIMULATED; authorised for MVP_CONTROL_CALIBRATION_ONLY by R-V3-MVP-CONTROL-CORPUS-01,2025-10-18,2026-08-22,3.0.0-internal-shadow-mvp,V3-INTERNAL-SHADOW-MVP-2026-08-22-R1-001,training
G25-0395,2025,8,Holy Cross,Colgate,HOME,-12.956645,-13.358532,3.901887,-5.0,L,GOVERNED_SYNTHETIC_CONTROL: 2025 Synthetic Season LOCKED v3.xlsx sha256=77bb6ecf48e805b62b8af238bbf7b3534330df0405b8a170e48bb5c234d532ba via Power_Crunch_Research_Lab_Phase5D_WalkForward_Package.zip; corpus self-declares SCHEDULE SYNTHETIC / SCORES SIMULATED; authorised for MVP_CONTROL_CALIBRATION_ONLY by R-V3-MVP-CONTROL-CORPUS-01,2025-10-18,2026-08-22,3.0.0-internal-shadow-mvp,V3-INTERNAL-SHADOW-MVP-2026-08-22-R1-001,training
G25-0395,2025,8,Colgate,Holy Cross,AWAY,-13.358532,-12.956645,-3.901887,5.0,W,GOVERNED_SYNTHETIC_CONTROL: 2025 Synthetic Season LOCKED v3.xlsx sha256=77bb6ecf48e805b62b8af238bbf7b3534330df0405b8a170e48bb5c234d532ba via Power_Crunch_Research_Lab_Phase5D_WalkForward_Package.zip; corpus self-declares SCHEDULE SYNTHETIC / SCORES SIMULATED; authorised for MVP_CONTROL_CALIBRATION_ONLY by R-V3-MVP-CONTROL-CORPUS-01,2025-10-18,2026-08-22,3.0.0-internal-shadow-mvp,V3-INTERNAL-SHADOW-MVP-2026-08-22-R1-001,training
G25-0396,2025,8,Houston,Colorado,HOME,21.215627,5.164758,19.55087,42.0,W,GOVERNED_SYNTHETIC_CONTROL: 2025 Synthetic Season LOCKED v3.xlsx sha256=77bb6ecf48e805b62b8af238bbf7b3534330df0405b8a170e48bb5c234d532ba via Power_Crunch_Research_Lab_Phase5D_WalkForward_Package.zip; corpus self-declares SCHEDULE SYNTHETIC / SCORES SIMULATED; authorised for MVP_CONTROL_CALIBRATION_ONLY by R-V3-MVP-CONTROL-CORPUS-01,2025-10-18,2026-08-22,3.0.0-internal-shadow-mvp,V3-INTERNAL-SHADOW-MVP-2026-08-22-R1-001,training
G25-0396,2025,8,Colorado,Houston,AWAY,5.164758,21.215627,-19.55087,-42.0,L,GOVERNED_SYNTHETIC_CONTROL: 2025 Synthetic Season LOCKED v3.xlsx sha256=77bb6ecf48e805b62b8af238bbf7b3534330df0405b8a170e48bb5c234d532ba via Power_Crunch_Research_Lab_Phase5D_WalkForward_Package.zip; corpus self-declares SCHEDULE SYNTHETIC / SCORES SIMULATED; authorised for MVP_CONTROL_CALIBRATION_ONLY by R-V3-MVP-CONTROL-CORPUS-01,2025-10-18,2026-08-22,3.0.0-internal-shadow-mvp,V3-INTERNAL-SHADOW-MVP-2026-08-22-R1-001,training
G25-0397,2025,8,Illinois,Oregon,HOME,26.289687,38.339973,-8.550285,-17.0,L,GOVERNED_SYNTHETIC_CONTROL: 2025 Synthetic Season LOCKED v3.xlsx sha256=77bb6ecf48e805b62b8af238bbf7b3534330df0405b8a170e48bb5c234d532ba via Power_Crunch_Research_Lab_Phase5D_WalkForward_Package.zip; corpus self-declares SCHEDULE SYNTHETIC / SCORES SIMULATED; authorised for MVP_CONTROL_CALIBRATION_ONLY by R-V3-MVP-CONTROL-CORPUS-01,2025-10-18,2026-08-22,3.0.0-internal-shadow-mvp,V3-INTERNAL-SHADOW-MVP-2026-08-22-R1-001,training
G25-0397,2025,8,Oregon,Illinois,AWAY,38.339973,26.289687,8.550285,17.0,W,GOVERNED_SYNTHETIC_CONTROL: 2025 Synthetic Season LOCKED v3.xlsx sha256=77bb6ecf48e805b62b8af238bbf7b3534330df0405b8a170e48bb5c234d532ba via Power_Crunch_Research_Lab_Phase5D_WalkForward_Package.zip; corpus self-declares SCHEDULE SYNTHETIC / SCORES SIMULATED; authorised for MVP_CONTROL_CALIBRATION_ONLY by R-V3-MVP-CONTROL-CORPUS-01,2025-10-18,2026-08-22,3.0.0-internal-shadow-mvp,V3-INTERNAL-SHADOW-MVP-2026-08-22-R1-001,training
G25-0398,2025,8,Iowa State,West Virginia,HOME,-3.988181,0.440034,-0.928215,17.0,W,GOVERNED_SYNTHETIC_CONTROL: 2025 Synthetic Season LOCKED v3.xlsx sha256=77bb6ecf48e805b62b8af238bbf7b3534330df0405b8a170e48bb5c234d532ba via Power_Crunch_Research_Lab_Phase5D_WalkForward_Package.zip; corpus self-declares SCHEDULE SYNTHETIC / SCORES SIMULATED; authorised for MVP_CONTROL_CALIBRATION_ONLY by R-V3-MVP-CONTROL-CORPUS-01,2025-10-18,2026-08-22,3.0.0-internal-shadow-mvp,V3-INTERNAL-SHADOW-MVP-2026-08-22-R1-001,training
G25-0398,2025,8,West Virginia,Iowa State,AWAY,0.440034,-3.988181,0.928215,-17.0,L,GOVERNED_SYNTHETIC_CONTROL: 2025 Synthetic Season LOCKED v3.xlsx sha256=77bb6ecf48e805b62b8af238bbf7b3534330df0405b8a170e48bb5c234d532ba via Power_Crunch_Research_Lab_Phase5D_WalkForward_Package.zip; corpus self-declares SCHEDULE SYNTHETIC / SCORES SIMULATED; authorised for MVP_CONTROL_CALIBRATION_ONLY by R-V3-MVP-CONTROL-CORPUS-01,2025-10-18,2026-08-22,3.0.0-internal-shadow-mvp,V3-INTERNAL-SHADOW-MVP-2026-08-22-R1-001,training
G25-0399,2025,8,Kansas,Utah,HOME,3.659082,24.885744,-17.726662,-39.0,L,GOVERNED_SYNTHETIC_CONTROL: 2025 Synthetic Season LOCKED v3.xlsx sha256=77bb6ecf48e805b62b8af238bbf7b3534330df0405b8a170e48bb5c234d532ba via Power_Crunch_Research_Lab_Phase5D_WalkForward_Package.zip; corpus self-declares SCHEDULE SYNTHETIC / SCORES SIMULATED; authorised for MVP_CONTROL_CALIBRATION_ONLY by R-V3-MVP-CONTROL-CORPUS-01,2025-10-18,2026-08-22,3.0.0-internal-shadow-mvp,V3-INTERNAL-SHADOW-MVP-2026-08-22-R1-001,training
G25-0399,2025,8,Utah,Kansas,AWAY,24.885744,3.659082,17.726662,39.0,W,GOVERNED_SYNTHETIC_CONTROL: 2025 Synthetic Season LOCKED v3.xlsx sha256=77bb6ecf48e805b62b8af238bbf7b3534330df0405b8a170e48bb5c234d532ba via Power_Crunch_Research_Lab_Phase5D_WalkForward_Package.zip; corpus self-declares SCHEDULE SYNTHETIC / SCORES SIMULATED; authorised for MVP_CONTROL_CALIBRATION_ONLY by R-V3-MVP-CONTROL-CORPUS-01,2025-10-18,2026-08-22,3.0.0-internal-shadow-mvp,V3-INTERNAL-SHADOW-MVP-2026-08-22-R1-001,training
G25-0400,2025,8,LSU,Ole Miss,HOME,-9.566398,36.752984,-42.819381,-31.0,L,GOVERNED_SYNTHETIC_CONTROL: 2025 Synthetic Season LOCKED v3.xlsx sha256=77bb6ecf48e805b62b8af238bbf7b3534330df0405b8a170e48bb5c234d532ba via Power_Crunch_Research_Lab_Phase5D_WalkForward_Package.zip; corpus self-declares SCHEDULE SYNTHETIC / SCORES SIMULATED; authorised for MVP_CONTROL_CALIBRATION_ONLY by R-V3-MVP-CONTROL-CORPUS-01,2025-10-18,2026-08-22,3.0.0-internal-shadow-mvp,V3-INTERNAL-SHADOW-MVP-2026-08-22-R1-001,training
G25-0400,2025,8,Ole Miss,LSU,AWAY,36.752984,-9.566398,42.819381,31.0,W,GOVERNED_SYNTHETIC_CONTROL: 2025 Synthetic Season LOCKED v3.xlsx sha256=77bb6ecf48e805b62b8af238bbf7b3534330df0405b8a170e48bb5c234d532ba via Power_Crunch_Research_Lab_Phase5D_WalkForward_Package.zip; corpus self-declares SCHEDULE SYNTHETIC / SCORES SIMULATED; authorised for MVP_CONTROL_CALIBRATION_ONLY by R-V3-MVP-CONTROL-CORPUS-01,2025-10-18,2026-08-22,3.0.0-internal-shadow-mvp,V3-INTERNAL-SHADOW-MVP-2026-08-22-R1-001,training
G25-0401,2025,8,Miami,Louisville,HOME,48.331167,0.513841,51.317326,50.0,W,GOVERNED_SYNTHETIC_CONTROL: 2025 Synthetic Season LOCKED v3.xlsx sha256=77bb6ecf48e805b62b8af238bbf7b3534330df0405b8a170e48bb5c234d532ba via Power_Crunch_Research_Lab_Phase5D_WalkForward_Package.zip; corpus self-declares SCHEDULE SYNTHETIC / SCORES SIMULATED; authorised for MVP_CONTROL_CALIBRATION_ONLY by R-V3-MVP-CONTROL-CORPUS-01,2025-10-18,2026-08-22,3.0.0-internal-shadow-mvp,V3-INTERNAL-SHADOW-MVP-2026-08-22-R1-001,training
G25-0401,2025,8,Louisville,Miami,AWAY,0.513841,48.331167,-51.317326,-50.0,L,GOVERNED_SYNTHETIC_CONTROL: 2025 Synthetic Season LOCKED v3.xlsx sha256=77bb6ecf48e805b62b8af238bbf7b3534330df0405b8a170e48bb5c234d532ba via Power_Crunch_Research_Lab_Phase5D_WalkForward_Package.zip; corpus self-declares SCHEDULE SYNTHETIC / SCORES SIMULATED; authorised for MVP_CONTROL_CALIBRATION_ONLY by R-V3-MVP-CONTROL-CORPUS-01,2025-10-18,2026-08-22,3.0.0-internal-shadow-mvp,V3-INTERNAL-SHADOW-MVP-2026-08-22-R1-001,training
G25-0402,2025,8,Michigan,UCLA,HOME,17.112748,-11.169839,31.782587,46.0,W,GOVERNED_SYNTHETIC_CONTROL: 2025 Synthetic Season LOCKED v3.xlsx sha256=77bb6ecf48e805b62b8af238bbf7b3534330df0405b8a170e48bb5c234d532ba via Power_Crunch_Research_Lab_Phase5D_WalkForward_Package.zip; corpus self-declares SCHEDULE SYNTHETIC / SCORES SIMULATED; authorised for MVP_CONTROL_CALIBRATION_ONLY by R-V3-MVP-CONTROL-CORPUS-01,2025-10-18,2026-08-22,3.0.0-internal-shadow-mvp,V3-INTERNAL-SHADOW-MVP-2026-08-22-R1-001,training
G25-0402,2025,8,UCLA,Michigan,AWAY,-11.169839,17.112748,-31.782587,-46.0,L,GOVERNED_SYNTHETIC_CONTROL: 2025 Synthetic Season LOCKED v3.xlsx sha256=77bb6ecf48e805b62b8af238bbf7b3534330df0405b8a170e48bb5c234d532ba via Power_Crunch_Research_Lab_Phase5D_WalkForward_Package.zip; corpus self-declares SCHEDULE SYNTHETIC / SCORES SIMULATED; authorised for MVP_CONTROL_CALIBRATION_ONLY by R-V3-MVP-CONTROL-CORPUS-01,2025-10-18,2026-08-22,3.0.0-internal-shadow-mvp,V3-INTERNAL-SHADOW-MVP-2026-08-22-R1-001,training
G25-0403,2025,8,Minnesota,TCU,HOME,-10.217216,19.95243,-26.669646,-13.0,L,GOVERNED_SYNTHETIC_CONTROL: 2025 Synthetic Season LOCKED v3.xlsx sha256=77bb6ecf48e805b62b8af238bbf7b3534330df0405b8a170e48bb5c234d532ba via Power_Crunch_Research_Lab_Phase5D_WalkForward_Package.zip; corpus self-declares SCHEDULE SYNTHETIC / SCORES SIMULATED; authorised for MVP_CONTROL_CALIBRATION_ONLY by R-V3-MVP-CONTROL-CORPUS-01,2025-10-18,2026-08-22,3.0.0-internal-shadow-mvp,V3-INTERNAL-SHADOW-MVP-2026-08-22-R1-001,training
G25-0403,2025,8,TCU,Minnesota,AWAY,19.95243,-10.217216,26.669646,13.0,W,GOVERNED_SYNTHETIC_CONTROL: 2025 Synthetic Season LOCKED v3.xlsx sha256=77bb6ecf48e805b62b8af238bbf7b3534330df0405b8a170e48bb5c234d532ba via Power_Crunch_Research_Lab_Phase5D_WalkForward_Package.zip; corpus self-declares SCHEDULE SYNTHETIC / SCORES SIMULATED; authorised for MVP_CONTROL_CALIBRATION_ONLY by R-V3-MVP-CONTROL-CORPUS-01,2025-10-18,2026-08-22,3.0.0-internal-shadow-mvp,V3-INTERNAL-SHADOW-MVP-2026-08-22-R1-001,training
G25-0404,2025,8,Navy,Tulsa,HOME,-1.623652,-2.897012,4.77336,29.0,W,GOVERNED_SYNTHETIC_CONTROL: 2025 Synthetic Season LOCKED v3.xlsx sha256=77bb6ecf48e805b62b8af238bbf7b3534330df0405b8a170e48bb5c234d532ba via Power_Crunch_Research_Lab_Phase5D_WalkForward_Package.zip; corpus self-declares SCHEDULE SYNTHETIC / SCORES SIMULATED; authorised for MVP_CONTROL_CALIBRATION_ONLY by R-V3-MVP-CONTROL-CORPUS-01,2025-10-18,2026-08-22,3.0.0-internal-shadow-mvp,V3-INTERNAL-SHADOW-MVP-2026-08-22-R1-001,training
G25-0404,2025,8,Tulsa,Navy,AWAY,-2.897012,-1.623652,-4.77336,-29.0,L,GOVERNED_SYNTHETIC_CONTROL: 2025 Synthetic Season LOCKED v3.xlsx sha256=77bb6ecf48e805b62b8af238bbf7b3534330df0405b8a170e48bb5c234d532ba via Power_Crunch_Research_Lab_Phase5D_WalkForward_Package.zip; corpus self-declares SCHEDULE SYNTHETIC / SCORES SIMULATED; authorised for MVP_CONTROL_CALIBRATION_ONLY by R-V3-MVP-CONTROL-CORPUS-01,2025-10-18,2026-08-22,3.0.0-internal-shadow-mvp,V3-INTERNAL-SHADOW-MVP-2026-08-22-R1-001,training
G25-0405,2025,8,Nevada,Kentucky,HOME,-12.837217,-12.477279,3.140061,-23.0,L,GOVERNED_SYNTHETIC_CONTROL: 2025 Synthetic Season LOCKED v3.xlsx sha256=77bb6ecf48e805b62b8af238bbf7b3534330df0405b8a170e48bb5c234d532ba via Power_Crunch_Research_Lab_Phase5D_WalkForward_Package.zip; corpus self-declares SCHEDULE SYNTHETIC / SCORES SIMULATED; authorised for MVP_CONTROL_CALIBRATION_ONLY by R-V3-MVP-CONTROL-CORPUS-01,2025-10-18,2026-08-22,3.0.0-internal-shadow-mvp,V3-INTERNAL-SHADOW-MVP-2026-08-22-R1-001,training
G25-0405,2025,8,Kentucky,Nevada,AWAY,-12.477279,-12.837217,-3.140061,23.0,W,GOVERNED_SYNTHETIC_CONTROL: 2025 Synthetic Season LOCKED v3.xlsx sha256=77bb6ecf48e805b62b8af238bbf7b3534330df0405b8a170e48bb5c234d532ba via Power_Crunch_Research_Lab_Phase5D_WalkForward_Package.zip; corpus self-declares SCHEDULE SYNTHETIC / SCORES SIMULATED; authorised for MVP_CONTROL_CALIBRATION_ONLY by R-V3-MVP-CONTROL-CORPUS-01,2025-10-18,2026-08-22,3.0.0-internal-shadow-mvp,V3-INTERNAL-SHADOW-MVP-2026-08-22-R1-001,training
G25-0406,2025,8,New Mexico State,Northwestern,HOME,-15.080694,-9.331697,-2.248997,-7.0,L,GOVERNED_SYNTHETIC_CONTROL: 2025 Synthetic Season LOCKED v3.xlsx sha256=77bb6ecf48e805b62b8af238bbf7b3534330df0405b8a170e48bb5c234d532ba via Power_Crunch_Research_Lab_Phase5D_WalkForward_Package.zip; corpus self-declares SCHEDULE SYNTHETIC / SCORES SIMULATED; authorised for MVP_CONTROL_CALIBRATION_ONLY by R-V3-MVP-CONTROL-CORPUS-01,2025-10-18,2026-08-22,3.0.0-internal-shadow-mvp,V3-INTERNAL-SHADOW-MVP-2026-08-22-R1-001,training
G25-0406,2025,8,Northwestern,New Mexico State,AWAY,-9.331697,-15.080694,2.248997,7.0,W,GOVERNED_SYNTHETIC_CONTROL: 2025 Synthetic Season LOCKED v3.xlsx sha256=77bb6ecf48e805b62b8af238bbf7b3534330df0405b8a170e48bb5c234d532ba via Power_Crunch_Research_Lab_Phase5D_WalkForward_Package.zip; corpus self-declares SCHEDULE SYNTHETIC / SCORES SIMULATED; authorised for MVP_CONTROL_CALIBRATION_ONLY by R-V3-MVP-CONTROL-CORPUS-01,2025-10-18,2026-08-22,3.0.0-internal-shadow-mvp,V3-INTERNAL-SHADOW-MVP-2026-08-22-R1-001,training
G25-0407,2025,8,North Carolina,Wake Forest,HOME,-6.406154,3.368339,-6.274493,-7.0,L,GOVERNED_SYNTHETIC_CONTROL: 2025 Synthetic Season LOCKED v3.xlsx sha256=77bb6ecf48e805b62b8af238bbf7b3534330df0405b8a170e48bb5c234d532ba via Power_Crunch_Research_Lab_Phase5D_WalkForward_Package.zip; corpus self-declares SCHEDULE SYNTHETIC / SCORES SIMULATED; authorised for MVP_CONTROL_CALIBRATION_ONLY by R-V3-MVP-CONTROL-CORPUS-01,2025-10-18,2026-08-22,3.0.0-internal-shadow-mvp,V3-INTERNAL-SHADOW-MVP-2026-08-22-R1-001,training
G25-0407,2025,8,Wake Forest,North Carolina,AWAY,3.368339,-6.406154,6.274493,7.0,W,GOVERNED_SYNTHETIC_CONTROL: 2025 Synthetic Season LOCKED v3.xlsx sha256=77bb6ecf48e805b62b8af238bbf7b3534330df0405b8a170e48bb5c234d532ba via Power_Crunch_Research_Lab_Phase5D_WalkForward_Package.zip; corpus self-declares SCHEDULE SYNTHETIC / SCORES SIMULATED; authorised for MVP_CONTROL_CALIBRATION_ONLY by R-V3-MVP-CONTROL-CORPUS-01,2025-10-18,2026-08-22,3.0.0-internal-shadow-mvp,V3-INTERNAL-SHADOW-MVP-2026-08-22-R1-001,training
G25-0408,2025,8,North Texas,UAB,HOME,1.367278,-13.477301,18.344578,-3.0,L,GOVERNED_SYNTHETIC_CONTROL: 2025 Synthetic Season LOCKED v3.xlsx sha256=77bb6ecf48e805b62b8af238bbf7b3534330df0405b8a170e48bb5c234d532ba via Power_Crunch_Research_Lab_Phase5D_WalkForward_Package.zip; corpus self-declares SCHEDULE SYNTHETIC / SCORES SIMULATED; authorised for MVP_CONTROL_CALIBRATION_ONLY by R-V3-MVP-CONTROL-CORPUS-01,2025-10-18,2026-08-22,3.0.0-internal-shadow-mvp,V3-INTERNAL-SHADOW-MVP-2026-08-22-R1-001,training
G25-0408,2025,8,UAB,North Texas,AWAY,-13.477301,1.367278,-18.344578,3.0,W,GOVERNED_SYNTHETIC_CONTROL: 2025 Synthetic Season LOCKED v3.xlsx sha256=77bb6ecf48e805b62b8af238bbf7b3534330df0405b8a170e48bb5c234d532ba via Power_Crunch_Research_Lab_Phase5D_WalkForward_Package.zip; corpus self-declares SCHEDULE SYNTHETIC / SCORES SIMULATED; authorised for MVP_CONTROL_CALIBRATION_ONLY by R-V3-MVP-CONTROL-CORPUS-01,2025-10-18,2026-08-22,3.0.0-internal-shadow-mvp,V3-INTERNAL-SHADOW-MVP-2026-08-22-R1-001,training
G25-0409,2025,8,Ohio State,Iowa,HOME,32.215486,39.020025,-3.304539,-25.0,L,GOVERNED_SYNTHETIC_CONTROL: 2025 Synthetic Season LOCKED v3.xlsx sha256=77bb6ecf48e805b62b8af238bbf7b3534330df0405b8a170e48bb5c234d532ba via Power_Crunch_Research_Lab_Phase5D_WalkForward_Package.zip; corpus self-declares SCHEDULE SYNTHETIC / SCORES SIMULATED; authorised for MVP_CONTROL_CALIBRATION_ONLY by R-V3-MVP-CONTROL-CORPUS-01,2025-10-18,2026-08-22,3.0.0-internal-shadow-mvp,V3-INTERNAL-SHADOW-MVP-2026-08-22-R1-001,training
G25-0409,2025,8,Iowa,Ohio State,AWAY,39.020025,32.215486,3.304539,25.0,W,GOVERNED_SYNTHETIC_CONTROL: 2025 Synthetic Season LOCKED v3.xlsx sha256=77bb6ecf48e805b62b8af238bbf7b3534330df0405b8a170e48bb5c234d532ba via Power_Crunch_Research_Lab_Phase5D_WalkForward_Package.zip; corpus self-declares SCHEDULE SYNTHETIC / SCORES SIMULATED; authorised for MVP_CONTROL_CALIBRATION_ONLY by R-V3-MVP-CONTROL-CORPUS-01,2025-10-18,2026-08-22,3.0.0-internal-shadow-mvp,V3-INTERNAL-SHADOW-MVP-2026-08-22-R1-001,training
G25-0410,2025,8,Oklahoma,Mississippi State,HOME,40.082203,-9.219323,52.801526,32.0,W,GOVERNED_SYNTHETIC_CONTROL: 2025 Synthetic Season LOCKED v3.xlsx sha256=77bb6ecf48e805b62b8af238bbf7b3534330df0405b8a170e48bb5c234d532ba via Power_Crunch_Research_Lab_Phase5D_WalkForward_Package.zip; corpus self-declares SCHEDULE SYNTHETIC / SCORES SIMULATED; authorised for MVP_CONTROL_CALIBRATION_ONLY by R-V3-MVP-CONTROL-CORPUS-01,2025-10-18,2026-08-22,3.0.0-internal-shadow-mvp,V3-INTERNAL-SHADOW-MVP-2026-08-22-R1-001,training
G25-0410,2025,8,Mississippi State,Oklahoma,AWAY,-9.219323,40.082203,-52.801526,-32.0,L,GOVERNED_SYNTHETIC_CONTROL: 2025 Synthetic Season LOCKED v3.xlsx sha256=77bb6ecf48e805b62b8af238bbf7b3534330df0405b8a170e48bb5c234d532ba via Power_Crunch_Research_Lab_Phase5D_WalkForward_Package.zip; corpus self-declares SCHEDULE SYNTHETIC / SCORES SIMULATED; authorised for MVP_CONTROL_CALIBRATION_ONLY by R-V3-MVP-CONTROL-CORPUS-01,2025-10-18,2026-08-22,3.0.0-internal-shadow-mvp,V3-INTERNAL-SHADOW-MVP-2026-08-22-R1-001,training
G25-0411,2025,8,Oregon State,Old Dominion,HOME,-7.507272,4.585073,-8.592345,-18.0,L,GOVERNED_SYNTHETIC_CONTROL: 2025 Synthetic Season LOCKED v3.xlsx sha256=77bb6ecf48e805b62b8af238bbf7b3534330df0405b8a170e48bb5c234d532ba via Power_Crunch_Research_Lab_Phase5D_WalkForward_Package.zip; corpus self-declares SCHEDULE SYNTHETIC / SCORES SIMULATED; authorised for MVP_CONTROL_CALIBRATION_ONLY by R-V3-MVP-CONTROL-CORPUS-01,2025-10-18,2026-08-22,3.0.0-internal-shadow-mvp,V3-INTERNAL-SHADOW-MVP-2026-08-22-R1-001,training
G25-0411,2025,8,Old Dominion,Oregon State,AWAY,4.585073,-7.507272,8.592345,18.0,W,GOVERNED_SYNTHETIC_CONTROL: 2025 Synthetic Season LOCKED v3.xlsx sha256=77bb6ecf48e805b62b8af238bbf7b3534330df0405b8a170e48bb5c234d532ba via Power_Crunch_Research_Lab_Phase5D_WalkForward_Package.zip; corpus self-declares SCHEDULE SYNTHETIC / SCORES SIMULATED; authorised for MVP_CONTROL_CALIBRATION_ONLY by R-V3-MVP-CONTROL-CORPUS-01,2025-10-18,2026-08-22,3.0.0-internal-shadow-mvp,V3-INTERNAL-SHADOW-MVP-2026-08-22-R1-001,training
G25-0412,2025,8,Penn,Lehigh,HOME,-16.965259,9.018989,-22.484248,-33.0,L,GOVERNED_SYNTHETIC_CONTROL: 2025 Synthetic Season LOCKED v3.xlsx sha256=77bb6ecf48e805b62b8af238bbf7b3534330df0405b8a170e48bb5c234d532ba via Power_Crunch_Research_Lab_Phase5D_WalkForward_Package.zip; corpus self-declares SCHEDULE SYNTHETIC / SCORES SIMULATED; authorised for MVP_CONTROL_CALIBRATION_ONLY by R-V3-MVP-CONTROL-CORPUS-01,2025-10-18,2026-08-22,3.0.0-internal-shadow-mvp,V3-INTERNAL-SHADOW-MVP-2026-08-22-R1-001,training
G25-0412,2025,8,Lehigh,Penn,AWAY,9.018989,-16.965259,22.484248,33.0,W,GOVERNED_SYNTHETIC_CONTROL: 2025 Synthetic Season LOCKED v3.xlsx sha256=77bb6ecf48e805b62b8af238bbf7b3534330df0405b8a170e48bb5c234d532ba via Power_Crunch_Research_Lab_Phase5D_WalkForward_Package.zip; corpus self-declares SCHEDULE SYNTHETIC / SCORES SIMULATED; authorised for MVP_CONTROL_CALIBRATION_ONLY by R-V3-MVP-CONTROL-CORPUS-01,2025-10-18,2026-08-22,3.0.0-internal-shadow-mvp,V3-INTERNAL-SHADOW-MVP-2026-08-22-R1-001,training
G25-0413,2025,8,Penn State,Rutgers,HOME,-9.302475,-13.957113,8.154637,15.0,W,GOVERNED_SYNTHETIC_CONTROL: 2025 Synthetic Season LOCKED v3.xlsx sha256=77bb6ecf48e805b62b8af238bbf7b3534330df0405b8a170e48bb5c234d532ba via Power_Crunch_Research_Lab_Phase5D_WalkForward_Package.zip; corpus self-declares SCHEDULE SYNTHETIC / SCORES SIMULATED; authorised for MVP_CONTROL_CALIBRATION_ONLY by R-V3-MVP-CONTROL-CORPUS-01,2025-10-18,2026-08-22,3.0.0-internal-shadow-mvp,V3-INTERNAL-SHADOW-MVP-2026-08-22-R1-001,training
G25-0413,2025,8,Rutgers,Penn State,AWAY,-13.957113,-9.302475,-8.154637,-15.0,L,GOVERNED_SYNTHETIC_CONTROL: 2025 Synthetic Season LOCKED v3.xlsx sha256=77bb6ecf48e805b62b8af238bbf7b3534330df0405b8a170e48bb5c234d532ba via Power_Crunch_Research_Lab_Phase5D_WalkForward_Package.zip; corpus self-declares SCHEDULE SYNTHETIC / SCORES SIMULATED; authorised for MVP_CONTROL_CALIBRATION_ONLY by R-V3-MVP-CONTROL-CORPUS-01,2025-10-18,2026-08-22,3.0.0-internal-shadow-mvp,V3-INTERNAL-SHADOW-MVP-2026-08-22-R1-001,training
G25-0414,2025,8,Pittsburgh,NC State,HOME,6.327627,-6.086229,15.913856,13.0,W,GOVERNED_SYNTHETIC_CONTROL: 2025 Synthetic Season LOCKED v3.xlsx sha256=77bb6ecf48e805b62b8af238bbf7b3534330df0405b8a170e48bb5c234d532ba via Power_Crunch_Research_Lab_Phase5D_WalkForward_Package.zip; corpus self-declares SCHEDULE SYNTHETIC / SCORES SIMULATED; authorised for MVP_CONTROL_CALIBRATION_ONLY by R-V3-MVP-CONTROL-CORPUS-01,2025-10-18,2026-08-22,3.0.0-internal-shadow-mvp,V3-INTERNAL-SHADOW-MVP-2026-08-22-R1-001,training
G25-0414,2025,8,NC State,Pittsburgh,AWAY,-6.086229,6.327627,-15.913856,-13.0,L,GOVERNED_SYNTHETIC_CONTROL: 2025 Synthetic Season LOCKED v3.xlsx sha256=77bb6ecf48e805b62b8af238bbf7b3534330df0405b8a170e48bb5c234d532ba via Power_Crunch_Research_Lab_Phase5D_WalkForward_Package.zip; corpus self-declares SCHEDULE SYNTHETIC / SCORES SIMULATED; authorised for MVP_CONTROL_CALIBRATION_ONLY by R-V3-MVP-CONTROL-CORPUS-01,2025-10-18,2026-08-22,3.0.0-internal-shadow-mvp,V3-INTERNAL-SHADOW-MVP-2026-08-22-R1-001,training
G25-0415,2025,8,Purdue,Virginia,HOME,-25.546349,17.568845,-39.615195,-59.0,L,GOVERNED_SYNTHETIC_CONTROL: 2025 Synthetic Season LOCKED v3.xlsx sha256=77bb6ecf48e805b62b8af238bbf7b3534330df0405b8a170e48bb5c234d532ba via Power_Crunch_Research_Lab_Phase5D_WalkForward_Package.zip; corpus self-declares SCHEDULE SYNTHETIC / SCORES SIMULATED; authorised for MVP_CONTROL_CALIBRATION_ONLY by R-V3-MVP-CONTROL-CORPUS-01,2025-10-18,2026-08-22,3.0.0-internal-shadow-mvp,V3-INTERNAL-SHADOW-MVP-2026-08-22-R1-001,training
G25-0415,2025,8,Virginia,Purdue,AWAY,17.568845,-25.546349,39.615195,59.0,W,GOVERNED_SYNTHETIC_CONTROL: 2025 Synthetic Season LOCKED v3.xlsx sha256=77bb6ecf48e805b62b8af238bbf7b3534330df0405b8a170e48bb5c234d532ba via Power_Crunch_Research_Lab_Phase5D_WalkForward_Package.zip; corpus self-declares SCHEDULE SYNTHETIC / SCORES SIMULATED; authorised for MVP_CONTROL_CALIBRATION_ONLY by R-V3-MVP-CONTROL-CORPUS-01,2025-10-18,2026-08-22,3.0.0-internal-shadow-mvp,V3-INTERNAL-SHADOW-MVP-2026-08-22-R1-001,training
G25-0416,2025,8,Rice,Alabama,HOME,-8.23586,39.123601,-43.859461,-59.0,L,GOVERNED_SYNTHETIC_CONTROL: 2025 Synthetic Season LOCKED v3.xlsx sha256=77bb6ecf48e805b62b8af238bbf7b3534330df0405b8a170e48bb5c234d532ba via Power_Crunch_Research_Lab_Phase5D_WalkForward_Package.zip; corpus self-declares SCHEDULE SYNTHETIC / SCORES SIMULATED; authorised for MVP_CONTROL_CALIBRATION_ONLY by R-V3-MVP-CONTROL-CORPUS-01,2025-10-18,2026-08-22,3.0.0-internal-shadow-mvp,V3-INTERNAL-SHADOW-MVP-2026-08-22-R1-001,training
G25-0416,2025,8,Alabama,Rice,AWAY,39.123601,-8.23586,43.859461,59.0,W,GOVERNED_SYNTHETIC_CONTROL: 2025 Synthetic Season LOCKED v3.xlsx sha256=77bb6ecf48e805b62b8af238bbf7b3534330df0405b8a170e48bb5c234d532ba via Power_Crunch_Research_Lab_Phase5D_WalkForward_Package.zip; corpus self-declares SCHEDULE SYNTHETIC / SCORES SIMULATED; authorised for MVP_CONTROL_CALIBRATION_ONLY by R-V3-MVP-CONTROL-CORPUS-01,2025-10-18,2026-08-22,3.0.0-internal-shadow-mvp,V3-INTERNAL-SHADOW-MVP-2026-08-22-R1-001,training
G25-0417,2025,8,Southern Miss,South Carolina,HOME,-17.19205,-19.777587,6.085537,14.0,W,GOVERNED_SYNTHETIC_CONTROL: 2025 Synthetic Season LOCKED v3.xlsx sha256=77bb6ecf48e805b62b8af238bbf7b3534330df0405b8a170e48bb5c234d532ba via Power_Crunch_Research_Lab_Phase5D_WalkForward_Package.zip; corpus self-declares SCHEDULE SYNTHETIC / SCORES SIMULATED; authorised for MVP_CONTROL_CALIBRATION_ONLY by R-V3-MVP-CONTROL-CORPUS-01,2025-10-18,2026-08-22,3.0.0-internal-shadow-mvp,V3-INTERNAL-SHADOW-MVP-2026-08-22-R1-001,training
G25-0417,2025,8,South Carolina,Southern Miss,AWAY,-19.777587,-17.19205,-6.085537,-14.0,L,GOVERNED_SYNTHETIC_CONTROL: 2025 Synthetic Season LOCKED v3.xlsx sha256=77bb6ecf48e805b62b8af238bbf7b3534330df0405b8a170e48bb5c234d532ba via Power_Crunch_Research_Lab_Phase5D_WalkForward_Package.zip; corpus self-declares SCHEDULE SYNTHETIC / SCORES SIMULATED; authorised for MVP_CONTROL_CALIBRATION_ONLY by R-V3-MVP-CONTROL-CORPUS-01,2025-10-18,2026-08-22,3.0.0-internal-shadow-mvp,V3-INTERNAL-SHADOW-MVP-2026-08-22-R1-001,training
G25-0418,2025,8,Stanford,Utah State,HOME,-10.409924,-11.905785,4.995861,22.0,W,GOVERNED_SYNTHETIC_CONTROL: 2025 Synthetic Season LOCKED v3.xlsx sha256=77bb6ecf48e805b62b8af238bbf7b3534330df0405b8a170e48bb5c234d532ba via Power_Crunch_Research_Lab_Phase5D_WalkForward_Package.zip; corpus self-declares SCHEDULE SYNTHETIC / SCORES SIMULATED; authorised for MVP_CONTROL_CALIBRATION_ONLY by R-V3-MVP-CONTROL-CORPUS-01,2025-10-18,2026-08-22,3.0.0-internal-shadow-mvp,V3-INTERNAL-SHADOW-MVP-2026-08-22-R1-001,training
G25-0418,2025,8,Utah State,Stanford,AWAY,-11.905785,-10.409924,-4.995861,-22.0,L,GOVERNED_SYNTHETIC_CONTROL: 2025 Synthetic Season LOCKED v3.xlsx sha256=77bb6ecf48e805b62b8af238bbf7b3534330df0405b8a170e48bb5c234d532ba via Power_Crunch_Research_Lab_Phase5D_WalkForward_Package.zip; corpus self-declares SCHEDULE SYNTHETIC / SCORES SIMULATED; authorised for MVP_CONTROL_CALIBRATION_ONLY by R-V3-MVP-CONTROL-CORPUS-01,2025-10-18,2026-08-22,3.0.0-internal-shadow-mvp,V3-INTERNAL-SHADOW-MVP-2026-08-22-R1-001,training
G25-0419,2025,8,Temple,Tulane,HOME,-17.135051,16.223514,-29.858564,-27.0,L,GOVERNED_SYNTHETIC_CONTROL: 2025 Synthetic Season LOCKED v3.xlsx sha256=77bb6ecf48e805b62b8af238bbf7b3534330df0405b8a170e48bb5c234d532ba via Power_Crunch_Research_Lab_Phase5D_WalkForward_Package.zip; corpus self-declares SCHEDULE SYNTHETIC / SCORES SIMULATED; authorised for MVP_CONTROL_CALIBRATION_ONLY by R-V3-MVP-CONTROL-CORPUS-01,2025-10-18,2026-08-22,3.0.0-internal-shadow-mvp,V3-INTERNAL-SHADOW-MVP-2026-08-22-R1-001,training
G25-0419,2025,8,Tulane,Temple,AWAY,16.223514,-17.135051,29.858564,27.0,W,GOVERNED_SYNTHETIC_CONTROL: 2025 Synthetic Season LOCKED v3.xlsx sha256=77bb6ecf48e805b62b8af238bbf7b3534330df0405b8a170e48bb5c234d532ba via Power_Crunch_Research_Lab_Phase5D_WalkForward_Package.zip; corpus self-declares SCHEDULE SYNTHETIC / SCORES SIMULATED; authorised for MVP_CONTROL_CALIBRATION_ONLY by R-V3-MVP-CONTROL-CORPUS-01,2025-10-18,2026-08-22,3.0.0-internal-shadow-mvp,V3-INTERNAL-SHADOW-MVP-2026-08-22-R1-001,training
G25-0420,2025,8,Texas,East Carolina,HOME,33.626215,-1.561374,38.687589,42.0,W,GOVERNED_SYNTHETIC_CONTROL: 2025 Synthetic Season LOCKED v3.xlsx sha256=77bb6ecf48e805b62b8af238bbf7b3534330df0405b8a170e48bb5c234d532ba via Power_Crunch_Research_Lab_Phase5D_WalkForward_Package.zip; corpus self-declares SCHEDULE SYNTHETIC / SCORES SIMULATED; authorised for MVP_CONTROL_CALIBRATION_ONLY by R-V3-MVP-CONTROL-CORPUS-01,2025-10-18,2026-08-22,3.0.0-internal-shadow-mvp,V3-INTERNAL-SHADOW-MVP-2026-08-22-R1-001,training
G25-0420,2025,8,East Carolina,Texas,AWAY,-1.561374,33.626215,-38.687589,-42.0,L,GOVERNED_SYNTHETIC_CONTROL: 2025 Synthetic Season LOCKED v3.xlsx sha256=77bb6ecf48e805b62b8af238bbf7b3534330df0405b8a170e48bb5c234d532ba via Power_Crunch_Research_Lab_Phase5D_WalkForward_Package.zip; corpus self-declares SCHEDULE SYNTHETIC / SCORES SIMULATED; authorised for MVP_CONTROL_CALIBRATION_ONLY by R-V3-MVP-CONTROL-CORPUS-01,2025-10-18,2026-08-22,3.0.0-internal-shadow-mvp,V3-INTERNAL-SHADOW-MVP-2026-08-22-R1-001,training
G25-0421,2025,8,Texas State,Indiana,HOME,-13.821751,31.610258,-41.93201,-68.0,L,GOVERNED_SYNTHETIC_CONTROL: 2025 Synthetic Season LOCKED v3.xlsx sha256=77bb6ecf48e805b62b8af238bbf7b3534330df0405b8a170e48bb5c234d532ba via Power_Crunch_Research_Lab_Phase5D_WalkForward_Package.zip; corpus self-declares SCHEDULE SYNTHETIC / SCORES SIMULATED; authorised for MVP_CONTROL_CALIBRATION_ONLY by R-V3-MVP-CONTROL-CORPUS-01,2025-10-18,2026-08-22,3.0.0-internal-shadow-mvp,V3-INTERNAL-SHADOW-MVP-2026-08-22-R1-001,training
G25-0421,2025,8,Indiana,Texas State,AWAY,31.610258,-13.821751,41.93201,68.0,W,GOVERNED_SYNTHETIC_CONTROL: 2025 Synthetic Season LOCKED v3.xlsx sha256=77bb6ecf48e805b62b8af238bbf7b3534330df0405b8a170e48bb5c234d532ba via Power_Crunch_Research_Lab_Phase5D_WalkForward_Package.zip; corpus self-declares SCHEDULE SYNTHETIC / SCORES SIMULATED; authorised for MVP_CONTROL_CALIBRATION_ONLY by R-V3-MVP-CONTROL-CORPUS-01,2025-10-18,2026-08-22,3.0.0-internal-shadow-mvp,V3-INTERNAL-SHADOW-MVP-2026-08-22-R1-001,training
G25-0422,2025,8,UConn,San Jose State,HOME,0.900844,-10.242473,14.643317,10.0,W,GOVERNED_SYNTHETIC_CONTROL: 2025 Synthetic Season LOCKED v3.xlsx sha256=77bb6ecf48e805b62b8af238bbf7b3534330df0405b8a170e48bb5c234d532ba via Power_Crunch_Research_Lab_Phase5D_WalkForward_Package.zip; corpus self-declares SCHEDULE SYNTHETIC / SCORES SIMULATED; authorised for MVP_CONTROL_CALIBRATION_ONLY by R-V3-MVP-CONTROL-CORPUS-01,2025-10-18,2026-08-22,3.0.0-internal-shadow-mvp,V3-INTERNAL-SHADOW-MVP-2026-08-22-R1-001,training
G25-0422,2025,8,San Jose State,UConn,AWAY,-10.242473,0.900844,-14.643317,-10.0,L,GOVERNED_SYNTHETIC_CONTROL: 2025 Synthetic Season LOCKED v3.xlsx sha256=77bb6ecf48e805b62b8af238bbf7b3534330df0405b8a170e48bb5c234d532ba via Power_Crunch_Research_Lab_Phase5D_WalkForward_Package.zip; corpus self-declares SCHEDULE SYNTHETIC / SCORES SIMULATED; authorised for MVP_CONTROL_CALIBRATION_ONLY by R-V3-MVP-CONTROL-CORPUS-01,2025-10-18,2026-08-22,3.0.0-internal-shadow-mvp,V3-INTERNAL-SHADOW-MVP-2026-08-22-R1-001,training
G25-0423,2025,8,UNLV,New Mexico,HOME,-8.197246,-6.27732,1.580074,-18.0,L,GOVERNED_SYNTHETIC_CONTROL: 2025 Synthetic Season LOCKED v3.xlsx sha256=77bb6ecf48e805b62b8af238bbf7b3534330df0405b8a170e48bb5c234d532ba via Power_Crunch_Research_Lab_Phase5D_WalkForward_Package.zip; corpus self-declares SCHEDULE SYNTHETIC / SCORES SIMULATED; authorised for MVP_CONTROL_CALIBRATION_ONLY by R-V3-MVP-CONTROL-CORPUS-01,2025-10-18,2026-08-22,3.0.0-internal-shadow-mvp,V3-INTERNAL-SHADOW-MVP-2026-08-22-R1-001,training
G25-0423,2025,8,New Mexico,UNLV,AWAY,-6.27732,-8.197246,-1.580074,18.0,W,GOVERNED_SYNTHETIC_CONTROL: 2025 Synthetic Season LOCKED v3.xlsx sha256=77bb6ecf48e805b62b8af238bbf7b3534330df0405b8a170e48bb5c234d532ba via Power_Crunch_Research_Lab_Phase5D_WalkForward_Package.zip; corpus self-declares SCHEDULE SYNTHETIC / SCORES SIMULATED; authorised for MVP_CONTROL_CALIBRATION_ONLY by R-V3-MVP-CONTROL-CORPUS-01,2025-10-18,2026-08-22,3.0.0-internal-shadow-mvp,V3-INTERNAL-SHADOW-MVP-2026-08-22-R1-001,training
G25-0424,2025,8,USC,Washington,HOME,13.716327,19.582419,-2.366093,18.0,W,GOVERNED_SYNTHETIC_CONTROL: 2025 Synthetic Season LOCKED v3.xlsx sha256=77bb6ecf48e805b62b8af238bbf7b3534330df0405b8a170e48bb5c234d532ba via Power_Crunch_Research_Lab_Phase5D_WalkForward_Package.zip; corpus self-declares SCHEDULE SYNTHETIC / SCORES SIMULATED; authorised for MVP_CONTROL_CALIBRATION_ONLY by R-V3-MVP-CONTROL-CORPUS-01,2025-10-18,2026-08-22,3.0.0-internal-shadow-mvp,V3-INTERNAL-SHADOW-MVP-2026-08-22-R1-001,training
G25-0424,2025,8,Washington,USC,AWAY,19.582419,13.716327,2.366093,-18.0,L,GOVERNED_SYNTHETIC_CONTROL: 2025 Synthetic Season LOCKED v3.xlsx sha256=77bb6ecf48e805b62b8af238bbf7b3534330df0405b8a170e48bb5c234d532ba via Power_Crunch_Research_Lab_Phase5D_WalkForward_Package.zip; corpus self-declares SCHEDULE SYNTHETIC / SCORES SIMULATED; authorised for MVP_CONTROL_CALIBRATION_ONLY by R-V3-MVP-CONTROL-CORPUS-01,2025-10-18,2026-08-22,3.0.0-internal-shadow-mvp,V3-INTERNAL-SHADOW-MVP-2026-08-22-R1-001,training
G25-0426,2025,8,UTSA,Florida International,HOME,-23.522096,-12.373699,-7.648397,3.0,W,GOVERNED_SYNTHETIC_CONTROL: 2025 Synthetic Season LOCKED v3.xlsx sha256=77bb6ecf48e805b62b8af238bbf7b3534330df0405b8a170e48bb5c234d532ba via Power_Crunch_Research_Lab_Phase5D_WalkForward_Package.zip; corpus self-declares SCHEDULE SYNTHETIC / SCORES SIMULATED; authorised for MVP_CONTROL_CALIBRATION_ONLY by R-V3-MVP-CONTROL-CORPUS-01,2025-10-18,2026-08-22,3.0.0-internal-shadow-mvp,V3-INTERNAL-SHADOW-MVP-2026-08-22-R1-001,training
G25-0426,2025,8,Florida International,UTSA,AWAY,-12.373699,-23.522096,7.648397,-3.0,L,GOVERNED_SYNTHETIC_CONTROL: 2025 Synthetic Season LOCKED v3.xlsx sha256=77bb6ecf48e805b62b8af238bbf7b3534330df0405b8a170e48bb5c234d532ba via Power_Crunch_Research_Lab_Phase5D_WalkForward_Package.zip; corpus self-declares SCHEDULE SYNTHETIC / SCORES SIMULATED; authorised for MVP_CONTROL_CALIBRATION_ONLY by R-V3-MVP-CONTROL-CORPUS-01,2025-10-18,2026-08-22,3.0.0-internal-shadow-mvp,V3-INTERNAL-SHADOW-MVP-2026-08-22-R1-001,training
G25-0427,2025,9,Air Force,Oregon,HOME,-12.644559,40.531163,-49.675722,-82.0,L,GOVERNED_SYNTHETIC_CONTROL: 2025 Synthetic Season LOCKED v3.xlsx sha256=77bb6ecf48e805b62b8af238bbf7b3534330df0405b8a170e48bb5c234d532ba via Power_Crunch_Research_Lab_Phase5D_WalkForward_Package.zip; corpus self-declares SCHEDULE SYNTHETIC / SCORES SIMULATED; authorised for MVP_CONTROL_CALIBRATION_ONLY by R-V3-MVP-CONTROL-CORPUS-01,2025-10-25,2026-08-22,3.0.0-internal-shadow-mvp,V3-INTERNAL-SHADOW-MVP-2026-08-22-R1-001,validation
G25-0427,2025,9,Oregon,Air Force,AWAY,40.531163,-12.644559,49.675722,82.0,W,GOVERNED_SYNTHETIC_CONTROL: 2025 Synthetic Season LOCKED v3.xlsx sha256=77bb6ecf48e805b62b8af238bbf7b3534330df0405b8a170e48bb5c234d532ba via Power_Crunch_Research_Lab_Phase5D_WalkForward_Package.zip; corpus self-declares SCHEDULE SYNTHETIC / SCORES SIMULATED; authorised for MVP_CONTROL_CALIBRATION_ONLY by R-V3-MVP-CONTROL-CORPUS-01,2025-10-25,2026-08-22,3.0.0-internal-shadow-mvp,V3-INTERNAL-SHADOW-MVP-2026-08-22-R1-001,validation
G25-0428,2025,9,Baylor,Arizona State,HOME,-0.494404,-13.998357,17.003953,-1.0,L,GOVERNED_SYNTHETIC_CONTROL: 2025 Synthetic Season LOCKED v3.xlsx sha256=77bb6ecf48e805b62b8af238bbf7b3534330df0405b8a170e48bb5c234d532ba via Power_Crunch_Research_Lab_Phase5D_WalkForward_Package.zip; corpus self-declares SCHEDULE SYNTHETIC / SCORES SIMULATED; authorised for MVP_CONTROL_CALIBRATION_ONLY by R-V3-MVP-CONTROL-CORPUS-01,2025-10-25,2026-08-22,3.0.0-internal-shadow-mvp,V3-INTERNAL-SHADOW-MVP-2026-08-22-R1-001,validation
G25-0428,2025,9,Arizona State,Baylor,AWAY,-13.998357,-0.494404,-17.003953,1.0,W,GOVERNED_SYNTHETIC_CONTROL: 2025 Synthetic Season LOCKED v3.xlsx sha256=77bb6ecf48e805b62b8af238bbf7b3534330df0405b8a170e48bb5c234d532ba via Power_Crunch_Research_Lab_Phase5D_WalkForward_Package.zip; corpus self-declares SCHEDULE SYNTHETIC / SCORES SIMULATED; authorised for MVP_CONTROL_CALIBRATION_ONLY by R-V3-MVP-CONTROL-CORPUS-01,2025-10-25,2026-08-22,3.0.0-internal-shadow-mvp,V3-INTERNAL-SHADOW-MVP-2026-08-22-R1-001,validation
G25-0429,2025,9,Boston College,Louisville,HOME,-14.199018,0.307493,-11.006511,-9.0,L,GOVERNED_SYNTHETIC_CONTROL: 2025 Synthetic Season LOCKED v3.xlsx sha256=77bb6ecf48e805b62b8af238bbf7b3534330df0405b8a170e48bb5c234d532ba via Power_Crunch_Research_Lab_Phase5D_WalkForward_Package.zip; corpus self-declares SCHEDULE SYNTHETIC / SCORES SIMULATED; authorised for MVP_CONTROL_CALIBRATION_ONLY by R-V3-MVP-CONTROL-CORPUS-01,2025-10-25,2026-08-22,3.0.0-internal-shadow-mvp,V3-INTERNAL-SHADOW-MVP-2026-08-22-R1-001,validation
G25-0429,2025,9,Louisville,Boston College,AWAY,0.307493,-14.199018,11.006511,9.0,W,GOVERNED_SYNTHETIC_CONTROL: 2025 Synthetic Season LOCKED v3.xlsx sha256=77bb6ecf48e805b62b8af238bbf7b3534330df0405b8a170e48bb5c234d532ba via Power_Crunch_Research_Lab_Phase5D_WalkForward_Package.zip; corpus self-declares SCHEDULE SYNTHETIC / SCORES SIMULATED; authorised for MVP_CONTROL_CALIBRATION_ONLY by R-V3-MVP-CONTROL-CORPUS-01,2025-10-25,2026-08-22,3.0.0-internal-shadow-mvp,V3-INTERNAL-SHADOW-MVP-2026-08-22-R1-001,validation
G25-0430,2025,9,Cincinnati,Utah,HOME,-3.812276,29.935668,-30.247943,22.0,W,GOVERNED_SYNTHETIC_CONTROL: 2025 Synthetic Season LOCKED v3.xlsx sha256=77bb6ecf48e805b62b8af238bbf7b3534330df0405b8a170e48bb5c234d532ba via Power_Crunch_Research_Lab_Phase5D_WalkForward_Package.zip; corpus self-declares SCHEDULE SYNTHETIC / SCORES SIMULATED; authorised for MVP_CONTROL_CALIBRATION_ONLY by R-V3-MVP-CONTROL-CORPUS-01,2025-10-25,2026-08-22,3.0.0-internal-shadow-mvp,V3-INTERNAL-SHADOW-MVP-2026-08-22-R1-001,validation
G25-0430,2025,9,Utah,Cincinnati,AWAY,29.935668,-3.812276,30.247943,-22.0,L,GOVERNED_SYNTHETIC_CONTROL: 2025 Synthetic Season LOCKED v3.xlsx sha256=77bb6ecf48e805b62b8af238bbf7b3534330df0405b8a170e48bb5c234d532ba via Power_Crunch_Research_Lab_Phase5D_WalkForward_Package.zip; corpus self-declares SCHEDULE SYNTHETIC / SCORES SIMULATED; authorised for MVP_CONTROL_CALIBRATION_ONLY by R-V3-MVP-CONTROL-CORPUS-01,2025-10-25,2026-08-22,3.0.0-internal-shadow-mvp,V3-INTERNAL-SHADOW-MVP-2026-08-22-R1-001,validation
G25-0431,2025,9,Clemson,Stanford,HOME,-6.378335,-9.051306,6.172971,28.0,W,GOVERNED_SYNTHETIC_CONTROL: 2025 Synthetic Season LOCKED v3.xlsx sha256=77bb6ecf48e805b62b8af238bbf7b3534330df0405b8a170e48bb5c234d532ba via Power_Crunch_Research_Lab_Phase5D_WalkForward_Package.zip; corpus self-declares SCHEDULE SYNTHETIC / SCORES SIMULATED; authorised for MVP_CONTROL_CALIBRATION_ONLY by R-V3-MVP-CONTROL-CORPUS-01,2025-10-25,2026-08-22,3.0.0-internal-shadow-mvp,V3-INTERNAL-SHADOW-MVP-2026-08-22-R1-001,validation
G25-0431,2025,9,Stanford,Clemson,AWAY,-9.051306,-6.378335,-6.172971,-28.0,L,GOVERNED_SYNTHETIC_CONTROL: 2025 Synthetic Season LOCKED v3.xlsx sha256=77bb6ecf48e805b62b8af238bbf7b3534330df0405b8a170e48bb5c234d532ba via Power_Crunch_Research_Lab_Phase5D_WalkForward_Package.zip; corpus self-declares SCHEDULE SYNTHETIC / SCORES SIMULATED; authorised for MVP_CONTROL_CALIBRATION_ONLY by R-V3-MVP-CONTROL-CORPUS-01,2025-10-25,2026-08-22,3.0.0-internal-shadow-mvp,V3-INTERNAL-SHADOW-MVP-2026-08-22-R1-001,validation
G25-0432,2025,9,Coastal Carolina,Georgia Southern,HOME,-13.677498,-10.349232,0.171735,2.0,W,GOVERNED_SYNTHETIC_CONTROL: 2025 Synthetic Season LOCKED v3.xlsx sha256=77bb6ecf48e805b62b8af238bbf7b3534330df0405b8a170e48bb5c234d532ba via Power_Crunch_Research_Lab_Phase5D_WalkForward_Package.zip; corpus self-declares SCHEDULE SYNTHETIC / SCORES SIMULATED; authorised for MVP_CONTROL_CALIBRATION_ONLY by R-V3-MVP-CONTROL-CORPUS-01,2025-10-25,2026-08-22,3.0.0-internal-shadow-mvp,V3-INTERNAL-SHADOW-MVP-2026-08-22-R1-001,validation
G25-0432,2025,9,Georgia Southern,Coastal Carolina,AWAY,-10.349232,-13.677498,-0.171735,-2.0,L,GOVERNED_SYNTHETIC_CONTROL: 2025 Synthetic Season LOCKED v3.xlsx sha256=77bb6ecf48e805b62b8af238bbf7b3534330df0405b8a170e48bb5c234d532ba via Power_Crunch_Research_Lab_Phase5D_WalkForward_Package.zip; corpus self-declares SCHEDULE SYNTHETIC / SCORES SIMULATED; authorised for MVP_CONTROL_CALIBRATION_ONLY by R-V3-MVP-CONTROL-CORPUS-01,2025-10-25,2026-08-22,3.0.0-internal-shadow-mvp,V3-INTERNAL-SHADOW-MVP-2026-08-22-R1-001,validation
G25-0433,2025,9,Colgate,Michigan,HOME,-10.54218,19.238996,-26.281176,-50.0,L,GOVERNED_SYNTHETIC_CONTROL: 2025 Synthetic Season LOCKED v3.xlsx sha256=77bb6ecf48e805b62b8af238bbf7b3534330df0405b8a170e48bb5c234d532ba via Power_Crunch_Research_Lab_Phase5D_WalkForward_Package.zip; corpus self-declares SCHEDULE SYNTHETIC / SCORES SIMULATED; authorised for MVP_CONTROL_CALIBRATION_ONLY by R-V3-MVP-CONTROL-CORPUS-01,2025-10-25,2026-08-22,3.0.0-internal-shadow-mvp,V3-INTERNAL-SHADOW-MVP-2026-08-22-R1-001,validation
G25-0433,2025,9,Michigan,Colgate,AWAY,19.238996,-10.54218,26.281176,50.0,W,GOVERNED_SYNTHETIC_CONTROL: 2025 Synthetic Season LOCKED v3.xlsx sha256=77bb6ecf48e805b62b8af238bbf7b3534330df0405b8a170e48bb5c234d532ba via Power_Crunch_Research_Lab_Phase5D_WalkForward_Package.zip; corpus self-declares SCHEDULE SYNTHETIC / SCORES SIMULATED; authorised for MVP_CONTROL_CALIBRATION_ONLY by R-V3-MVP-CONTROL-CORPUS-01,2025-10-25,2026-08-22,3.0.0-internal-shadow-mvp,V3-INTERNAL-SHADOW-MVP-2026-08-22-R1-001,validation
G25-0434,2025,9,Duke,Memphis,HOME,-0.799505,-2.97763,5.678124,15.0,W,GOVERNED_SYNTHETIC_CONTROL: 2025 Synthetic Season LOCKED v3.xlsx sha256=77bb6ecf48e805b62b8af238bbf7b3534330df0405b8a170e48bb5c234d532ba via Power_Crunch_Research_Lab_Phase5D_WalkForward_Package.zip; corpus self-declares SCHEDULE SYNTHETIC / SCORES SIMULATED; authorised for MVP_CONTROL_CALIBRATION_ONLY by R-V3-MVP-CONTROL-CORPUS-01,2025-10-25,2026-08-22,3.0.0-internal-shadow-mvp,V3-INTERNAL-SHADOW-MVP-2026-08-22-R1-001,validation
G25-0434,2025,9,Memphis,Duke,AWAY,-2.97763,-0.799505,-5.678124,-15.0,L,GOVERNED_SYNTHETIC_CONTROL: 2025 Synthetic Season LOCKED v3.xlsx sha256=77bb6ecf48e805b62b8af238bbf7b3534330df0405b8a170e48bb5c234d532ba via Power_Crunch_Research_Lab_Phase5D_WalkForward_Package.zip; corpus self-declares SCHEDULE SYNTHETIC / SCORES SIMULATED; authorised for MVP_CONTROL_CALIBRATION_ONLY by R-V3-MVP-CONTROL-CORPUS-01,2025-10-25,2026-08-22,3.0.0-internal-shadow-mvp,V3-INTERNAL-SHADOW-MVP-2026-08-22-R1-001,validation
G25-0435,2025,9,East Carolina,Temple,HOME,-1.269582,-16.273474,18.503892,4.0,W,GOVERNED_SYNTHETIC_CONTROL: 2025 Synthetic Season LOCKED v3.xlsx sha256=77bb6ecf48e805b62b8af238bbf7b3534330df0405b8a170e48bb5c234d532ba via Power_Crunch_Research_Lab_Phase5D_WalkForward_Package.zip; corpus self-declares SCHEDULE SYNTHETIC / SCORES SIMULATED; authorised for MVP_CONTROL_CALIBRATION_ONLY by R-V3-MVP-CONTROL-CORPUS-01,2025-10-25,2026-08-22,3.0.0-internal-shadow-mvp,V3-INTERNAL-SHADOW-MVP-2026-08-22-R1-001,validation
G25-0435,2025,9,Temple,East Carolina,AWAY,-16.273474,-1.269582,-18.503892,-4.0,L,GOVERNED_SYNTHETIC_CONTROL: 2025 Synthetic Season LOCKED v3.xlsx sha256=77bb6ecf48e805b62b8af238bbf7b3534330df0405b8a170e48bb5c234d532ba via Power_Crunch_Research_Lab_Phase5D_WalkForward_Package.zip; corpus self-declares SCHEDULE SYNTHETIC / SCORES SIMULATED; authorised for MVP_CONTROL_CALIBRATION_ONLY by R-V3-MVP-CONTROL-CORPUS-01,2025-10-25,2026-08-22,3.0.0-internal-shadow-mvp,V3-INTERNAL-SHADOW-MVP-2026-08-22-R1-001,validation
G25-0436,2025,9,Florida Atlantic,Southern Miss,HOME,-16.367628,-18.124892,5.257264,9.0,W,GOVERNED_SYNTHETIC_CONTROL: 2025 Synthetic Season LOCKED v3.xlsx sha256=77bb6ecf48e805b62b8af238bbf7b3534330df0405b8a170e48bb5c234d532ba via Power_Crunch_Research_Lab_Phase5D_WalkForward_Package.zip; corpus self-declares SCHEDULE SYNTHETIC / SCORES SIMULATED; authorised for MVP_CONTROL_CALIBRATION_ONLY by R-V3-MVP-CONTROL-CORPUS-01,2025-10-25,2026-08-22,3.0.0-internal-shadow-mvp,V3-INTERNAL-SHADOW-MVP-2026-08-22-R1-001,validation
G25-0436,2025,9,Southern Miss,Florida Atlantic,AWAY,-18.124892,-16.367628,-5.257264,-9.0,L,GOVERNED_SYNTHETIC_CONTROL: 2025 Synthetic Season LOCKED v3.xlsx sha256=77bb6ecf48e805b62b8af238bbf7b3534330df0405b8a170e48bb5c234d532ba via Power_Crunch_Research_Lab_Phase5D_WalkForward_Package.zip; corpus self-declares SCHEDULE SYNTHETIC / SCORES SIMULATED; authorised for MVP_CONTROL_CALIBRATION_ONLY by R-V3-MVP-CONTROL-CORPUS-01,2025-10-25,2026-08-22,3.0.0-internal-shadow-mvp,V3-INTERNAL-SHADOW-MVP-2026-08-22-R1-001,validation
G25-0437,2025,9,Georgia Tech,SMU,HOME,18.365669,12.935254,8.930415,13.0,W,GOVERNED_SYNTHETIC_CONTROL: 2025 Synthetic Season LOCKED v3.xlsx sha256=77bb6ecf48e805b62b8af238bbf7b3534330df0405b8a170e48bb5c234d532ba via Power_Crunch_Research_Lab_Phase5D_WalkForward_Package.zip; corpus self-declares SCHEDULE SYNTHETIC / SCORES SIMULATED; authorised for MVP_CONTROL_CALIBRATION_ONLY by R-V3-MVP-CONTROL-CORPUS-01,2025-10-25,2026-08-22,3.0.0-internal-shadow-mvp,V3-INTERNAL-SHADOW-MVP-2026-08-22-R1-001,validation
G25-0437,2025,9,SMU,Georgia Tech,AWAY,12.935254,18.365669,-8.930415,-13.0,L,GOVERNED_SYNTHETIC_CONTROL: 2025 Synthetic Season LOCKED v3.xlsx sha256=77bb6ecf48e805b62b8af238bbf7b3534330df0405b8a170e48bb5c234d532ba via Power_Crunch_Research_Lab_Phase5D_WalkForward_Package.zip; corpus self-declares SCHEDULE SYNTHETIC / SCORES SIMULATED; authorised for MVP_CONTROL_CALIBRATION_ONLY by R-V3-MVP-CONTROL-CORPUS-01,2025-10-25,2026-08-22,3.0.0-internal-shadow-mvp,V3-INTERNAL-SHADOW-MVP-2026-08-22-R1-001,validation
G25-0438,2025,9,Hawaii,Oregon State,HOME,-11.41123,-8.849207,0.937977,12.0,W,GOVERNED_SYNTHETIC_CONTROL: 2025 Synthetic Season LOCKED v3.xlsx sha256=77bb6ecf48e805b62b8af238bbf7b3534330df0405b8a170e48bb5c234d532ba via Power_Crunch_Research_Lab_Phase5D_WalkForward_Package.zip; corpus self-declares SCHEDULE SYNTHETIC / SCORES SIMULATED; authorised for MVP_CONTROL_CALIBRATION_ONLY by R-V3-MVP-CONTROL-CORPUS-01,2025-10-25,2026-08-22,3.0.0-internal-shadow-mvp,V3-INTERNAL-SHADOW-MVP-2026-08-22-R1-001,validation
G25-0438,2025,9,Oregon State,Hawaii,AWAY,-8.849207,-11.41123,-0.937977,-12.0,L,GOVERNED_SYNTHETIC_CONTROL: 2025 Synthetic Season LOCKED v3.xlsx sha256=77bb6ecf48e805b62b8af238bbf7b3534330df0405b8a170e48bb5c234d532ba via Power_Crunch_Research_Lab_Phase5D_WalkForward_Package.zip; corpus self-declares SCHEDULE SYNTHETIC / SCORES SIMULATED; authorised for MVP_CONTROL_CALIBRATION_ONLY by R-V3-MVP-CONTROL-CORPUS-01,2025-10-25,2026-08-22,3.0.0-internal-shadow-mvp,V3-INTERNAL-SHADOW-MVP-2026-08-22-R1-001,validation
G25-0439,2025,9,Kansas State,Kansas,HOME,-16.880904,0.787507,-14.168411,-9.0,L,GOVERNED_SYNTHETIC_CONTROL: 2025 Synthetic Season LOCKED v3.xlsx sha256=77bb6ecf48e805b62b8af238bbf7b3534330df0405b8a170e48bb5c234d532ba via Power_Crunch_Research_Lab_Phase5D_WalkForward_Package.zip; corpus self-declares SCHEDULE SYNTHETIC / SCORES SIMULATED; authorised for MVP_CONTROL_CALIBRATION_ONLY by R-V3-MVP-CONTROL-CORPUS-01,2025-10-25,2026-08-22,3.0.0-internal-shadow-mvp,V3-INTERNAL-SHADOW-MVP-2026-08-22-R1-001,validation
G25-0439,2025,9,Kansas,Kansas State,AWAY,0.787507,-16.880904,14.168411,9.0,W,GOVERNED_SYNTHETIC_CONTROL: 2025 Synthetic Season LOCKED v3.xlsx sha256=77bb6ecf48e805b62b8af238bbf7b3534330df0405b8a170e48bb5c234d532ba via Power_Crunch_Research_Lab_Phase5D_WalkForward_Package.zip; corpus self-declares SCHEDULE SYNTHETIC / SCORES SIMULATED; authorised for MVP_CONTROL_CALIBRATION_ONLY by R-V3-MVP-CONTROL-CORPUS-01,2025-10-25,2026-08-22,3.0.0-internal-shadow-mvp,V3-INTERNAL-SHADOW-MVP-2026-08-22-R1-001,validation
G25-0440,2025,9,Kentucky,Alabama,HOME,-10.983135,43.76748,-51.250615,-57.0,L,GOVERNED_SYNTHETIC_CONTROL: 2025 Synthetic Season LOCKED v3.xlsx sha256=77bb6ecf48e805b62b8af238bbf7b3534330df0405b8a170e48bb5c234d532ba via Power_Crunch_Research_Lab_Phase5D_WalkForward_Package.zip; corpus self-declares SCHEDULE SYNTHETIC / SCORES SIMULATED; authorised for MVP_CONTROL_CALIBRATION_ONLY by R-V3-MVP-CONTROL-CORPUS-01,2025-10-25,2026-08-22,3.0.0-internal-shadow-mvp,V3-INTERNAL-SHADOW-MVP-2026-08-22-R1-001,validation
G25-0440,2025,9,Alabama,Kentucky,AWAY,43.76748,-10.983135,51.250615,57.0,W,GOVERNED_SYNTHETIC_CONTROL: 2025 Synthetic Season LOCKED v3.xlsx sha256=77bb6ecf48e805b62b8af238bbf7b3534330df0405b8a170e48bb5c234d532ba via Power_Crunch_Research_Lab_Phase5D_WalkForward_Package.zip; corpus self-declares SCHEDULE SYNTHETIC / SCORES SIMULATED; authorised for MVP_CONTROL_CALIBRATION_ONLY by R-V3-MVP-CONTROL-CORPUS-01,2025-10-25,2026-08-22,3.0.0-internal-shadow-mvp,V3-INTERNAL-SHADOW-MVP-2026-08-22-R1-001,validation
G25-0441,2025,9,Lehigh,Cornell,HOME,13.784493,-21.497822,38.782315,45.0,W,GOVERNED_SYNTHETIC_CONTROL: 2025 Synthetic Season LOCKED v3.xlsx sha256=77bb6ecf48e805b62b8af238bbf7b3534330df0405b8a170e48bb5c234d532ba via Power_Crunch_Research_Lab_Phase5D_WalkForward_Package.zip; corpus self-declares SCHEDULE SYNTHETIC / SCORES SIMULATED; authorised for MVP_CONTROL_CALIBRATION_ONLY by R-V3-MVP-CONTROL-CORPUS-01,2025-10-25,2026-08-22,3.0.0-internal-shadow-mvp,V3-INTERNAL-SHADOW-MVP-2026-08-22-R1-001,validation
G25-0441,2025,9,Cornell,Lehigh,AWAY,-21.497822,13.784493,-38.782315,-45.0,L,GOVERNED_SYNTHETIC_CONTROL: 2025 Synthetic Season LOCKED v3.xlsx sha256=77bb6ecf48e805b62b8af238bbf7b3534330df0405b8a170e48bb5c234d532ba via Power_Crunch_Research_Lab_Phase5D_WalkForward_Package.zip; corpus self-declares SCHEDULE SYNTHETIC / SCORES SIMULATED; authorised for MVP_CONTROL_CALIBRATION_ONLY by R-V3-MVP-CONTROL-CORPUS-01,2025-10-25,2026-08-22,3.0.0-internal-shadow-mvp,V3-INTERNAL-SHADOW-MVP-2026-08-22-R1-001,validation
G25-0442,2025,9,Louisiana Tech,Vanderbilt,HOME,-17.975537,22.341502,-36.817039,-49.0,L,GOVERNED_SYNTHETIC_CONTROL: 2025 Synthetic Season LOCKED v3.xlsx sha256=77bb6ecf48e805b62b8af238bbf7b3534330df0405b8a170e48bb5c234d532ba via Power_Crunch_Research_Lab_Phase5D_WalkForward_Package.zip; corpus self-declares SCHEDULE SYNTHETIC / SCORES SIMULATED; authorised for MVP_CONTROL_CALIBRATION_ONLY by R-V3-MVP-CONTROL-CORPUS-01,2025-10-25,2026-08-22,3.0.0-internal-shadow-mvp,V3-INTERNAL-SHADOW-MVP-2026-08-22-R1-001,validation
G25-0442,2025,9,Vanderbilt,Louisiana Tech,AWAY,22.341502,-17.975537,36.817039,49.0,W,GOVERNED_SYNTHETIC_CONTROL: 2025 Synthetic Season LOCKED v3.xlsx sha256=77bb6ecf48e805b62b8af238bbf7b3534330df0405b8a170e48bb5c234d532ba via Power_Crunch_Research_Lab_Phase5D_WalkForward_Package.zip; corpus self-declares SCHEDULE SYNTHETIC / SCORES SIMULATED; authorised for MVP_CONTROL_CALIBRATION_ONLY by R-V3-MVP-CONTROL-CORPUS-01,2025-10-25,2026-08-22,3.0.0-internal-shadow-mvp,V3-INTERNAL-SHADOW-MVP-2026-08-22-R1-001,validation
G25-0443,2025,9,Marshall,Old Dominion,HOME,-1.612598,6.435181,-4.547779,-45.0,L,GOVERNED_SYNTHETIC_CONTROL: 2025 Synthetic Season LOCKED v3.xlsx sha256=77bb6ecf48e805b62b8af238bbf7b3534330df0405b8a170e48bb5c234d532ba via Power_Crunch_Research_Lab_Phase5D_WalkForward_Package.zip; corpus self-declares SCHEDULE SYNTHETIC / SCORES SIMULATED; authorised for MVP_CONTROL_CALIBRATION_ONLY by R-V3-MVP-CONTROL-CORPUS-01,2025-10-25,2026-08-22,3.0.0-internal-shadow-mvp,V3-INTERNAL-SHADOW-MVP-2026-08-22-R1-001,validation
G25-0443,2025,9,Old Dominion,Marshall,AWAY,6.435181,-1.612598,4.547779,45.0,W,GOVERNED_SYNTHETIC_CONTROL: 2025 Synthetic Season LOCKED v3.xlsx sha256=77bb6ecf48e805b62b8af238bbf7b3534330df0405b8a170e48bb5c234d532ba via Power_Crunch_Research_Lab_Phase5D_WalkForward_Package.zip; corpus self-declares SCHEDULE SYNTHETIC / SCORES SIMULATED; authorised for MVP_CONTROL_CALIBRATION_ONLY by R-V3-MVP-CONTROL-CORPUS-01,2025-10-25,2026-08-22,3.0.0-internal-shadow-mvp,V3-INTERNAL-SHADOW-MVP-2026-08-22-R1-001,validation
G25-0444,2025,9,Minnesota,Northwestern,HOME,-8.671213,-8.994861,3.823648,18.0,W,GOVERNED_SYNTHETIC_CONTROL: 2025 Synthetic Season LOCKED v3.xlsx sha256=77bb6ecf48e805b62b8af238bbf7b3534330df0405b8a170e48bb5c234d532ba via Power_Crunch_Research_Lab_Phase5D_WalkForward_Package.zip; corpus self-declares SCHEDULE SYNTHETIC / SCORES SIMULATED; authorised for MVP_CONTROL_CALIBRATION_ONLY by R-V3-MVP-CONTROL-CORPUS-01,2025-10-25,2026-08-22,3.0.0-internal-shadow-mvp,V3-INTERNAL-SHADOW-MVP-2026-08-22-R1-001,validation
G25-0444,2025,9,Northwestern,Minnesota,AWAY,-8.994861,-8.671213,-3.823648,-18.0,L,GOVERNED_SYNTHETIC_CONTROL: 2025 Synthetic Season LOCKED v3.xlsx sha256=77bb6ecf48e805b62b8af238bbf7b3534330df0405b8a170e48bb5c234d532ba via Power_Crunch_Research_Lab_Phase5D_WalkForward_Package.zip; corpus self-declares SCHEDULE SYNTHETIC / SCORES SIMULATED; authorised for MVP_CONTROL_CALIBRATION_ONLY by R-V3-MVP-CONTROL-CORPUS-01,2025-10-25,2026-08-22,3.0.0-internal-shadow-mvp,V3-INTERNAL-SHADOW-MVP-2026-08-22-R1-001,validation
G25-0445,2025,9,Missouri,BYU,HOME,6.873064,36.799631,-26.426568,-25.0,L,GOVERNED_SYNTHETIC_CONTROL: 2025 Synthetic Season LOCKED v3.xlsx sha256=77bb6ecf48e805b62b8af238bbf7b3534330df0405b8a170e48bb5c234d532ba via Power_Crunch_Research_Lab_Phase5D_WalkForward_Package.zip; corpus self-declares SCHEDULE SYNTHETIC / SCORES SIMULATED; authorised for MVP_CONTROL_CALIBRATION_ONLY by R-V3-MVP-CONTROL-CORPUS-01,2025-10-25,2026-08-22,3.0.0-internal-shadow-mvp,V3-INTERNAL-SHADOW-MVP-2026-08-22-R1-001,validation
G25-0445,2025,9,BYU,Missouri,AWAY,36.799631,6.873064,26.426568,25.0,W,GOVERNED_SYNTHETIC_CONTROL: 2025 Synthetic Season LOCKED v3.xlsx sha256=77bb6ecf48e805b62b8af238bbf7b3534330df0405b8a170e48bb5c234d532ba via Power_Crunch_Research_Lab_Phase5D_WalkForward_Package.zip; corpus self-declares SCHEDULE SYNTHETIC / SCORES SIMULATED; authorised for MVP_CONTROL_CALIBRATION_ONLY by R-V3-MVP-CONTROL-CORPUS-01,2025-10-25,2026-08-22,3.0.0-internal-shadow-mvp,V3-INTERNAL-SHADOW-MVP-2026-08-22-R1-001,validation
G25-0446,2025,9,Navy,UTSA,HOME,1.571582,-22.106262,27.177844,32.0,W,GOVERNED_SYNTHETIC_CONTROL: 2025 Synthetic Season LOCKED v3.xlsx sha256=77bb6ecf48e805b62b8af238bbf7b3534330df0405b8a170e48bb5c234d532ba via Power_Crunch_Research_Lab_Phase5D_WalkForward_Package.zip; corpus self-declares SCHEDULE SYNTHETIC / SCORES SIMULATED; authorised for MVP_CONTROL_CALIBRATION_ONLY by R-V3-MVP-CONTROL-CORPUS-01,2025-10-25,2026-08-22,3.0.0-internal-shadow-mvp,V3-INTERNAL-SHADOW-MVP-2026-08-22-R1-001,validation
G25-0446,2025,9,UTSA,Navy,AWAY,-22.106262,1.571582,-27.177844,-32.0,L,GOVERNED_SYNTHETIC_CONTROL: 2025 Synthetic Season LOCKED v3.xlsx sha256=77bb6ecf48e805b62b8af238bbf7b3534330df0405b8a170e48bb5c234d532ba via Power_Crunch_Research_Lab_Phase5D_WalkForward_Package.zip; corpus self-declares SCHEDULE SYNTHETIC / SCORES SIMULATED; authorised for MVP_CONTROL_CALIBRATION_ONLY by R-V3-MVP-CONTROL-CORPUS-01,2025-10-25,2026-08-22,3.0.0-internal-shadow-mvp,V3-INTERNAL-SHADOW-MVP-2026-08-22-R1-001,validation
G25-0447,2025,9,Nevada,Boise State,HOME,-16.446868,-5.826721,-7.120147,-8.0,L,GOVERNED_SYNTHETIC_CONTROL: 2025 Synthetic Season LOCKED v3.xlsx sha256=77bb6ecf48e805b62b8af238bbf7b3534330df0405b8a170e48bb5c234d532ba via Power_Crunch_Research_Lab_Phase5D_WalkForward_Package.zip; corpus self-declares SCHEDULE SYNTHETIC / SCORES SIMULATED; authorised for MVP_CONTROL_CALIBRATION_ONLY by R-V3-MVP-CONTROL-CORPUS-01,2025-10-25,2026-08-22,3.0.0-internal-shadow-mvp,V3-INTERNAL-SHADOW-MVP-2026-08-22-R1-001,validation
G25-0447,2025,9,Boise State,Nevada,AWAY,-5.826721,-16.446868,7.120147,8.0,W,GOVERNED_SYNTHETIC_CONTROL: 2025 Synthetic Season LOCKED v3.xlsx sha256=77bb6ecf48e805b62b8af238bbf7b3534330df0405b8a170e48bb5c234d532ba via Power_Crunch_Research_Lab_Phase5D_WalkForward_Package.zip; corpus self-declares SCHEDULE SYNTHETIC / SCORES SIMULATED; authorised for MVP_CONTROL_CALIBRATION_ONLY by R-V3-MVP-CONTROL-CORPUS-01,2025-10-25,2026-08-22,3.0.0-internal-shadow-mvp,V3-INTERNAL-SHADOW-MVP-2026-08-22-R1-001,validation
G25-0448,2025,9,New Mexico,Colorado State,HOME,-4.931403,-12.553923,11.12252,15.0,W,GOVERNED_SYNTHETIC_CONTROL: 2025 Synthetic Season LOCKED v3.xlsx sha256=77bb6ecf48e805b62b8af238bbf7b3534330df0405b8a170e48bb5c234d532ba via Power_Crunch_Research_Lab_Phase5D_WalkForward_Package.zip; corpus self-declares SCHEDULE SYNTHETIC / SCORES SIMULATED; authorised for MVP_CONTROL_CALIBRATION_ONLY by R-V3-MVP-CONTROL-CORPUS-01,2025-10-25,2026-08-22,3.0.0-internal-shadow-mvp,V3-INTERNAL-SHADOW-MVP-2026-08-22-R1-001,validation
G25-0448,2025,9,Colorado State,New Mexico,AWAY,-12.553923,-4.931403,-11.12252,-15.0,L,GOVERNED_SYNTHETIC_CONTROL: 2025 Synthetic Season LOCKED v3.xlsx sha256=77bb6ecf48e805b62b8af238bbf7b3534330df0405b8a170e48bb5c234d532ba via Power_Crunch_Research_Lab_Phase5D_WalkForward_Package.zip; corpus self-declares SCHEDULE SYNTHETIC / SCORES SIMULATED; authorised for MVP_CONTROL_CALIBRATION_ONLY by R-V3-MVP-CONTROL-CORPUS-01,2025-10-25,2026-08-22,3.0.0-internal-shadow-mvp,V3-INTERNAL-SHADOW-MVP-2026-08-22-R1-001,validation
G25-0449,2025,9,New Mexico State,Washington State,HOME,-16.756395,-4.963005,-8.29339,9.0,W,GOVERNED_SYNTHETIC_CONTROL: 2025 Synthetic Season LOCKED v3.xlsx sha256=77bb6ecf48e805b62b8af238bbf7b3534330df0405b8a170e48bb5c234d532ba via Power_Crunch_Research_Lab_Phase5D_WalkForward_Package.zip; corpus self-declares SCHEDULE SYNTHETIC / SCORES SIMULATED; authorised for MVP_CONTROL_CALIBRATION_ONLY by R-V3-MVP-CONTROL-CORPUS-01,2025-10-25,2026-08-22,3.0.0-internal-shadow-mvp,V3-INTERNAL-SHADOW-MVP-2026-08-22-R1-001,validation
G25-0449,2025,9,Washington State,New Mexico State,AWAY,-4.963005,-16.756395,8.29339,-9.0,L,GOVERNED_SYNTHETIC_CONTROL: 2025 Synthetic Season LOCKED v3.xlsx sha256=77bb6ecf48e805b62b8af238bbf7b3534330df0405b8a170e48bb5c234d532ba via Power_Crunch_Research_Lab_Phase5D_WalkForward_Package.zip; corpus self-declares SCHEDULE SYNTHETIC / SCORES SIMULATED; authorised for MVP_CONTROL_CALIBRATION_ONLY by R-V3-MVP-CONTROL-CORPUS-01,2025-10-25,2026-08-22,3.0.0-internal-shadow-mvp,V3-INTERNAL-SHADOW-MVP-2026-08-22-R1-001,validation
G25-0450,2025,9,North Carolina,Florida State,HOME,-8.517008,-10.820247,5.803239,28.0,W,GOVERNED_SYNTHETIC_CONTROL: 2025 Synthetic Season LOCKED v3.xlsx sha256=77bb6ecf48e805b62b8af238bbf7b3534330df0405b8a170e48bb5c234d532ba via Power_Crunch_Research_Lab_Phase5D_WalkForward_Package.zip; corpus self-declares SCHEDULE SYNTHETIC / SCORES SIMULATED; authorised for MVP_CONTROL_CALIBRATION_ONLY by R-V3-MVP-CONTROL-CORPUS-01,2025-10-25,2026-08-22,3.0.0-internal-shadow-mvp,V3-INTERNAL-SHADOW-MVP-2026-08-22-R1-001,validation
G25-0450,2025,9,Florida State,North Carolina,AWAY,-10.820247,-8.517008,-5.803239,-28.0,L,GOVERNED_SYNTHETIC_CONTROL: 2025 Synthetic Season LOCKED v3.xlsx sha256=77bb6ecf48e805b62b8af238bbf7b3534330df0405b8a170e48bb5c234d532ba via Power_Crunch_Research_Lab_Phase5D_WalkForward_Package.zip; corpus self-declares SCHEDULE SYNTHETIC / SCORES SIMULATED; authorised for MVP_CONTROL_CALIBRATION_ONLY by R-V3-MVP-CONTROL-CORPUS-01,2025-10-25,2026-08-22,3.0.0-internal-shadow-mvp,V3-INTERNAL-SHADOW-MVP-2026-08-22-R1-001,validation
G25-0451,2025,9,North Texas,Colorado,HOME,-3.011718,0.959642,-0.471361,18.0,W,GOVERNED_SYNTHETIC_CONTROL: 2025 Synthetic Season LOCKED v3.xlsx sha256=77bb6ecf48e805b62b8af238bbf7b3534330df0405b8a170e48bb5c234d532ba via Power_Crunch_Research_Lab_Phase5D_WalkForward_Package.zip; corpus self-declares SCHEDULE SYNTHETIC / SCORES SIMULATED; authorised for MVP_CONTROL_CALIBRATION_ONLY by R-V3-MVP-CONTROL-CORPUS-01,2025-10-25,2026-08-22,3.0.0-internal-shadow-mvp,V3-INTERNAL-SHADOW-MVP-2026-08-22-R1-001,validation
G25-0451,2025,9,Colorado,North Texas,AWAY,0.959642,-3.011718,0.471361,-18.0,L,GOVERNED_SYNTHETIC_CONTROL: 2025 Synthetic Season LOCKED v3.xlsx sha256=77bb6ecf48e805b62b8af238bbf7b3534330df0405b8a170e48bb5c234d532ba via Power_Crunch_Research_Lab_Phase5D_WalkForward_Package.zip; corpus self-declares SCHEDULE SYNTHETIC / SCORES SIMULATED; authorised for MVP_CONTROL_CALIBRATION_ONLY by R-V3-MVP-CONTROL-CORPUS-01,2025-10-25,2026-08-22,3.0.0-internal-shadow-mvp,V3-INTERNAL-SHADOW-MVP-2026-08-22-R1-001,validation
G25-0452,2025,9,Ohio State,Georgia State,HOME,33.535472,-8.902416,45.937887,66.0,W,GOVERNED_SYNTHETIC_CONTROL: 2025 Synthetic Season LOCKED v3.xlsx sha256=77bb6ecf48e805b62b8af238bbf7b3534330df0405b8a170e48bb5c234d532ba via Power_Crunch_Research_Lab_Phase5D_WalkForward_Package.zip; corpus self-declares SCHEDULE SYNTHETIC / SCORES SIMULATED; authorised for MVP_CONTROL_CALIBRATION_ONLY by R-V3-MVP-CONTROL-CORPUS-01,2025-10-25,2026-08-22,3.0.0-internal-shadow-mvp,V3-INTERNAL-SHADOW-MVP-2026-08-22-R1-001,validation
G25-0452,2025,9,Georgia State,Ohio State,AWAY,-8.902416,33.535472,-45.937887,-66.0,L,GOVERNED_SYNTHETIC_CONTROL: 2025 Synthetic Season LOCKED v3.xlsx sha256=77bb6ecf48e805b62b8af238bbf7b3534330df0405b8a170e48bb5c234d532ba via Power_Crunch_Research_Lab_Phase5D_WalkForward_Package.zip; corpus self-declares SCHEDULE SYNTHETIC / SCORES SIMULATED; authorised for MVP_CONTROL_CALIBRATION_ONLY by R-V3-MVP-CONTROL-CORPUS-01,2025-10-25,2026-08-22,3.0.0-internal-shadow-mvp,V3-INTERNAL-SHADOW-MVP-2026-08-22-R1-001,validation
G25-0453,2025,9,Oklahoma State,Iowa State,HOME,-3.710367,-3.764394,3.554028,9.0,W,GOVERNED_SYNTHETIC_CONTROL: 2025 Synthetic Season LOCKED v3.xlsx sha256=77bb6ecf48e805b62b8af238bbf7b3534330df0405b8a170e48bb5c234d532ba via Power_Crunch_Research_Lab_Phase5D_WalkForward_Package.zip; corpus self-declares SCHEDULE SYNTHETIC / SCORES SIMULATED; authorised for MVP_CONTROL_CALIBRATION_ONLY by R-V3-MVP-CONTROL-CORPUS-01,2025-10-25,2026-08-22,3.0.0-internal-shadow-mvp,V3-INTERNAL-SHADOW-MVP-2026-08-22-R1-001,validation
G25-0453,2025,9,Iowa State,Oklahoma State,AWAY,-3.764394,-3.710367,-3.554028,-9.0,L,GOVERNED_SYNTHETIC_CONTROL: 2025 Synthetic Season LOCKED v3.xlsx sha256=77bb6ecf48e805b62b8af238bbf7b3534330df0405b8a170e48bb5c234d532ba via Power_Crunch_Research_Lab_Phase5D_WalkForward_Package.zip; corpus self-declares SCHEDULE SYNTHETIC / SCORES SIMULATED; authorised for MVP_CONTROL_CALIBRATION_ONLY by R-V3-MVP-CONTROL-CORPUS-01,2025-10-25,2026-08-22,3.0.0-internal-shadow-mvp,V3-INTERNAL-SHADOW-MVP-2026-08-22-R1-001,validation
G25-0454,2025,9,Ole Miss,Georgia,HOME,38.74733,37.337849,4.909481,-13.0,L,GOVERNED_SYNTHETIC_CONTROL: 2025 Synthetic Season LOCKED v3.xlsx sha256=77bb6ecf48e805b62b8af238bbf7b3534330df0405b8a170e48bb5c234d532ba via Power_Crunch_Research_Lab_Phase5D_WalkForward_Package.zip; corpus self-declares SCHEDULE SYNTHETIC / SCORES SIMULATED; authorised for MVP_CONTROL_CALIBRATION_ONLY by R-V3-MVP-CONTROL-CORPUS-01,2025-10-25,2026-08-22,3.0.0-internal-shadow-mvp,V3-INTERNAL-SHADOW-MVP-2026-08-22-R1-001,validation
G25-0454,2025,9,Georgia,Ole Miss,AWAY,37.337849,38.74733,-4.909481,13.0,W,GOVERNED_SYNTHETIC_CONTROL: 2025 Synthetic Season LOCKED v3.xlsx sha256=77bb6ecf48e805b62b8af238bbf7b3534330df0405b8a170e48bb5c234d532ba via Power_Crunch_Research_Lab_Phase5D_WalkForward_Package.zip; corpus self-declares SCHEDULE SYNTHETIC / SCORES SIMULATED; authorised for MVP_CONTROL_CALIBRATION_ONLY by R-V3-MVP-CONTROL-CORPUS-01,2025-10-25,2026-08-22,3.0.0-internal-shadow-mvp,V3-INTERNAL-SHADOW-MVP-2026-08-22-R1-001,validation
G25-0455,2025,9,Princeton,Yale,HOME,-3.900195,-16.592776,16.19258,20.0,W,GOVERNED_SYNTHETIC_CONTROL: 2025 Synthetic Season LOCKED v3.xlsx sha256=77bb6ecf48e805b62b8af238bbf7b3534330df0405b8a170e48bb5c234d532ba via Power_Crunch_Research_Lab_Phase5D_WalkForward_Package.zip; corpus self-declares SCHEDULE SYNTHETIC / SCORES SIMULATED; authorised for MVP_CONTROL_CALIBRATION_ONLY by R-V3-MVP-CONTROL-CORPUS-01,2025-10-25,2026-08-22,3.0.0-internal-shadow-mvp,V3-INTERNAL-SHADOW-MVP-2026-08-22-R1-001,validation
G25-0455,2025,9,Yale,Princeton,AWAY,-16.592776,-3.900195,-16.19258,-20.0,L,GOVERNED_SYNTHETIC_CONTROL: 2025 Synthetic Season LOCKED v3.xlsx sha256=77bb6ecf48e805b62b8af238bbf7b3534330df0405b8a170e48bb5c234d532ba via Power_Crunch_Research_Lab_Phase5D_WalkForward_Package.zip; corpus self-declares SCHEDULE SYNTHETIC / SCORES SIMULATED; authorised for MVP_CONTROL_CALIBRATION_ONLY by R-V3-MVP-CONTROL-CORPUS-01,2025-10-25,2026-08-22,3.0.0-internal-shadow-mvp,V3-INTERNAL-SHADOW-MVP-2026-08-22-R1-001,validation
G25-0456,2025,9,Purdue,Harvard,HOME,-26.930155,-25.066911,1.636757,8.0,W,GOVERNED_SYNTHETIC_CONTROL: 2025 Synthetic Season LOCKED v3.xlsx sha256=77bb6ecf48e805b62b8af238bbf7b3534330df0405b8a170e48bb5c234d532ba via Power_Crunch_Research_Lab_Phase5D_WalkForward_Package.zip; corpus self-declares SCHEDULE SYNTHETIC / SCORES SIMULATED; authorised for MVP_CONTROL_CALIBRATION_ONLY by R-V3-MVP-CONTROL-CORPUS-01,2025-10-25,2026-08-22,3.0.0-internal-shadow-mvp,V3-INTERNAL-SHADOW-MVP-2026-08-22-R1-001,validation
G25-0456,2025,9,Harvard,Purdue,AWAY,-25.066911,-26.930155,-1.636757,-8.0,L,GOVERNED_SYNTHETIC_CONTROL: 2025 Synthetic Season LOCKED v3.xlsx sha256=77bb6ecf48e805b62b8af238bbf7b3534330df0405b8a170e48bb5c234d532ba via Power_Crunch_Research_Lab_Phase5D_WalkForward_Package.zip; corpus self-declares SCHEDULE SYNTHETIC / SCORES SIMULATED; authorised for MVP_CONTROL_CALIBRATION_ONLY by R-V3-MVP-CONTROL-CORPUS-01,2025-10-25,2026-08-22,3.0.0-internal-shadow-mvp,V3-INTERNAL-SHADOW-MVP-2026-08-22-R1-001,validation
G25-0457,2025,9,Rutgers,Indiana,HOME,-16.165111,34.985254,-47.650365,-68.0,L,GOVERNED_SYNTHETIC_CONTROL: 2025 Synthetic Season LOCKED v3.xlsx sha256=77bb6ecf48e805b62b8af238bbf7b3534330df0405b8a170e48bb5c234d532ba via Power_Crunch_Research_Lab_Phase5D_WalkForward_Package.zip; corpus self-declares SCHEDULE SYNTHETIC / SCORES SIMULATED; authorised for MVP_CONTROL_CALIBRATION_ONLY by R-V3-MVP-CONTROL-CORPUS-01,2025-10-25,2026-08-22,3.0.0-internal-shadow-mvp,V3-INTERNAL-SHADOW-MVP-2026-08-22-R1-001,validation
G25-0457,2025,9,Indiana,Rutgers,AWAY,34.985254,-16.165111,47.650365,68.0,W,GOVERNED_SYNTHETIC_CONTROL: 2025 Synthetic Season LOCKED v3.xlsx sha256=77bb6ecf48e805b62b8af238bbf7b3534330df0405b8a170e48bb5c234d532ba via Power_Crunch_Research_Lab_Phase5D_WalkForward_Package.zip; corpus self-declares SCHEDULE SYNTHETIC / SCORES SIMULATED; authorised for MVP_CONTROL_CALIBRATION_ONLY by R-V3-MVP-CONTROL-CORPUS-01,2025-10-25,2026-08-22,3.0.0-internal-shadow-mvp,V3-INTERNAL-SHADOW-MVP-2026-08-22-R1-001,validation
G25-0458,2025,9,San Jose State,San Diego State,HOME,-12.055008,-6.233483,-2.321526,-18.0,L,GOVERNED_SYNTHETIC_CONTROL: 2025 Synthetic Season LOCKED v3.xlsx sha256=77bb6ecf48e805b62b8af238bbf7b3534330df0405b8a170e48bb5c234d532ba via Power_Crunch_Research_Lab_Phase5D_WalkForward_Package.zip; corpus self-declares SCHEDULE SYNTHETIC / SCORES SIMULATED; authorised for MVP_CONTROL_CALIBRATION_ONLY by R-V3-MVP-CONTROL-CORPUS-01,2025-10-25,2026-08-22,3.0.0-internal-shadow-mvp,V3-INTERNAL-SHADOW-MVP-2026-08-22-R1-001,validation
G25-0458,2025,9,San Diego State,San Jose State,AWAY,-6.233483,-12.055008,2.321526,18.0,W,GOVERNED_SYNTHETIC_CONTROL: 2025 Synthetic Season LOCKED v3.xlsx sha256=77bb6ecf48e805b62b8af238bbf7b3534330df0405b8a170e48bb5c234d532ba via Power_Crunch_Research_Lab_Phase5D_WalkForward_Package.zip; corpus self-declares SCHEDULE SYNTHETIC / SCORES SIMULATED; authorised for MVP_CONTROL_CALIBRATION_ONLY by R-V3-MVP-CONTROL-CORPUS-01,2025-10-25,2026-08-22,3.0.0-internal-shadow-mvp,V3-INTERNAL-SHADOW-MVP-2026-08-22-R1-001,validation
G25-0459,2025,9,South Carolina,Auburn,HOME,-23.466376,-21.511438,1.545062,-3.0,L,GOVERNED_SYNTHETIC_CONTROL: 2025 Synthetic Season LOCKED v3.xlsx sha256=77bb6ecf48e805b62b8af238bbf7b3534330df0405b8a170e48bb5c234d532ba via Power_Crunch_Research_Lab_Phase5D_WalkForward_Package.zip; corpus self-declares SCHEDULE SYNTHETIC / SCORES SIMULATED; authorised for MVP_CONTROL_CALIBRATION_ONLY by R-V3-MVP-CONTROL-CORPUS-01,2025-10-25,2026-08-22,3.0.0-internal-shadow-mvp,V3-INTERNAL-SHADOW-MVP-2026-08-22-R1-001,validation
G25-0459,2025,9,Auburn,South Carolina,AWAY,-21.511438,-23.466376,-1.545062,3.0,W,GOVERNED_SYNTHETIC_CONTROL: 2025 Synthetic Season LOCKED v3.xlsx sha256=77bb6ecf48e805b62b8af238bbf7b3534330df0405b8a170e48bb5c234d532ba via Power_Crunch_Research_Lab_Phase5D_WalkForward_Package.zip; corpus self-declares SCHEDULE SYNTHETIC / SCORES SIMULATED; authorised for MVP_CONTROL_CALIBRATION_ONLY by R-V3-MVP-CONTROL-CORPUS-01,2025-10-25,2026-08-22,3.0.0-internal-shadow-mvp,V3-INTERNAL-SHADOW-MVP-2026-08-22-R1-001,validation
G25-0460,2025,9,TCU,Houston,HOME,18.232281,24.201941,-2.46966,-6.0,L,GOVERNED_SYNTHETIC_CONTROL: 2025 Synthetic Season LOCKED v3.xlsx sha256=77bb6ecf48e805b62b8af238bbf7b3534330df0405b8a170e48bb5c234d532ba via Power_Crunch_Research_Lab_Phase5D_WalkForward_Package.zip; corpus self-declares SCHEDULE SYNTHETIC / SCORES SIMULATED; authorised for MVP_CONTROL_CALIBRATION_ONLY by R-V3-MVP-CONTROL-CORPUS-01,2025-10-25,2026-08-22,3.0.0-internal-shadow-mvp,V3-INTERNAL-SHADOW-MVP-2026-08-22-R1-001,validation
G25-0460,2025,9,Houston,TCU,AWAY,24.201941,18.232281,2.46966,6.0,W,GOVERNED_SYNTHETIC_CONTROL: 2025 Synthetic Season LOCKED v3.xlsx sha256=77bb6ecf48e805b62b8af238bbf7b3534330df0405b8a170e48bb5c234d532ba via Power_Crunch_Research_Lab_Phase5D_WalkForward_Package.zip; corpus self-declares SCHEDULE SYNTHETIC / SCORES SIMULATED; authorised for MVP_CONTROL_CALIBRATION_ONLY by R-V3-MVP-CONTROL-CORPUS-01,2025-10-25,2026-08-22,3.0.0-internal-shadow-mvp,V3-INTERNAL-SHADOW-MVP-2026-08-22-R1-001,validation
G25-0461,2025,9,Tennessee,Mississippi State,HOME,20.828032,-5.516409,29.844441,45.0,W,GOVERNED_SYNTHETIC_CONTROL: 2025 Synthetic Season LOCKED v3.xlsx sha256=77bb6ecf48e805b62b8af238bbf7b3534330df0405b8a170e48bb5c234d532ba via Power_Crunch_Research_Lab_Phase5D_WalkForward_Package.zip; corpus self-declares SCHEDULE SYNTHETIC / SCORES SIMULATED; authorised for MVP_CONTROL_CALIBRATION_ONLY by R-V3-MVP-CONTROL-CORPUS-01,2025-10-25,2026-08-22,3.0.0-internal-shadow-mvp,V3-INTERNAL-SHADOW-MVP-2026-08-22-R1-001,validation
G25-0461,2025,9,Mississippi State,Tennessee,AWAY,-5.516409,20.828032,-29.844441,-45.0,L,GOVERNED_SYNTHETIC_CONTROL: 2025 Synthetic Season LOCKED v3.xlsx sha256=77bb6ecf48e805b62b8af238bbf7b3534330df0405b8a170e48bb5c234d532ba via Power_Crunch_Research_Lab_Phase5D_WalkForward_Package.zip; corpus self-declares SCHEDULE SYNTHETIC / SCORES SIMULATED; authorised for MVP_CONTROL_CALIBRATION_ONLY by R-V3-MVP-CONTROL-CORPUS-01,2025-10-25,2026-08-22,3.0.0-internal-shadow-mvp,V3-INTERNAL-SHADOW-MVP-2026-08-22-R1-001,validation
G25-0462,2025,9,Texas,LSU,HOME,34.821997,-8.17,46.491998,43.0,W,GOVERNED_SYNTHETIC_CONTROL: 2025 Synthetic Season LOCKED v3.xlsx sha256=77bb6ecf48e805b62b8af238bbf7b3534330df0405b8a170e48bb5c234d532ba via Power_Crunch_Research_Lab_Phase5D_WalkForward_Package.zip; corpus self-declares SCHEDULE SYNTHETIC / SCORES SIMULATED; authorised for MVP_CONTROL_CALIBRATION_ONLY by R-V3-MVP-CONTROL-CORPUS-01,2025-10-25,2026-08-22,3.0.0-internal-shadow-mvp,V3-INTERNAL-SHADOW-MVP-2026-08-22-R1-001,validation
G25-0462,2025,9,LSU,Texas,AWAY,-8.17,34.821997,-46.491998,-43.0,L,GOVERNED_SYNTHETIC_CONTROL: 2025 Synthetic Season LOCKED v3.xlsx sha256=77bb6ecf48e805b62b8af238bbf7b3534330df0405b8a170e48bb5c234d532ba via Power_Crunch_Research_Lab_Phase5D_WalkForward_Package.zip; corpus self-declares SCHEDULE SYNTHETIC / SCORES SIMULATED; authorised for MVP_CONTROL_CALIBRATION_ONLY by R-V3-MVP-CONTROL-CORPUS-01,2025-10-25,2026-08-22,3.0.0-internal-shadow-mvp,V3-INTERNAL-SHADOW-MVP-2026-08-22-R1-001,validation
G25-0463,2025,9,Texas A&M,Middle Tennessee,HOME,41.882811,-10.908605,56.291416,75.0,W,GOVERNED_SYNTHETIC_CONTROL: 2025 Synthetic Season LOCKED v3.xlsx sha256=77bb6ecf48e805b62b8af238bbf7b3534330df0405b8a170e48bb5c234d532ba via Power_Crunch_Research_Lab_Phase5D_WalkForward_Package.zip; corpus self-declares SCHEDULE SYNTHETIC / SCORES SIMULATED; authorised for MVP_CONTROL_CALIBRATION_ONLY by R-V3-MVP-CONTROL-CORPUS-01,2025-10-25,2026-08-22,3.0.0-internal-shadow-mvp,V3-INTERNAL-SHADOW-MVP-2026-08-22-R1-001,validation
G25-0463,2025,9,Middle Tennessee,Texas A&M,AWAY,-10.908605,41.882811,-56.291416,-75.0,L,GOVERNED_SYNTHETIC_CONTROL: 2025 Synthetic Season LOCKED v3.xlsx sha256=77bb6ecf48e805b62b8af238bbf7b3534330df0405b8a170e48bb5c234d532ba via Power_Crunch_Research_Lab_Phase5D_WalkForward_Package.zip; corpus self-declares SCHEDULE SYNTHETIC / SCORES SIMULATED; authorised for MVP_CONTROL_CALIBRATION_ONLY by R-V3-MVP-CONTROL-CORPUS-01,2025-10-25,2026-08-22,3.0.0-internal-shadow-mvp,V3-INTERNAL-SHADOW-MVP-2026-08-22-R1-001,validation
G25-0464,2025,9,Texas State,Troy,HOME,-17.208641,-8.893965,-4.814676,14.0,W,GOVERNED_SYNTHETIC_CONTROL: 2025 Synthetic Season LOCKED v3.xlsx sha256=77bb6ecf48e805b62b8af238bbf7b3534330df0405b8a170e48bb5c234d532ba via Power_Crunch_Research_Lab_Phase5D_WalkForward_Package.zip; corpus self-declares SCHEDULE SYNTHETIC / SCORES SIMULATED; authorised for MVP_CONTROL_CALIBRATION_ONLY by R-V3-MVP-CONTROL-CORPUS-01,2025-10-25,2026-08-22,3.0.0-internal-shadow-mvp,V3-INTERNAL-SHADOW-MVP-2026-08-22-R1-001,validation
G25-0464,2025,9,Troy,Texas State,AWAY,-8.893965,-17.208641,4.814676,-14.0,L,GOVERNED_SYNTHETIC_CONTROL: 2025 Synthetic Season LOCKED v3.xlsx sha256=77bb6ecf48e805b62b8af238bbf7b3534330df0405b8a170e48bb5c234d532ba via Power_Crunch_Research_Lab_Phase5D_WalkForward_Package.zip; corpus self-declares SCHEDULE SYNTHETIC / SCORES SIMULATED; authorised for MVP_CONTROL_CALIBRATION_ONLY by R-V3-MVP-CONTROL-CORPUS-01,2025-10-25,2026-08-22,3.0.0-internal-shadow-mvp,V3-INTERNAL-SHADOW-MVP-2026-08-22-R1-001,validation
G25-0465,2025,9,Tulane,Nebraska,HOME,17.407782,-10.960684,31.868466,17.0,W,GOVERNED_SYNTHETIC_CONTROL: 2025 Synthetic Season LOCKED v3.xlsx sha256=77bb6ecf48e805b62b8af238bbf7b3534330df0405b8a170e48bb5c234d532ba via Power_Crunch_Research_Lab_Phase5D_WalkForward_Package.zip; corpus self-declares SCHEDULE SYNTHETIC / SCORES SIMULATED; authorised for MVP_CONTROL_CALIBRATION_ONLY by R-V3-MVP-CONTROL-CORPUS-01,2025-10-25,2026-08-22,3.0.0-internal-shadow-mvp,V3-INTERNAL-SHADOW-MVP-2026-08-22-R1-001,validation
G25-0465,2025,9,Nebraska,Tulane,AWAY,-10.960684,17.407782,-31.868466,-17.0,L,GOVERNED_SYNTHETIC_CONTROL: 2025 Synthetic Season LOCKED v3.xlsx sha256=77bb6ecf48e805b62b8af238bbf7b3534330df0405b8a170e48bb5c234d532ba via Power_Crunch_Research_Lab_Phase5D_WalkForward_Package.zip; corpus self-declares SCHEDULE SYNTHETIC / SCORES SIMULATED; authorised for MVP_CONTROL_CALIBRATION_ONLY by R-V3-MVP-CONTROL-CORPUS-01,2025-10-25,2026-08-22,3.0.0-internal-shadow-mvp,V3-INTERNAL-SHADOW-MVP-2026-08-22-R1-001,validation
G25-0466,2025,9,Tulsa,Army,HOME,-3.866535,6.752054,-7.118589,-8.0,L,GOVERNED_SYNTHETIC_CONTROL: 2025 Synthetic Season LOCKED v3.xlsx sha256=77bb6ecf48e805b62b8af238bbf7b3534330df0405b8a170e48bb5c234d532ba via Power_Crunch_Research_Lab_Phase5D_WalkForward_Package.zip; corpus self-declares SCHEDULE SYNTHETIC / SCORES SIMULATED; authorised for MVP_CONTROL_CALIBRATION_ONLY by R-V3-MVP-CONTROL-CORPUS-01,2025-10-25,2026-08-22,3.0.0-internal-shadow-mvp,V3-INTERNAL-SHADOW-MVP-2026-08-22-R1-001,validation
G25-0466,2025,9,Army,Tulsa,AWAY,6.752054,-3.866535,7.118589,8.0,W,GOVERNED_SYNTHETIC_CONTROL: 2025 Synthetic Season LOCKED v3.xlsx sha256=77bb6ecf48e805b62b8af238bbf7b3534330df0405b8a170e48bb5c234d532ba via Power_Crunch_Research_Lab_Phase5D_WalkForward_Package.zip; corpus self-declares SCHEDULE SYNTHETIC / SCORES SIMULATED; authorised for MVP_CONTROL_CALIBRATION_ONLY by R-V3-MVP-CONTROL-CORPUS-01,2025-10-25,2026-08-22,3.0.0-internal-shadow-mvp,V3-INTERNAL-SHADOW-MVP-2026-08-22-R1-001,validation
G25-0468,2025,9,UCF,Texas Tech,HOME,-8.017313,43.939333,-48.456646,-48.0,L,GOVERNED_SYNTHETIC_CONTROL: 2025 Synthetic Season LOCKED v3.xlsx sha256=77bb6ecf48e805b62b8af238bbf7b3534330df0405b8a170e48bb5c234d532ba via Power_Crunch_Research_Lab_Phase5D_WalkForward_Package.zip; corpus self-declares SCHEDULE SYNTHETIC / SCORES SIMULATED; authorised for MVP_CONTROL_CALIBRATION_ONLY by R-V3-MVP-CONTROL-CORPUS-01,2025-10-25,2026-08-22,3.0.0-internal-shadow-mvp,V3-INTERNAL-SHADOW-MVP-2026-08-22-R1-001,validation
G25-0468,2025,9,Texas Tech,UCF,AWAY,43.939333,-8.017313,48.456646,48.0,W,GOVERNED_SYNTHETIC_CONTROL: 2025 Synthetic Season LOCKED v3.xlsx sha256=77bb6ecf48e805b62b8af238bbf7b3534330df0405b8a170e48bb5c234d532ba via Power_Crunch_Research_Lab_Phase5D_WalkForward_Package.zip; corpus self-declares SCHEDULE SYNTHETIC / SCORES SIMULATED; authorised for MVP_CONTROL_CALIBRATION_ONLY by R-V3-MVP-CONTROL-CORPUS-01,2025-10-25,2026-08-22,3.0.0-internal-shadow-mvp,V3-INTERNAL-SHADOW-MVP-2026-08-22-R1-001,validation
G25-0469,2025,9,UCLA,Michigan State,HOME,-14.172053,-25.193179,14.521126,-2.0,L,GOVERNED_SYNTHETIC_CONTROL: 2025 Synthetic Season LOCKED v3.xlsx sha256=77bb6ecf48e805b62b8af238bbf7b3534330df0405b8a170e48bb5c234d532ba via Power_Crunch_Research_Lab_Phase5D_WalkForward_Package.zip; corpus self-declares SCHEDULE SYNTHETIC / SCORES SIMULATED; authorised for MVP_CONTROL_CALIBRATION_ONLY by R-V3-MVP-CONTROL-CORPUS-01,2025-10-25,2026-08-22,3.0.0-internal-shadow-mvp,V3-INTERNAL-SHADOW-MVP-2026-08-22-R1-001,validation
G25-0469,2025,9,Michigan State,UCLA,AWAY,-25.193179,-14.172053,-14.521126,2.0,W,GOVERNED_SYNTHETIC_CONTROL: 2025 Synthetic Season LOCKED v3.xlsx sha256=77bb6ecf48e805b62b8af238bbf7b3534330df0405b8a170e48bb5c234d532ba via Power_Crunch_Research_Lab_Phase5D_WalkForward_Package.zip; corpus self-declares SCHEDULE SYNTHETIC / SCORES SIMULATED; authorised for MVP_CONTROL_CALIBRATION_ONLY by R-V3-MVP-CONTROL-CORPUS-01,2025-10-25,2026-08-22,3.0.0-internal-shadow-mvp,V3-INTERNAL-SHADOW-MVP-2026-08-22-R1-001,validation
G25-0470,2025,9,USC,Wisconsin,HOME,16.898199,-9.873069,30.271267,45.0,W,GOVERNED_SYNTHETIC_CONTROL: 2025 Synthetic Season LOCKED v3.xlsx sha256=77bb6ecf48e805b62b8af238bbf7b3534330df0405b8a170e48bb5c234d532ba via Power_Crunch_Research_Lab_Phase5D_WalkForward_Package.zip; corpus self-declares SCHEDULE SYNTHETIC / SCORES SIMULATED; authorised for MVP_CONTROL_CALIBRATION_ONLY by R-V3-MVP-CONTROL-CORPUS-01,2025-10-25,2026-08-22,3.0.0-internal-shadow-mvp,V3-INTERNAL-SHADOW-MVP-2026-08-22-R1-001,validation
G25-0470,2025,9,Wisconsin,USC,AWAY,-9.873069,16.898199,-30.271267,-45.0,L,GOVERNED_SYNTHETIC_CONTROL: 2025 Synthetic Season LOCKED v3.xlsx sha256=77bb6ecf48e805b62b8af238bbf7b3534330df0405b8a170e48bb5c234d532ba via Power_Crunch_Research_Lab_Phase5D_WalkForward_Package.zip; corpus self-declares SCHEDULE SYNTHETIC / SCORES SIMULATED; authorised for MVP_CONTROL_CALIBRATION_ONLY by R-V3-MVP-CONTROL-CORPUS-01,2025-10-25,2026-08-22,3.0.0-internal-shadow-mvp,V3-INTERNAL-SHADOW-MVP-2026-08-22-R1-001,validation
G25-0471,2025,9,UTEP,Florida International,HOME,-11.036782,-13.30769,5.770908,-11.0,L,GOVERNED_SYNTHETIC_CONTROL: 2025 Synthetic Season LOCKED v3.xlsx sha256=77bb6ecf48e805b62b8af238bbf7b3534330df0405b8a170e48bb5c234d532ba via Power_Crunch_Research_Lab_Phase5D_WalkForward_Package.zip; corpus self-declares SCHEDULE SYNTHETIC / SCORES SIMULATED; authorised for MVP_CONTROL_CALIBRATION_ONLY by R-V3-MVP-CONTROL-CORPUS-01,2025-10-25,2026-08-22,3.0.0-internal-shadow-mvp,V3-INTERNAL-SHADOW-MVP-2026-08-22-R1-001,validation
G25-0471,2025,9,Florida International,UTEP,AWAY,-13.30769,-11.036782,-5.770908,11.0,W,GOVERNED_SYNTHETIC_CONTROL: 2025 Synthetic Season LOCKED v3.xlsx sha256=77bb6ecf48e805b62b8af238bbf7b3534330df0405b8a170e48bb5c234d532ba via Power_Crunch_Research_Lab_Phase5D_WalkForward_Package.zip; corpus self-declares SCHEDULE SYNTHETIC / SCORES SIMULATED; authorised for MVP_CONTROL_CALIBRATION_ONLY by R-V3-MVP-CONTROL-CORPUS-01,2025-10-25,2026-08-22,3.0.0-internal-shadow-mvp,V3-INTERNAL-SHADOW-MVP-2026-08-22-R1-001,validation
G25-0472,2025,9,Utah State,Syracuse,HOME,-11.578835,-12.027527,3.948692,-13.0,L,GOVERNED_SYNTHETIC_CONTROL: 2025 Synthetic Season LOCKED v3.xlsx sha256=77bb6ecf48e805b62b8af238bbf7b3534330df0405b8a170e48bb5c234d532ba via Power_Crunch_Research_Lab_Phase5D_WalkForward_Package.zip; corpus self-declares SCHEDULE SYNTHETIC / SCORES SIMULATED; authorised for MVP_CONTROL_CALIBRATION_ONLY by R-V3-MVP-CONTROL-CORPUS-01,2025-10-25,2026-08-22,3.0.0-internal-shadow-mvp,V3-INTERNAL-SHADOW-MVP-2026-08-22-R1-001,validation
G25-0472,2025,9,Syracuse,Utah State,AWAY,-12.027527,-11.578835,-3.948692,13.0,W,GOVERNED_SYNTHETIC_CONTROL: 2025 Synthetic Season LOCKED v3.xlsx sha256=77bb6ecf48e805b62b8af238bbf7b3534330df0405b8a170e48bb5c234d532ba via Power_Crunch_Research_Lab_Phase5D_WalkForward_Package.zip; corpus self-declares SCHEDULE SYNTHETIC / SCORES SIMULATED; authorised for MVP_CONTROL_CALIBRATION_ONLY by R-V3-MVP-CONTROL-CORPUS-01,2025-10-25,2026-08-22,3.0.0-internal-shadow-mvp,V3-INTERNAL-SHADOW-MVP-2026-08-22-R1-001,validation
G25-0473,2025,9,Virginia,Miami,HOME,24.181479,52.082258,-24.400778,-19.0,L,GOVERNED_SYNTHETIC_CONTROL: 2025 Synthetic Season LOCKED v3.xlsx sha256=77bb6ecf48e805b62b8af238bbf7b3534330df0405b8a170e48bb5c234d532ba via Power_Crunch_Research_Lab_Phase5D_WalkForward_Package.zip; corpus self-declares SCHEDULE SYNTHETIC / SCORES SIMULATED; authorised for MVP_CONTROL_CALIBRATION_ONLY by R-V3-MVP-CONTROL-CORPUS-01,2025-10-25,2026-08-22,3.0.0-internal-shadow-mvp,V3-INTERNAL-SHADOW-MVP-2026-08-22-R1-001,validation
G25-0473,2025,9,Miami,Virginia,AWAY,52.082258,24.181479,24.400778,19.0,W,GOVERNED_SYNTHETIC_CONTROL: 2025 Synthetic Season LOCKED v3.xlsx sha256=77bb6ecf48e805b62b8af238bbf7b3534330df0405b8a170e48bb5c234d532ba via Power_Crunch_Research_Lab_Phase5D_WalkForward_Package.zip; corpus self-declares SCHEDULE SYNTHETIC / SCORES SIMULATED; authorised for MVP_CONTROL_CALIBRATION_ONLY by R-V3-MVP-CONTROL-CORPUS-01,2025-10-25,2026-08-22,3.0.0-internal-shadow-mvp,V3-INTERNAL-SHADOW-MVP-2026-08-22-R1-001,validation
G25-0474,2025,9,Virginia Tech,Pittsburgh,HOME,-0.999703,6.533272,-4.032974,-22.0,L,GOVERNED_SYNTHETIC_CONTROL: 2025 Synthetic Season LOCKED v3.xlsx sha256=77bb6ecf48e805b62b8af238bbf7b3534330df0405b8a170e48bb5c234d532ba via Power_Crunch_Research_Lab_Phase5D_WalkForward_Package.zip; corpus self-declares SCHEDULE SYNTHETIC / SCORES SIMULATED; authorised for MVP_CONTROL_CALIBRATION_ONLY by R-V3-MVP-CONTROL-CORPUS-01,2025-10-25,2026-08-22,3.0.0-internal-shadow-mvp,V3-INTERNAL-SHADOW-MVP-2026-08-22-R1-001,validation
G25-0474,2025,9,Pittsburgh,Virginia Tech,AWAY,6.533272,-0.999703,4.032974,22.0,W,GOVERNED_SYNTHETIC_CONTROL: 2025 Synthetic Season LOCKED v3.xlsx sha256=77bb6ecf48e805b62b8af238bbf7b3534330df0405b8a170e48bb5c234d532ba via Power_Crunch_Research_Lab_Phase5D_WalkForward_Package.zip; corpus self-declares SCHEDULE SYNTHETIC / SCORES SIMULATED; authorised for MVP_CONTROL_CALIBRATION_ONLY by R-V3-MVP-CONTROL-CORPUS-01,2025-10-25,2026-08-22,3.0.0-internal-shadow-mvp,V3-INTERNAL-SHADOW-MVP-2026-08-22-R1-001,validation
G25-0475,2025,9,Wake Forest,Arkansas,HOME,3.399485,-17.987152,24.886637,13.0,W,GOVERNED_SYNTHETIC_CONTROL: 2025 Synthetic Season LOCKED v3.xlsx sha256=77bb6ecf48e805b62b8af238bbf7b3534330df0405b8a170e48bb5c234d532ba via Power_Crunch_Research_Lab_Phase5D_WalkForward_Package.zip; corpus self-declares SCHEDULE SYNTHETIC / SCORES SIMULATED; authorised for MVP_CONTROL_CALIBRATION_ONLY by R-V3-MVP-CONTROL-CORPUS-01,2025-10-25,2026-08-22,3.0.0-internal-shadow-mvp,V3-INTERNAL-SHADOW-MVP-2026-08-22-R1-001,validation
G25-0475,2025,9,Arkansas,Wake Forest,AWAY,-17.987152,3.399485,-24.886637,-13.0,L,GOVERNED_SYNTHETIC_CONTROL: 2025 Synthetic Season LOCKED v3.xlsx sha256=77bb6ecf48e805b62b8af238bbf7b3534330df0405b8a170e48bb5c234d532ba via Power_Crunch_Research_Lab_Phase5D_WalkForward_Package.zip; corpus self-declares SCHEDULE SYNTHETIC / SCORES SIMULATED; authorised for MVP_CONTROL_CALIBRATION_ONLY by R-V3-MVP-CONTROL-CORPUS-01,2025-10-25,2026-08-22,3.0.0-internal-shadow-mvp,V3-INTERNAL-SHADOW-MVP-2026-08-22-R1-001,validation
G25-0476,2025,9,Washington,Iowa,HOME,20.349422,44.115137,-20.265715,-38.0,L,GOVERNED_SYNTHETIC_CONTROL: 2025 Synthetic Season LOCKED v3.xlsx sha256=77bb6ecf48e805b62b8af238bbf7b3534330df0405b8a170e48bb5c234d532ba via Power_Crunch_Research_Lab_Phase5D_WalkForward_Package.zip; corpus self-declares SCHEDULE SYNTHETIC / SCORES SIMULATED; authorised for MVP_CONTROL_CALIBRATION_ONLY by R-V3-MVP-CONTROL-CORPUS-01,2025-10-25,2026-08-22,3.0.0-internal-shadow-mvp,V3-INTERNAL-SHADOW-MVP-2026-08-22-R1-001,validation
G25-0476,2025,9,Iowa,Washington,AWAY,44.115137,20.349422,20.265715,38.0,W,GOVERNED_SYNTHETIC_CONTROL: 2025 Synthetic Season LOCKED v3.xlsx sha256=77bb6ecf48e805b62b8af238bbf7b3534330df0405b8a170e48bb5c234d532ba via Power_Crunch_Research_Lab_Phase5D_WalkForward_Package.zip; corpus self-declares SCHEDULE SYNTHETIC / SCORES SIMULATED; authorised for MVP_CONTROL_CALIBRATION_ONLY by R-V3-MVP-CONTROL-CORPUS-01,2025-10-25,2026-08-22,3.0.0-internal-shadow-mvp,V3-INTERNAL-SHADOW-MVP-2026-08-22-R1-001,validation
G25-0477,2025,9,West Virginia,Notre Dame,HOME,-1.278043,30.444463,-28.222506,-42.0,L,GOVERNED_SYNTHETIC_CONTROL: 2025 Synthetic Season LOCKED v3.xlsx sha256=77bb6ecf48e805b62b8af238bbf7b3534330df0405b8a170e48bb5c234d532ba via Power_Crunch_Research_Lab_Phase5D_WalkForward_Package.zip; corpus self-declares SCHEDULE SYNTHETIC / SCORES SIMULATED; authorised for MVP_CONTROL_CALIBRATION_ONLY by R-V3-MVP-CONTROL-CORPUS-01,2025-10-25,2026-08-22,3.0.0-internal-shadow-mvp,V3-INTERNAL-SHADOW-MVP-2026-08-22-R1-001,validation
G25-0477,2025,9,Notre Dame,West Virginia,AWAY,30.444463,-1.278043,28.222506,42.0,W,GOVERNED_SYNTHETIC_CONTROL: 2025 Synthetic Season LOCKED v3.xlsx sha256=77bb6ecf48e805b62b8af238bbf7b3534330df0405b8a170e48bb5c234d532ba via Power_Crunch_Research_Lab_Phase5D_WalkForward_Package.zip; corpus self-declares SCHEDULE SYNTHETIC / SCORES SIMULATED; authorised for MVP_CONTROL_CALIBRATION_ONLY by R-V3-MVP-CONTROL-CORPUS-01,2025-10-25,2026-08-22,3.0.0-internal-shadow-mvp,V3-INTERNAL-SHADOW-MVP-2026-08-22-R1-001,validation
G25-0478,2025,9,Wyoming,Holy Cross,HOME,-17.469263,-10.310933,-3.65833,8.0,W,GOVERNED_SYNTHETIC_CONTROL: 2025 Synthetic Season LOCKED v3.xlsx sha256=77bb6ecf48e805b62b8af238bbf7b3534330df0405b8a170e48bb5c234d532ba via Power_Crunch_Research_Lab_Phase5D_WalkForward_Package.zip; corpus self-declares SCHEDULE SYNTHETIC / SCORES SIMULATED; authorised for MVP_CONTROL_CALIBRATION_ONLY by R-V3-MVP-CONTROL-CORPUS-01,2025-10-25,2026-08-22,3.0.0-internal-shadow-mvp,V3-INTERNAL-SHADOW-MVP-2026-08-22-R1-001,validation
G25-0478,2025,9,Holy Cross,Wyoming,AWAY,-10.310933,-17.469263,3.65833,-8.0,L,GOVERNED_SYNTHETIC_CONTROL: 2025 Synthetic Season LOCKED v3.xlsx sha256=77bb6ecf48e805b62b8af238bbf7b3534330df0405b8a170e48bb5c234d532ba via Power_Crunch_Research_Lab_Phase5D_WalkForward_Package.zip; corpus self-declares SCHEDULE SYNTHETIC / SCORES SIMULATED; authorised for MVP_CONTROL_CALIBRATION_ONLY by R-V3-MVP-CONTROL-CORPUS-01,2025-10-25,2026-08-22,3.0.0-internal-shadow-mvp,V3-INTERNAL-SHADOW-MVP-2026-08-22-R1-001,validation
G25-0479,2025,10,Arizona,Utah,HOME,18.164614,29.809779,-8.145165,-16.0,L,GOVERNED_SYNTHETIC_CONTROL: 2025 Synthetic Season LOCKED v3.xlsx sha256=77bb6ecf48e805b62b8af238bbf7b3534330df0405b8a170e48bb5c234d532ba via Power_Crunch_Research_Lab_Phase5D_WalkForward_Package.zip; corpus self-declares SCHEDULE SYNTHETIC / SCORES SIMULATED; authorised for MVP_CONTROL_CALIBRATION_ONLY by R-V3-MVP-CONTROL-CORPUS-01,2025-11-01,2026-08-22,3.0.0-internal-shadow-mvp,V3-INTERNAL-SHADOW-MVP-2026-08-22-R1-001,validation
G25-0479,2025,10,Utah,Arizona,AWAY,29.809779,18.164614,8.145165,16.0,W,GOVERNED_SYNTHETIC_CONTROL: 2025 Synthetic Season LOCKED v3.xlsx sha256=77bb6ecf48e805b62b8af238bbf7b3534330df0405b8a170e48bb5c234d532ba via Power_Crunch_Research_Lab_Phase5D_WalkForward_Package.zip; corpus self-declares SCHEDULE SYNTHETIC / SCORES SIMULATED; authorised for MVP_CONTROL_CALIBRATION_ONLY by R-V3-MVP-CONTROL-CORPUS-01,2025-11-01,2026-08-22,3.0.0-internal-shadow-mvp,V3-INTERNAL-SHADOW-MVP-2026-08-22-R1-001,validation
G25-0480,2025,10,Arkansas,Alabama,HOME,-18.741162,47.203118,-62.44428,-56.0,L,GOVERNED_SYNTHETIC_CONTROL: 2025 Synthetic Season LOCKED v3.xlsx sha256=77bb6ecf48e805b62b8af238bbf7b3534330df0405b8a170e48bb5c234d532ba via Power_Crunch_Research_Lab_Phase5D_WalkForward_Package.zip; corpus self-declares SCHEDULE SYNTHETIC / SCORES SIMULATED; authorised for MVP_CONTROL_CALIBRATION_ONLY by R-V3-MVP-CONTROL-CORPUS-01,2025-11-01,2026-08-22,3.0.0-internal-shadow-mvp,V3-INTERNAL-SHADOW-MVP-2026-08-22-R1-001,validation
G25-0480,2025,10,Alabama,Arkansas,AWAY,47.203118,-18.741162,62.44428,56.0,W,GOVERNED_SYNTHETIC_CONTROL: 2025 Synthetic Season LOCKED v3.xlsx sha256=77bb6ecf48e805b62b8af238bbf7b3534330df0405b8a170e48bb5c234d532ba via Power_Crunch_Research_Lab_Phase5D_WalkForward_Package.zip; corpus self-declares SCHEDULE SYNTHETIC / SCORES SIMULATED; authorised for MVP_CONTROL_CALIBRATION_ONLY by R-V3-MVP-CONTROL-CORPUS-01,2025-11-01,2026-08-22,3.0.0-internal-shadow-mvp,V3-INTERNAL-SHADOW-MVP-2026-08-22-R1-001,validation
G25-0481,2025,10,Army,Tulane,HOME,5.705533,16.764183,-7.55865,-9.0,L,GOVERNED_SYNTHETIC_CONTROL: 2025 Synthetic Season LOCKED v3.xlsx sha256=77bb6ecf48e805b62b8af238bbf7b3534330df0405b8a170e48bb5c234d532ba via Power_Crunch_Research_Lab_Phase5D_WalkForward_Package.zip; corpus self-declares SCHEDULE SYNTHETIC / SCORES SIMULATED; authorised for MVP_CONTROL_CALIBRATION_ONLY by R-V3-MVP-CONTROL-CORPUS-01,2025-11-01,2026-08-22,3.0.0-internal-shadow-mvp,V3-INTERNAL-SHADOW-MVP-2026-08-22-R1-001,validation
G25-0481,2025,10,Tulane,Army,AWAY,16.764183,5.705533,7.55865,9.0,W,GOVERNED_SYNTHETIC_CONTROL: 2025 Synthetic Season LOCKED v3.xlsx sha256=77bb6ecf48e805b62b8af238bbf7b3534330df0405b8a170e48bb5c234d532ba via Power_Crunch_Research_Lab_Phase5D_WalkForward_Package.zip; corpus self-declares SCHEDULE SYNTHETIC / SCORES SIMULATED; authorised for MVP_CONTROL_CALIBRATION_ONLY by R-V3-MVP-CONTROL-CORPUS-01,2025-11-01,2026-08-22,3.0.0-internal-shadow-mvp,V3-INTERNAL-SHADOW-MVP-2026-08-22-R1-001,validation
G25-0482,2025,10,Auburn,UNLV,HOME,-20.558378,-16.972786,-0.085592,4.0,W,GOVERNED_SYNTHETIC_CONTROL: 2025 Synthetic Season LOCKED v3.xlsx sha256=77bb6ecf48e805b62b8af238bbf7b3534330df0405b8a170e48bb5c234d532ba via Power_Crunch_Research_Lab_Phase5D_WalkForward_Package.zip; corpus self-declares SCHEDULE SYNTHETIC / SCORES SIMULATED; authorised for MVP_CONTROL_CALIBRATION_ONLY by R-V3-MVP-CONTROL-CORPUS-01,2025-11-01,2026-08-22,3.0.0-internal-shadow-mvp,V3-INTERNAL-SHADOW-MVP-2026-08-22-R1-001,validation
G25-0482,2025,10,UNLV,Auburn,AWAY,-16.972786,-20.558378,0.085592,-4.0,L,GOVERNED_SYNTHETIC_CONTROL: 2025 Synthetic Season LOCKED v3.xlsx sha256=77bb6ecf48e805b62b8af238bbf7b3534330df0405b8a170e48bb5c234d532ba via Power_Crunch_Research_Lab_Phase5D_WalkForward_Package.zip; corpus self-declares SCHEDULE SYNTHETIC / SCORES SIMULATED; authorised for MVP_CONTROL_CALIBRATION_ONLY by R-V3-MVP-CONTROL-CORPUS-01,2025-11-01,2026-08-22,3.0.0-internal-shadow-mvp,V3-INTERNAL-SHADOW-MVP-2026-08-22-R1-001,validation
G25-0483,2025,10,Baylor,Yale,HOME,-2.755748,-15.891282,16.635533,14.0,W,GOVERNED_SYNTHETIC_CONTROL: 2025 Synthetic Season LOCKED v3.xlsx sha256=77bb6ecf48e805b62b8af238bbf7b3534330df0405b8a170e48bb5c234d532ba via Power_Crunch_Research_Lab_Phase5D_WalkForward_Package.zip; corpus self-declares SCHEDULE SYNTHETIC / SCORES SIMULATED; authorised for MVP_CONTROL_CALIBRATION_ONLY by R-V3-MVP-CONTROL-CORPUS-01,2025-11-01,2026-08-22,3.0.0-internal-shadow-mvp,V3-INTERNAL-SHADOW-MVP-2026-08-22-R1-001,validation
G25-0483,2025,10,Yale,Baylor,AWAY,-15.891282,-2.755748,-16.635533,-14.0,L,GOVERNED_SYNTHETIC_CONTROL: 2025 Synthetic Season LOCKED v3.xlsx sha256=77bb6ecf48e805b62b8af238bbf7b3534330df0405b8a170e48bb5c234d532ba via Power_Crunch_Research_Lab_Phase5D_WalkForward_Package.zip; corpus self-declares SCHEDULE SYNTHETIC / SCORES SIMULATED; authorised for MVP_CONTROL_CALIBRATION_ONLY by R-V3-MVP-CONTROL-CORPUS-01,2025-11-01,2026-08-22,3.0.0-internal-shadow-mvp,V3-INTERNAL-SHADOW-MVP-2026-08-22-R1-001,validation
G25-0484,2025,10,Buffalo,Troy,HOME,-14.503505,-9.876619,-1.126886,-24.0,L,GOVERNED_SYNTHETIC_CONTROL: 2025 Synthetic Season LOCKED v3.xlsx sha256=77bb6ecf48e805b62b8af238bbf7b3534330df0405b8a170e48bb5c234d532ba via Power_Crunch_Research_Lab_Phase5D_WalkForward_Package.zip; corpus self-declares SCHEDULE SYNTHETIC / SCORES SIMULATED; authorised for MVP_CONTROL_CALIBRATION_ONLY by R-V3-MVP-CONTROL-CORPUS-01,2025-11-01,2026-08-22,3.0.0-internal-shadow-mvp,V3-INTERNAL-SHADOW-MVP-2026-08-22-R1-001,validation
G25-0484,2025,10,Troy,Buffalo,AWAY,-9.876619,-14.503505,1.126886,24.0,W,GOVERNED_SYNTHETIC_CONTROL: 2025 Synthetic Season LOCKED v3.xlsx sha256=77bb6ecf48e805b62b8af238bbf7b3534330df0405b8a170e48bb5c234d532ba via Power_Crunch_Research_Lab_Phase5D_WalkForward_Package.zip; corpus self-declares SCHEDULE SYNTHETIC / SCORES SIMULATED; authorised for MVP_CONTROL_CALIBRATION_ONLY by R-V3-MVP-CONTROL-CORPUS-01,2025-11-01,2026-08-22,3.0.0-internal-shadow-mvp,V3-INTERNAL-SHADOW-MVP-2026-08-22-R1-001,validation
G25-0485,2025,10,Clemson,Georgia Tech,HOME,-4.754673,19.809618,-21.064291,-51.0,L,GOVERNED_SYNTHETIC_CONTROL: 2025 Synthetic Season LOCKED v3.xlsx sha256=77bb6ecf48e805b62b8af238bbf7b3534330df0405b8a170e48bb5c234d532ba via Power_Crunch_Research_Lab_Phase5D_WalkForward_Package.zip; corpus self-declares SCHEDULE SYNTHETIC / SCORES SIMULATED; authorised for MVP_CONTROL_CALIBRATION_ONLY by R-V3-MVP-CONTROL-CORPUS-01,2025-11-01,2026-08-22,3.0.0-internal-shadow-mvp,V3-INTERNAL-SHADOW-MVP-2026-08-22-R1-001,validation
G25-0485,2025,10,Georgia Tech,Clemson,AWAY,19.809618,-4.754673,21.064291,51.0,W,GOVERNED_SYNTHETIC_CONTROL: 2025 Synthetic Season LOCKED v3.xlsx sha256=77bb6ecf48e805b62b8af238bbf7b3534330df0405b8a170e48bb5c234d532ba via Power_Crunch_Research_Lab_Phase5D_WalkForward_Package.zip; corpus self-declares SCHEDULE SYNTHETIC / SCORES SIMULATED; authorised for MVP_CONTROL_CALIBRATION_ONLY by R-V3-MVP-CONTROL-CORPUS-01,2025-11-01,2026-08-22,3.0.0-internal-shadow-mvp,V3-INTERNAL-SHADOW-MVP-2026-08-22-R1-001,validation
G25-0486,2025,10,Colgate,Lehigh,HOME,-11.071133,17.361809,-24.932942,-42.0,L,GOVERNED_SYNTHETIC_CONTROL: 2025 Synthetic Season LOCKED v3.xlsx sha256=77bb6ecf48e805b62b8af238bbf7b3534330df0405b8a170e48bb5c234d532ba via Power_Crunch_Research_Lab_Phase5D_WalkForward_Package.zip; corpus self-declares SCHEDULE SYNTHETIC / SCORES SIMULATED; authorised for MVP_CONTROL_CALIBRATION_ONLY by R-V3-MVP-CONTROL-CORPUS-01,2025-11-01,2026-08-22,3.0.0-internal-shadow-mvp,V3-INTERNAL-SHADOW-MVP-2026-08-22-R1-001,validation
G25-0486,2025,10,Lehigh,Colgate,AWAY,17.361809,-11.071133,24.932942,42.0,W,GOVERNED_SYNTHETIC_CONTROL: 2025 Synthetic Season LOCKED v3.xlsx sha256=77bb6ecf48e805b62b8af238bbf7b3534330df0405b8a170e48bb5c234d532ba via Power_Crunch_Research_Lab_Phase5D_WalkForward_Package.zip; corpus self-declares SCHEDULE SYNTHETIC / SCORES SIMULATED; authorised for MVP_CONTROL_CALIBRATION_ONLY by R-V3-MVP-CONTROL-CORPUS-01,2025-11-01,2026-08-22,3.0.0-internal-shadow-mvp,V3-INTERNAL-SHADOW-MVP-2026-08-22-R1-001,validation
G25-0487,2025,10,Colorado,Arizona State,HOME,-3.620464,-12.934397,12.813933,-2.0,L,GOVERNED_SYNTHETIC_CONTROL: 2025 Synthetic Season LOCKED v3.xlsx sha256=77bb6ecf48e805b62b8af238bbf7b3534330df0405b8a170e48bb5c234d532ba via Power_Crunch_Research_Lab_Phase5D_WalkForward_Package.zip; corpus self-declares SCHEDULE SYNTHETIC / SCORES SIMULATED; authorised for MVP_CONTROL_CALIBRATION_ONLY by R-V3-MVP-CONTROL-CORPUS-01,2025-11-01,2026-08-22,3.0.0-internal-shadow-mvp,V3-INTERNAL-SHADOW-MVP-2026-08-22-R1-001,validation
G25-0487,2025,10,Arizona State,Colorado,AWAY,-12.934397,-3.620464,-12.813933,2.0,W,GOVERNED_SYNTHETIC_CONTROL: 2025 Synthetic Season LOCKED v3.xlsx sha256=77bb6ecf48e805b62b8af238bbf7b3534330df0405b8a170e48bb5c234d532ba via Power_Crunch_Research_Lab_Phase5D_WalkForward_Package.zip; corpus self-declares SCHEDULE SYNTHETIC / SCORES SIMULATED; authorised for MVP_CONTROL_CALIBRATION_ONLY by R-V3-MVP-CONTROL-CORPUS-01,2025-11-01,2026-08-22,3.0.0-internal-shadow-mvp,V3-INTERNAL-SHADOW-MVP-2026-08-22-R1-001,validation
G25-0488,2025,10,Cornell,Princeton,HOME,-25.171583,-4.014816,-17.656767,-38.0,L,GOVERNED_SYNTHETIC_CONTROL: 2025 Synthetic Season LOCKED v3.xlsx sha256=77bb6ecf48e805b62b8af238bbf7b3534330df0405b8a170e48bb5c234d532ba via Power_Crunch_Research_Lab_Phase5D_WalkForward_Package.zip; corpus self-declares SCHEDULE SYNTHETIC / SCORES SIMULATED; authorised for MVP_CONTROL_CALIBRATION_ONLY by R-V3-MVP-CONTROL-CORPUS-01,2025-11-01,2026-08-22,3.0.0-internal-shadow-mvp,V3-INTERNAL-SHADOW-MVP-2026-08-22-R1-001,validation
G25-0488,2025,10,Princeton,Cornell,AWAY,-4.014816,-25.171583,17.656767,38.0,W,GOVERNED_SYNTHETIC_CONTROL: 2025 Synthetic Season LOCKED v3.xlsx sha256=77bb6ecf48e805b62b8af238bbf7b3534330df0405b8a170e48bb5c234d532ba via Power_Crunch_Research_Lab_Phase5D_WalkForward_Package.zip; corpus self-declares SCHEDULE SYNTHETIC / SCORES SIMULATED; authorised for MVP_CONTROL_CALIBRATION_ONLY by R-V3-MVP-CONTROL-CORPUS-01,2025-11-01,2026-08-22,3.0.0-internal-shadow-mvp,V3-INTERNAL-SHADOW-MVP-2026-08-22-R1-001,validation
G25-0490,2025,10,Duke,Minnesota,HOME,0.642159,-6.14302,10.285179,-6.0,L,GOVERNED_SYNTHETIC_CONTROL: 2025 Synthetic Season LOCKED v3.xlsx sha256=77bb6ecf48e805b62b8af238bbf7b3534330df0405b8a170e48bb5c234d532ba via Power_Crunch_Research_Lab_Phase5D_WalkForward_Package.zip; corpus self-declares SCHEDULE SYNTHETIC / SCORES SIMULATED; authorised for MVP_CONTROL_CALIBRATION_ONLY by R-V3-MVP-CONTROL-CORPUS-01,2025-11-01,2026-08-22,3.0.0-internal-shadow-mvp,V3-INTERNAL-SHADOW-MVP-2026-08-22-R1-001,validation
G25-0490,2025,10,Minnesota,Duke,AWAY,-6.14302,0.642159,-10.285179,6.0,W,GOVERNED_SYNTHETIC_CONTROL: 2025 Synthetic Season LOCKED v3.xlsx sha256=77bb6ecf48e805b62b8af238bbf7b3534330df0405b8a170e48bb5c234d532ba via Power_Crunch_Research_Lab_Phase5D_WalkForward_Package.zip; corpus self-declares SCHEDULE SYNTHETIC / SCORES SIMULATED; authorised for MVP_CONTROL_CALIBRATION_ONLY by R-V3-MVP-CONTROL-CORPUS-01,2025-11-01,2026-08-22,3.0.0-internal-shadow-mvp,V3-INTERNAL-SHADOW-MVP-2026-08-22-R1-001,validation
G25-0491,2025,10,Florida State,NC State,HOME,-14.252068,-4.869222,-5.882846,3.0,W,GOVERNED_SYNTHETIC_CONTROL: 2025 Synthetic Season LOCKED v3.xlsx sha256=77bb6ecf48e805b62b8af238bbf7b3534330df0405b8a170e48bb5c234d532ba via Power_Crunch_Research_Lab_Phase5D_WalkForward_Package.zip; corpus self-declares SCHEDULE SYNTHETIC / SCORES SIMULATED; authorised for MVP_CONTROL_CALIBRATION_ONLY by R-V3-MVP-CONTROL-CORPUS-01,2025-11-01,2026-08-22,3.0.0-internal-shadow-mvp,V3-INTERNAL-SHADOW-MVP-2026-08-22-R1-001,validation
G25-0491,2025,10,NC State,Florida State,AWAY,-4.869222,-14.252068,5.882846,-3.0,L,GOVERNED_SYNTHETIC_CONTROL: 2025 Synthetic Season LOCKED v3.xlsx sha256=77bb6ecf48e805b62b8af238bbf7b3534330df0405b8a170e48bb5c234d532ba via Power_Crunch_Research_Lab_Phase5D_WalkForward_Package.zip; corpus self-declares SCHEDULE SYNTHETIC / SCORES SIMULATED; authorised for MVP_CONTROL_CALIBRATION_ONLY by R-V3-MVP-CONTROL-CORPUS-01,2025-11-01,2026-08-22,3.0.0-internal-shadow-mvp,V3-INTERNAL-SHADOW-MVP-2026-08-22-R1-001,validation
G25-0492,2025,10,Georgia,Missouri,HOME,40.025544,8.098544,35.427,40.0,W,GOVERNED_SYNTHETIC_CONTROL: 2025 Synthetic Season LOCKED v3.xlsx sha256=77bb6ecf48e805b62b8af238bbf7b3534330df0405b8a170e48bb5c234d532ba via Power_Crunch_Research_Lab_Phase5D_WalkForward_Package.zip; corpus self-declares SCHEDULE SYNTHETIC / SCORES SIMULATED; authorised for MVP_CONTROL_CALIBRATION_ONLY by R-V3-MVP-CONTROL-CORPUS-01,2025-11-01,2026-08-22,3.0.0-internal-shadow-mvp,V3-INTERNAL-SHADOW-MVP-2026-08-22-R1-001,validation
G25-0492,2025,10,Missouri,Georgia,AWAY,8.098544,40.025544,-35.427,-40.0,L,GOVERNED_SYNTHETIC_CONTROL: 2025 Synthetic Season LOCKED v3.xlsx sha256=77bb6ecf48e805b62b8af238bbf7b3534330df0405b8a170e48bb5c234d532ba via Power_Crunch_Research_Lab_Phase5D_WalkForward_Package.zip; corpus self-declares SCHEDULE SYNTHETIC / SCORES SIMULATED; authorised for MVP_CONTROL_CALIBRATION_ONLY by R-V3-MVP-CONTROL-CORPUS-01,2025-11-01,2026-08-22,3.0.0-internal-shadow-mvp,V3-INTERNAL-SHADOW-MVP-2026-08-22-R1-001,validation
G25-0493,2025,10,Harvard,Penn,HOME,-25.948788,-20.613725,-1.835063,1.0,W,GOVERNED_SYNTHETIC_CONTROL: 2025 Synthetic Season LOCKED v3.xlsx sha256=77bb6ecf48e805b62b8af238bbf7b3534330df0405b8a170e48bb5c234d532ba via Power_Crunch_Research_Lab_Phase5D_WalkForward_Package.zip; corpus self-declares SCHEDULE SYNTHETIC / SCORES SIMULATED; authorised for MVP_CONTROL_CALIBRATION_ONLY by R-V3-MVP-CONTROL-CORPUS-01,2025-11-01,2026-08-22,3.0.0-internal-shadow-mvp,V3-INTERNAL-SHADOW-MVP-2026-08-22-R1-001,validation
G25-0493,2025,10,Penn,Harvard,AWAY,-20.613725,-25.948788,1.835063,-1.0,L,GOVERNED_SYNTHETIC_CONTROL: 2025 Synthetic Season LOCKED v3.xlsx sha256=77bb6ecf48e805b62b8af238bbf7b3534330df0405b8a170e48bb5c234d532ba via Power_Crunch_Research_Lab_Phase5D_WalkForward_Package.zip; corpus self-declares SCHEDULE SYNTHETIC / SCORES SIMULATED; authorised for MVP_CONTROL_CALIBRATION_ONLY by R-V3-MVP-CONTROL-CORPUS-01,2025-11-01,2026-08-22,3.0.0-internal-shadow-mvp,V3-INTERNAL-SHADOW-MVP-2026-08-22-R1-001,validation
G25-0494,2025,10,Houston,Cincinnati,HOME,26.232449,-0.985569,30.718018,28.0,W,GOVERNED_SYNTHETIC_CONTROL: 2025 Synthetic Season LOCKED v3.xlsx sha256=77bb6ecf48e805b62b8af238bbf7b3534330df0405b8a170e48bb5c234d532ba via Power_Crunch_Research_Lab_Phase5D_WalkForward_Package.zip; corpus self-declares SCHEDULE SYNTHETIC / SCORES SIMULATED; authorised for MVP_CONTROL_CALIBRATION_ONLY by R-V3-MVP-CONTROL-CORPUS-01,2025-11-01,2026-08-22,3.0.0-internal-shadow-mvp,V3-INTERNAL-SHADOW-MVP-2026-08-22-R1-001,validation
G25-0494,2025,10,Cincinnati,Houston,AWAY,-0.985569,26.232449,-30.718018,-28.0,L,GOVERNED_SYNTHETIC_CONTROL: 2025 Synthetic Season LOCKED v3.xlsx sha256=77bb6ecf48e805b62b8af238bbf7b3534330df0405b8a170e48bb5c234d532ba via Power_Crunch_Research_Lab_Phase5D_WalkForward_Package.zip; corpus self-declares SCHEDULE SYNTHETIC / SCORES SIMULATED; authorised for MVP_CONTROL_CALIBRATION_ONLY by R-V3-MVP-CONTROL-CORPUS-01,2025-11-01,2026-08-22,3.0.0-internal-shadow-mvp,V3-INTERNAL-SHADOW-MVP-2026-08-22-R1-001,validation
G25-0495,2025,10,Iowa,Indiana,HOME,49.361625,39.416564,13.445061,-2.0,L,GOVERNED_SYNTHETIC_CONTROL: 2025 Synthetic Season LOCKED v3.xlsx sha256=77bb6ecf48e805b62b8af238bbf7b3534330df0405b8a170e48bb5c234d532ba via Power_Crunch_Research_Lab_Phase5D_WalkForward_Package.zip; corpus self-declares SCHEDULE SYNTHETIC / SCORES SIMULATED; authorised for MVP_CONTROL_CALIBRATION_ONLY by R-V3-MVP-CONTROL-CORPUS-01,2025-11-01,2026-08-22,3.0.0-internal-shadow-mvp,V3-INTERNAL-SHADOW-MVP-2026-08-22-R1-001,validation
G25-0495,2025,10,Indiana,Iowa,AWAY,39.416564,49.361625,-13.445061,2.0,W,GOVERNED_SYNTHETIC_CONTROL: 2025 Synthetic Season LOCKED v3.xlsx sha256=77bb6ecf48e805b62b8af238bbf7b3534330df0405b8a170e48bb5c234d532ba via Power_Crunch_Research_Lab_Phase5D_WalkForward_Package.zip; corpus self-declares SCHEDULE SYNTHETIC / SCORES SIMULATED; authorised for MVP_CONTROL_CALIBRATION_ONLY by R-V3-MVP-CONTROL-CORPUS-01,2025-11-01,2026-08-22,3.0.0-internal-shadow-mvp,V3-INTERNAL-SHADOW-MVP-2026-08-22-R1-001,validation
G25-0496,2025,10,LSU,Washington,HOME,-6.836338,18.763658,-22.099996,-39.0,L,GOVERNED_SYNTHETIC_CONTROL: 2025 Synthetic Season LOCKED v3.xlsx sha256=77bb6ecf48e805b62b8af238bbf7b3534330df0405b8a170e48bb5c234d532ba via Power_Crunch_Research_Lab_Phase5D_WalkForward_Package.zip; corpus self-declares SCHEDULE SYNTHETIC / SCORES SIMULATED; authorised for MVP_CONTROL_CALIBRATION_ONLY by R-V3-MVP-CONTROL-CORPUS-01,2025-11-01,2026-08-22,3.0.0-internal-shadow-mvp,V3-INTERNAL-SHADOW-MVP-2026-08-22-R1-001,validation
G25-0496,2025,10,Washington,LSU,AWAY,18.763658,-6.836338,22.099996,39.0,W,GOVERNED_SYNTHETIC_CONTROL: 2025 Synthetic Season LOCKED v3.xlsx sha256=77bb6ecf48e805b62b8af238bbf7b3534330df0405b8a170e48bb5c234d532ba via Power_Crunch_Research_Lab_Phase5D_WalkForward_Package.zip; corpus self-declares SCHEDULE SYNTHETIC / SCORES SIMULATED; authorised for MVP_CONTROL_CALIBRATION_ONLY by R-V3-MVP-CONTROL-CORPUS-01,2025-11-01,2026-08-22,3.0.0-internal-shadow-mvp,V3-INTERNAL-SHADOW-MVP-2026-08-22-R1-001,validation
G25-0497,2025,10,Louisville,California,HOME,0.005847,-11.798728,15.304576,30.0,W,GOVERNED_SYNTHETIC_CONTROL: 2025 Synthetic Season LOCKED v3.xlsx sha256=77bb6ecf48e805b62b8af238bbf7b3534330df0405b8a170e48bb5c234d532ba via Power_Crunch_Research_Lab_Phase5D_WalkForward_Package.zip; corpus self-declares SCHEDULE SYNTHETIC / SCORES SIMULATED; authorised for MVP_CONTROL_CALIBRATION_ONLY by R-V3-MVP-CONTROL-CORPUS-01,2025-11-01,2026-08-22,3.0.0-internal-shadow-mvp,V3-INTERNAL-SHADOW-MVP-2026-08-22-R1-001,validation
G25-0497,2025,10,California,Louisville,AWAY,-11.798728,0.005847,-15.304576,-30.0,L,GOVERNED_SYNTHETIC_CONTROL: 2025 Synthetic Season LOCKED v3.xlsx sha256=77bb6ecf48e805b62b8af238bbf7b3534330df0405b8a170e48bb5c234d532ba via Power_Crunch_Research_Lab_Phase5D_WalkForward_Package.zip; corpus self-declares SCHEDULE SYNTHETIC / SCORES SIMULATED; authorised for MVP_CONTROL_CALIBRATION_ONLY by R-V3-MVP-CONTROL-CORPUS-01,2025-11-01,2026-08-22,3.0.0-internal-shadow-mvp,V3-INTERNAL-SHADOW-MVP-2026-08-22-R1-001,validation
G25-0498,2025,10,Marshall,Coastal Carolina,HOME,-6.332077,-14.625941,11.793865,-26.0,L,GOVERNED_SYNTHETIC_CONTROL: 2025 Synthetic Season LOCKED v3.xlsx sha256=77bb6ecf48e805b62b8af238bbf7b3534330df0405b8a170e48bb5c234d532ba via Power_Crunch_Research_Lab_Phase5D_WalkForward_Package.zip; corpus self-declares SCHEDULE SYNTHETIC / SCORES SIMULATED; authorised for MVP_CONTROL_CALIBRATION_ONLY by R-V3-MVP-CONTROL-CORPUS-01,2025-11-01,2026-08-22,3.0.0-internal-shadow-mvp,V3-INTERNAL-SHADOW-MVP-2026-08-22-R1-001,validation
G25-0498,2025,10,Coastal Carolina,Marshall,AWAY,-14.625941,-6.332077,-11.793865,26.0,W,GOVERNED_SYNTHETIC_CONTROL: 2025 Synthetic Season LOCKED v3.xlsx sha256=77bb6ecf48e805b62b8af238bbf7b3534330df0405b8a170e48bb5c234d532ba via Power_Crunch_Research_Lab_Phase5D_WalkForward_Package.zip; corpus self-declares SCHEDULE SYNTHETIC / SCORES SIMULATED; authorised for MVP_CONTROL_CALIBRATION_ONLY by R-V3-MVP-CONTROL-CORPUS-01,2025-11-01,2026-08-22,3.0.0-internal-shadow-mvp,V3-INTERNAL-SHADOW-MVP-2026-08-22-R1-001,validation
G25-0499,2025,10,Miami,Illinois,HOME,53.932407,26.939191,30.493216,21.0,W,GOVERNED_SYNTHETIC_CONTROL: 2025 Synthetic Season LOCKED v3.xlsx sha256=77bb6ecf48e805b62b8af238bbf7b3534330df0405b8a170e48bb5c234d532ba via Power_Crunch_Research_Lab_Phase5D_WalkForward_Package.zip; corpus self-declares SCHEDULE SYNTHETIC / SCORES SIMULATED; authorised for MVP_CONTROL_CALIBRATION_ONLY by R-V3-MVP-CONTROL-CORPUS-01,2025-11-01,2026-08-22,3.0.0-internal-shadow-mvp,V3-INTERNAL-SHADOW-MVP-2026-08-22-R1-001,validation
G25-0499,2025,10,Illinois,Miami,AWAY,26.939191,53.932407,-30.493216,-21.0,L,GOVERNED_SYNTHETIC_CONTROL: 2025 Synthetic Season LOCKED v3.xlsx sha256=77bb6ecf48e805b62b8af238bbf7b3534330df0405b8a170e48bb5c234d532ba via Power_Crunch_Research_Lab_Phase5D_WalkForward_Package.zip; corpus self-declares SCHEDULE SYNTHETIC / SCORES SIMULATED; authorised for MVP_CONTROL_CALIBRATION_ONLY by R-V3-MVP-CONTROL-CORPUS-01,2025-11-01,2026-08-22,3.0.0-internal-shadow-mvp,V3-INTERNAL-SHADOW-MVP-2026-08-22-R1-001,validation
G25-0500,2025,10,Michigan State,Wisconsin,HOME,-21.605701,-13.255899,-4.849802,-4.0,L,GOVERNED_SYNTHETIC_CONTROL: 2025 Synthetic Season LOCKED v3.xlsx sha256=77bb6ecf48e805b62b8af238bbf7b3534330df0405b8a170e48bb5c234d532ba via Power_Crunch_Research_Lab_Phase5D_WalkForward_Package.zip; corpus self-declares SCHEDULE SYNTHETIC / SCORES SIMULATED; authorised for MVP_CONTROL_CALIBRATION_ONLY by R-V3-MVP-CONTROL-CORPUS-01,2025-11-01,2026-08-22,3.0.0-internal-shadow-mvp,V3-INTERNAL-SHADOW-MVP-2026-08-22-R1-001,validation
G25-0500,2025,10,Wisconsin,Michigan State,AWAY,-13.255899,-21.605701,4.849802,4.0,W,GOVERNED_SYNTHETIC_CONTROL: 2025 Synthetic Season LOCKED v3.xlsx sha256=77bb6ecf48e805b62b8af238bbf7b3534330df0405b8a170e48bb5c234d532ba via Power_Crunch_Research_Lab_Phase5D_WalkForward_Package.zip; corpus self-declares SCHEDULE SYNTHETIC / SCORES SIMULATED; authorised for MVP_CONTROL_CALIBRATION_ONLY by R-V3-MVP-CONTROL-CORPUS-01,2025-11-01,2026-08-22,3.0.0-internal-shadow-mvp,V3-INTERNAL-SHADOW-MVP-2026-08-22-R1-001,validation
G25-0501,2025,10,Mississippi State,Kentucky,HOME,-4.068723,-10.440706,9.871982,7.0,W,GOVERNED_SYNTHETIC_CONTROL: 2025 Synthetic Season LOCKED v3.xlsx sha256=77bb6ecf48e805b62b8af238bbf7b3534330df0405b8a170e48bb5c234d532ba via Power_Crunch_Research_Lab_Phase5D_WalkForward_Package.zip; corpus self-declares SCHEDULE SYNTHETIC / SCORES SIMULATED; authorised for MVP_CONTROL_CALIBRATION_ONLY by R-V3-MVP-CONTROL-CORPUS-01,2025-11-01,2026-08-22,3.0.0-internal-shadow-mvp,V3-INTERNAL-SHADOW-MVP-2026-08-22-R1-001,validation
G25-0501,2025,10,Kentucky,Mississippi State,AWAY,-10.440706,-4.068723,-9.871982,-7.0,L,GOVERNED_SYNTHETIC_CONTROL: 2025 Synthetic Season LOCKED v3.xlsx sha256=77bb6ecf48e805b62b8af238bbf7b3534330df0405b8a170e48bb5c234d532ba via Power_Crunch_Research_Lab_Phase5D_WalkForward_Package.zip; corpus self-declares SCHEDULE SYNTHETIC / SCORES SIMULATED; authorised for MVP_CONTROL_CALIBRATION_ONLY by R-V3-MVP-CONTROL-CORPUS-01,2025-11-01,2026-08-22,3.0.0-internal-shadow-mvp,V3-INTERNAL-SHADOW-MVP-2026-08-22-R1-001,validation
G25-0502,2025,10,New Mexico State,UAB,HOME,-16.043165,-11.76286,-0.780305,12.0,W,GOVERNED_SYNTHETIC_CONTROL: 2025 Synthetic Season LOCKED v3.xlsx sha256=77bb6ecf48e805b62b8af238bbf7b3534330df0405b8a170e48bb5c234d532ba via Power_Crunch_Research_Lab_Phase5D_WalkForward_Package.zip; corpus self-declares SCHEDULE SYNTHETIC / SCORES SIMULATED; authorised for MVP_CONTROL_CALIBRATION_ONLY by R-V3-MVP-CONTROL-CORPUS-01,2025-11-01,2026-08-22,3.0.0-internal-shadow-mvp,V3-INTERNAL-SHADOW-MVP-2026-08-22-R1-001,validation
G25-0502,2025,10,UAB,New Mexico State,AWAY,-11.76286,-16.043165,0.780305,-12.0,L,GOVERNED_SYNTHETIC_CONTROL: 2025 Synthetic Season LOCKED v3.xlsx sha256=77bb6ecf48e805b62b8af238bbf7b3534330df0405b8a170e48bb5c234d532ba via Power_Crunch_Research_Lab_Phase5D_WalkForward_Package.zip; corpus self-declares SCHEDULE SYNTHETIC / SCORES SIMULATED; authorised for MVP_CONTROL_CALIBRATION_ONLY by R-V3-MVP-CONTROL-CORPUS-01,2025-11-01,2026-08-22,3.0.0-internal-shadow-mvp,V3-INTERNAL-SHADOW-MVP-2026-08-22-R1-001,validation
G25-0503,2025,10,North Texas,Rice,HOME,-4.315224,-15.50884,14.693616,40.0,W,GOVERNED_SYNTHETIC_CONTROL: 2025 Synthetic Season LOCKED v3.xlsx sha256=77bb6ecf48e805b62b8af238bbf7b3534330df0405b8a170e48bb5c234d532ba via Power_Crunch_Research_Lab_Phase5D_WalkForward_Package.zip; corpus self-declares SCHEDULE SYNTHETIC / SCORES SIMULATED; authorised for MVP_CONTROL_CALIBRATION_ONLY by R-V3-MVP-CONTROL-CORPUS-01,2025-11-01,2026-08-22,3.0.0-internal-shadow-mvp,V3-INTERNAL-SHADOW-MVP-2026-08-22-R1-001,validation
G25-0503,2025,10,Rice,North Texas,AWAY,-15.50884,-4.315224,-14.693616,-40.0,L,GOVERNED_SYNTHETIC_CONTROL: 2025 Synthetic Season LOCKED v3.xlsx sha256=77bb6ecf48e805b62b8af238bbf7b3534330df0405b8a170e48bb5c234d532ba via Power_Crunch_Research_Lab_Phase5D_WalkForward_Package.zip; corpus self-declares SCHEDULE SYNTHETIC / SCORES SIMULATED; authorised for MVP_CONTROL_CALIBRATION_ONLY by R-V3-MVP-CONTROL-CORPUS-01,2025-11-01,2026-08-22,3.0.0-internal-shadow-mvp,V3-INTERNAL-SHADOW-MVP-2026-08-22-R1-001,validation
G25-0504,2025,10,Northwestern,Maryland,HOME,-9.880156,-11.031351,4.651195,-13.0,L,GOVERNED_SYNTHETIC_CONTROL: 2025 Synthetic Season LOCKED v3.xlsx sha256=77bb6ecf48e805b62b8af238bbf7b3534330df0405b8a170e48bb5c234d532ba via Power_Crunch_Research_Lab_Phase5D_WalkForward_Package.zip; corpus self-declares SCHEDULE SYNTHETIC / SCORES SIMULATED; authorised for MVP_CONTROL_CALIBRATION_ONLY by R-V3-MVP-CONTROL-CORPUS-01,2025-11-01,2026-08-22,3.0.0-internal-shadow-mvp,V3-INTERNAL-SHADOW-MVP-2026-08-22-R1-001,validation
G25-0504,2025,10,Maryland,Northwestern,AWAY,-11.031351,-9.880156,-4.651195,13.0,W,GOVERNED_SYNTHETIC_CONTROL: 2025 Synthetic Season LOCKED v3.xlsx sha256=77bb6ecf48e805b62b8af238bbf7b3534330df0405b8a170e48bb5c234d532ba via Power_Crunch_Research_Lab_Phase5D_WalkForward_Package.zip; corpus self-declares SCHEDULE SYNTHETIC / SCORES SIMULATED; authorised for MVP_CONTROL_CALIBRATION_ONLY by R-V3-MVP-CONTROL-CORPUS-01,2025-11-01,2026-08-22,3.0.0-internal-shadow-mvp,V3-INTERNAL-SHADOW-MVP-2026-08-22-R1-001,validation
G25-0505,2025,10,Ohio State,Nebraska,HOME,36.180892,-9.13871,48.819602,54.0,W,GOVERNED_SYNTHETIC_CONTROL: 2025 Synthetic Season LOCKED v3.xlsx sha256=77bb6ecf48e805b62b8af238bbf7b3534330df0405b8a170e48bb5c234d532ba via Power_Crunch_Research_Lab_Phase5D_WalkForward_Package.zip; corpus self-declares SCHEDULE SYNTHETIC / SCORES SIMULATED; authorised for MVP_CONTROL_CALIBRATION_ONLY by R-V3-MVP-CONTROL-CORPUS-01,2025-11-01,2026-08-22,3.0.0-internal-shadow-mvp,V3-INTERNAL-SHADOW-MVP-2026-08-22-R1-001,validation
G25-0505,2025,10,Nebraska,Ohio State,AWAY,-9.13871,36.180892,-48.819602,-54.0,L,GOVERNED_SYNTHETIC_CONTROL: 2025 Synthetic Season LOCKED v3.xlsx sha256=77bb6ecf48e805b62b8af238bbf7b3534330df0405b8a170e48bb5c234d532ba via Power_Crunch_Research_Lab_Phase5D_WalkForward_Package.zip; corpus self-declares SCHEDULE SYNTHETIC / SCORES SIMULATED; authorised for MVP_CONTROL_CALIBRATION_ONLY by R-V3-MVP-CONTROL-CORPUS-01,2025-11-01,2026-08-22,3.0.0-internal-shadow-mvp,V3-INTERNAL-SHADOW-MVP-2026-08-22-R1-001,validation
G25-0506,2025,10,Oklahoma,Texas,HOME,43.893411,34.887617,12.505794,-2.0,L,GOVERNED_SYNTHETIC_CONTROL: 2025 Synthetic Season LOCKED v3.xlsx sha256=77bb6ecf48e805b62b8af238bbf7b3534330df0405b8a170e48bb5c234d532ba via Power_Crunch_Research_Lab_Phase5D_WalkForward_Package.zip; corpus self-declares SCHEDULE SYNTHETIC / SCORES SIMULATED; authorised for MVP_CONTROL_CALIBRATION_ONLY by R-V3-MVP-CONTROL-CORPUS-01,2025-11-01,2026-08-22,3.0.0-internal-shadow-mvp,V3-INTERNAL-SHADOW-MVP-2026-08-22-R1-001,validation
G25-0506,2025,10,Texas,Oklahoma,AWAY,34.887617,43.893411,-12.505794,2.0,W,GOVERNED_SYNTHETIC_CONTROL: 2025 Synthetic Season LOCKED v3.xlsx sha256=77bb6ecf48e805b62b8af238bbf7b3534330df0405b8a170e48bb5c234d532ba via Power_Crunch_Research_Lab_Phase5D_WalkForward_Package.zip; corpus self-declares SCHEDULE SYNTHETIC / SCORES SIMULATED; authorised for MVP_CONTROL_CALIBRATION_ONLY by R-V3-MVP-CONTROL-CORPUS-01,2025-11-01,2026-08-22,3.0.0-internal-shadow-mvp,V3-INTERNAL-SHADOW-MVP-2026-08-22-R1-001,validation
G25-0507,2025,10,Oklahoma State,Kansas,HOME,-3.823937,-1.997332,1.673396,1.0,W,GOVERNED_SYNTHETIC_CONTROL: 2025 Synthetic Season LOCKED v3.xlsx sha256=77bb6ecf48e805b62b8af238bbf7b3534330df0405b8a170e48bb5c234d532ba via Power_Crunch_Research_Lab_Phase5D_WalkForward_Package.zip; corpus self-declares SCHEDULE SYNTHETIC / SCORES SIMULATED; authorised for MVP_CONTROL_CALIBRATION_ONLY by R-V3-MVP-CONTROL-CORPUS-01,2025-11-01,2026-08-22,3.0.0-internal-shadow-mvp,V3-INTERNAL-SHADOW-MVP-2026-08-22-R1-001,validation
G25-0507,2025,10,Kansas,Oklahoma State,AWAY,-1.997332,-3.823937,-1.673396,-1.0,L,GOVERNED_SYNTHETIC_CONTROL: 2025 Synthetic Season LOCKED v3.xlsx sha256=77bb6ecf48e805b62b8af238bbf7b3534330df0405b8a170e48bb5c234d532ba via Power_Crunch_Research_Lab_Phase5D_WalkForward_Package.zip; corpus self-declares SCHEDULE SYNTHETIC / SCORES SIMULATED; authorised for MVP_CONTROL_CALIBRATION_ONLY by R-V3-MVP-CONTROL-CORPUS-01,2025-11-01,2026-08-22,3.0.0-internal-shadow-mvp,V3-INTERNAL-SHADOW-MVP-2026-08-22-R1-001,validation
G25-0508,2025,10,Old Dominion,East Carolina,HOME,11.08182,-2.511457,17.093277,12.0,W,GOVERNED_SYNTHETIC_CONTROL: 2025 Synthetic Season LOCKED v3.xlsx sha256=77bb6ecf48e805b62b8af238bbf7b3534330df0405b8a170e48bb5c234d532ba via Power_Crunch_Research_Lab_Phase5D_WalkForward_Package.zip; corpus self-declares SCHEDULE SYNTHETIC / SCORES SIMULATED; authorised for MVP_CONTROL_CALIBRATION_ONLY by R-V3-MVP-CONTROL-CORPUS-01,2025-11-01,2026-08-22,3.0.0-internal-shadow-mvp,V3-INTERNAL-SHADOW-MVP-2026-08-22-R1-001,validation
G25-0508,2025,10,East Carolina,Old Dominion,AWAY,-2.511457,11.08182,-17.093277,-12.0,L,GOVERNED_SYNTHETIC_CONTROL: 2025 Synthetic Season LOCKED v3.xlsx sha256=77bb6ecf48e805b62b8af238bbf7b3534330df0405b8a170e48bb5c234d532ba via Power_Crunch_Research_Lab_Phase5D_WalkForward_Package.zip; corpus self-declares SCHEDULE SYNTHETIC / SCORES SIMULATED; authorised for MVP_CONTROL_CALIBRATION_ONLY by R-V3-MVP-CONTROL-CORPUS-01,2025-11-01,2026-08-22,3.0.0-internal-shadow-mvp,V3-INTERNAL-SHADOW-MVP-2026-08-22-R1-001,validation
G25-0509,2025,10,Oregon State,Notre Dame,HOME,-10.965628,31.05125,-38.516878,-58.0,L,GOVERNED_SYNTHETIC_CONTROL: 2025 Synthetic Season LOCKED v3.xlsx sha256=77bb6ecf48e805b62b8af238bbf7b3534330df0405b8a170e48bb5c234d532ba via Power_Crunch_Research_Lab_Phase5D_WalkForward_Package.zip; corpus self-declares SCHEDULE SYNTHETIC / SCORES SIMULATED; authorised for MVP_CONTROL_CALIBRATION_ONLY by R-V3-MVP-CONTROL-CORPUS-01,2025-11-01,2026-08-22,3.0.0-internal-shadow-mvp,V3-INTERNAL-SHADOW-MVP-2026-08-22-R1-001,validation
G25-0509,2025,10,Notre Dame,Oregon State,AWAY,31.05125,-10.965628,38.516878,58.0,W,GOVERNED_SYNTHETIC_CONTROL: 2025 Synthetic Season LOCKED v3.xlsx sha256=77bb6ecf48e805b62b8af238bbf7b3534330df0405b8a170e48bb5c234d532ba via Power_Crunch_Research_Lab_Phase5D_WalkForward_Package.zip; corpus self-declares SCHEDULE SYNTHETIC / SCORES SIMULATED; authorised for MVP_CONTROL_CALIBRATION_ONLY by R-V3-MVP-CONTROL-CORPUS-01,2025-11-01,2026-08-22,3.0.0-internal-shadow-mvp,V3-INTERNAL-SHADOW-MVP-2026-08-22-R1-001,validation
G25-0510,2025,10,Penn State,Oregon,HOME,-13.637179,45.368935,-55.506114,-63.0,L,GOVERNED_SYNTHETIC_CONTROL: 2025 Synthetic Season LOCKED v3.xlsx sha256=77bb6ecf48e805b62b8af238bbf7b3534330df0405b8a170e48bb5c234d532ba via Power_Crunch_Research_Lab_Phase5D_WalkForward_Package.zip; corpus self-declares SCHEDULE SYNTHETIC / SCORES SIMULATED; authorised for MVP_CONTROL_CALIBRATION_ONLY by R-V3-MVP-CONTROL-CORPUS-01,2025-11-01,2026-08-22,3.0.0-internal-shadow-mvp,V3-INTERNAL-SHADOW-MVP-2026-08-22-R1-001,validation
G25-0510,2025,10,Oregon,Penn State,AWAY,45.368935,-13.637179,55.506114,63.0,W,GOVERNED_SYNTHETIC_CONTROL: 2025 Synthetic Season LOCKED v3.xlsx sha256=77bb6ecf48e805b62b8af238bbf7b3534330df0405b8a170e48bb5c234d532ba via Power_Crunch_Research_Lab_Phase5D_WalkForward_Package.zip; corpus self-declares SCHEDULE SYNTHETIC / SCORES SIMULATED; authorised for MVP_CONTROL_CALIBRATION_ONLY by R-V3-MVP-CONTROL-CORPUS-01,2025-11-01,2026-08-22,3.0.0-internal-shadow-mvp,V3-INTERNAL-SHADOW-MVP-2026-08-22-R1-001,validation
G25-0511,2025,10,SMU,Boston College,HOME,10.843442,-17.266026,31.609468,15.0,W,GOVERNED_SYNTHETIC_CONTROL: 2025 Synthetic Season LOCKED v3.xlsx sha256=77bb6ecf48e805b62b8af238bbf7b3534330df0405b8a170e48bb5c234d532ba via Power_Crunch_Research_Lab_Phase5D_WalkForward_Package.zip; corpus self-declares SCHEDULE SYNTHETIC / SCORES SIMULATED; authorised for MVP_CONTROL_CALIBRATION_ONLY by R-V3-MVP-CONTROL-CORPUS-01,2025-11-01,2026-08-22,3.0.0-internal-shadow-mvp,V3-INTERNAL-SHADOW-MVP-2026-08-22-R1-001,validation
G25-0511,2025,10,Boston College,SMU,AWAY,-17.266026,10.843442,-31.609468,-15.0,L,GOVERNED_SYNTHETIC_CONTROL: 2025 Synthetic Season LOCKED v3.xlsx sha256=77bb6ecf48e805b62b8af238bbf7b3534330df0405b8a170e48bb5c234d532ba via Power_Crunch_Research_Lab_Phase5D_WalkForward_Package.zip; corpus self-declares SCHEDULE SYNTHETIC / SCORES SIMULATED; authorised for MVP_CONTROL_CALIBRATION_ONLY by R-V3-MVP-CONTROL-CORPUS-01,2025-11-01,2026-08-22,3.0.0-internal-shadow-mvp,V3-INTERNAL-SHADOW-MVP-2026-08-22-R1-001,validation
G25-0512,2025,10,San Diego State,Air Force,HOME,-3.991659,-17.460798,16.969139,13.0,W,GOVERNED_SYNTHETIC_CONTROL: 2025 Synthetic Season LOCKED v3.xlsx sha256=77bb6ecf48e805b62b8af238bbf7b3534330df0405b8a170e48bb5c234d532ba via Power_Crunch_Research_Lab_Phase5D_WalkForward_Package.zip; corpus self-declares SCHEDULE SYNTHETIC / SCORES SIMULATED; authorised for MVP_CONTROL_CALIBRATION_ONLY by R-V3-MVP-CONTROL-CORPUS-01,2025-11-01,2026-08-22,3.0.0-internal-shadow-mvp,V3-INTERNAL-SHADOW-MVP-2026-08-22-R1-001,validation
G25-0512,2025,10,Air Force,San Diego State,AWAY,-17.460798,-3.991659,-16.969139,-13.0,L,GOVERNED_SYNTHETIC_CONTROL: 2025 Synthetic Season LOCKED v3.xlsx sha256=77bb6ecf48e805b62b8af238bbf7b3534330df0405b8a170e48bb5c234d532ba via Power_Crunch_Research_Lab_Phase5D_WalkForward_Package.zip; corpus self-declares SCHEDULE SYNTHETIC / SCORES SIMULATED; authorised for MVP_CONTROL_CALIBRATION_ONLY by R-V3-MVP-CONTROL-CORPUS-01,2025-11-01,2026-08-22,3.0.0-internal-shadow-mvp,V3-INTERNAL-SHADOW-MVP-2026-08-22-R1-001,validation
G25-0513,2025,10,San Jose State,Fresno State,HOME,-14.932602,-14.309326,2.876725,20.0,W,GOVERNED_SYNTHETIC_CONTROL: 2025 Synthetic Season LOCKED v3.xlsx sha256=77bb6ecf48e805b62b8af238bbf7b3534330df0405b8a170e48bb5c234d532ba via Power_Crunch_Research_Lab_Phase5D_WalkForward_Package.zip; corpus self-declares SCHEDULE SYNTHETIC / SCORES SIMULATED; authorised for MVP_CONTROL_CALIBRATION_ONLY by R-V3-MVP-CONTROL-CORPUS-01,2025-11-01,2026-08-22,3.0.0-internal-shadow-mvp,V3-INTERNAL-SHADOW-MVP-2026-08-22-R1-001,validation
G25-0513,2025,10,Fresno State,San Jose State,AWAY,-14.309326,-14.932602,-2.876725,-20.0,L,GOVERNED_SYNTHETIC_CONTROL: 2025 Synthetic Season LOCKED v3.xlsx sha256=77bb6ecf48e805b62b8af238bbf7b3534330df0405b8a170e48bb5c234d532ba via Power_Crunch_Research_Lab_Phase5D_WalkForward_Package.zip; corpus self-declares SCHEDULE SYNTHETIC / SCORES SIMULATED; authorised for MVP_CONTROL_CALIBRATION_ONLY by R-V3-MVP-CONTROL-CORPUS-01,2025-11-01,2026-08-22,3.0.0-internal-shadow-mvp,V3-INTERNAL-SHADOW-MVP-2026-08-22-R1-001,validation
G25-0514,2025,10,South Florida,Navy,HOME,-7.342064,4.300106,-8.142171,-20.0,L,GOVERNED_SYNTHETIC_CONTROL: 2025 Synthetic Season LOCKED v3.xlsx sha256=77bb6ecf48e805b62b8af238bbf7b3534330df0405b8a170e48bb5c234d532ba via Power_Crunch_Research_Lab_Phase5D_WalkForward_Package.zip; corpus self-declares SCHEDULE SYNTHETIC / SCORES SIMULATED; authorised for MVP_CONTROL_CALIBRATION_ONLY by R-V3-MVP-CONTROL-CORPUS-01,2025-11-01,2026-08-22,3.0.0-internal-shadow-mvp,V3-INTERNAL-SHADOW-MVP-2026-08-22-R1-001,validation
G25-0514,2025,10,Navy,South Florida,AWAY,4.300106,-7.342064,8.142171,20.0,W,GOVERNED_SYNTHETIC_CONTROL: 2025 Synthetic Season LOCKED v3.xlsx sha256=77bb6ecf48e805b62b8af238bbf7b3534330df0405b8a170e48bb5c234d532ba via Power_Crunch_Research_Lab_Phase5D_WalkForward_Package.zip; corpus self-declares SCHEDULE SYNTHETIC / SCORES SIMULATED; authorised for MVP_CONTROL_CALIBRATION_ONLY by R-V3-MVP-CONTROL-CORPUS-01,2025-11-01,2026-08-22,3.0.0-internal-shadow-mvp,V3-INTERNAL-SHADOW-MVP-2026-08-22-R1-001,validation
G25-0515,2025,10,Stanford,Wake Forest,HOME,-10.51389,1.908552,-8.922442,-20.0,L,GOVERNED_SYNTHETIC_CONTROL: 2025 Synthetic Season LOCKED v3.xlsx sha256=77bb6ecf48e805b62b8af238bbf7b3534330df0405b8a170e48bb5c234d532ba via Power_Crunch_Research_Lab_Phase5D_WalkForward_Package.zip; corpus self-declares SCHEDULE SYNTHETIC / SCORES SIMULATED; authorised for MVP_CONTROL_CALIBRATION_ONLY by R-V3-MVP-CONTROL-CORPUS-01,2025-11-01,2026-08-22,3.0.0-internal-shadow-mvp,V3-INTERNAL-SHADOW-MVP-2026-08-22-R1-001,validation
G25-0515,2025,10,Wake Forest,Stanford,AWAY,1.908552,-10.51389,8.922442,20.0,W,GOVERNED_SYNTHETIC_CONTROL: 2025 Synthetic Season LOCKED v3.xlsx sha256=77bb6ecf48e805b62b8af238bbf7b3534330df0405b8a170e48bb5c234d532ba via Power_Crunch_Research_Lab_Phase5D_WalkForward_Package.zip; corpus self-declares SCHEDULE SYNTHETIC / SCORES SIMULATED; authorised for MVP_CONTROL_CALIBRATION_ONLY by R-V3-MVP-CONTROL-CORPUS-01,2025-11-01,2026-08-22,3.0.0-internal-shadow-mvp,V3-INTERNAL-SHADOW-MVP-2026-08-22-R1-001,validation
G25-0516,2025,10,Syracuse,North Carolina,HOME,-9.179819,-7.894776,2.214958,14.0,W,GOVERNED_SYNTHETIC_CONTROL: 2025 Synthetic Season LOCKED v3.xlsx sha256=77bb6ecf48e805b62b8af238bbf7b3534330df0405b8a170e48bb5c234d532ba via Power_Crunch_Research_Lab_Phase5D_WalkForward_Package.zip; corpus self-declares SCHEDULE SYNTHETIC / SCORES SIMULATED; authorised for MVP_CONTROL_CALIBRATION_ONLY by R-V3-MVP-CONTROL-CORPUS-01,2025-11-01,2026-08-22,3.0.0-internal-shadow-mvp,V3-INTERNAL-SHADOW-MVP-2026-08-22-R1-001,validation
G25-0516,2025,10,North Carolina,Syracuse,AWAY,-7.894776,-9.179819,-2.214958,-14.0,L,GOVERNED_SYNTHETIC_CONTROL: 2025 Synthetic Season LOCKED v3.xlsx sha256=77bb6ecf48e805b62b8af238bbf7b3534330df0405b8a170e48bb5c234d532ba via Power_Crunch_Research_Lab_Phase5D_WalkForward_Package.zip; corpus self-declares SCHEDULE SYNTHETIC / SCORES SIMULATED; authorised for MVP_CONTROL_CALIBRATION_ONLY by R-V3-MVP-CONTROL-CORPUS-01,2025-11-01,2026-08-22,3.0.0-internal-shadow-mvp,V3-INTERNAL-SHADOW-MVP-2026-08-22-R1-001,validation
G25-0517,2025,10,TCU,BYU,HOME,16.758909,39.240034,-18.981125,-18.0,L,GOVERNED_SYNTHETIC_CONTROL: 2025 Synthetic Season LOCKED v3.xlsx sha256=77bb6ecf48e805b62b8af238bbf7b3534330df0405b8a170e48bb5c234d532ba via Power_Crunch_Research_Lab_Phase5D_WalkForward_Package.zip; corpus self-declares SCHEDULE SYNTHETIC / SCORES SIMULATED; authorised for MVP_CONTROL_CALIBRATION_ONLY by R-V3-MVP-CONTROL-CORPUS-01,2025-11-01,2026-08-22,3.0.0-internal-shadow-mvp,V3-INTERNAL-SHADOW-MVP-2026-08-22-R1-001,validation
G25-0517,2025,10,BYU,TCU,AWAY,39.240034,16.758909,18.981125,18.0,W,GOVERNED_SYNTHETIC_CONTROL: 2025 Synthetic Season LOCKED v3.xlsx sha256=77bb6ecf48e805b62b8af238bbf7b3534330df0405b8a170e48bb5c234d532ba via Power_Crunch_Research_Lab_Phase5D_WalkForward_Package.zip; corpus self-declares SCHEDULE SYNTHETIC / SCORES SIMULATED; authorised for MVP_CONTROL_CALIBRATION_ONLY by R-V3-MVP-CONTROL-CORPUS-01,2025-11-01,2026-08-22,3.0.0-internal-shadow-mvp,V3-INTERNAL-SHADOW-MVP-2026-08-22-R1-001,validation
G25-0518,2025,10,Temple,Florida Atlantic,HOME,-14.050056,-17.434784,6.884728,18.0,W,GOVERNED_SYNTHETIC_CONTROL: 2025 Synthetic Season LOCKED v3.xlsx sha256=77bb6ecf48e805b62b8af238bbf7b3534330df0405b8a170e48bb5c234d532ba via Power_Crunch_Research_Lab_Phase5D_WalkForward_Package.zip; corpus self-declares SCHEDULE SYNTHETIC / SCORES SIMULATED; authorised for MVP_CONTROL_CALIBRATION_ONLY by R-V3-MVP-CONTROL-CORPUS-01,2025-11-01,2026-08-22,3.0.0-internal-shadow-mvp,V3-INTERNAL-SHADOW-MVP-2026-08-22-R1-001,validation
G25-0518,2025,10,Florida Atlantic,Temple,AWAY,-17.434784,-14.050056,-6.884728,-18.0,L,GOVERNED_SYNTHETIC_CONTROL: 2025 Synthetic Season LOCKED v3.xlsx sha256=77bb6ecf48e805b62b8af238bbf7b3534330df0405b8a170e48bb5c234d532ba via Power_Crunch_Research_Lab_Phase5D_WalkForward_Package.zip; corpus self-declares SCHEDULE SYNTHETIC / SCORES SIMULATED; authorised for MVP_CONTROL_CALIBRATION_ONLY by R-V3-MVP-CONTROL-CORPUS-01,2025-11-01,2026-08-22,3.0.0-internal-shadow-mvp,V3-INTERNAL-SHADOW-MVP-2026-08-22-R1-001,validation
G25-0519,2025,10,Tennessee,Ole Miss,HOME,23.876779,38.265987,-10.889207,-37.0,L,GOVERNED_SYNTHETIC_CONTROL: 2025 Synthetic Season LOCKED v3.xlsx sha256=77bb6ecf48e805b62b8af238bbf7b3534330df0405b8a170e48bb5c234d532ba via Power_Crunch_Research_Lab_Phase5D_WalkForward_Package.zip; corpus self-declares SCHEDULE SYNTHETIC / SCORES SIMULATED; authorised for MVP_CONTROL_CALIBRATION_ONLY by R-V3-MVP-CONTROL-CORPUS-01,2025-11-01,2026-08-22,3.0.0-internal-shadow-mvp,V3-INTERNAL-SHADOW-MVP-2026-08-22-R1-001,validation
G25-0519,2025,10,Ole Miss,Tennessee,AWAY,38.265987,23.876779,10.889207,37.0,W,GOVERNED_SYNTHETIC_CONTROL: 2025 Synthetic Season LOCKED v3.xlsx sha256=77bb6ecf48e805b62b8af238bbf7b3534330df0405b8a170e48bb5c234d532ba via Power_Crunch_Research_Lab_Phase5D_WalkForward_Package.zip; corpus self-declares SCHEDULE SYNTHETIC / SCORES SIMULATED; authorised for MVP_CONTROL_CALIBRATION_ONLY by R-V3-MVP-CONTROL-CORPUS-01,2025-11-01,2026-08-22,3.0.0-internal-shadow-mvp,V3-INTERNAL-SHADOW-MVP-2026-08-22-R1-001,validation
G25-0520,2025,10,Texas State,Georgia State,HOME,-17.441918,-10.73067,-3.211249,-7.0,L,GOVERNED_SYNTHETIC_CONTROL: 2025 Synthetic Season LOCKED v3.xlsx sha256=77bb6ecf48e805b62b8af238bbf7b3534330df0405b8a170e48bb5c234d532ba via Power_Crunch_Research_Lab_Phase5D_WalkForward_Package.zip; corpus self-declares SCHEDULE SYNTHETIC / SCORES SIMULATED; authorised for MVP_CONTROL_CALIBRATION_ONLY by R-V3-MVP-CONTROL-CORPUS-01,2025-11-01,2026-08-22,3.0.0-internal-shadow-mvp,V3-INTERNAL-SHADOW-MVP-2026-08-22-R1-001,validation
G25-0520,2025,10,Georgia State,Texas State,AWAY,-10.73067,-17.441918,3.211249,7.0,W,GOVERNED_SYNTHETIC_CONTROL: 2025 Synthetic Season LOCKED v3.xlsx sha256=77bb6ecf48e805b62b8af238bbf7b3534330df0405b8a170e48bb5c234d532ba via Power_Crunch_Research_Lab_Phase5D_WalkForward_Package.zip; corpus self-declares SCHEDULE SYNTHETIC / SCORES SIMULATED; authorised for MVP_CONTROL_CALIBRATION_ONLY by R-V3-MVP-CONTROL-CORPUS-01,2025-11-01,2026-08-22,3.0.0-internal-shadow-mvp,V3-INTERNAL-SHADOW-MVP-2026-08-22-R1-001,validation
G25-0521,2025,10,Tulsa,Southern Miss,HOME,-4.679106,-19.159641,17.980535,-1.0,L,GOVERNED_SYNTHETIC_CONTROL: 2025 Synthetic Season LOCKED v3.xlsx sha256=77bb6ecf48e805b62b8af238bbf7b3534330df0405b8a170e48bb5c234d532ba via Power_Crunch_Research_Lab_Phase5D_WalkForward_Package.zip; corpus self-declares SCHEDULE SYNTHETIC / SCORES SIMULATED; authorised for MVP_CONTROL_CALIBRATION_ONLY by R-V3-MVP-CONTROL-CORPUS-01,2025-11-01,2026-08-22,3.0.0-internal-shadow-mvp,V3-INTERNAL-SHADOW-MVP-2026-08-22-R1-001,validation
G25-0521,2025,10,Southern Miss,Tulsa,AWAY,-19.159641,-4.679106,-17.980535,1.0,W,GOVERNED_SYNTHETIC_CONTROL: 2025 Synthetic Season LOCKED v3.xlsx sha256=77bb6ecf48e805b62b8af238bbf7b3534330df0405b8a170e48bb5c234d532ba via Power_Crunch_Research_Lab_Phase5D_WalkForward_Package.zip; corpus self-declares SCHEDULE SYNTHETIC / SCORES SIMULATED; authorised for MVP_CONTROL_CALIBRATION_ONLY by R-V3-MVP-CONTROL-CORPUS-01,2025-11-01,2026-08-22,3.0.0-internal-shadow-mvp,V3-INTERNAL-SHADOW-MVP-2026-08-22-R1-001,validation
G25-0522,2025,10,UConn,Washington State,HOME,3.100082,-8.326837,14.926918,16.0,W,GOVERNED_SYNTHETIC_CONTROL: 2025 Synthetic Season LOCKED v3.xlsx sha256=77bb6ecf48e805b62b8af238bbf7b3534330df0405b8a170e48bb5c234d532ba via Power_Crunch_Research_Lab_Phase5D_WalkForward_Package.zip; corpus self-declares SCHEDULE SYNTHETIC / SCORES SIMULATED; authorised for MVP_CONTROL_CALIBRATION_ONLY by R-V3-MVP-CONTROL-CORPUS-01,2025-11-01,2026-08-22,3.0.0-internal-shadow-mvp,V3-INTERNAL-SHADOW-MVP-2026-08-22-R1-001,validation
G25-0522,2025,10,Washington State,UConn,AWAY,-8.326837,3.100082,-14.926918,-16.0,L,GOVERNED_SYNTHETIC_CONTROL: 2025 Synthetic Season LOCKED v3.xlsx sha256=77bb6ecf48e805b62b8af238bbf7b3534330df0405b8a170e48bb5c234d532ba via Power_Crunch_Research_Lab_Phase5D_WalkForward_Package.zip; corpus self-declares SCHEDULE SYNTHETIC / SCORES SIMULATED; authorised for MVP_CONTROL_CALIBRATION_ONLY by R-V3-MVP-CONTROL-CORPUS-01,2025-11-01,2026-08-22,3.0.0-internal-shadow-mvp,V3-INTERNAL-SHADOW-MVP-2026-08-22-R1-001,validation
G25-0523,2025,10,USC,Purdue,HOME,20.975942,-26.936002,51.411944,47.0,W,GOVERNED_SYNTHETIC_CONTROL: 2025 Synthetic Season LOCKED v3.xlsx sha256=77bb6ecf48e805b62b8af238bbf7b3534330df0405b8a170e48bb5c234d532ba via Power_Crunch_Research_Lab_Phase5D_WalkForward_Package.zip; corpus self-declares SCHEDULE SYNTHETIC / SCORES SIMULATED; authorised for MVP_CONTROL_CALIBRATION_ONLY by R-V3-MVP-CONTROL-CORPUS-01,2025-11-01,2026-08-22,3.0.0-internal-shadow-mvp,V3-INTERNAL-SHADOW-MVP-2026-08-22-R1-001,validation
G25-0523,2025,10,Purdue,USC,AWAY,-26.936002,20.975942,-51.411944,-47.0,L,GOVERNED_SYNTHETIC_CONTROL: 2025 Synthetic Season LOCKED v3.xlsx sha256=77bb6ecf48e805b62b8af238bbf7b3534330df0405b8a170e48bb5c234d532ba via Power_Crunch_Research_Lab_Phase5D_WalkForward_Package.zip; corpus self-declares SCHEDULE SYNTHETIC / SCORES SIMULATED; authorised for MVP_CONTROL_CALIBRATION_ONLY by R-V3-MVP-CONTROL-CORPUS-01,2025-11-01,2026-08-22,3.0.0-internal-shadow-mvp,V3-INTERNAL-SHADOW-MVP-2026-08-22-R1-001,validation
G25-0524,2025,10,UTEP,Louisiana Tech,HOME,-11.450359,-19.802674,11.852315,3.0,W,GOVERNED_SYNTHETIC_CONTROL: 2025 Synthetic Season LOCKED v3.xlsx sha256=77bb6ecf48e805b62b8af238bbf7b3534330df0405b8a170e48bb5c234d532ba via Power_Crunch_Research_Lab_Phase5D_WalkForward_Package.zip; corpus self-declares SCHEDULE SYNTHETIC / SCORES SIMULATED; authorised for MVP_CONTROL_CALIBRATION_ONLY by R-V3-MVP-CONTROL-CORPUS-01,2025-11-01,2026-08-22,3.0.0-internal-shadow-mvp,V3-INTERNAL-SHADOW-MVP-2026-08-22-R1-001,validation
G25-0524,2025,10,Louisiana Tech,UTEP,AWAY,-19.802674,-11.450359,-11.852315,-3.0,L,GOVERNED_SYNTHETIC_CONTROL: 2025 Synthetic Season LOCKED v3.xlsx sha256=77bb6ecf48e805b62b8af238bbf7b3534330df0405b8a170e48bb5c234d532ba via Power_Crunch_Research_Lab_Phase5D_WalkForward_Package.zip; corpus self-declares SCHEDULE SYNTHETIC / SCORES SIMULATED; authorised for MVP_CONTROL_CALIBRATION_ONLY by R-V3-MVP-CONTROL-CORPUS-01,2025-11-01,2026-08-22,3.0.0-internal-shadow-mvp,V3-INTERNAL-SHADOW-MVP-2026-08-22-R1-001,validation
G25-0525,2025,10,Utah State,New Mexico,HOME,-13.296973,-3.546532,-6.250441,19.0,W,GOVERNED_SYNTHETIC_CONTROL: 2025 Synthetic Season LOCKED v3.xlsx sha256=77bb6ecf48e805b62b8af238bbf7b3534330df0405b8a170e48bb5c234d532ba via Power_Crunch_Research_Lab_Phase5D_WalkForward_Package.zip; corpus self-declares SCHEDULE SYNTHETIC / SCORES SIMULATED; authorised for MVP_CONTROL_CALIBRATION_ONLY by R-V3-MVP-CONTROL-CORPUS-01,2025-11-01,2026-08-22,3.0.0-internal-shadow-mvp,V3-INTERNAL-SHADOW-MVP-2026-08-22-R1-001,validation
G25-0525,2025,10,New Mexico,Utah State,AWAY,-3.546532,-13.296973,6.250441,-19.0,L,GOVERNED_SYNTHETIC_CONTROL: 2025 Synthetic Season LOCKED v3.xlsx sha256=77bb6ecf48e805b62b8af238bbf7b3534330df0405b8a170e48bb5c234d532ba via Power_Crunch_Research_Lab_Phase5D_WalkForward_Package.zip; corpus self-declares SCHEDULE SYNTHETIC / SCORES SIMULATED; authorised for MVP_CONTROL_CALIBRATION_ONLY by R-V3-MVP-CONTROL-CORPUS-01,2025-11-01,2026-08-22,3.0.0-internal-shadow-mvp,V3-INTERNAL-SHADOW-MVP-2026-08-22-R1-001,validation
G25-0526,2025,10,Vanderbilt,Florida,HOME,25.812411,-19.325492,48.637903,67.0,W,GOVERNED_SYNTHETIC_CONTROL: 2025 Synthetic Season LOCKED v3.xlsx sha256=77bb6ecf48e805b62b8af238bbf7b3534330df0405b8a170e48bb5c234d532ba via Power_Crunch_Research_Lab_Phase5D_WalkForward_Package.zip; corpus self-declares SCHEDULE SYNTHETIC / SCORES SIMULATED; authorised for MVP_CONTROL_CALIBRATION_ONLY by R-V3-MVP-CONTROL-CORPUS-01,2025-11-01,2026-08-22,3.0.0-internal-shadow-mvp,V3-INTERNAL-SHADOW-MVP-2026-08-22-R1-001,validation
G25-0526,2025,10,Florida,Vanderbilt,AWAY,-19.325492,25.812411,-48.637903,-67.0,L,GOVERNED_SYNTHETIC_CONTROL: 2025 Synthetic Season LOCKED v3.xlsx sha256=77bb6ecf48e805b62b8af238bbf7b3534330df0405b8a170e48bb5c234d532ba via Power_Crunch_Research_Lab_Phase5D_WalkForward_Package.zip; corpus self-declares SCHEDULE SYNTHETIC / SCORES SIMULATED; authorised for MVP_CONTROL_CALIBRATION_ONLY by R-V3-MVP-CONTROL-CORPUS-01,2025-11-01,2026-08-22,3.0.0-internal-shadow-mvp,V3-INTERNAL-SHADOW-MVP-2026-08-22-R1-001,validation
G25-0527,2025,10,Virginia,Pittsburgh,HOME,29.013105,8.509864,24.003242,33.0,W,GOVERNED_SYNTHETIC_CONTROL: 2025 Synthetic Season LOCKED v3.xlsx sha256=77bb6ecf48e805b62b8af238bbf7b3534330df0405b8a170e48bb5c234d532ba via Power_Crunch_Research_Lab_Phase5D_WalkForward_Package.zip; corpus self-declares SCHEDULE SYNTHETIC / SCORES SIMULATED; authorised for MVP_CONTROL_CALIBRATION_ONLY by R-V3-MVP-CONTROL-CORPUS-01,2025-11-01,2026-08-22,3.0.0-internal-shadow-mvp,V3-INTERNAL-SHADOW-MVP-2026-08-22-R1-001,validation
G25-0527,2025,10,Pittsburgh,Virginia,AWAY,8.509864,29.013105,-24.003242,-33.0,L,GOVERNED_SYNTHETIC_CONTROL: 2025 Synthetic Season LOCKED v3.xlsx sha256=77bb6ecf48e805b62b8af238bbf7b3534330df0405b8a170e48bb5c234d532ba via Power_Crunch_Research_Lab_Phase5D_WalkForward_Package.zip; corpus self-declares SCHEDULE SYNTHETIC / SCORES SIMULATED; authorised for MVP_CONTROL_CALIBRATION_ONLY by R-V3-MVP-CONTROL-CORPUS-01,2025-11-01,2026-08-22,3.0.0-internal-shadow-mvp,V3-INTERNAL-SHADOW-MVP-2026-08-22-R1-001,validation
G25-0528,2025,10,West Virginia,Kansas State,HOME,-3.886004,-17.060615,16.674611,-19.0,L,GOVERNED_SYNTHETIC_CONTROL: 2025 Synthetic Season LOCKED v3.xlsx sha256=77bb6ecf48e805b62b8af238bbf7b3534330df0405b8a170e48bb5c234d532ba via Power_Crunch_Research_Lab_Phase5D_WalkForward_Package.zip; corpus self-declares SCHEDULE SYNTHETIC / SCORES SIMULATED; authorised for MVP_CONTROL_CALIBRATION_ONLY by R-V3-MVP-CONTROL-CORPUS-01,2025-11-01,2026-08-22,3.0.0-internal-shadow-mvp,V3-INTERNAL-SHADOW-MVP-2026-08-22-R1-001,validation
G25-0528,2025,10,Kansas State,West Virginia,AWAY,-17.060615,-3.886004,-16.674611,19.0,W,GOVERNED_SYNTHETIC_CONTROL: 2025 Synthetic Season LOCKED v3.xlsx sha256=77bb6ecf48e805b62b8af238bbf7b3534330df0405b8a170e48bb5c234d532ba via Power_Crunch_Research_Lab_Phase5D_WalkForward_Package.zip; corpus self-declares SCHEDULE SYNTHETIC / SCORES SIMULATED; authorised for MVP_CONTROL_CALIBRATION_ONLY by R-V3-MVP-CONTROL-CORPUS-01,2025-11-01,2026-08-22,3.0.0-internal-shadow-mvp,V3-INTERNAL-SHADOW-MVP-2026-08-22-R1-001,validation
G25-0529,2025,10,Wyoming,Boise State,HOME,-17.490391,-4.410134,-9.580258,9.0,W,GOVERNED_SYNTHETIC_CONTROL: 2025 Synthetic Season LOCKED v3.xlsx sha256=77bb6ecf48e805b62b8af238bbf7b3534330df0405b8a170e48bb5c234d532ba via Power_Crunch_Research_Lab_Phase5D_WalkForward_Package.zip; corpus self-declares SCHEDULE SYNTHETIC / SCORES SIMULATED; authorised for MVP_CONTROL_CALIBRATION_ONLY by R-V3-MVP-CONTROL-CORPUS-01,2025-11-01,2026-08-22,3.0.0-internal-shadow-mvp,V3-INTERNAL-SHADOW-MVP-2026-08-22-R1-001,validation
G25-0529,2025,10,Boise State,Wyoming,AWAY,-4.410134,-17.490391,9.580258,-9.0,L,GOVERNED_SYNTHETIC_CONTROL: 2025 Synthetic Season LOCKED v3.xlsx sha256=77bb6ecf48e805b62b8af238bbf7b3534330df0405b8a170e48bb5c234d532ba via Power_Crunch_Research_Lab_Phase5D_WalkForward_Package.zip; corpus self-declares SCHEDULE SYNTHETIC / SCORES SIMULATED; authorised for MVP_CONTROL_CALIBRATION_ONLY by R-V3-MVP-CONTROL-CORPUS-01,2025-11-01,2026-08-22,3.0.0-internal-shadow-mvp,V3-INTERNAL-SHADOW-MVP-2026-08-22-R1-001,validation
G25-0530,2025,11,Alabama,Lehigh,HOME,48.530739,21.355183,30.675555,35.0,W,GOVERNED_SYNTHETIC_CONTROL: 2025 Synthetic Season LOCKED v3.xlsx sha256=77bb6ecf48e805b62b8af238bbf7b3534330df0405b8a170e48bb5c234d532ba via Power_Crunch_Research_Lab_Phase5D_WalkForward_Package.zip; corpus self-declares SCHEDULE SYNTHETIC / SCORES SIMULATED; authorised for MVP_CONTROL_CALIBRATION_ONLY by R-V3-MVP-CONTROL-CORPUS-01,2025-11-08,2026-08-22,3.0.0-internal-shadow-mvp,V3-INTERNAL-SHADOW-MVP-2026-08-22-R1-001,validation
G25-0530,2025,11,Lehigh,Alabama,AWAY,21.355183,48.530739,-30.675555,-35.0,L,GOVERNED_SYNTHETIC_CONTROL: 2025 Synthetic Season LOCKED v3.xlsx sha256=77bb6ecf48e805b62b8af238bbf7b3534330df0405b8a170e48bb5c234d532ba via Power_Crunch_Research_Lab_Phase5D_WalkForward_Package.zip; corpus self-declares SCHEDULE SYNTHETIC / SCORES SIMULATED; authorised for MVP_CONTROL_CALIBRATION_ONLY by R-V3-MVP-CONTROL-CORPUS-01,2025-11-08,2026-08-22,3.0.0-internal-shadow-mvp,V3-INTERNAL-SHADOW-MVP-2026-08-22-R1-001,validation
G25-0531,2025,11,Arizona,Texas Tech,HOME,18.677113,47.520875,-25.343762,-17.0,L,GOVERNED_SYNTHETIC_CONTROL: 2025 Synthetic Season LOCKED v3.xlsx sha256=77bb6ecf48e805b62b8af238bbf7b3534330df0405b8a170e48bb5c234d532ba via Power_Crunch_Research_Lab_Phase5D_WalkForward_Package.zip; corpus self-declares SCHEDULE SYNTHETIC / SCORES SIMULATED; authorised for MVP_CONTROL_CALIBRATION_ONLY by R-V3-MVP-CONTROL-CORPUS-01,2025-11-08,2026-08-22,3.0.0-internal-shadow-mvp,V3-INTERNAL-SHADOW-MVP-2026-08-22-R1-001,validation
G25-0531,2025,11,Texas Tech,Arizona,AWAY,47.520875,18.677113,25.343762,17.0,W,GOVERNED_SYNTHETIC_CONTROL: 2025 Synthetic Season LOCKED v3.xlsx sha256=77bb6ecf48e805b62b8af238bbf7b3534330df0405b8a170e48bb5c234d532ba via Power_Crunch_Research_Lab_Phase5D_WalkForward_Package.zip; corpus self-declares SCHEDULE SYNTHETIC / SCORES SIMULATED; authorised for MVP_CONTROL_CALIBRATION_ONLY by R-V3-MVP-CONTROL-CORPUS-01,2025-11-08,2026-08-22,3.0.0-internal-shadow-mvp,V3-INTERNAL-SHADOW-MVP-2026-08-22-R1-001,validation
G25-0532,2025,11,Arkansas,South Carolina,HOME,-18.398209,-27.922693,13.024483,16.0,W,GOVERNED_SYNTHETIC_CONTROL: 2025 Synthetic Season LOCKED v3.xlsx sha256=77bb6ecf48e805b62b8af238bbf7b3534330df0405b8a170e48bb5c234d532ba via Power_Crunch_Research_Lab_Phase5D_WalkForward_Package.zip; corpus self-declares SCHEDULE SYNTHETIC / SCORES SIMULATED; authorised for MVP_CONTROL_CALIBRATION_ONLY by R-V3-MVP-CONTROL-CORPUS-01,2025-11-08,2026-08-22,3.0.0-internal-shadow-mvp,V3-INTERNAL-SHADOW-MVP-2026-08-22-R1-001,validation
G25-0532,2025,11,South Carolina,Arkansas,AWAY,-27.922693,-18.398209,-13.024483,-16.0,L,GOVERNED_SYNTHETIC_CONTROL: 2025 Synthetic Season LOCKED v3.xlsx sha256=77bb6ecf48e805b62b8af238bbf7b3534330df0405b8a170e48bb5c234d532ba via Power_Crunch_Research_Lab_Phase5D_WalkForward_Package.zip; corpus self-declares SCHEDULE SYNTHETIC / SCORES SIMULATED; authorised for MVP_CONTROL_CALIBRATION_ONLY by R-V3-MVP-CONTROL-CORPUS-01,2025-11-08,2026-08-22,3.0.0-internal-shadow-mvp,V3-INTERNAL-SHADOW-MVP-2026-08-22-R1-001,validation
G25-0533,2025,11,Baylor,NC State,HOME,-4.607514,-5.820655,4.713141,-4.0,L,GOVERNED_SYNTHETIC_CONTROL: 2025 Synthetic Season LOCKED v3.xlsx sha256=77bb6ecf48e805b62b8af238bbf7b3534330df0405b8a170e48bb5c234d532ba via Power_Crunch_Research_Lab_Phase5D_WalkForward_Package.zip; corpus self-declares SCHEDULE SYNTHETIC / SCORES SIMULATED; authorised for MVP_CONTROL_CALIBRATION_ONLY by R-V3-MVP-CONTROL-CORPUS-01,2025-11-08,2026-08-22,3.0.0-internal-shadow-mvp,V3-INTERNAL-SHADOW-MVP-2026-08-22-R1-001,validation
G25-0533,2025,11,NC State,Baylor,AWAY,-5.820655,-4.607514,-4.713141,4.0,W,GOVERNED_SYNTHETIC_CONTROL: 2025 Synthetic Season LOCKED v3.xlsx sha256=77bb6ecf48e805b62b8af238bbf7b3534330df0405b8a170e48bb5c234d532ba via Power_Crunch_Research_Lab_Phase5D_WalkForward_Package.zip; corpus self-declares SCHEDULE SYNTHETIC / SCORES SIMULATED; authorised for MVP_CONTROL_CALIBRATION_ONLY by R-V3-MVP-CONTROL-CORPUS-01,2025-11-08,2026-08-22,3.0.0-internal-shadow-mvp,V3-INTERNAL-SHADOW-MVP-2026-08-22-R1-001,validation
G25-0534,2025,11,Boston College,Cincinnati,HOME,-17.324351,1.625636,-15.449986,-16.0,L,GOVERNED_SYNTHETIC_CONTROL: 2025 Synthetic Season LOCKED v3.xlsx sha256=77bb6ecf48e805b62b8af238bbf7b3534330df0405b8a170e48bb5c234d532ba via Power_Crunch_Research_Lab_Phase5D_WalkForward_Package.zip; corpus self-declares SCHEDULE SYNTHETIC / SCORES SIMULATED; authorised for MVP_CONTROL_CALIBRATION_ONLY by R-V3-MVP-CONTROL-CORPUS-01,2025-11-08,2026-08-22,3.0.0-internal-shadow-mvp,V3-INTERNAL-SHADOW-MVP-2026-08-22-R1-001,validation
G25-0534,2025,11,Cincinnati,Boston College,AWAY,1.625636,-17.324351,15.449986,16.0,W,GOVERNED_SYNTHETIC_CONTROL: 2025 Synthetic Season LOCKED v3.xlsx sha256=77bb6ecf48e805b62b8af238bbf7b3534330df0405b8a170e48bb5c234d532ba via Power_Crunch_Research_Lab_Phase5D_WalkForward_Package.zip; corpus self-declares SCHEDULE SYNTHETIC / SCORES SIMULATED; authorised for MVP_CONTROL_CALIBRATION_ONLY by R-V3-MVP-CONTROL-CORPUS-01,2025-11-08,2026-08-22,3.0.0-internal-shadow-mvp,V3-INTERNAL-SHADOW-MVP-2026-08-22-R1-001,validation
G25-0535,2025,11,California,Syracuse,HOME,-13.784747,-5.795532,-4.489214,12.0,W,GOVERNED_SYNTHETIC_CONTROL: 2025 Synthetic Season LOCKED v3.xlsx sha256=77bb6ecf48e805b62b8af238bbf7b3534330df0405b8a170e48bb5c234d532ba via Power_Crunch_Research_Lab_Phase5D_WalkForward_Package.zip; corpus self-declares SCHEDULE SYNTHETIC / SCORES SIMULATED; authorised for MVP_CONTROL_CALIBRATION_ONLY by R-V3-MVP-CONTROL-CORPUS-01,2025-11-08,2026-08-22,3.0.0-internal-shadow-mvp,V3-INTERNAL-SHADOW-MVP-2026-08-22-R1-001,validation
G25-0535,2025,11,Syracuse,California,AWAY,-5.795532,-13.784747,4.489214,-12.0,L,GOVERNED_SYNTHETIC_CONTROL: 2025 Synthetic Season LOCKED v3.xlsx sha256=77bb6ecf48e805b62b8af238bbf7b3534330df0405b8a170e48bb5c234d532ba via Power_Crunch_Research_Lab_Phase5D_WalkForward_Package.zip; corpus self-declares SCHEDULE SYNTHETIC / SCORES SIMULATED; authorised for MVP_CONTROL_CALIBRATION_ONLY by R-V3-MVP-CONTROL-CORPUS-01,2025-11-08,2026-08-22,3.0.0-internal-shadow-mvp,V3-INTERNAL-SHADOW-MVP-2026-08-22-R1-001,validation
G25-0536,2025,11,Clemson,Notre Dame,HOME,-6.394478,33.259261,-36.153738,-32.0,L,GOVERNED_SYNTHETIC_CONTROL: 2025 Synthetic Season LOCKED v3.xlsx sha256=77bb6ecf48e805b62b8af238bbf7b3534330df0405b8a170e48bb5c234d532ba via Power_Crunch_Research_Lab_Phase5D_WalkForward_Package.zip; corpus self-declares SCHEDULE SYNTHETIC / SCORES SIMULATED; authorised for MVP_CONTROL_CALIBRATION_ONLY by R-V3-MVP-CONTROL-CORPUS-01,2025-11-08,2026-08-22,3.0.0-internal-shadow-mvp,V3-INTERNAL-SHADOW-MVP-2026-08-22-R1-001,validation
G25-0536,2025,11,Notre Dame,Clemson,AWAY,33.259261,-6.394478,36.153738,32.0,W,GOVERNED_SYNTHETIC_CONTROL: 2025 Synthetic Season LOCKED v3.xlsx sha256=77bb6ecf48e805b62b8af238bbf7b3534330df0405b8a170e48bb5c234d532ba via Power_Crunch_Research_Lab_Phase5D_WalkForward_Package.zip; corpus self-declares SCHEDULE SYNTHETIC / SCORES SIMULATED; authorised for MVP_CONTROL_CALIBRATION_ONLY by R-V3-MVP-CONTROL-CORPUS-01,2025-11-08,2026-08-22,3.0.0-internal-shadow-mvp,V3-INTERNAL-SHADOW-MVP-2026-08-22-R1-001,validation
G25-0537,2025,11,Coastal Carolina,North Carolina,HOME,-11.719844,-8.302048,0.082203,-28.0,L,GOVERNED_SYNTHETIC_CONTROL: 2025 Synthetic Season LOCKED v3.xlsx sha256=77bb6ecf48e805b62b8af238bbf7b3534330df0405b8a170e48bb5c234d532ba via Power_Crunch_Research_Lab_Phase5D_WalkForward_Package.zip; corpus self-declares SCHEDULE SYNTHETIC / SCORES SIMULATED; authorised for MVP_CONTROL_CALIBRATION_ONLY by R-V3-MVP-CONTROL-CORPUS-01,2025-11-08,2026-08-22,3.0.0-internal-shadow-mvp,V3-INTERNAL-SHADOW-MVP-2026-08-22-R1-001,validation
G25-0537,2025,11,North Carolina,Coastal Carolina,AWAY,-8.302048,-11.719844,-0.082203,28.0,W,GOVERNED_SYNTHETIC_CONTROL: 2025 Synthetic Season LOCKED v3.xlsx sha256=77bb6ecf48e805b62b8af238bbf7b3534330df0405b8a170e48bb5c234d532ba via Power_Crunch_Research_Lab_Phase5D_WalkForward_Package.zip; corpus self-declares SCHEDULE SYNTHETIC / SCORES SIMULATED; authorised for MVP_CONTROL_CALIBRATION_ONLY by R-V3-MVP-CONTROL-CORPUS-01,2025-11-08,2026-08-22,3.0.0-internal-shadow-mvp,V3-INTERNAL-SHADOW-MVP-2026-08-22-R1-001,validation
G25-0538,2025,11,Colorado,Texas State,HOME,-8.337563,-17.754967,12.917404,2.0,W,GOVERNED_SYNTHETIC_CONTROL: 2025 Synthetic Season LOCKED v3.xlsx sha256=77bb6ecf48e805b62b8af238bbf7b3534330df0405b8a170e48bb5c234d532ba via Power_Crunch_Research_Lab_Phase5D_WalkForward_Package.zip; corpus self-declares SCHEDULE SYNTHETIC / SCORES SIMULATED; authorised for MVP_CONTROL_CALIBRATION_ONLY by R-V3-MVP-CONTROL-CORPUS-01,2025-11-08,2026-08-22,3.0.0-internal-shadow-mvp,V3-INTERNAL-SHADOW-MVP-2026-08-22-R1-001,validation
G25-0538,2025,11,Texas State,Colorado,AWAY,-17.754967,-8.337563,-12.917404,-2.0,L,GOVERNED_SYNTHETIC_CONTROL: 2025 Synthetic Season LOCKED v3.xlsx sha256=77bb6ecf48e805b62b8af238bbf7b3534330df0405b8a170e48bb5c234d532ba via Power_Crunch_Research_Lab_Phase5D_WalkForward_Package.zip; corpus self-declares SCHEDULE SYNTHETIC / SCORES SIMULATED; authorised for MVP_CONTROL_CALIBRATION_ONLY by R-V3-MVP-CONTROL-CORPUS-01,2025-11-08,2026-08-22,3.0.0-internal-shadow-mvp,V3-INTERNAL-SHADOW-MVP-2026-08-22-R1-001,validation
G25-0539,2025,11,Colorado State,Oregon State,HOME,-12.851962,-14.338527,4.986565,-5.0,L,GOVERNED_SYNTHETIC_CONTROL: 2025 Synthetic Season LOCKED v3.xlsx sha256=77bb6ecf48e805b62b8af238bbf7b3534330df0405b8a170e48bb5c234d532ba via Power_Crunch_Research_Lab_Phase5D_WalkForward_Package.zip; corpus self-declares SCHEDULE SYNTHETIC / SCORES SIMULATED; authorised for MVP_CONTROL_CALIBRATION_ONLY by R-V3-MVP-CONTROL-CORPUS-01,2025-11-08,2026-08-22,3.0.0-internal-shadow-mvp,V3-INTERNAL-SHADOW-MVP-2026-08-22-R1-001,validation
G25-0539,2025,11,Oregon State,Colorado State,AWAY,-14.338527,-12.851962,-4.986565,5.0,W,GOVERNED_SYNTHETIC_CONTROL: 2025 Synthetic Season LOCKED v3.xlsx sha256=77bb6ecf48e805b62b8af238bbf7b3534330df0405b8a170e48bb5c234d532ba via Power_Crunch_Research_Lab_Phase5D_WalkForward_Package.zip; corpus self-declares SCHEDULE SYNTHETIC / SCORES SIMULATED; authorised for MVP_CONTROL_CALIBRATION_ONLY by R-V3-MVP-CONTROL-CORPUS-01,2025-11-08,2026-08-22,3.0.0-internal-shadow-mvp,V3-INTERNAL-SHADOW-MVP-2026-08-22-R1-001,validation
G25-0540,2025,11,Duke,Florida International,HOME,0.366952,-11.532792,15.399744,24.0,W,GOVERNED_SYNTHETIC_CONTROL: 2025 Synthetic Season LOCKED v3.xlsx sha256=77bb6ecf48e805b62b8af238bbf7b3534330df0405b8a170e48bb5c234d532ba via Power_Crunch_Research_Lab_Phase5D_WalkForward_Package.zip; corpus self-declares SCHEDULE SYNTHETIC / SCORES SIMULATED; authorised for MVP_CONTROL_CALIBRATION_ONLY by R-V3-MVP-CONTROL-CORPUS-01,2025-11-08,2026-08-22,3.0.0-internal-shadow-mvp,V3-INTERNAL-SHADOW-MVP-2026-08-22-R1-001,validation
G25-0540,2025,11,Florida International,Duke,AWAY,-11.532792,0.366952,-15.399744,-24.0,L,GOVERNED_SYNTHETIC_CONTROL: 2025 Synthetic Season LOCKED v3.xlsx sha256=77bb6ecf48e805b62b8af238bbf7b3534330df0405b8a170e48bb5c234d532ba via Power_Crunch_Research_Lab_Phase5D_WalkForward_Package.zip; corpus self-declares SCHEDULE SYNTHETIC / SCORES SIMULATED; authorised for MVP_CONTROL_CALIBRATION_ONLY by R-V3-MVP-CONTROL-CORPUS-01,2025-11-08,2026-08-22,3.0.0-internal-shadow-mvp,V3-INTERNAL-SHADOW-MVP-2026-08-22-R1-001,validation
G25-0541,2025,11,Florida,Auburn,HOME,-23.46817,-19.054497,-0.913674,16.0,W,GOVERNED_SYNTHETIC_CONTROL: 2025 Synthetic Season LOCKED v3.xlsx sha256=77bb6ecf48e805b62b8af238bbf7b3534330df0405b8a170e48bb5c234d532ba via Power_Crunch_Research_Lab_Phase5D_WalkForward_Package.zip; corpus self-declares SCHEDULE SYNTHETIC / SCORES SIMULATED; authorised for MVP_CONTROL_CALIBRATION_ONLY by R-V3-MVP-CONTROL-CORPUS-01,2025-11-08,2026-08-22,3.0.0-internal-shadow-mvp,V3-INTERNAL-SHADOW-MVP-2026-08-22-R1-001,validation
G25-0541,2025,11,Auburn,Florida,AWAY,-19.054497,-23.46817,0.913674,-16.0,L,GOVERNED_SYNTHETIC_CONTROL: 2025 Synthetic Season LOCKED v3.xlsx sha256=77bb6ecf48e805b62b8af238bbf7b3534330df0405b8a170e48bb5c234d532ba via Power_Crunch_Research_Lab_Phase5D_WalkForward_Package.zip; corpus self-declares SCHEDULE SYNTHETIC / SCORES SIMULATED; authorised for MVP_CONTROL_CALIBRATION_ONLY by R-V3-MVP-CONTROL-CORPUS-01,2025-11-08,2026-08-22,3.0.0-internal-shadow-mvp,V3-INTERNAL-SHADOW-MVP-2026-08-22-R1-001,validation
G25-0542,2025,11,Florida Atlantic,Indiana,HOME,-19.421847,43.673872,-59.595719,-49.0,L,GOVERNED_SYNTHETIC_CONTROL: 2025 Synthetic Season LOCKED v3.xlsx sha256=77bb6ecf48e805b62b8af238bbf7b3534330df0405b8a170e48bb5c234d532ba via Power_Crunch_Research_Lab_Phase5D_WalkForward_Package.zip; corpus self-declares SCHEDULE SYNTHETIC / SCORES SIMULATED; authorised for MVP_CONTROL_CALIBRATION_ONLY by R-V3-MVP-CONTROL-CORPUS-01,2025-11-08,2026-08-22,3.0.0-internal-shadow-mvp,V3-INTERNAL-SHADOW-MVP-2026-08-22-R1-001,validation
G25-0542,2025,11,Indiana,Florida Atlantic,AWAY,43.673872,-19.421847,59.595719,49.0,W,GOVERNED_SYNTHETIC_CONTROL: 2025 Synthetic Season LOCKED v3.xlsx sha256=77bb6ecf48e805b62b8af238bbf7b3534330df0405b8a170e48bb5c234d532ba via Power_Crunch_Research_Lab_Phase5D_WalkForward_Package.zip; corpus self-declares SCHEDULE SYNTHETIC / SCORES SIMULATED; authorised for MVP_CONTROL_CALIBRATION_ONLY by R-V3-MVP-CONTROL-CORPUS-01,2025-11-08,2026-08-22,3.0.0-internal-shadow-mvp,V3-INTERNAL-SHADOW-MVP-2026-08-22-R1-001,validation
G25-0543,2025,11,Florida State,Virginia,HOME,-15.777915,33.312915,-45.59083,-61.0,L,GOVERNED_SYNTHETIC_CONTROL: 2025 Synthetic Season LOCKED v3.xlsx sha256=77bb6ecf48e805b62b8af238bbf7b3534330df0405b8a170e48bb5c234d532ba via Power_Crunch_Research_Lab_Phase5D_WalkForward_Package.zip; corpus self-declares SCHEDULE SYNTHETIC / SCORES SIMULATED; authorised for MVP_CONTROL_CALIBRATION_ONLY by R-V3-MVP-CONTROL-CORPUS-01,2025-11-08,2026-08-22,3.0.0-internal-shadow-mvp,V3-INTERNAL-SHADOW-MVP-2026-08-22-R1-001,validation
G25-0543,2025,11,Virginia,Florida State,AWAY,33.312915,-15.777915,45.59083,61.0,W,GOVERNED_SYNTHETIC_CONTROL: 2025 Synthetic Season LOCKED v3.xlsx sha256=77bb6ecf48e805b62b8af238bbf7b3534330df0405b8a170e48bb5c234d532ba via Power_Crunch_Research_Lab_Phase5D_WalkForward_Package.zip; corpus self-declares SCHEDULE SYNTHETIC / SCORES SIMULATED; authorised for MVP_CONTROL_CALIBRATION_ONLY by R-V3-MVP-CONTROL-CORPUS-01,2025-11-08,2026-08-22,3.0.0-internal-shadow-mvp,V3-INTERNAL-SHADOW-MVP-2026-08-22-R1-001,validation
G25-0544,2025,11,Georgia Southern,Georgia State,HOME,-10.252724,-11.667272,4.914548,5.0,W,GOVERNED_SYNTHETIC_CONTROL: 2025 Synthetic Season LOCKED v3.xlsx sha256=77bb6ecf48e805b62b8af238bbf7b3534330df0405b8a170e48bb5c234d532ba via Power_Crunch_Research_Lab_Phase5D_WalkForward_Package.zip; corpus self-declares SCHEDULE SYNTHETIC / SCORES SIMULATED; authorised for MVP_CONTROL_CALIBRATION_ONLY by R-V3-MVP-CONTROL-CORPUS-01,2025-11-08,2026-08-22,3.0.0-internal-shadow-mvp,V3-INTERNAL-SHADOW-MVP-2026-08-22-R1-001,validation
G25-0544,2025,11,Georgia State,Georgia Southern,AWAY,-11.667272,-10.252724,-4.914548,-5.0,L,GOVERNED_SYNTHETIC_CONTROL: 2025 Synthetic Season LOCKED v3.xlsx sha256=77bb6ecf48e805b62b8af238bbf7b3534330df0405b8a170e48bb5c234d532ba via Power_Crunch_Research_Lab_Phase5D_WalkForward_Package.zip; corpus self-declares SCHEDULE SYNTHETIC / SCORES SIMULATED; authorised for MVP_CONTROL_CALIBRATION_ONLY by R-V3-MVP-CONTROL-CORPUS-01,2025-11-08,2026-08-22,3.0.0-internal-shadow-mvp,V3-INTERNAL-SHADOW-MVP-2026-08-22-R1-001,validation
G25-0545,2025,11,Georgia Tech,Stanford,HOME,23.479419,-12.315558,39.294978,21.0,W,GOVERNED_SYNTHETIC_CONTROL: 2025 Synthetic Season LOCKED v3.xlsx sha256=77bb6ecf48e805b62b8af238bbf7b3534330df0405b8a170e48bb5c234d532ba via Power_Crunch_Research_Lab_Phase5D_WalkForward_Package.zip; corpus self-declares SCHEDULE SYNTHETIC / SCORES SIMULATED; authorised for MVP_CONTROL_CALIBRATION_ONLY by R-V3-MVP-CONTROL-CORPUS-01,2025-11-08,2026-08-22,3.0.0-internal-shadow-mvp,V3-INTERNAL-SHADOW-MVP-2026-08-22-R1-001,validation
G25-0545,2025,11,Stanford,Georgia Tech,AWAY,-12.315558,23.479419,-39.294978,-21.0,L,GOVERNED_SYNTHETIC_CONTROL: 2025 Synthetic Season LOCKED v3.xlsx sha256=77bb6ecf48e805b62b8af238bbf7b3534330df0405b8a170e48bb5c234d532ba via Power_Crunch_Research_Lab_Phase5D_WalkForward_Package.zip; corpus self-declares SCHEDULE SYNTHETIC / SCORES SIMULATED; authorised for MVP_CONTROL_CALIBRATION_ONLY by R-V3-MVP-CONTROL-CORPUS-01,2025-11-08,2026-08-22,3.0.0-internal-shadow-mvp,V3-INTERNAL-SHADOW-MVP-2026-08-22-R1-001,validation
G25-0546,2025,11,Harvard,Princeton,HOME,-26.226559,-1.838594,-20.887965,-11.0,L,GOVERNED_SYNTHETIC_CONTROL: 2025 Synthetic Season LOCKED v3.xlsx sha256=77bb6ecf48e805b62b8af238bbf7b3534330df0405b8a170e48bb5c234d532ba via Power_Crunch_Research_Lab_Phase5D_WalkForward_Package.zip; corpus self-declares SCHEDULE SYNTHETIC / SCORES SIMULATED; authorised for MVP_CONTROL_CALIBRATION_ONLY by R-V3-MVP-CONTROL-CORPUS-01,2025-11-08,2026-08-22,3.0.0-internal-shadow-mvp,V3-INTERNAL-SHADOW-MVP-2026-08-22-R1-001,validation
G25-0546,2025,11,Princeton,Harvard,AWAY,-1.838594,-26.226559,20.887965,11.0,W,GOVERNED_SYNTHETIC_CONTROL: 2025 Synthetic Season LOCKED v3.xlsx sha256=77bb6ecf48e805b62b8af238bbf7b3534330df0405b8a170e48bb5c234d532ba via Power_Crunch_Research_Lab_Phase5D_WalkForward_Package.zip; corpus self-declares SCHEDULE SYNTHETIC / SCORES SIMULATED; authorised for MVP_CONTROL_CALIBRATION_ONLY by R-V3-MVP-CONTROL-CORPUS-01,2025-11-08,2026-08-22,3.0.0-internal-shadow-mvp,V3-INTERNAL-SHADOW-MVP-2026-08-22-R1-001,validation
G25-0547,2025,11,Kansas,Arizona State,HOME,-3.886085,-10.667509,10.281424,8.0,W,GOVERNED_SYNTHETIC_CONTROL: 2025 Synthetic Season LOCKED v3.xlsx sha256=77bb6ecf48e805b62b8af238bbf7b3534330df0405b8a170e48bb5c234d532ba via Power_Crunch_Research_Lab_Phase5D_WalkForward_Package.zip; corpus self-declares SCHEDULE SYNTHETIC / SCORES SIMULATED; authorised for MVP_CONTROL_CALIBRATION_ONLY by R-V3-MVP-CONTROL-CORPUS-01,2025-11-08,2026-08-22,3.0.0-internal-shadow-mvp,V3-INTERNAL-SHADOW-MVP-2026-08-22-R1-001,validation
G25-0547,2025,11,Arizona State,Kansas,AWAY,-10.667509,-3.886085,-10.281424,-8.0,L,GOVERNED_SYNTHETIC_CONTROL: 2025 Synthetic Season LOCKED v3.xlsx sha256=77bb6ecf48e805b62b8af238bbf7b3534330df0405b8a170e48bb5c234d532ba via Power_Crunch_Research_Lab_Phase5D_WalkForward_Package.zip; corpus self-declares SCHEDULE SYNTHETIC / SCORES SIMULATED; authorised for MVP_CONTROL_CALIBRATION_ONLY by R-V3-MVP-CONTROL-CORPUS-01,2025-11-08,2026-08-22,3.0.0-internal-shadow-mvp,V3-INTERNAL-SHADOW-MVP-2026-08-22-R1-001,validation
G25-0548,2025,11,Kansas State,TCU,HOME,-13.376444,15.653431,-25.529875,-36.0,L,GOVERNED_SYNTHETIC_CONTROL: 2025 Synthetic Season LOCKED v3.xlsx sha256=77bb6ecf48e805b62b8af238bbf7b3534330df0405b8a170e48bb5c234d532ba via Power_Crunch_Research_Lab_Phase5D_WalkForward_Package.zip; corpus self-declares SCHEDULE SYNTHETIC / SCORES SIMULATED; authorised for MVP_CONTROL_CALIBRATION_ONLY by R-V3-MVP-CONTROL-CORPUS-01,2025-11-08,2026-08-22,3.0.0-internal-shadow-mvp,V3-INTERNAL-SHADOW-MVP-2026-08-22-R1-001,validation
G25-0548,2025,11,TCU,Kansas State,AWAY,15.653431,-13.376444,25.529875,36.0,W,GOVERNED_SYNTHETIC_CONTROL: 2025 Synthetic Season LOCKED v3.xlsx sha256=77bb6ecf48e805b62b8af238bbf7b3534330df0405b8a170e48bb5c234d532ba via Power_Crunch_Research_Lab_Phase5D_WalkForward_Package.zip; corpus self-declares SCHEDULE SYNTHETIC / SCORES SIMULATED; authorised for MVP_CONTROL_CALIBRATION_ONLY by R-V3-MVP-CONTROL-CORPUS-01,2025-11-08,2026-08-22,3.0.0-internal-shadow-mvp,V3-INTERNAL-SHADOW-MVP-2026-08-22-R1-001,validation
G25-0549,2025,11,Kentucky,LSU,HOME,-9.374165,-7.626578,1.752413,-3.0,L,GOVERNED_SYNTHETIC_CONTROL: 2025 Synthetic Season LOCKED v3.xlsx sha256=77bb6ecf48e805b62b8af238bbf7b3534330df0405b8a170e48bb5c234d532ba via Power_Crunch_Research_Lab_Phase5D_WalkForward_Package.zip; corpus self-declares SCHEDULE SYNTHETIC / SCORES SIMULATED; authorised for MVP_CONTROL_CALIBRATION_ONLY by R-V3-MVP-CONTROL-CORPUS-01,2025-11-08,2026-08-22,3.0.0-internal-shadow-mvp,V3-INTERNAL-SHADOW-MVP-2026-08-22-R1-001,validation
G25-0549,2025,11,LSU,Kentucky,AWAY,-7.626578,-9.374165,-1.752413,3.0,W,GOVERNED_SYNTHETIC_CONTROL: 2025 Synthetic Season LOCKED v3.xlsx sha256=77bb6ecf48e805b62b8af238bbf7b3534330df0405b8a170e48bb5c234d532ba via Power_Crunch_Research_Lab_Phase5D_WalkForward_Package.zip; corpus self-declares SCHEDULE SYNTHETIC / SCORES SIMULATED; authorised for MVP_CONTROL_CALIBRATION_ONLY by R-V3-MVP-CONTROL-CORPUS-01,2025-11-08,2026-08-22,3.0.0-internal-shadow-mvp,V3-INTERNAL-SHADOW-MVP-2026-08-22-R1-001,validation
G25-0550,2025,11,Marshall,Buffalo,HOME,-13.162441,-18.293613,8.631172,8.0,W,GOVERNED_SYNTHETIC_CONTROL: 2025 Synthetic Season LOCKED v3.xlsx sha256=77bb6ecf48e805b62b8af238bbf7b3534330df0405b8a170e48bb5c234d532ba via Power_Crunch_Research_Lab_Phase5D_WalkForward_Package.zip; corpus self-declares SCHEDULE SYNTHETIC / SCORES SIMULATED; authorised for MVP_CONTROL_CALIBRATION_ONLY by R-V3-MVP-CONTROL-CORPUS-01,2025-11-08,2026-08-22,3.0.0-internal-shadow-mvp,V3-INTERNAL-SHADOW-MVP-2026-08-22-R1-001,validation
G25-0550,2025,11,Buffalo,Marshall,AWAY,-18.293613,-13.162441,-8.631172,-8.0,L,GOVERNED_SYNTHETIC_CONTROL: 2025 Synthetic Season LOCKED v3.xlsx sha256=77bb6ecf48e805b62b8af238bbf7b3534330df0405b8a170e48bb5c234d532ba via Power_Crunch_Research_Lab_Phase5D_WalkForward_Package.zip; corpus self-declares SCHEDULE SYNTHETIC / SCORES SIMULATED; authorised for MVP_CONTROL_CALIBRATION_ONLY by R-V3-MVP-CONTROL-CORPUS-01,2025-11-08,2026-08-22,3.0.0-internal-shadow-mvp,V3-INTERNAL-SHADOW-MVP-2026-08-22-R1-001,validation
G25-0551,2025,11,Memphis,Tulane,HOME,-5.101086,16.410316,-18.011402,-42.0,L,GOVERNED_SYNTHETIC_CONTROL: 2025 Synthetic Season LOCKED v3.xlsx sha256=77bb6ecf48e805b62b8af238bbf7b3534330df0405b8a170e48bb5c234d532ba via Power_Crunch_Research_Lab_Phase5D_WalkForward_Package.zip; corpus self-declares SCHEDULE SYNTHETIC / SCORES SIMULATED; authorised for MVP_CONTROL_CALIBRATION_ONLY by R-V3-MVP-CONTROL-CORPUS-01,2025-11-08,2026-08-22,3.0.0-internal-shadow-mvp,V3-INTERNAL-SHADOW-MVP-2026-08-22-R1-001,validation
G25-0551,2025,11,Tulane,Memphis,AWAY,16.410316,-5.101086,18.011402,42.0,W,GOVERNED_SYNTHETIC_CONTROL: 2025 Synthetic Season LOCKED v3.xlsx sha256=77bb6ecf48e805b62b8af238bbf7b3534330df0405b8a170e48bb5c234d532ba via Power_Crunch_Research_Lab_Phase5D_WalkForward_Package.zip; corpus self-declares SCHEDULE SYNTHETIC / SCORES SIMULATED; authorised for MVP_CONTROL_CALIBRATION_ONLY by R-V3-MVP-CONTROL-CORPUS-01,2025-11-08,2026-08-22,3.0.0-internal-shadow-mvp,V3-INTERNAL-SHADOW-MVP-2026-08-22-R1-001,validation
G25-0552,2025,11,Michigan,Maryland,HOME,25.797235,-10.065993,39.363228,34.0,W,GOVERNED_SYNTHETIC_CONTROL: 2025 Synthetic Season LOCKED v3.xlsx sha256=77bb6ecf48e805b62b8af238bbf7b3534330df0405b8a170e48bb5c234d532ba via Power_Crunch_Research_Lab_Phase5D_WalkForward_Package.zip; corpus self-declares SCHEDULE SYNTHETIC / SCORES SIMULATED; authorised for MVP_CONTROL_CALIBRATION_ONLY by R-V3-MVP-CONTROL-CORPUS-01,2025-11-08,2026-08-22,3.0.0-internal-shadow-mvp,V3-INTERNAL-SHADOW-MVP-2026-08-22-R1-001,validation
G25-0552,2025,11,Maryland,Michigan,AWAY,-10.065993,25.797235,-39.363228,-34.0,L,GOVERNED_SYNTHETIC_CONTROL: 2025 Synthetic Season LOCKED v3.xlsx sha256=77bb6ecf48e805b62b8af238bbf7b3534330df0405b8a170e48bb5c234d532ba via Power_Crunch_Research_Lab_Phase5D_WalkForward_Package.zip; corpus self-declares SCHEDULE SYNTHETIC / SCORES SIMULATED; authorised for MVP_CONTROL_CALIBRATION_ONLY by R-V3-MVP-CONTROL-CORPUS-01,2025-11-08,2026-08-22,3.0.0-internal-shadow-mvp,V3-INTERNAL-SHADOW-MVP-2026-08-22-R1-001,validation
G25-0553,2025,11,Michigan State,Northwestern,HOME,-18.703651,-12.251062,-2.952589,-26.0,L,GOVERNED_SYNTHETIC_CONTROL: 2025 Synthetic Season LOCKED v3.xlsx sha256=77bb6ecf48e805b62b8af238bbf7b3534330df0405b8a170e48bb5c234d532ba via Power_Crunch_Research_Lab_Phase5D_WalkForward_Package.zip; corpus self-declares SCHEDULE SYNTHETIC / SCORES SIMULATED; authorised for MVP_CONTROL_CALIBRATION_ONLY by R-V3-MVP-CONTROL-CORPUS-01,2025-11-08,2026-08-22,3.0.0-internal-shadow-mvp,V3-INTERNAL-SHADOW-MVP-2026-08-22-R1-001,validation
G25-0553,2025,11,Northwestern,Michigan State,AWAY,-12.251062,-18.703651,2.952589,26.0,W,GOVERNED_SYNTHETIC_CONTROL: 2025 Synthetic Season LOCKED v3.xlsx sha256=77bb6ecf48e805b62b8af238bbf7b3534330df0405b8a170e48bb5c234d532ba via Power_Crunch_Research_Lab_Phase5D_WalkForward_Package.zip; corpus self-declares SCHEDULE SYNTHETIC / SCORES SIMULATED; authorised for MVP_CONTROL_CALIBRATION_ONLY by R-V3-MVP-CONTROL-CORPUS-01,2025-11-08,2026-08-22,3.0.0-internal-shadow-mvp,V3-INTERNAL-SHADOW-MVP-2026-08-22-R1-001,validation
G25-0554,2025,11,Minnesota,Rutgers,HOME,-2.292185,-22.21202,23.419835,3.0,W,GOVERNED_SYNTHETIC_CONTROL: 2025 Synthetic Season LOCKED v3.xlsx sha256=77bb6ecf48e805b62b8af238bbf7b3534330df0405b8a170e48bb5c234d532ba via Power_Crunch_Research_Lab_Phase5D_WalkForward_Package.zip; corpus self-declares SCHEDULE SYNTHETIC / SCORES SIMULATED; authorised for MVP_CONTROL_CALIBRATION_ONLY by R-V3-MVP-CONTROL-CORPUS-01,2025-11-08,2026-08-22,3.0.0-internal-shadow-mvp,V3-INTERNAL-SHADOW-MVP-2026-08-22-R1-001,validation
G25-0554,2025,11,Rutgers,Minnesota,AWAY,-22.21202,-2.292185,-23.419835,-3.0,L,GOVERNED_SYNTHETIC_CONTROL: 2025 Synthetic Season LOCKED v3.xlsx sha256=77bb6ecf48e805b62b8af238bbf7b3534330df0405b8a170e48bb5c234d532ba via Power_Crunch_Research_Lab_Phase5D_WalkForward_Package.zip; corpus self-declares SCHEDULE SYNTHETIC / SCORES SIMULATED; authorised for MVP_CONTROL_CALIBRATION_ONLY by R-V3-MVP-CONTROL-CORPUS-01,2025-11-08,2026-08-22,3.0.0-internal-shadow-mvp,V3-INTERNAL-SHADOW-MVP-2026-08-22-R1-001,validation
G25-0555,2025,11,New Mexico,Fresno State,HOME,-5.428514,-17.561687,15.633173,-10.0,L,GOVERNED_SYNTHETIC_CONTROL: 2025 Synthetic Season LOCKED v3.xlsx sha256=77bb6ecf48e805b62b8af238bbf7b3534330df0405b8a170e48bb5c234d532ba via Power_Crunch_Research_Lab_Phase5D_WalkForward_Package.zip; corpus self-declares SCHEDULE SYNTHETIC / SCORES SIMULATED; authorised for MVP_CONTROL_CALIBRATION_ONLY by R-V3-MVP-CONTROL-CORPUS-01,2025-11-08,2026-08-22,3.0.0-internal-shadow-mvp,V3-INTERNAL-SHADOW-MVP-2026-08-22-R1-001,validation
G25-0555,2025,11,Fresno State,New Mexico,AWAY,-17.561687,-5.428514,-15.633173,10.0,W,GOVERNED_SYNTHETIC_CONTROL: 2025 Synthetic Season LOCKED v3.xlsx sha256=77bb6ecf48e805b62b8af238bbf7b3534330df0405b8a170e48bb5c234d532ba via Power_Crunch_Research_Lab_Phase5D_WalkForward_Package.zip; corpus self-declares SCHEDULE SYNTHETIC / SCORES SIMULATED; authorised for MVP_CONTROL_CALIBRATION_ONLY by R-V3-MVP-CONTROL-CORPUS-01,2025-11-08,2026-08-22,3.0.0-internal-shadow-mvp,V3-INTERNAL-SHADOW-MVP-2026-08-22-R1-001,validation
G25-0556,2025,11,North Texas,Wyoming,HOME,-2.646421,-15.580366,16.433945,-3.0,L,GOVERNED_SYNTHETIC_CONTROL: 2025 Synthetic Season LOCKED v3.xlsx sha256=77bb6ecf48e805b62b8af238bbf7b3534330df0405b8a170e48bb5c234d532ba via Power_Crunch_Research_Lab_Phase5D_WalkForward_Package.zip; corpus self-declares SCHEDULE SYNTHETIC / SCORES SIMULATED; authorised for MVP_CONTROL_CALIBRATION_ONLY by R-V3-MVP-CONTROL-CORPUS-01,2025-11-08,2026-08-22,3.0.0-internal-shadow-mvp,V3-INTERNAL-SHADOW-MVP-2026-08-22-R1-001,validation
G25-0556,2025,11,Wyoming,North Texas,AWAY,-15.580366,-2.646421,-16.433945,3.0,W,GOVERNED_SYNTHETIC_CONTROL: 2025 Synthetic Season LOCKED v3.xlsx sha256=77bb6ecf48e805b62b8af238bbf7b3534330df0405b8a170e48bb5c234d532ba via Power_Crunch_Research_Lab_Phase5D_WalkForward_Package.zip; corpus self-declares SCHEDULE SYNTHETIC / SCORES SIMULATED; authorised for MVP_CONTROL_CALIBRATION_ONLY by R-V3-MVP-CONTROL-CORPUS-01,2025-11-08,2026-08-22,3.0.0-internal-shadow-mvp,V3-INTERNAL-SHADOW-MVP-2026-08-22-R1-001,validation
G25-0557,2025,11,Ole Miss,Missouri,HOME,40.172345,8.489933,35.182412,41.0,W,GOVERNED_SYNTHETIC_CONTROL: 2025 Synthetic Season LOCKED v3.xlsx sha256=77bb6ecf48e805b62b8af238bbf7b3534330df0405b8a170e48bb5c234d532ba via Power_Crunch_Research_Lab_Phase5D_WalkForward_Package.zip; corpus self-declares SCHEDULE SYNTHETIC / SCORES SIMULATED; authorised for MVP_CONTROL_CALIBRATION_ONLY by R-V3-MVP-CONTROL-CORPUS-01,2025-11-08,2026-08-22,3.0.0-internal-shadow-mvp,V3-INTERNAL-SHADOW-MVP-2026-08-22-R1-001,validation
G25-0557,2025,11,Missouri,Ole Miss,AWAY,8.489933,40.172345,-35.182412,-41.0,L,GOVERNED_SYNTHETIC_CONTROL: 2025 Synthetic Season LOCKED v3.xlsx sha256=77bb6ecf48e805b62b8af238bbf7b3534330df0405b8a170e48bb5c234d532ba via Power_Crunch_Research_Lab_Phase5D_WalkForward_Package.zip; corpus self-declares SCHEDULE SYNTHETIC / SCORES SIMULATED; authorised for MVP_CONTROL_CALIBRATION_ONLY by R-V3-MVP-CONTROL-CORPUS-01,2025-11-08,2026-08-22,3.0.0-internal-shadow-mvp,V3-INTERNAL-SHADOW-MVP-2026-08-22-R1-001,validation
G25-0558,2025,11,Oregon,Iowa State,HOME,49.141764,-4.170734,56.812498,57.0,W,GOVERNED_SYNTHETIC_CONTROL: 2025 Synthetic Season LOCKED v3.xlsx sha256=77bb6ecf48e805b62b8af238bbf7b3534330df0405b8a170e48bb5c234d532ba via Power_Crunch_Research_Lab_Phase5D_WalkForward_Package.zip; corpus self-declares SCHEDULE SYNTHETIC / SCORES SIMULATED; authorised for MVP_CONTROL_CALIBRATION_ONLY by R-V3-MVP-CONTROL-CORPUS-01,2025-11-08,2026-08-22,3.0.0-internal-shadow-mvp,V3-INTERNAL-SHADOW-MVP-2026-08-22-R1-001,validation
G25-0558,2025,11,Iowa State,Oregon,AWAY,-4.170734,49.141764,-56.812498,-57.0,L,GOVERNED_SYNTHETIC_CONTROL: 2025 Synthetic Season LOCKED v3.xlsx sha256=77bb6ecf48e805b62b8af238bbf7b3534330df0405b8a170e48bb5c234d532ba via Power_Crunch_Research_Lab_Phase5D_WalkForward_Package.zip; corpus self-declares SCHEDULE SYNTHETIC / SCORES SIMULATED; authorised for MVP_CONTROL_CALIBRATION_ONLY by R-V3-MVP-CONTROL-CORPUS-01,2025-11-08,2026-08-22,3.0.0-internal-shadow-mvp,V3-INTERNAL-SHADOW-MVP-2026-08-22-R1-001,validation
G25-0559,2025,11,Penn State,Cornell,HOME,-15.459541,-30.095312,18.135771,4.0,W,GOVERNED_SYNTHETIC_CONTROL: 2025 Synthetic Season LOCKED v3.xlsx sha256=77bb6ecf48e805b62b8af238bbf7b3534330df0405b8a170e48bb5c234d532ba via Power_Crunch_Research_Lab_Phase5D_WalkForward_Package.zip; corpus self-declares SCHEDULE SYNTHETIC / SCORES SIMULATED; authorised for MVP_CONTROL_CALIBRATION_ONLY by R-V3-MVP-CONTROL-CORPUS-01,2025-11-08,2026-08-22,3.0.0-internal-shadow-mvp,V3-INTERNAL-SHADOW-MVP-2026-08-22-R1-001,validation
G25-0559,2025,11,Cornell,Penn State,AWAY,-30.095312,-15.459541,-18.135771,-4.0,L,GOVERNED_SYNTHETIC_CONTROL: 2025 Synthetic Season LOCKED v3.xlsx sha256=77bb6ecf48e805b62b8af238bbf7b3534330df0405b8a170e48bb5c234d532ba via Power_Crunch_Research_Lab_Phase5D_WalkForward_Package.zip; corpus self-declares SCHEDULE SYNTHETIC / SCORES SIMULATED; authorised for MVP_CONTROL_CALIBRATION_ONLY by R-V3-MVP-CONTROL-CORPUS-01,2025-11-08,2026-08-22,3.0.0-internal-shadow-mvp,V3-INTERNAL-SHADOW-MVP-2026-08-22-R1-001,validation
G25-0560,2025,11,Purdue,Nebraska,HOME,-26.429268,-8.440957,-14.488311,4.0,W,GOVERNED_SYNTHETIC_CONTROL: 2025 Synthetic Season LOCKED v3.xlsx sha256=77bb6ecf48e805b62b8af238bbf7b3534330df0405b8a170e48bb5c234d532ba via Power_Crunch_Research_Lab_Phase5D_WalkForward_Package.zip; corpus self-declares SCHEDULE SYNTHETIC / SCORES SIMULATED; authorised for MVP_CONTROL_CALIBRATION_ONLY by R-V3-MVP-CONTROL-CORPUS-01,2025-11-08,2026-08-22,3.0.0-internal-shadow-mvp,V3-INTERNAL-SHADOW-MVP-2026-08-22-R1-001,validation
G25-0560,2025,11,Nebraska,Purdue,AWAY,-8.440957,-26.429268,14.488311,-4.0,L,GOVERNED_SYNTHETIC_CONTROL: 2025 Synthetic Season LOCKED v3.xlsx sha256=77bb6ecf48e805b62b8af238bbf7b3534330df0405b8a170e48bb5c234d532ba via Power_Crunch_Research_Lab_Phase5D_WalkForward_Package.zip; corpus self-declares SCHEDULE SYNTHETIC / SCORES SIMULATED; authorised for MVP_CONTROL_CALIBRATION_ONLY by R-V3-MVP-CONTROL-CORPUS-01,2025-11-08,2026-08-22,3.0.0-internal-shadow-mvp,V3-INTERNAL-SHADOW-MVP-2026-08-22-R1-001,validation
G25-0561,2025,11,Rice,Southern Miss,HOME,-20.265773,-18.197066,1.431293,-12.0,L,GOVERNED_SYNTHETIC_CONTROL: 2025 Synthetic Season LOCKED v3.xlsx sha256=77bb6ecf48e805b62b8af238bbf7b3534330df0405b8a170e48bb5c234d532ba via Power_Crunch_Research_Lab_Phase5D_WalkForward_Package.zip; corpus self-declares SCHEDULE SYNTHETIC / SCORES SIMULATED; authorised for MVP_CONTROL_CALIBRATION_ONLY by R-V3-MVP-CONTROL-CORPUS-01,2025-11-08,2026-08-22,3.0.0-internal-shadow-mvp,V3-INTERNAL-SHADOW-MVP-2026-08-22-R1-001,validation
G25-0561,2025,11,Southern Miss,Rice,AWAY,-18.197066,-20.265773,-1.431293,12.0,W,GOVERNED_SYNTHETIC_CONTROL: 2025 Synthetic Season LOCKED v3.xlsx sha256=77bb6ecf48e805b62b8af238bbf7b3534330df0405b8a170e48bb5c234d532ba via Power_Crunch_Research_Lab_Phase5D_WalkForward_Package.zip; corpus self-declares SCHEDULE SYNTHETIC / SCORES SIMULATED; authorised for MVP_CONTROL_CALIBRATION_ONLY by R-V3-MVP-CONTROL-CORPUS-01,2025-11-08,2026-08-22,3.0.0-internal-shadow-mvp,V3-INTERNAL-SHADOW-MVP-2026-08-22-R1-001,validation
G25-0562,2025,11,South Florida,UTEP,HOME,-8.775379,-12.877416,7.602038,9.0,W,GOVERNED_SYNTHETIC_CONTROL: 2025 Synthetic Season LOCKED v3.xlsx sha256=77bb6ecf48e805b62b8af238bbf7b3534330df0405b8a170e48bb5c234d532ba via Power_Crunch_Research_Lab_Phase5D_WalkForward_Package.zip; corpus self-declares SCHEDULE SYNTHETIC / SCORES SIMULATED; authorised for MVP_CONTROL_CALIBRATION_ONLY by R-V3-MVP-CONTROL-CORPUS-01,2025-11-08,2026-08-22,3.0.0-internal-shadow-mvp,V3-INTERNAL-SHADOW-MVP-2026-08-22-R1-001,validation
G25-0562,2025,11,UTEP,South Florida,AWAY,-12.877416,-8.775379,-7.602038,-9.0,L,GOVERNED_SYNTHETIC_CONTROL: 2025 Synthetic Season LOCKED v3.xlsx sha256=77bb6ecf48e805b62b8af238bbf7b3534330df0405b8a170e48bb5c234d532ba via Power_Crunch_Research_Lab_Phase5D_WalkForward_Package.zip; corpus self-declares SCHEDULE SYNTHETIC / SCORES SIMULATED; authorised for MVP_CONTROL_CALIBRATION_ONLY by R-V3-MVP-CONTROL-CORPUS-01,2025-11-08,2026-08-22,3.0.0-internal-shadow-mvp,V3-INTERNAL-SHADOW-MVP-2026-08-22-R1-001,validation
G25-0563,2025,11,Temple,Army,HOME,-10.981915,4.864284,-12.346199,-12.0,L,GOVERNED_SYNTHETIC_CONTROL: 2025 Synthetic Season LOCKED v3.xlsx sha256=77bb6ecf48e805b62b8af238bbf7b3534330df0405b8a170e48bb5c234d532ba via Power_Crunch_Research_Lab_Phase5D_WalkForward_Package.zip; corpus self-declares SCHEDULE SYNTHETIC / SCORES SIMULATED; authorised for MVP_CONTROL_CALIBRATION_ONLY by R-V3-MVP-CONTROL-CORPUS-01,2025-11-08,2026-08-22,3.0.0-internal-shadow-mvp,V3-INTERNAL-SHADOW-MVP-2026-08-22-R1-001,validation
G25-0563,2025,11,Army,Temple,AWAY,4.864284,-10.981915,12.346199,12.0,W,GOVERNED_SYNTHETIC_CONTROL: 2025 Synthetic Season LOCKED v3.xlsx sha256=77bb6ecf48e805b62b8af238bbf7b3534330df0405b8a170e48bb5c234d532ba via Power_Crunch_Research_Lab_Phase5D_WalkForward_Package.zip; corpus self-declares SCHEDULE SYNTHETIC / SCORES SIMULATED; authorised for MVP_CONTROL_CALIBRATION_ONLY by R-V3-MVP-CONTROL-CORPUS-01,2025-11-08,2026-08-22,3.0.0-internal-shadow-mvp,V3-INTERNAL-SHADOW-MVP-2026-08-22-R1-001,validation
G25-0564,2025,11,Texas,Old Dominion,HOME,36.199703,13.966132,25.733572,46.0,W,GOVERNED_SYNTHETIC_CONTROL: 2025 Synthetic Season LOCKED v3.xlsx sha256=77bb6ecf48e805b62b8af238bbf7b3534330df0405b8a170e48bb5c234d532ba via Power_Crunch_Research_Lab_Phase5D_WalkForward_Package.zip; corpus self-declares SCHEDULE SYNTHETIC / SCORES SIMULATED; authorised for MVP_CONTROL_CALIBRATION_ONLY by R-V3-MVP-CONTROL-CORPUS-01,2025-11-08,2026-08-22,3.0.0-internal-shadow-mvp,V3-INTERNAL-SHADOW-MVP-2026-08-22-R1-001,validation
G25-0564,2025,11,Old Dominion,Texas,AWAY,13.966132,36.199703,-25.733572,-46.0,L,GOVERNED_SYNTHETIC_CONTROL: 2025 Synthetic Season LOCKED v3.xlsx sha256=77bb6ecf48e805b62b8af238bbf7b3534330df0405b8a170e48bb5c234d532ba via Power_Crunch_Research_Lab_Phase5D_WalkForward_Package.zip; corpus self-declares SCHEDULE SYNTHETIC / SCORES SIMULATED; authorised for MVP_CONTROL_CALIBRATION_ONLY by R-V3-MVP-CONTROL-CORPUS-01,2025-11-08,2026-08-22,3.0.0-internal-shadow-mvp,V3-INTERNAL-SHADOW-MVP-2026-08-22-R1-001,validation
G25-0565,2025,11,Texas A&M,Mississippi State,HOME,47.885728,-2.991656,54.377384,60.0,W,GOVERNED_SYNTHETIC_CONTROL: 2025 Synthetic Season LOCKED v3.xlsx sha256=77bb6ecf48e805b62b8af238bbf7b3534330df0405b8a170e48bb5c234d532ba via Power_Crunch_Research_Lab_Phase5D_WalkForward_Package.zip; corpus self-declares SCHEDULE SYNTHETIC / SCORES SIMULATED; authorised for MVP_CONTROL_CALIBRATION_ONLY by R-V3-MVP-CONTROL-CORPUS-01,2025-11-08,2026-08-22,3.0.0-internal-shadow-mvp,V3-INTERNAL-SHADOW-MVP-2026-08-22-R1-001,validation
G25-0565,2025,11,Mississippi State,Texas A&M,AWAY,-2.991656,47.885728,-54.377384,-60.0,L,GOVERNED_SYNTHETIC_CONTROL: 2025 Synthetic Season LOCKED v3.xlsx sha256=77bb6ecf48e805b62b8af238bbf7b3534330df0405b8a170e48bb5c234d532ba via Power_Crunch_Research_Lab_Phase5D_WalkForward_Package.zip; corpus self-declares SCHEDULE SYNTHETIC / SCORES SIMULATED; authorised for MVP_CONTROL_CALIBRATION_ONLY by R-V3-MVP-CONTROL-CORPUS-01,2025-11-08,2026-08-22,3.0.0-internal-shadow-mvp,V3-INTERNAL-SHADOW-MVP-2026-08-22-R1-001,validation
G25-0566,2025,11,Tulsa,Oklahoma,HOME,-7.51025,42.933254,-46.943504,-43.0,L,GOVERNED_SYNTHETIC_CONTROL: 2025 Synthetic Season LOCKED v3.xlsx sha256=77bb6ecf48e805b62b8af238bbf7b3534330df0405b8a170e48bb5c234d532ba via Power_Crunch_Research_Lab_Phase5D_WalkForward_Package.zip; corpus self-declares SCHEDULE SYNTHETIC / SCORES SIMULATED; authorised for MVP_CONTROL_CALIBRATION_ONLY by R-V3-MVP-CONTROL-CORPUS-01,2025-11-08,2026-08-22,3.0.0-internal-shadow-mvp,V3-INTERNAL-SHADOW-MVP-2026-08-22-R1-001,validation
G25-0566,2025,11,Oklahoma,Tulsa,AWAY,42.933254,-7.51025,46.943504,43.0,W,GOVERNED_SYNTHETIC_CONTROL: 2025 Synthetic Season LOCKED v3.xlsx sha256=77bb6ecf48e805b62b8af238bbf7b3534330df0405b8a170e48bb5c234d532ba via Power_Crunch_Research_Lab_Phase5D_WalkForward_Package.zip; corpus self-declares SCHEDULE SYNTHETIC / SCORES SIMULATED; authorised for MVP_CONTROL_CALIBRATION_ONLY by R-V3-MVP-CONTROL-CORPUS-01,2025-11-08,2026-08-22,3.0.0-internal-shadow-mvp,V3-INTERNAL-SHADOW-MVP-2026-08-22-R1-001,validation
G25-0567,2025,11,UCF,BYU,HOME,-7.923628,40.492969,-44.916597,-47.0,L,GOVERNED_SYNTHETIC_CONTROL: 2025 Synthetic Season LOCKED v3.xlsx sha256=77bb6ecf48e805b62b8af238bbf7b3534330df0405b8a170e48bb5c234d532ba via Power_Crunch_Research_Lab_Phase5D_WalkForward_Package.zip; corpus self-declares SCHEDULE SYNTHETIC / SCORES SIMULATED; authorised for MVP_CONTROL_CALIBRATION_ONLY by R-V3-MVP-CONTROL-CORPUS-01,2025-11-08,2026-08-22,3.0.0-internal-shadow-mvp,V3-INTERNAL-SHADOW-MVP-2026-08-22-R1-001,validation
G25-0567,2025,11,BYU,UCF,AWAY,40.492969,-7.923628,44.916597,47.0,W,GOVERNED_SYNTHETIC_CONTROL: 2025 Synthetic Season LOCKED v3.xlsx sha256=77bb6ecf48e805b62b8af238bbf7b3534330df0405b8a170e48bb5c234d532ba via Power_Crunch_Research_Lab_Phase5D_WalkForward_Package.zip; corpus self-declares SCHEDULE SYNTHETIC / SCORES SIMULATED; authorised for MVP_CONTROL_CALIBRATION_ONLY by R-V3-MVP-CONTROL-CORPUS-01,2025-11-08,2026-08-22,3.0.0-internal-shadow-mvp,V3-INTERNAL-SHADOW-MVP-2026-08-22-R1-001,validation
G25-0568,2025,11,UConn,SMU,HOME,4.068668,7.32576,0.242908,-8.0,L,GOVERNED_SYNTHETIC_CONTROL: 2025 Synthetic Season LOCKED v3.xlsx sha256=77bb6ecf48e805b62b8af238bbf7b3534330df0405b8a170e48bb5c234d532ba via Power_Crunch_Research_Lab_Phase5D_WalkForward_Package.zip; corpus self-declares SCHEDULE SYNTHETIC / SCORES SIMULATED; authorised for MVP_CONTROL_CALIBRATION_ONLY by R-V3-MVP-CONTROL-CORPUS-01,2025-11-08,2026-08-22,3.0.0-internal-shadow-mvp,V3-INTERNAL-SHADOW-MVP-2026-08-22-R1-001,validation
G25-0568,2025,11,SMU,UConn,AWAY,7.32576,4.068668,-0.242908,8.0,W,GOVERNED_SYNTHETIC_CONTROL: 2025 Synthetic Season LOCKED v3.xlsx sha256=77bb6ecf48e805b62b8af238bbf7b3534330df0405b8a170e48bb5c234d532ba via Power_Crunch_Research_Lab_Phase5D_WalkForward_Package.zip; corpus self-declares SCHEDULE SYNTHETIC / SCORES SIMULATED; authorised for MVP_CONTROL_CALIBRATION_ONLY by R-V3-MVP-CONTROL-CORPUS-01,2025-11-08,2026-08-22,3.0.0-internal-shadow-mvp,V3-INTERNAL-SHADOW-MVP-2026-08-22-R1-001,validation
G25-0569,2025,11,UNLV,Nevada,HOME,-19.793164,-20.940156,4.646991,-29.0,L,GOVERNED_SYNTHETIC_CONTROL: 2025 Synthetic Season LOCKED v3.xlsx sha256=77bb6ecf48e805b62b8af238bbf7b3534330df0405b8a170e48bb5c234d532ba via Power_Crunch_Research_Lab_Phase5D_WalkForward_Package.zip; corpus self-declares SCHEDULE SYNTHETIC / SCORES SIMULATED; authorised for MVP_CONTROL_CALIBRATION_ONLY by R-V3-MVP-CONTROL-CORPUS-01,2025-11-08,2026-08-22,3.0.0-internal-shadow-mvp,V3-INTERNAL-SHADOW-MVP-2026-08-22-R1-001,validation
G25-0569,2025,11,Nevada,UNLV,AWAY,-20.940156,-19.793164,-4.646991,29.0,W,GOVERNED_SYNTHETIC_CONTROL: 2025 Synthetic Season LOCKED v3.xlsx sha256=77bb6ecf48e805b62b8af238bbf7b3534330df0405b8a170e48bb5c234d532ba via Power_Crunch_Research_Lab_Phase5D_WalkForward_Package.zip; corpus self-declares SCHEDULE SYNTHETIC / SCORES SIMULATED; authorised for MVP_CONTROL_CALIBRATION_ONLY by R-V3-MVP-CONTROL-CORPUS-01,2025-11-08,2026-08-22,3.0.0-internal-shadow-mvp,V3-INTERNAL-SHADOW-MVP-2026-08-22-R1-001,validation
G25-0570,2025,11,USC,Illinois,HOME,23.342008,27.832222,-0.990214,-12.0,L,GOVERNED_SYNTHETIC_CONTROL: 2025 Synthetic Season LOCKED v3.xlsx sha256=77bb6ecf48e805b62b8af238bbf7b3534330df0405b8a170e48bb5c234d532ba via Power_Crunch_Research_Lab_Phase5D_WalkForward_Package.zip; corpus self-declares SCHEDULE SYNTHETIC / SCORES SIMULATED; authorised for MVP_CONTROL_CALIBRATION_ONLY by R-V3-MVP-CONTROL-CORPUS-01,2025-11-08,2026-08-22,3.0.0-internal-shadow-mvp,V3-INTERNAL-SHADOW-MVP-2026-08-22-R1-001,validation
G25-0570,2025,11,Illinois,USC,AWAY,27.832222,23.342008,0.990214,12.0,W,GOVERNED_SYNTHETIC_CONTROL: 2025 Synthetic Season LOCKED v3.xlsx sha256=77bb6ecf48e805b62b8af238bbf7b3534330df0405b8a170e48bb5c234d532ba via Power_Crunch_Research_Lab_Phase5D_WalkForward_Package.zip; corpus self-declares SCHEDULE SYNTHETIC / SCORES SIMULATED; authorised for MVP_CONTROL_CALIBRATION_ONLY by R-V3-MVP-CONTROL-CORPUS-01,2025-11-08,2026-08-22,3.0.0-internal-shadow-mvp,V3-INTERNAL-SHADOW-MVP-2026-08-22-R1-001,validation
G25-0572,2025,11,Utah State,San Jose State,HOME,-11.886912,-15.406076,7.019164,9.0,W,GOVERNED_SYNTHETIC_CONTROL: 2025 Synthetic Season LOCKED v3.xlsx sha256=77bb6ecf48e805b62b8af238bbf7b3534330df0405b8a170e48bb5c234d532ba via Power_Crunch_Research_Lab_Phase5D_WalkForward_Package.zip; corpus self-declares SCHEDULE SYNTHETIC / SCORES SIMULATED; authorised for MVP_CONTROL_CALIBRATION_ONLY by R-V3-MVP-CONTROL-CORPUS-01,2025-11-08,2026-08-22,3.0.0-internal-shadow-mvp,V3-INTERNAL-SHADOW-MVP-2026-08-22-R1-001,validation
G25-0572,2025,11,San Jose State,Utah State,AWAY,-15.406076,-11.886912,-7.019164,-9.0,L,GOVERNED_SYNTHETIC_CONTROL: 2025 Synthetic Season LOCKED v3.xlsx sha256=77bb6ecf48e805b62b8af238bbf7b3534330df0405b8a170e48bb5c234d532ba via Power_Crunch_Research_Lab_Phase5D_WalkForward_Package.zip; corpus self-declares SCHEDULE SYNTHETIC / SCORES SIMULATED; authorised for MVP_CONTROL_CALIBRATION_ONLY by R-V3-MVP-CONTROL-CORPUS-01,2025-11-08,2026-08-22,3.0.0-internal-shadow-mvp,V3-INTERNAL-SHADOW-MVP-2026-08-22-R1-001,validation
G25-0573,2025,11,Vanderbilt,Tennessee,HOME,29.758356,23.753738,9.504617,27.0,W,GOVERNED_SYNTHETIC_CONTROL: 2025 Synthetic Season LOCKED v3.xlsx sha256=77bb6ecf48e805b62b8af238bbf7b3534330df0405b8a170e48bb5c234d532ba via Power_Crunch_Research_Lab_Phase5D_WalkForward_Package.zip; corpus self-declares SCHEDULE SYNTHETIC / SCORES SIMULATED; authorised for MVP_CONTROL_CALIBRATION_ONLY by R-V3-MVP-CONTROL-CORPUS-01,2025-11-08,2026-08-22,3.0.0-internal-shadow-mvp,V3-INTERNAL-SHADOW-MVP-2026-08-22-R1-001,validation
G25-0573,2025,11,Tennessee,Vanderbilt,AWAY,23.753738,29.758356,-9.504617,-27.0,L,GOVERNED_SYNTHETIC_CONTROL: 2025 Synthetic Season LOCKED v3.xlsx sha256=77bb6ecf48e805b62b8af238bbf7b3534330df0405b8a170e48bb5c234d532ba via Power_Crunch_Research_Lab_Phase5D_WalkForward_Package.zip; corpus self-declares SCHEDULE SYNTHETIC / SCORES SIMULATED; authorised for MVP_CONTROL_CALIBRATION_ONLY by R-V3-MVP-CONTROL-CORPUS-01,2025-11-08,2026-08-22,3.0.0-internal-shadow-mvp,V3-INTERNAL-SHADOW-MVP-2026-08-22-R1-001,validation
G25-0574,2025,11,Virginia Tech,Washington,HOME,-6.028811,19.377428,-21.906239,-48.0,L,GOVERNED_SYNTHETIC_CONTROL: 2025 Synthetic Season LOCKED v3.xlsx sha256=77bb6ecf48e805b62b8af238bbf7b3534330df0405b8a170e48bb5c234d532ba via Power_Crunch_Research_Lab_Phase5D_WalkForward_Package.zip; corpus self-declares SCHEDULE SYNTHETIC / SCORES SIMULATED; authorised for MVP_CONTROL_CALIBRATION_ONLY by R-V3-MVP-CONTROL-CORPUS-01,2025-11-08,2026-08-22,3.0.0-internal-shadow-mvp,V3-INTERNAL-SHADOW-MVP-2026-08-22-R1-001,validation
G25-0574,2025,11,Washington,Virginia Tech,AWAY,19.377428,-6.028811,21.906239,48.0,W,GOVERNED_SYNTHETIC_CONTROL: 2025 Synthetic Season LOCKED v3.xlsx sha256=77bb6ecf48e805b62b8af238bbf7b3534330df0405b8a170e48bb5c234d532ba via Power_Crunch_Research_Lab_Phase5D_WalkForward_Package.zip; corpus self-declares SCHEDULE SYNTHETIC / SCORES SIMULATED; authorised for MVP_CONTROL_CALIBRATION_ONLY by R-V3-MVP-CONTROL-CORPUS-01,2025-11-08,2026-08-22,3.0.0-internal-shadow-mvp,V3-INTERNAL-SHADOW-MVP-2026-08-22-R1-001,validation
G25-0575,2025,11,Wake Forest,Middle Tennessee,HOME,2.135085,-15.431519,21.066604,28.0,W,GOVERNED_SYNTHETIC_CONTROL: 2025 Synthetic Season LOCKED v3.xlsx sha256=77bb6ecf48e805b62b8af238bbf7b3534330df0405b8a170e48bb5c234d532ba via Power_Crunch_Research_Lab_Phase5D_WalkForward_Package.zip; corpus self-declares SCHEDULE SYNTHETIC / SCORES SIMULATED; authorised for MVP_CONTROL_CALIBRATION_ONLY by R-V3-MVP-CONTROL-CORPUS-01,2025-11-08,2026-08-22,3.0.0-internal-shadow-mvp,V3-INTERNAL-SHADOW-MVP-2026-08-22-R1-001,validation
G25-0575,2025,11,Middle Tennessee,Wake Forest,AWAY,-15.431519,2.135085,-21.066604,-28.0,L,GOVERNED_SYNTHETIC_CONTROL: 2025 Synthetic Season LOCKED v3.xlsx sha256=77bb6ecf48e805b62b8af238bbf7b3534330df0405b8a170e48bb5c234d532ba via Power_Crunch_Research_Lab_Phase5D_WalkForward_Package.zip; corpus self-declares SCHEDULE SYNTHETIC / SCORES SIMULATED; authorised for MVP_CONTROL_CALIBRATION_ONLY by R-V3-MVP-CONTROL-CORPUS-01,2025-11-08,2026-08-22,3.0.0-internal-shadow-mvp,V3-INTERNAL-SHADOW-MVP-2026-08-22-R1-001,validation
G25-0576,2025,11,Washington State,Yale,HOME,-10.58695,-14.879821,7.792871,36.0,W,GOVERNED_SYNTHETIC_CONTROL: 2025 Synthetic Season LOCKED v3.xlsx sha256=77bb6ecf48e805b62b8af238bbf7b3534330df0405b8a170e48bb5c234d532ba via Power_Crunch_Research_Lab_Phase5D_WalkForward_Package.zip; corpus self-declares SCHEDULE SYNTHETIC / SCORES SIMULATED; authorised for MVP_CONTROL_CALIBRATION_ONLY by R-V3-MVP-CONTROL-CORPUS-01,2025-11-08,2026-08-22,3.0.0-internal-shadow-mvp,V3-INTERNAL-SHADOW-MVP-2026-08-22-R1-001,validation
G25-0576,2025,11,Yale,Washington State,AWAY,-14.879821,-10.58695,-7.792871,-36.0,L,GOVERNED_SYNTHETIC_CONTROL: 2025 Synthetic Season LOCKED v3.xlsx sha256=77bb6ecf48e805b62b8af238bbf7b3534330df0405b8a170e48bb5c234d532ba via Power_Crunch_Research_Lab_Phase5D_WalkForward_Package.zip; corpus self-declares SCHEDULE SYNTHETIC / SCORES SIMULATED; authorised for MVP_CONTROL_CALIBRATION_ONLY by R-V3-MVP-CONTROL-CORPUS-01,2025-11-08,2026-08-22,3.0.0-internal-shadow-mvp,V3-INTERNAL-SHADOW-MVP-2026-08-22-R1-001,validation
G25-0577,2025,11,Wisconsin,Pittsburgh,HOME,-15.541011,8.970842,-21.011853,-12.0,L,GOVERNED_SYNTHETIC_CONTROL: 2025 Synthetic Season LOCKED v3.xlsx sha256=77bb6ecf48e805b62b8af238bbf7b3534330df0405b8a170e48bb5c234d532ba via Power_Crunch_Research_Lab_Phase5D_WalkForward_Package.zip; corpus self-declares SCHEDULE SYNTHETIC / SCORES SIMULATED; authorised for MVP_CONTROL_CALIBRATION_ONLY by R-V3-MVP-CONTROL-CORPUS-01,2025-11-08,2026-08-22,3.0.0-internal-shadow-mvp,V3-INTERNAL-SHADOW-MVP-2026-08-22-R1-001,validation
G25-0577,2025,11,Pittsburgh,Wisconsin,AWAY,8.970842,-15.541011,21.011853,12.0,W,GOVERNED_SYNTHETIC_CONTROL: 2025 Synthetic Season LOCKED v3.xlsx sha256=77bb6ecf48e805b62b8af238bbf7b3534330df0405b8a170e48bb5c234d532ba via Power_Crunch_Research_Lab_Phase5D_WalkForward_Package.zip; corpus self-declares SCHEDULE SYNTHETIC / SCORES SIMULATED; authorised for MVP_CONTROL_CALIBRATION_ONLY by R-V3-MVP-CONTROL-CORPUS-01,2025-11-08,2026-08-22,3.0.0-internal-shadow-mvp,V3-INTERNAL-SHADOW-MVP-2026-08-22-R1-001,validation
G25-0578,2025,12,Air Force,Utah State,HOME,-22.317121,-10.415886,-8.401235,5.0,W,GOVERNED_SYNTHETIC_CONTROL: 2025 Synthetic Season LOCKED v3.xlsx sha256=77bb6ecf48e805b62b8af238bbf7b3534330df0405b8a170e48bb5c234d532ba via Power_Crunch_Research_Lab_Phase5D_WalkForward_Package.zip; corpus self-declares SCHEDULE SYNTHETIC / SCORES SIMULATED; authorised for MVP_CONTROL_CALIBRATION_ONLY by R-V3-MVP-CONTROL-CORPUS-01,2025-11-15,2026-08-22,3.0.0-internal-shadow-mvp,V3-INTERNAL-SHADOW-MVP-2026-08-22-R1-001,validation
G25-0578,2025,12,Utah State,Air Force,AWAY,-10.415886,-22.317121,8.401235,-5.0,L,GOVERNED_SYNTHETIC_CONTROL: 2025 Synthetic Season LOCKED v3.xlsx sha256=77bb6ecf48e805b62b8af238bbf7b3534330df0405b8a170e48bb5c234d532ba via Power_Crunch_Research_Lab_Phase5D_WalkForward_Package.zip; corpus self-declares SCHEDULE SYNTHETIC / SCORES SIMULATED; authorised for MVP_CONTROL_CALIBRATION_ONLY by R-V3-MVP-CONTROL-CORPUS-01,2025-11-15,2026-08-22,3.0.0-internal-shadow-mvp,V3-INTERNAL-SHADOW-MVP-2026-08-22-R1-001,validation
G25-0579,2025,12,BYU,Colorado,HOME,41.162524,-12.580594,57.243117,48.0,W,GOVERNED_SYNTHETIC_CONTROL: 2025 Synthetic Season LOCKED v3.xlsx sha256=77bb6ecf48e805b62b8af238bbf7b3534330df0405b8a170e48bb5c234d532ba via Power_Crunch_Research_Lab_Phase5D_WalkForward_Package.zip; corpus self-declares SCHEDULE SYNTHETIC / SCORES SIMULATED; authorised for MVP_CONTROL_CALIBRATION_ONLY by R-V3-MVP-CONTROL-CORPUS-01,2025-11-15,2026-08-22,3.0.0-internal-shadow-mvp,V3-INTERNAL-SHADOW-MVP-2026-08-22-R1-001,validation
G25-0579,2025,12,Colorado,BYU,AWAY,-12.580594,41.162524,-57.243117,-48.0,L,GOVERNED_SYNTHETIC_CONTROL: 2025 Synthetic Season LOCKED v3.xlsx sha256=77bb6ecf48e805b62b8af238bbf7b3534330df0405b8a170e48bb5c234d532ba via Power_Crunch_Research_Lab_Phase5D_WalkForward_Package.zip; corpus self-declares SCHEDULE SYNTHETIC / SCORES SIMULATED; authorised for MVP_CONTROL_CALIBRATION_ONLY by R-V3-MVP-CONTROL-CORPUS-01,2025-11-15,2026-08-22,3.0.0-internal-shadow-mvp,V3-INTERNAL-SHADOW-MVP-2026-08-22-R1-001,validation
G25-0580,2025,12,Baylor,Iowa State,HOME,-6.792493,-3.775102,0.482609,9.0,W,GOVERNED_SYNTHETIC_CONTROL: 2025 Synthetic Season LOCKED v3.xlsx sha256=77bb6ecf48e805b62b8af238bbf7b3534330df0405b8a170e48bb5c234d532ba via Power_Crunch_Research_Lab_Phase5D_WalkForward_Package.zip; corpus self-declares SCHEDULE SYNTHETIC / SCORES SIMULATED; authorised for MVP_CONTROL_CALIBRATION_ONLY by R-V3-MVP-CONTROL-CORPUS-01,2025-11-15,2026-08-22,3.0.0-internal-shadow-mvp,V3-INTERNAL-SHADOW-MVP-2026-08-22-R1-001,validation
G25-0580,2025,12,Iowa State,Baylor,AWAY,-3.775102,-6.792493,-0.482609,-9.0,L,GOVERNED_SYNTHETIC_CONTROL: 2025 Synthetic Season LOCKED v3.xlsx sha256=77bb6ecf48e805b62b8af238bbf7b3534330df0405b8a170e48bb5c234d532ba via Power_Crunch_Research_Lab_Phase5D_WalkForward_Package.zip; corpus self-declares SCHEDULE SYNTHETIC / SCORES SIMULATED; authorised for MVP_CONTROL_CALIBRATION_ONLY by R-V3-MVP-CONTROL-CORPUS-01,2025-11-15,2026-08-22,3.0.0-internal-shadow-mvp,V3-INTERNAL-SHADOW-MVP-2026-08-22-R1-001,validation
G25-0581,2025,12,Boise State,NC State,HOME,-5.627454,-5.62815,3.500696,-7.0,L,GOVERNED_SYNTHETIC_CONTROL: 2025 Synthetic Season LOCKED v3.xlsx sha256=77bb6ecf48e805b62b8af238bbf7b3534330df0405b8a170e48bb5c234d532ba via Power_Crunch_Research_Lab_Phase5D_WalkForward_Package.zip; corpus self-declares SCHEDULE SYNTHETIC / SCORES SIMULATED; authorised for MVP_CONTROL_CALIBRATION_ONLY by R-V3-MVP-CONTROL-CORPUS-01,2025-11-15,2026-08-22,3.0.0-internal-shadow-mvp,V3-INTERNAL-SHADOW-MVP-2026-08-22-R1-001,validation
G25-0581,2025,12,NC State,Boise State,AWAY,-5.62815,-5.627454,-3.500696,7.0,W,GOVERNED_SYNTHETIC_CONTROL: 2025 Synthetic Season LOCKED v3.xlsx sha256=77bb6ecf48e805b62b8af238bbf7b3534330df0405b8a170e48bb5c234d532ba via Power_Crunch_Research_Lab_Phase5D_WalkForward_Package.zip; corpus self-declares SCHEDULE SYNTHETIC / SCORES SIMULATED; authorised for MVP_CONTROL_CALIBRATION_ONLY by R-V3-MVP-CONTROL-CORPUS-01,2025-11-15,2026-08-22,3.0.0-internal-shadow-mvp,V3-INTERNAL-SHADOW-MVP-2026-08-22-R1-001,validation
G25-0582,2025,12,Boston College,Georgia State,HOME,-17.663008,-12.19935,-1.963658,16.0,W,GOVERNED_SYNTHETIC_CONTROL: 2025 Synthetic Season LOCKED v3.xlsx sha256=77bb6ecf48e805b62b8af238bbf7b3534330df0405b8a170e48bb5c234d532ba via Power_Crunch_Research_Lab_Phase5D_WalkForward_Package.zip; corpus self-declares SCHEDULE SYNTHETIC / SCORES SIMULATED; authorised for MVP_CONTROL_CALIBRATION_ONLY by R-V3-MVP-CONTROL-CORPUS-01,2025-11-15,2026-08-22,3.0.0-internal-shadow-mvp,V3-INTERNAL-SHADOW-MVP-2026-08-22-R1-001,validation
G25-0582,2025,12,Georgia State,Boston College,AWAY,-12.19935,-17.663008,1.963658,-16.0,L,GOVERNED_SYNTHETIC_CONTROL: 2025 Synthetic Season LOCKED v3.xlsx sha256=77bb6ecf48e805b62b8af238bbf7b3534330df0405b8a170e48bb5c234d532ba via Power_Crunch_Research_Lab_Phase5D_WalkForward_Package.zip; corpus self-declares SCHEDULE SYNTHETIC / SCORES SIMULATED; authorised for MVP_CONTROL_CALIBRATION_ONLY by R-V3-MVP-CONTROL-CORPUS-01,2025-11-15,2026-08-22,3.0.0-internal-shadow-mvp,V3-INTERNAL-SHADOW-MVP-2026-08-22-R1-001,validation
G25-0583,2025,12,California,Florida State,HOME,-13.073048,-18.487512,8.914464,-12.0,L,GOVERNED_SYNTHETIC_CONTROL: 2025 Synthetic Season LOCKED v3.xlsx sha256=77bb6ecf48e805b62b8af238bbf7b3534330df0405b8a170e48bb5c234d532ba via Power_Crunch_Research_Lab_Phase5D_WalkForward_Package.zip; corpus self-declares SCHEDULE SYNTHETIC / SCORES SIMULATED; authorised for MVP_CONTROL_CALIBRATION_ONLY by R-V3-MVP-CONTROL-CORPUS-01,2025-11-15,2026-08-22,3.0.0-internal-shadow-mvp,V3-INTERNAL-SHADOW-MVP-2026-08-22-R1-001,validation
G25-0583,2025,12,Florida State,California,AWAY,-18.487512,-13.073048,-8.914464,12.0,W,GOVERNED_SYNTHETIC_CONTROL: 2025 Synthetic Season LOCKED v3.xlsx sha256=77bb6ecf48e805b62b8af238bbf7b3534330df0405b8a170e48bb5c234d532ba via Power_Crunch_Research_Lab_Phase5D_WalkForward_Package.zip; corpus self-declares SCHEDULE SYNTHETIC / SCORES SIMULATED; authorised for MVP_CONTROL_CALIBRATION_ONLY by R-V3-MVP-CONTROL-CORPUS-01,2025-11-15,2026-08-22,3.0.0-internal-shadow-mvp,V3-INTERNAL-SHADOW-MVP-2026-08-22-R1-001,validation
G25-0584,2025,12,Clemson,Duke,HOME,-7.048894,1.113709,-4.662603,-2.0,L,GOVERNED_SYNTHETIC_CONTROL: 2025 Synthetic Season LOCKED v3.xlsx sha256=77bb6ecf48e805b62b8af238bbf7b3534330df0405b8a170e48bb5c234d532ba via Power_Crunch_Research_Lab_Phase5D_WalkForward_Package.zip; corpus self-declares SCHEDULE SYNTHETIC / SCORES SIMULATED; authorised for MVP_CONTROL_CALIBRATION_ONLY by R-V3-MVP-CONTROL-CORPUS-01,2025-11-15,2026-08-22,3.0.0-internal-shadow-mvp,V3-INTERNAL-SHADOW-MVP-2026-08-22-R1-001,validation
G25-0584,2025,12,Duke,Clemson,AWAY,1.113709,-7.048894,4.662603,2.0,W,GOVERNED_SYNTHETIC_CONTROL: 2025 Synthetic Season LOCKED v3.xlsx sha256=77bb6ecf48e805b62b8af238bbf7b3534330df0405b8a170e48bb5c234d532ba via Power_Crunch_Research_Lab_Phase5D_WalkForward_Package.zip; corpus self-declares SCHEDULE SYNTHETIC / SCORES SIMULATED; authorised for MVP_CONTROL_CALIBRATION_ONLY by R-V3-MVP-CONTROL-CORPUS-01,2025-11-15,2026-08-22,3.0.0-internal-shadow-mvp,V3-INTERNAL-SHADOW-MVP-2026-08-22-R1-001,validation
G25-0585,2025,12,Coastal Carolina,Buffalo,HOME,-12.682228,-20.88434,11.702112,-12.0,L,GOVERNED_SYNTHETIC_CONTROL: 2025 Synthetic Season LOCKED v3.xlsx sha256=77bb6ecf48e805b62b8af238bbf7b3534330df0405b8a170e48bb5c234d532ba via Power_Crunch_Research_Lab_Phase5D_WalkForward_Package.zip; corpus self-declares SCHEDULE SYNTHETIC / SCORES SIMULATED; authorised for MVP_CONTROL_CALIBRATION_ONLY by R-V3-MVP-CONTROL-CORPUS-01,2025-11-15,2026-08-22,3.0.0-internal-shadow-mvp,V3-INTERNAL-SHADOW-MVP-2026-08-22-R1-001,validation
G25-0585,2025,12,Buffalo,Coastal Carolina,AWAY,-20.88434,-12.682228,-11.702112,12.0,W,GOVERNED_SYNTHETIC_CONTROL: 2025 Synthetic Season LOCKED v3.xlsx sha256=77bb6ecf48e805b62b8af238bbf7b3534330df0405b8a170e48bb5c234d532ba via Power_Crunch_Research_Lab_Phase5D_WalkForward_Package.zip; corpus self-declares SCHEDULE SYNTHETIC / SCORES SIMULATED; authorised for MVP_CONTROL_CALIBRATION_ONLY by R-V3-MVP-CONTROL-CORPUS-01,2025-11-15,2026-08-22,3.0.0-internal-shadow-mvp,V3-INTERNAL-SHADOW-MVP-2026-08-22-R1-001,validation
G25-0586,2025,12,Colgate,Penn,HOME,-14.90159,-22.584139,11.182549,-25.0,L,GOVERNED_SYNTHETIC_CONTROL: 2025 Synthetic Season LOCKED v3.xlsx sha256=77bb6ecf48e805b62b8af238bbf7b3534330df0405b8a170e48bb5c234d532ba via Power_Crunch_Research_Lab_Phase5D_WalkForward_Package.zip; corpus self-declares SCHEDULE SYNTHETIC / SCORES SIMULATED; authorised for MVP_CONTROL_CALIBRATION_ONLY by R-V3-MVP-CONTROL-CORPUS-01,2025-11-15,2026-08-22,3.0.0-internal-shadow-mvp,V3-INTERNAL-SHADOW-MVP-2026-08-22-R1-001,validation
G25-0586,2025,12,Penn,Colgate,AWAY,-22.584139,-14.90159,-11.182549,25.0,W,GOVERNED_SYNTHETIC_CONTROL: 2025 Synthetic Season LOCKED v3.xlsx sha256=77bb6ecf48e805b62b8af238bbf7b3534330df0405b8a170e48bb5c234d532ba via Power_Crunch_Research_Lab_Phase5D_WalkForward_Package.zip; corpus self-declares SCHEDULE SYNTHETIC / SCORES SIMULATED; authorised for MVP_CONTROL_CALIBRATION_ONLY by R-V3-MVP-CONTROL-CORPUS-01,2025-11-15,2026-08-22,3.0.0-internal-shadow-mvp,V3-INTERNAL-SHADOW-MVP-2026-08-22-R1-001,validation
G25-0587,2025,12,Colorado State,Hawaii,HOME,-13.821655,-10.161631,-0.160024,-22.0,L,GOVERNED_SYNTHETIC_CONTROL: 2025 Synthetic Season LOCKED v3.xlsx sha256=77bb6ecf48e805b62b8af238bbf7b3534330df0405b8a170e48bb5c234d532ba via Power_Crunch_Research_Lab_Phase5D_WalkForward_Package.zip; corpus self-declares SCHEDULE SYNTHETIC / SCORES SIMULATED; authorised for MVP_CONTROL_CALIBRATION_ONLY by R-V3-MVP-CONTROL-CORPUS-01,2025-11-15,2026-08-22,3.0.0-internal-shadow-mvp,V3-INTERNAL-SHADOW-MVP-2026-08-22-R1-001,validation
G25-0587,2025,12,Hawaii,Colorado State,AWAY,-10.161631,-13.821655,0.160024,22.0,W,GOVERNED_SYNTHETIC_CONTROL: 2025 Synthetic Season LOCKED v3.xlsx sha256=77bb6ecf48e805b62b8af238bbf7b3534330df0405b8a170e48bb5c234d532ba via Power_Crunch_Research_Lab_Phase5D_WalkForward_Package.zip; corpus self-declares SCHEDULE SYNTHETIC / SCORES SIMULATED; authorised for MVP_CONTROL_CALIBRATION_ONLY by R-V3-MVP-CONTROL-CORPUS-01,2025-11-15,2026-08-22,3.0.0-internal-shadow-mvp,V3-INTERNAL-SHADOW-MVP-2026-08-22-R1-001,validation
G25-0588,2025,12,Florida Atlantic,Texas,HOME,-19.312017,39.099679,-54.911696,-66.0,L,GOVERNED_SYNTHETIC_CONTROL: 2025 Synthetic Season LOCKED v3.xlsx sha256=77bb6ecf48e805b62b8af238bbf7b3534330df0405b8a170e48bb5c234d532ba via Power_Crunch_Research_Lab_Phase5D_WalkForward_Package.zip; corpus self-declares SCHEDULE SYNTHETIC / SCORES SIMULATED; authorised for MVP_CONTROL_CALIBRATION_ONLY by R-V3-MVP-CONTROL-CORPUS-01,2025-11-15,2026-08-22,3.0.0-internal-shadow-mvp,V3-INTERNAL-SHADOW-MVP-2026-08-22-R1-001,validation
G25-0588,2025,12,Texas,Florida Atlantic,AWAY,39.099679,-19.312017,54.911696,66.0,W,GOVERNED_SYNTHETIC_CONTROL: 2025 Synthetic Season LOCKED v3.xlsx sha256=77bb6ecf48e805b62b8af238bbf7b3534330df0405b8a170e48bb5c234d532ba via Power_Crunch_Research_Lab_Phase5D_WalkForward_Package.zip; corpus self-declares SCHEDULE SYNTHETIC / SCORES SIMULATED; authorised for MVP_CONTROL_CALIBRATION_ONLY by R-V3-MVP-CONTROL-CORPUS-01,2025-11-15,2026-08-22,3.0.0-internal-shadow-mvp,V3-INTERNAL-SHADOW-MVP-2026-08-22-R1-001,validation
G25-0589,2025,12,Georgia,Marshall,HOME,43.042168,-17.943715,64.485883,58.0,W,GOVERNED_SYNTHETIC_CONTROL: 2025 Synthetic Season LOCKED v3.xlsx sha256=77bb6ecf48e805b62b8af238bbf7b3534330df0405b8a170e48bb5c234d532ba via Power_Crunch_Research_Lab_Phase5D_WalkForward_Package.zip; corpus self-declares SCHEDULE SYNTHETIC / SCORES SIMULATED; authorised for MVP_CONTROL_CALIBRATION_ONLY by R-V3-MVP-CONTROL-CORPUS-01,2025-11-15,2026-08-22,3.0.0-internal-shadow-mvp,V3-INTERNAL-SHADOW-MVP-2026-08-22-R1-001,validation
G25-0589,2025,12,Marshall,Georgia,AWAY,-17.943715,43.042168,-64.485883,-58.0,L,GOVERNED_SYNTHETIC_CONTROL: 2025 Synthetic Season LOCKED v3.xlsx sha256=77bb6ecf48e805b62b8af238bbf7b3534330df0405b8a170e48bb5c234d532ba via Power_Crunch_Research_Lab_Phase5D_WalkForward_Package.zip; corpus self-declares SCHEDULE SYNTHETIC / SCORES SIMULATED; authorised for MVP_CONTROL_CALIBRATION_ONLY by R-V3-MVP-CONTROL-CORPUS-01,2025-11-15,2026-08-22,3.0.0-internal-shadow-mvp,V3-INTERNAL-SHADOW-MVP-2026-08-22-R1-001,validation
G25-0590,2025,12,Georgia Tech,Tulsa,HOME,24.005441,-9.50982,37.015262,27.0,W,GOVERNED_SYNTHETIC_CONTROL: 2025 Synthetic Season LOCKED v3.xlsx sha256=77bb6ecf48e805b62b8af238bbf7b3534330df0405b8a170e48bb5c234d532ba via Power_Crunch_Research_Lab_Phase5D_WalkForward_Package.zip; corpus self-declares SCHEDULE SYNTHETIC / SCORES SIMULATED; authorised for MVP_CONTROL_CALIBRATION_ONLY by R-V3-MVP-CONTROL-CORPUS-01,2025-11-15,2026-08-22,3.0.0-internal-shadow-mvp,V3-INTERNAL-SHADOW-MVP-2026-08-22-R1-001,validation
G25-0590,2025,12,Tulsa,Georgia Tech,AWAY,-9.50982,24.005441,-37.015262,-27.0,L,GOVERNED_SYNTHETIC_CONTROL: 2025 Synthetic Season LOCKED v3.xlsx sha256=77bb6ecf48e805b62b8af238bbf7b3534330df0405b8a170e48bb5c234d532ba via Power_Crunch_Research_Lab_Phase5D_WalkForward_Package.zip; corpus self-declares SCHEDULE SYNTHETIC / SCORES SIMULATED; authorised for MVP_CONTROL_CALIBRATION_ONLY by R-V3-MVP-CONTROL-CORPUS-01,2025-11-15,2026-08-22,3.0.0-internal-shadow-mvp,V3-INTERNAL-SHADOW-MVP-2026-08-22-R1-001,validation
G25-0591,2025,12,Harvard,Cornell,HOME,-25.095566,-32.10007,10.504504,-3.0,L,GOVERNED_SYNTHETIC_CONTROL: 2025 Synthetic Season LOCKED v3.xlsx sha256=77bb6ecf48e805b62b8af238bbf7b3534330df0405b8a170e48bb5c234d532ba via Power_Crunch_Research_Lab_Phase5D_WalkForward_Package.zip; corpus self-declares SCHEDULE SYNTHETIC / SCORES SIMULATED; authorised for MVP_CONTROL_CALIBRATION_ONLY by R-V3-MVP-CONTROL-CORPUS-01,2025-11-15,2026-08-22,3.0.0-internal-shadow-mvp,V3-INTERNAL-SHADOW-MVP-2026-08-22-R1-001,validation
G25-0591,2025,12,Cornell,Harvard,AWAY,-32.10007,-25.095566,-10.504504,3.0,W,GOVERNED_SYNTHETIC_CONTROL: 2025 Synthetic Season LOCKED v3.xlsx sha256=77bb6ecf48e805b62b8af238bbf7b3534330df0405b8a170e48bb5c234d532ba via Power_Crunch_Research_Lab_Phase5D_WalkForward_Package.zip; corpus self-declares SCHEDULE SYNTHETIC / SCORES SIMULATED; authorised for MVP_CONTROL_CALIBRATION_ONLY by R-V3-MVP-CONTROL-CORPUS-01,2025-11-15,2026-08-22,3.0.0-internal-shadow-mvp,V3-INTERNAL-SHADOW-MVP-2026-08-22-R1-001,validation
G25-0592,2025,12,Houston,Kentucky,HOME,27.6386,-9.026669,40.165269,35.0,W,GOVERNED_SYNTHETIC_CONTROL: 2025 Synthetic Season LOCKED v3.xlsx sha256=77bb6ecf48e805b62b8af238bbf7b3534330df0405b8a170e48bb5c234d532ba via Power_Crunch_Research_Lab_Phase5D_WalkForward_Package.zip; corpus self-declares SCHEDULE SYNTHETIC / SCORES SIMULATED; authorised for MVP_CONTROL_CALIBRATION_ONLY by R-V3-MVP-CONTROL-CORPUS-01,2025-11-15,2026-08-22,3.0.0-internal-shadow-mvp,V3-INTERNAL-SHADOW-MVP-2026-08-22-R1-001,validation
G25-0592,2025,12,Kentucky,Houston,AWAY,-9.026669,27.6386,-40.165269,-35.0,L,GOVERNED_SYNTHETIC_CONTROL: 2025 Synthetic Season LOCKED v3.xlsx sha256=77bb6ecf48e805b62b8af238bbf7b3534330df0405b8a170e48bb5c234d532ba via Power_Crunch_Research_Lab_Phase5D_WalkForward_Package.zip; corpus self-declares SCHEDULE SYNTHETIC / SCORES SIMULATED; authorised for MVP_CONTROL_CALIBRATION_ONLY by R-V3-MVP-CONTROL-CORPUS-01,2025-11-15,2026-08-22,3.0.0-internal-shadow-mvp,V3-INTERNAL-SHADOW-MVP-2026-08-22-R1-001,validation
G25-0593,2025,12,Iowa,San Jose State,HOME,52.06809,-15.685128,71.253219,76.0,W,GOVERNED_SYNTHETIC_CONTROL: 2025 Synthetic Season LOCKED v3.xlsx sha256=77bb6ecf48e805b62b8af238bbf7b3534330df0405b8a170e48bb5c234d532ba via Power_Crunch_Research_Lab_Phase5D_WalkForward_Package.zip; corpus self-declares SCHEDULE SYNTHETIC / SCORES SIMULATED; authorised for MVP_CONTROL_CALIBRATION_ONLY by R-V3-MVP-CONTROL-CORPUS-01,2025-11-15,2026-08-22,3.0.0-internal-shadow-mvp,V3-INTERNAL-SHADOW-MVP-2026-08-22-R1-001,validation
G25-0593,2025,12,San Jose State,Iowa,AWAY,-15.685128,52.06809,-71.253219,-76.0,L,GOVERNED_SYNTHETIC_CONTROL: 2025 Synthetic Season LOCKED v3.xlsx sha256=77bb6ecf48e805b62b8af238bbf7b3534330df0405b8a170e48bb5c234d532ba via Power_Crunch_Research_Lab_Phase5D_WalkForward_Package.zip; corpus self-declares SCHEDULE SYNTHETIC / SCORES SIMULATED; authorised for MVP_CONTROL_CALIBRATION_ONLY by R-V3-MVP-CONTROL-CORPUS-01,2025-11-15,2026-08-22,3.0.0-internal-shadow-mvp,V3-INTERNAL-SHADOW-MVP-2026-08-22-R1-001,validation
G25-0594,2025,12,Kansas State,Louisville,HOME,-11.506792,2.511682,-10.518474,-34.0,L,GOVERNED_SYNTHETIC_CONTROL: 2025 Synthetic Season LOCKED v3.xlsx sha256=77bb6ecf48e805b62b8af238bbf7b3534330df0405b8a170e48bb5c234d532ba via Power_Crunch_Research_Lab_Phase5D_WalkForward_Package.zip; corpus self-declares SCHEDULE SYNTHETIC / SCORES SIMULATED; authorised for MVP_CONTROL_CALIBRATION_ONLY by R-V3-MVP-CONTROL-CORPUS-01,2025-11-15,2026-08-22,3.0.0-internal-shadow-mvp,V3-INTERNAL-SHADOW-MVP-2026-08-22-R1-001,validation
G25-0594,2025,12,Louisville,Kansas State,AWAY,2.511682,-11.506792,10.518474,34.0,W,GOVERNED_SYNTHETIC_CONTROL: 2025 Synthetic Season LOCKED v3.xlsx sha256=77bb6ecf48e805b62b8af238bbf7b3534330df0405b8a170e48bb5c234d532ba via Power_Crunch_Research_Lab_Phase5D_WalkForward_Package.zip; corpus self-declares SCHEDULE SYNTHETIC / SCORES SIMULATED; authorised for MVP_CONTROL_CALIBRATION_ONLY by R-V3-MVP-CONTROL-CORPUS-01,2025-11-15,2026-08-22,3.0.0-internal-shadow-mvp,V3-INTERNAL-SHADOW-MVP-2026-08-22-R1-001,validation
G25-0595,2025,12,Lehigh,Princeton,HOME,23.392593,-1.426498,28.319091,52.0,W,GOVERNED_SYNTHETIC_CONTROL: 2025 Synthetic Season LOCKED v3.xlsx sha256=77bb6ecf48e805b62b8af238bbf7b3534330df0405b8a170e48bb5c234d532ba via Power_Crunch_Research_Lab_Phase5D_WalkForward_Package.zip; corpus self-declares SCHEDULE SYNTHETIC / SCORES SIMULATED; authorised for MVP_CONTROL_CALIBRATION_ONLY by R-V3-MVP-CONTROL-CORPUS-01,2025-11-15,2026-08-22,3.0.0-internal-shadow-mvp,V3-INTERNAL-SHADOW-MVP-2026-08-22-R1-001,validation
G25-0595,2025,12,Princeton,Lehigh,AWAY,-1.426498,23.392593,-28.319091,-52.0,L,GOVERNED_SYNTHETIC_CONTROL: 2025 Synthetic Season LOCKED v3.xlsx sha256=77bb6ecf48e805b62b8af238bbf7b3534330df0405b8a170e48bb5c234d532ba via Power_Crunch_Research_Lab_Phase5D_WalkForward_Package.zip; corpus self-declares SCHEDULE SYNTHETIC / SCORES SIMULATED; authorised for MVP_CONTROL_CALIBRATION_ONLY by R-V3-MVP-CONTROL-CORPUS-01,2025-11-15,2026-08-22,3.0.0-internal-shadow-mvp,V3-INTERNAL-SHADOW-MVP-2026-08-22-R1-001,validation
G25-0596,2025,12,Louisiana Tech,Rice,HOME,-20.201629,-24.979566,8.277937,8.0,W,GOVERNED_SYNTHETIC_CONTROL: 2025 Synthetic Season LOCKED v3.xlsx sha256=77bb6ecf48e805b62b8af238bbf7b3534330df0405b8a170e48bb5c234d532ba via Power_Crunch_Research_Lab_Phase5D_WalkForward_Package.zip; corpus self-declares SCHEDULE SYNTHETIC / SCORES SIMULATED; authorised for MVP_CONTROL_CALIBRATION_ONLY by R-V3-MVP-CONTROL-CORPUS-01,2025-11-15,2026-08-22,3.0.0-internal-shadow-mvp,V3-INTERNAL-SHADOW-MVP-2026-08-22-R1-001,validation
G25-0596,2025,12,Rice,Louisiana Tech,AWAY,-24.979566,-20.201629,-8.277937,-8.0,L,GOVERNED_SYNTHETIC_CONTROL: 2025 Synthetic Season LOCKED v3.xlsx sha256=77bb6ecf48e805b62b8af238bbf7b3534330df0405b8a170e48bb5c234d532ba via Power_Crunch_Research_Lab_Phase5D_WalkForward_Package.zip; corpus self-declares SCHEDULE SYNTHETIC / SCORES SIMULATED; authorised for MVP_CONTROL_CALIBRATION_ONLY by R-V3-MVP-CONTROL-CORPUS-01,2025-11-15,2026-08-22,3.0.0-internal-shadow-mvp,V3-INTERNAL-SHADOW-MVP-2026-08-22-R1-001,validation
G25-0597,2025,12,Miami,Ole Miss,HOME,53.469457,41.715683,15.253774,-1.0,L,GOVERNED_SYNTHETIC_CONTROL: 2025 Synthetic Season LOCKED v3.xlsx sha256=77bb6ecf48e805b62b8af238bbf7b3534330df0405b8a170e48bb5c234d532ba via Power_Crunch_Research_Lab_Phase5D_WalkForward_Package.zip; corpus self-declares SCHEDULE SYNTHETIC / SCORES SIMULATED; authorised for MVP_CONTROL_CALIBRATION_ONLY by R-V3-MVP-CONTROL-CORPUS-01,2025-11-15,2026-08-22,3.0.0-internal-shadow-mvp,V3-INTERNAL-SHADOW-MVP-2026-08-22-R1-001,validation
G25-0597,2025,12,Ole Miss,Miami,AWAY,41.715683,53.469457,-15.253774,1.0,W,GOVERNED_SYNTHETIC_CONTROL: 2025 Synthetic Season LOCKED v3.xlsx sha256=77bb6ecf48e805b62b8af238bbf7b3534330df0405b8a170e48bb5c234d532ba via Power_Crunch_Research_Lab_Phase5D_WalkForward_Package.zip; corpus self-declares SCHEDULE SYNTHETIC / SCORES SIMULATED; authorised for MVP_CONTROL_CALIBRATION_ONLY by R-V3-MVP-CONTROL-CORPUS-01,2025-11-15,2026-08-22,3.0.0-internal-shadow-mvp,V3-INTERNAL-SHADOW-MVP-2026-08-22-R1-001,validation
G25-0598,2025,12,Middle Tennessee,Florida International,HOME,-17.250237,-11.935591,-1.814646,13.0,W,GOVERNED_SYNTHETIC_CONTROL: 2025 Synthetic Season LOCKED v3.xlsx sha256=77bb6ecf48e805b62b8af238bbf7b3534330df0405b8a170e48bb5c234d532ba via Power_Crunch_Research_Lab_Phase5D_WalkForward_Package.zip; corpus self-declares SCHEDULE SYNTHETIC / SCORES SIMULATED; authorised for MVP_CONTROL_CALIBRATION_ONLY by R-V3-MVP-CONTROL-CORPUS-01,2025-11-15,2026-08-22,3.0.0-internal-shadow-mvp,V3-INTERNAL-SHADOW-MVP-2026-08-22-R1-001,validation
G25-0598,2025,12,Florida International,Middle Tennessee,AWAY,-11.935591,-17.250237,1.814646,-13.0,L,GOVERNED_SYNTHETIC_CONTROL: 2025 Synthetic Season LOCKED v3.xlsx sha256=77bb6ecf48e805b62b8af238bbf7b3534330df0405b8a170e48bb5c234d532ba via Power_Crunch_Research_Lab_Phase5D_WalkForward_Package.zip; corpus self-declares SCHEDULE SYNTHETIC / SCORES SIMULATED; authorised for MVP_CONTROL_CALIBRATION_ONLY by R-V3-MVP-CONTROL-CORPUS-01,2025-11-15,2026-08-22,3.0.0-internal-shadow-mvp,V3-INTERNAL-SHADOW-MVP-2026-08-22-R1-001,validation
G25-0600,2025,12,Missouri,Mississippi State,HOME,8.17051,-2.943153,14.613663,5.0,W,GOVERNED_SYNTHETIC_CONTROL: 2025 Synthetic Season LOCKED v3.xlsx sha256=77bb6ecf48e805b62b8af238bbf7b3534330df0405b8a170e48bb5c234d532ba via Power_Crunch_Research_Lab_Phase5D_WalkForward_Package.zip; corpus self-declares SCHEDULE SYNTHETIC / SCORES SIMULATED; authorised for MVP_CONTROL_CALIBRATION_ONLY by R-V3-MVP-CONTROL-CORPUS-01,2025-11-15,2026-08-22,3.0.0-internal-shadow-mvp,V3-INTERNAL-SHADOW-MVP-2026-08-22-R1-001,validation
G25-0600,2025,12,Mississippi State,Missouri,AWAY,-2.943153,8.17051,-14.613663,-5.0,L,GOVERNED_SYNTHETIC_CONTROL: 2025 Synthetic Season LOCKED v3.xlsx sha256=77bb6ecf48e805b62b8af238bbf7b3534330df0405b8a170e48bb5c234d532ba via Power_Crunch_Research_Lab_Phase5D_WalkForward_Package.zip; corpus self-declares SCHEDULE SYNTHETIC / SCORES SIMULATED; authorised for MVP_CONTROL_CALIBRATION_ONLY by R-V3-MVP-CONTROL-CORPUS-01,2025-11-15,2026-08-22,3.0.0-internal-shadow-mvp,V3-INTERNAL-SHADOW-MVP-2026-08-22-R1-001,validation
G25-0601,2025,12,Navy,Southern Miss,HOME,10.093029,-16.137814,29.730844,28.0,W,GOVERNED_SYNTHETIC_CONTROL: 2025 Synthetic Season LOCKED v3.xlsx sha256=77bb6ecf48e805b62b8af238bbf7b3534330df0405b8a170e48bb5c234d532ba via Power_Crunch_Research_Lab_Phase5D_WalkForward_Package.zip; corpus self-declares SCHEDULE SYNTHETIC / SCORES SIMULATED; authorised for MVP_CONTROL_CALIBRATION_ONLY by R-V3-MVP-CONTROL-CORPUS-01,2025-11-15,2026-08-22,3.0.0-internal-shadow-mvp,V3-INTERNAL-SHADOW-MVP-2026-08-22-R1-001,validation
G25-0601,2025,12,Southern Miss,Navy,AWAY,-16.137814,10.093029,-29.730844,-28.0,L,GOVERNED_SYNTHETIC_CONTROL: 2025 Synthetic Season LOCKED v3.xlsx sha256=77bb6ecf48e805b62b8af238bbf7b3534330df0405b8a170e48bb5c234d532ba via Power_Crunch_Research_Lab_Phase5D_WalkForward_Package.zip; corpus self-declares SCHEDULE SYNTHETIC / SCORES SIMULATED; authorised for MVP_CONTROL_CALIBRATION_ONLY by R-V3-MVP-CONTROL-CORPUS-01,2025-11-15,2026-08-22,3.0.0-internal-shadow-mvp,V3-INTERNAL-SHADOW-MVP-2026-08-22-R1-001,validation
G25-0602,2025,12,Nebraska,USC,HOME,-9.735657,23.593316,-29.828973,-28.0,L,GOVERNED_SYNTHETIC_CONTROL: 2025 Synthetic Season LOCKED v3.xlsx sha256=77bb6ecf48e805b62b8af238bbf7b3534330df0405b8a170e48bb5c234d532ba via Power_Crunch_Research_Lab_Phase5D_WalkForward_Package.zip; corpus self-declares SCHEDULE SYNTHETIC / SCORES SIMULATED; authorised for MVP_CONTROL_CALIBRATION_ONLY by R-V3-MVP-CONTROL-CORPUS-01,2025-11-15,2026-08-22,3.0.0-internal-shadow-mvp,V3-INTERNAL-SHADOW-MVP-2026-08-22-R1-001,validation
G25-0602,2025,12,USC,Nebraska,AWAY,23.593316,-9.735657,29.828973,28.0,W,GOVERNED_SYNTHETIC_CONTROL: 2025 Synthetic Season LOCKED v3.xlsx sha256=77bb6ecf48e805b62b8af238bbf7b3534330df0405b8a170e48bb5c234d532ba via Power_Crunch_Research_Lab_Phase5D_WalkForward_Package.zip; corpus self-declares SCHEDULE SYNTHETIC / SCORES SIMULATED; authorised for MVP_CONTROL_CALIBRATION_ONLY by R-V3-MVP-CONTROL-CORPUS-01,2025-11-15,2026-08-22,3.0.0-internal-shadow-mvp,V3-INTERNAL-SHADOW-MVP-2026-08-22-R1-001,validation
G25-0603,2025,12,North Texas,UTEP,HOME,-3.460525,-14.005004,14.044479,21.0,W,GOVERNED_SYNTHETIC_CONTROL: 2025 Synthetic Season LOCKED v3.xlsx sha256=77bb6ecf48e805b62b8af238bbf7b3534330df0405b8a170e48bb5c234d532ba via Power_Crunch_Research_Lab_Phase5D_WalkForward_Package.zip; corpus self-declares SCHEDULE SYNTHETIC / SCORES SIMULATED; authorised for MVP_CONTROL_CALIBRATION_ONLY by R-V3-MVP-CONTROL-CORPUS-01,2025-11-15,2026-08-22,3.0.0-internal-shadow-mvp,V3-INTERNAL-SHADOW-MVP-2026-08-22-R1-001,validation
G25-0603,2025,12,UTEP,North Texas,AWAY,-14.005004,-3.460525,-14.044479,-21.0,L,GOVERNED_SYNTHETIC_CONTROL: 2025 Synthetic Season LOCKED v3.xlsx sha256=77bb6ecf48e805b62b8af238bbf7b3534330df0405b8a170e48bb5c234d532ba via Power_Crunch_Research_Lab_Phase5D_WalkForward_Package.zip; corpus self-declares SCHEDULE SYNTHETIC / SCORES SIMULATED; authorised for MVP_CONTROL_CALIBRATION_ONLY by R-V3-MVP-CONTROL-CORPUS-01,2025-11-15,2026-08-22,3.0.0-internal-shadow-mvp,V3-INTERNAL-SHADOW-MVP-2026-08-22-R1-001,validation
G25-0604,2025,12,Northwestern,Washington,HOME,-11.918544,22.433489,-30.852033,-21.0,L,GOVERNED_SYNTHETIC_CONTROL: 2025 Synthetic Season LOCKED v3.xlsx sha256=77bb6ecf48e805b62b8af238bbf7b3534330df0405b8a170e48bb5c234d532ba via Power_Crunch_Research_Lab_Phase5D_WalkForward_Package.zip; corpus self-declares SCHEDULE SYNTHETIC / SCORES SIMULATED; authorised for MVP_CONTROL_CALIBRATION_ONLY by R-V3-MVP-CONTROL-CORPUS-01,2025-11-15,2026-08-22,3.0.0-internal-shadow-mvp,V3-INTERNAL-SHADOW-MVP-2026-08-22-R1-001,validation
G25-0604,2025,12,Washington,Northwestern,AWAY,22.433489,-11.918544,30.852033,21.0,W,GOVERNED_SYNTHETIC_CONTROL: 2025 Synthetic Season LOCKED v3.xlsx sha256=77bb6ecf48e805b62b8af238bbf7b3534330df0405b8a170e48bb5c234d532ba via Power_Crunch_Research_Lab_Phase5D_WalkForward_Package.zip; corpus self-declares SCHEDULE SYNTHETIC / SCORES SIMULATED; authorised for MVP_CONTROL_CALIBRATION_ONLY by R-V3-MVP-CONTROL-CORPUS-01,2025-11-15,2026-08-22,3.0.0-internal-shadow-mvp,V3-INTERNAL-SHADOW-MVP-2026-08-22-R1-001,validation
G25-0605,2025,12,Oklahoma,Florida,HOME,41.438897,-24.452454,69.391352,68.0,W,GOVERNED_SYNTHETIC_CONTROL: 2025 Synthetic Season LOCKED v3.xlsx sha256=77bb6ecf48e805b62b8af238bbf7b3534330df0405b8a170e48bb5c234d532ba via Power_Crunch_Research_Lab_Phase5D_WalkForward_Package.zip; corpus self-declares SCHEDULE SYNTHETIC / SCORES SIMULATED; authorised for MVP_CONTROL_CALIBRATION_ONLY by R-V3-MVP-CONTROL-CORPUS-01,2025-11-15,2026-08-22,3.0.0-internal-shadow-mvp,V3-INTERNAL-SHADOW-MVP-2026-08-22-R1-001,validation
G25-0605,2025,12,Florida,Oklahoma,AWAY,-24.452454,41.438897,-69.391352,-68.0,L,GOVERNED_SYNTHETIC_CONTROL: 2025 Synthetic Season LOCKED v3.xlsx sha256=77bb6ecf48e805b62b8af238bbf7b3534330df0405b8a170e48bb5c234d532ba via Power_Crunch_Research_Lab_Phase5D_WalkForward_Package.zip; corpus self-declares SCHEDULE SYNTHETIC / SCORES SIMULATED; authorised for MVP_CONTROL_CALIBRATION_ONLY by R-V3-MVP-CONTROL-CORPUS-01,2025-11-15,2026-08-22,3.0.0-internal-shadow-mvp,V3-INTERNAL-SHADOW-MVP-2026-08-22-R1-001,validation
G25-0606,2025,12,Oklahoma State,West Virginia,HOME,-3.944938,-13.21732,12.772382,19.0,W,GOVERNED_SYNTHETIC_CONTROL: 2025 Synthetic Season LOCKED v3.xlsx sha256=77bb6ecf48e805b62b8af238bbf7b3534330df0405b8a170e48bb5c234d532ba via Power_Crunch_Research_Lab_Phase5D_WalkForward_Package.zip; corpus self-declares SCHEDULE SYNTHETIC / SCORES SIMULATED; authorised for MVP_CONTROL_CALIBRATION_ONLY by R-V3-MVP-CONTROL-CORPUS-01,2025-11-15,2026-08-22,3.0.0-internal-shadow-mvp,V3-INTERNAL-SHADOW-MVP-2026-08-22-R1-001,validation
G25-0606,2025,12,West Virginia,Oklahoma State,AWAY,-13.21732,-3.944938,-12.772382,-19.0,L,GOVERNED_SYNTHETIC_CONTROL: 2025 Synthetic Season LOCKED v3.xlsx sha256=77bb6ecf48e805b62b8af238bbf7b3534330df0405b8a170e48bb5c234d532ba via Power_Crunch_Research_Lab_Phase5D_WalkForward_Package.zip; corpus self-declares SCHEDULE SYNTHETIC / SCORES SIMULATED; authorised for MVP_CONTROL_CALIBRATION_ONLY by R-V3-MVP-CONTROL-CORPUS-01,2025-11-15,2026-08-22,3.0.0-internal-shadow-mvp,V3-INTERNAL-SHADOW-MVP-2026-08-22-R1-001,validation
G25-0607,2025,12,Penn State,LSU,HOME,-17.978378,-7.274991,-7.203387,-30.0,L,GOVERNED_SYNTHETIC_CONTROL: 2025 Synthetic Season LOCKED v3.xlsx sha256=77bb6ecf48e805b62b8af238bbf7b3534330df0405b8a170e48bb5c234d532ba via Power_Crunch_Research_Lab_Phase5D_WalkForward_Package.zip; corpus self-declares SCHEDULE SYNTHETIC / SCORES SIMULATED; authorised for MVP_CONTROL_CALIBRATION_ONLY by R-V3-MVP-CONTROL-CORPUS-01,2025-11-15,2026-08-22,3.0.0-internal-shadow-mvp,V3-INTERNAL-SHADOW-MVP-2026-08-22-R1-001,validation
G25-0607,2025,12,LSU,Penn State,AWAY,-7.274991,-17.978378,7.203387,30.0,W,GOVERNED_SYNTHETIC_CONTROL: 2025 Synthetic Season LOCKED v3.xlsx sha256=77bb6ecf48e805b62b8af238bbf7b3534330df0405b8a170e48bb5c234d532ba via Power_Crunch_Research_Lab_Phase5D_WalkForward_Package.zip; corpus self-declares SCHEDULE SYNTHETIC / SCORES SIMULATED; authorised for MVP_CONTROL_CALIBRATION_ONLY by R-V3-MVP-CONTROL-CORPUS-01,2025-11-15,2026-08-22,3.0.0-internal-shadow-mvp,V3-INTERNAL-SHADOW-MVP-2026-08-22-R1-001,validation
G25-0608,2025,12,Pittsburgh,New Mexico,HOME,8.312142,-9.521877,21.334019,33.0,W,GOVERNED_SYNTHETIC_CONTROL: 2025 Synthetic Season LOCKED v3.xlsx sha256=77bb6ecf48e805b62b8af238bbf7b3534330df0405b8a170e48bb5c234d532ba via Power_Crunch_Research_Lab_Phase5D_WalkForward_Package.zip; corpus self-declares SCHEDULE SYNTHETIC / SCORES SIMULATED; authorised for MVP_CONTROL_CALIBRATION_ONLY by R-V3-MVP-CONTROL-CORPUS-01,2025-11-15,2026-08-22,3.0.0-internal-shadow-mvp,V3-INTERNAL-SHADOW-MVP-2026-08-22-R1-001,validation
G25-0608,2025,12,New Mexico,Pittsburgh,AWAY,-9.521877,8.312142,-21.334019,-33.0,L,GOVERNED_SYNTHETIC_CONTROL: 2025 Synthetic Season LOCKED v3.xlsx sha256=77bb6ecf48e805b62b8af238bbf7b3534330df0405b8a170e48bb5c234d532ba via Power_Crunch_Research_Lab_Phase5D_WalkForward_Package.zip; corpus self-declares SCHEDULE SYNTHETIC / SCORES SIMULATED; authorised for MVP_CONTROL_CALIBRATION_ONLY by R-V3-MVP-CONTROL-CORPUS-01,2025-11-15,2026-08-22,3.0.0-internal-shadow-mvp,V3-INTERNAL-SHADOW-MVP-2026-08-22-R1-001,validation
G25-0609,2025,12,Purdue,Illinois,HOME,-24.188743,29.769592,-50.458334,-49.0,L,GOVERNED_SYNTHETIC_CONTROL: 2025 Synthetic Season LOCKED v3.xlsx sha256=77bb6ecf48e805b62b8af238bbf7b3534330df0405b8a170e48bb5c234d532ba via Power_Crunch_Research_Lab_Phase5D_WalkForward_Package.zip; corpus self-declares SCHEDULE SYNTHETIC / SCORES SIMULATED; authorised for MVP_CONTROL_CALIBRATION_ONLY by R-V3-MVP-CONTROL-CORPUS-01,2025-11-15,2026-08-22,3.0.0-internal-shadow-mvp,V3-INTERNAL-SHADOW-MVP-2026-08-22-R1-001,validation
G25-0609,2025,12,Illinois,Purdue,AWAY,29.769592,-24.188743,50.458334,49.0,W,GOVERNED_SYNTHETIC_CONTROL: 2025 Synthetic Season LOCKED v3.xlsx sha256=77bb6ecf48e805b62b8af238bbf7b3534330df0405b8a170e48bb5c234d532ba via Power_Crunch_Research_Lab_Phase5D_WalkForward_Package.zip; corpus self-declares SCHEDULE SYNTHETIC / SCORES SIMULATED; authorised for MVP_CONTROL_CALIBRATION_ONLY by R-V3-MVP-CONTROL-CORPUS-01,2025-11-15,2026-08-22,3.0.0-internal-shadow-mvp,V3-INTERNAL-SHADOW-MVP-2026-08-22-R1-001,validation
G25-0610,2025,12,Rutgers,Maryland,HOME,-21.817936,-8.939408,-9.378528,-8.0,L,GOVERNED_SYNTHETIC_CONTROL: 2025 Synthetic Season LOCKED v3.xlsx sha256=77bb6ecf48e805b62b8af238bbf7b3534330df0405b8a170e48bb5c234d532ba via Power_Crunch_Research_Lab_Phase5D_WalkForward_Package.zip; corpus self-declares SCHEDULE SYNTHETIC / SCORES SIMULATED; authorised for MVP_CONTROL_CALIBRATION_ONLY by R-V3-MVP-CONTROL-CORPUS-01,2025-11-15,2026-08-22,3.0.0-internal-shadow-mvp,V3-INTERNAL-SHADOW-MVP-2026-08-22-R1-001,validation
G25-0610,2025,12,Maryland,Rutgers,AWAY,-8.939408,-21.817936,9.378528,8.0,W,GOVERNED_SYNTHETIC_CONTROL: 2025 Synthetic Season LOCKED v3.xlsx sha256=77bb6ecf48e805b62b8af238bbf7b3534330df0405b8a170e48bb5c234d532ba via Power_Crunch_Research_Lab_Phase5D_WalkForward_Package.zip; corpus self-declares SCHEDULE SYNTHETIC / SCORES SIMULATED; authorised for MVP_CONTROL_CALIBRATION_ONLY by R-V3-MVP-CONTROL-CORPUS-01,2025-11-15,2026-08-22,3.0.0-internal-shadow-mvp,V3-INTERNAL-SHADOW-MVP-2026-08-22-R1-001,validation
G25-0611,2025,12,SMU,Wake Forest,HOME,5.627074,2.692705,6.434369,1.0,W,GOVERNED_SYNTHETIC_CONTROL: 2025 Synthetic Season LOCKED v3.xlsx sha256=77bb6ecf48e805b62b8af238bbf7b3534330df0405b8a170e48bb5c234d532ba via Power_Crunch_Research_Lab_Phase5D_WalkForward_Package.zip; corpus self-declares SCHEDULE SYNTHETIC / SCORES SIMULATED; authorised for MVP_CONTROL_CALIBRATION_ONLY by R-V3-MVP-CONTROL-CORPUS-01,2025-11-15,2026-08-22,3.0.0-internal-shadow-mvp,V3-INTERNAL-SHADOW-MVP-2026-08-22-R1-001,validation
G25-0611,2025,12,Wake Forest,SMU,AWAY,2.692705,5.627074,-6.434369,-1.0,L,GOVERNED_SYNTHETIC_CONTROL: 2025 Synthetic Season LOCKED v3.xlsx sha256=77bb6ecf48e805b62b8af238bbf7b3534330df0405b8a170e48bb5c234d532ba via Power_Crunch_Research_Lab_Phase5D_WalkForward_Package.zip; corpus self-declares SCHEDULE SYNTHETIC / SCORES SIMULATED; authorised for MVP_CONTROL_CALIBRATION_ONLY by R-V3-MVP-CONTROL-CORPUS-01,2025-11-15,2026-08-22,3.0.0-internal-shadow-mvp,V3-INTERNAL-SHADOW-MVP-2026-08-22-R1-001,validation
G25-0612,2025,12,Stanford,UAB,HOME,-11.680399,-13.483982,5.303582,22.0,W,GOVERNED_SYNTHETIC_CONTROL: 2025 Synthetic Season LOCKED v3.xlsx sha256=77bb6ecf48e805b62b8af238bbf7b3534330df0405b8a170e48bb5c234d532ba via Power_Crunch_Research_Lab_Phase5D_WalkForward_Package.zip; corpus self-declares SCHEDULE SYNTHETIC / SCORES SIMULATED; authorised for MVP_CONTROL_CALIBRATION_ONLY by R-V3-MVP-CONTROL-CORPUS-01,2025-11-15,2026-08-22,3.0.0-internal-shadow-mvp,V3-INTERNAL-SHADOW-MVP-2026-08-22-R1-001,validation
G25-0612,2025,12,UAB,Stanford,AWAY,-13.483982,-11.680399,-5.303582,-22.0,L,GOVERNED_SYNTHETIC_CONTROL: 2025 Synthetic Season LOCKED v3.xlsx sha256=77bb6ecf48e805b62b8af238bbf7b3534330df0405b8a170e48bb5c234d532ba via Power_Crunch_Research_Lab_Phase5D_WalkForward_Package.zip; corpus self-declares SCHEDULE SYNTHETIC / SCORES SIMULATED; authorised for MVP_CONTROL_CALIBRATION_ONLY by R-V3-MVP-CONTROL-CORPUS-01,2025-11-15,2026-08-22,3.0.0-internal-shadow-mvp,V3-INTERNAL-SHADOW-MVP-2026-08-22-R1-001,validation
G25-0613,2025,12,Temple,South Florida,HOME,-8.702687,-9.251598,4.048911,3.0,W,GOVERNED_SYNTHETIC_CONTROL: 2025 Synthetic Season LOCKED v3.xlsx sha256=77bb6ecf48e805b62b8af238bbf7b3534330df0405b8a170e48bb5c234d532ba via Power_Crunch_Research_Lab_Phase5D_WalkForward_Package.zip; corpus self-declares SCHEDULE SYNTHETIC / SCORES SIMULATED; authorised for MVP_CONTROL_CALIBRATION_ONLY by R-V3-MVP-CONTROL-CORPUS-01,2025-11-15,2026-08-22,3.0.0-internal-shadow-mvp,V3-INTERNAL-SHADOW-MVP-2026-08-22-R1-001,validation
G25-0613,2025,12,South Florida,Temple,AWAY,-9.251598,-8.702687,-4.048911,-3.0,L,GOVERNED_SYNTHETIC_CONTROL: 2025 Synthetic Season LOCKED v3.xlsx sha256=77bb6ecf48e805b62b8af238bbf7b3534330df0405b8a170e48bb5c234d532ba via Power_Crunch_Research_Lab_Phase5D_WalkForward_Package.zip; corpus self-declares SCHEDULE SYNTHETIC / SCORES SIMULATED; authorised for MVP_CONTROL_CALIBRATION_ONLY by R-V3-MVP-CONTROL-CORPUS-01,2025-11-15,2026-08-22,3.0.0-internal-shadow-mvp,V3-INTERNAL-SHADOW-MVP-2026-08-22-R1-001,validation
G25-0614,2025,12,Tennessee,Arizona,HOME,21.463069,20.025762,4.937307,29.0,W,GOVERNED_SYNTHETIC_CONTROL: 2025 Synthetic Season LOCKED v3.xlsx sha256=77bb6ecf48e805b62b8af238bbf7b3534330df0405b8a170e48bb5c234d532ba via Power_Crunch_Research_Lab_Phase5D_WalkForward_Package.zip; corpus self-declares SCHEDULE SYNTHETIC / SCORES SIMULATED; authorised for MVP_CONTROL_CALIBRATION_ONLY by R-V3-MVP-CONTROL-CORPUS-01,2025-11-15,2026-08-22,3.0.0-internal-shadow-mvp,V3-INTERNAL-SHADOW-MVP-2026-08-22-R1-001,validation
G25-0614,2025,12,Arizona,Tennessee,AWAY,20.025762,21.463069,-4.937307,-29.0,L,GOVERNED_SYNTHETIC_CONTROL: 2025 Synthetic Season LOCKED v3.xlsx sha256=77bb6ecf48e805b62b8af238bbf7b3534330df0405b8a170e48bb5c234d532ba via Power_Crunch_Research_Lab_Phase5D_WalkForward_Package.zip; corpus self-declares SCHEDULE SYNTHETIC / SCORES SIMULATED; authorised for MVP_CONTROL_CALIBRATION_ONLY by R-V3-MVP-CONTROL-CORPUS-01,2025-11-15,2026-08-22,3.0.0-internal-shadow-mvp,V3-INTERNAL-SHADOW-MVP-2026-08-22-R1-001,validation
G25-0615,2025,12,Texas A&M,Arizona State,HOME,49.758752,-8.427974,61.686727,71.0,W,GOVERNED_SYNTHETIC_CONTROL: 2025 Synthetic Season LOCKED v3.xlsx sha256=77bb6ecf48e805b62b8af238bbf7b3534330df0405b8a170e48bb5c234d532ba via Power_Crunch_Research_Lab_Phase5D_WalkForward_Package.zip; corpus self-declares SCHEDULE SYNTHETIC / SCORES SIMULATED; authorised for MVP_CONTROL_CALIBRATION_ONLY by R-V3-MVP-CONTROL-CORPUS-01,2025-11-15,2026-08-22,3.0.0-internal-shadow-mvp,V3-INTERNAL-SHADOW-MVP-2026-08-22-R1-001,validation
G25-0615,2025,12,Arizona State,Texas A&M,AWAY,-8.427974,49.758752,-61.686727,-71.0,L,GOVERNED_SYNTHETIC_CONTROL: 2025 Synthetic Season LOCKED v3.xlsx sha256=77bb6ecf48e805b62b8af238bbf7b3534330df0405b8a170e48bb5c234d532ba via Power_Crunch_Research_Lab_Phase5D_WalkForward_Package.zip; corpus self-declares SCHEDULE SYNTHETIC / SCORES SIMULATED; authorised for MVP_CONTROL_CALIBRATION_ONLY by R-V3-MVP-CONTROL-CORPUS-01,2025-11-15,2026-08-22,3.0.0-internal-shadow-mvp,V3-INTERNAL-SHADOW-MVP-2026-08-22-R1-001,validation
G25-0616,2025,12,Texas Tech,UNLV,HOME,47.170257,-24.874506,75.544763,36.0,W,GOVERNED_SYNTHETIC_CONTROL: 2025 Synthetic Season LOCKED v3.xlsx sha256=77bb6ecf48e805b62b8af238bbf7b3534330df0405b8a170e48bb5c234d532ba via Power_Crunch_Research_Lab_Phase5D_WalkForward_Package.zip; corpus self-declares SCHEDULE SYNTHETIC / SCORES SIMULATED; authorised for MVP_CONTROL_CALIBRATION_ONLY by R-V3-MVP-CONTROL-CORPUS-01,2025-11-15,2026-08-22,3.0.0-internal-shadow-mvp,V3-INTERNAL-SHADOW-MVP-2026-08-22-R1-001,validation
G25-0616,2025,12,UNLV,Texas Tech,AWAY,-24.874506,47.170257,-75.544763,-36.0,L,GOVERNED_SYNTHETIC_CONTROL: 2025 Synthetic Season LOCKED v3.xlsx sha256=77bb6ecf48e805b62b8af238bbf7b3534330df0405b8a170e48bb5c234d532ba via Power_Crunch_Research_Lab_Phase5D_WalkForward_Package.zip; corpus self-declares SCHEDULE SYNTHETIC / SCORES SIMULATED; authorised for MVP_CONTROL_CALIBRATION_ONLY by R-V3-MVP-CONTROL-CORPUS-01,2025-11-15,2026-08-22,3.0.0-internal-shadow-mvp,V3-INTERNAL-SHADOW-MVP-2026-08-22-R1-001,validation
G25-0617,2025,12,UCF,Troy,HOME,-7.69343,-7.401136,3.207706,9.0,W,GOVERNED_SYNTHETIC_CONTROL: 2025 Synthetic Season LOCKED v3.xlsx sha256=77bb6ecf48e805b62b8af238bbf7b3534330df0405b8a170e48bb5c234d532ba via Power_Crunch_Research_Lab_Phase5D_WalkForward_Package.zip; corpus self-declares SCHEDULE SYNTHETIC / SCORES SIMULATED; authorised for MVP_CONTROL_CALIBRATION_ONLY by R-V3-MVP-CONTROL-CORPUS-01,2025-11-15,2026-08-22,3.0.0-internal-shadow-mvp,V3-INTERNAL-SHADOW-MVP-2026-08-22-R1-001,validation
G25-0617,2025,12,Troy,UCF,AWAY,-7.401136,-7.69343,-3.207706,-9.0,L,GOVERNED_SYNTHETIC_CONTROL: 2025 Synthetic Season LOCKED v3.xlsx sha256=77bb6ecf48e805b62b8af238bbf7b3534330df0405b8a170e48bb5c234d532ba via Power_Crunch_Research_Lab_Phase5D_WalkForward_Package.zip; corpus self-declares SCHEDULE SYNTHETIC / SCORES SIMULATED; authorised for MVP_CONTROL_CALIBRATION_ONLY by R-V3-MVP-CONTROL-CORPUS-01,2025-11-15,2026-08-22,3.0.0-internal-shadow-mvp,V3-INTERNAL-SHADOW-MVP-2026-08-22-R1-001,validation
G25-0618,2025,12,UCLA,TCU,HOME,-21.854887,15.808717,-34.163604,-19.0,L,GOVERNED_SYNTHETIC_CONTROL: 2025 Synthetic Season LOCKED v3.xlsx sha256=77bb6ecf48e805b62b8af238bbf7b3534330df0405b8a170e48bb5c234d532ba via Power_Crunch_Research_Lab_Phase5D_WalkForward_Package.zip; corpus self-declares SCHEDULE SYNTHETIC / SCORES SIMULATED; authorised for MVP_CONTROL_CALIBRATION_ONLY by R-V3-MVP-CONTROL-CORPUS-01,2025-11-15,2026-08-22,3.0.0-internal-shadow-mvp,V3-INTERNAL-SHADOW-MVP-2026-08-22-R1-001,validation
G25-0618,2025,12,TCU,UCLA,AWAY,15.808717,-21.854887,34.163604,19.0,W,GOVERNED_SYNTHETIC_CONTROL: 2025 Synthetic Season LOCKED v3.xlsx sha256=77bb6ecf48e805b62b8af238bbf7b3534330df0405b8a170e48bb5c234d532ba via Power_Crunch_Research_Lab_Phase5D_WalkForward_Package.zip; corpus self-declares SCHEDULE SYNTHETIC / SCORES SIMULATED; authorised for MVP_CONTROL_CALIBRATION_ONLY by R-V3-MVP-CONTROL-CORPUS-01,2025-11-15,2026-08-22,3.0.0-internal-shadow-mvp,V3-INTERNAL-SHADOW-MVP-2026-08-22-R1-001,validation
G25-0619,2025,12,UConn,Notre Dame,HOME,3.9059,34.315266,-26.909365,-40.0,L,GOVERNED_SYNTHETIC_CONTROL: 2025 Synthetic Season LOCKED v3.xlsx sha256=77bb6ecf48e805b62b8af238bbf7b3534330df0405b8a170e48bb5c234d532ba via Power_Crunch_Research_Lab_Phase5D_WalkForward_Package.zip; corpus self-declares SCHEDULE SYNTHETIC / SCORES SIMULATED; authorised for MVP_CONTROL_CALIBRATION_ONLY by R-V3-MVP-CONTROL-CORPUS-01,2025-11-15,2026-08-22,3.0.0-internal-shadow-mvp,V3-INTERNAL-SHADOW-MVP-2026-08-22-R1-001,validation
G25-0619,2025,12,Notre Dame,UConn,AWAY,34.315266,3.9059,26.909365,40.0,W,GOVERNED_SYNTHETIC_CONTROL: 2025 Synthetic Season LOCKED v3.xlsx sha256=77bb6ecf48e805b62b8af238bbf7b3534330df0405b8a170e48bb5c234d532ba via Power_Crunch_Research_Lab_Phase5D_WalkForward_Package.zip; corpus self-declares SCHEDULE SYNTHETIC / SCORES SIMULATED; authorised for MVP_CONTROL_CALIBRATION_ONLY by R-V3-MVP-CONTROL-CORPUS-01,2025-11-15,2026-08-22,3.0.0-internal-shadow-mvp,V3-INTERNAL-SHADOW-MVP-2026-08-22-R1-001,validation
G25-0620,2025,12,Vanderbilt,Arkansas,HOME,34.115803,-18.069205,55.685008,31.0,W,GOVERNED_SYNTHETIC_CONTROL: 2025 Synthetic Season LOCKED v3.xlsx sha256=77bb6ecf48e805b62b8af238bbf7b3534330df0405b8a170e48bb5c234d532ba via Power_Crunch_Research_Lab_Phase5D_WalkForward_Package.zip; corpus self-declares SCHEDULE SYNTHETIC / SCORES SIMULATED; authorised for MVP_CONTROL_CALIBRATION_ONLY by R-V3-MVP-CONTROL-CORPUS-01,2025-11-15,2026-08-22,3.0.0-internal-shadow-mvp,V3-INTERNAL-SHADOW-MVP-2026-08-22-R1-001,validation
G25-0620,2025,12,Arkansas,Vanderbilt,AWAY,-18.069205,34.115803,-55.685008,-31.0,L,GOVERNED_SYNTHETIC_CONTROL: 2025 Synthetic Season LOCKED v3.xlsx sha256=77bb6ecf48e805b62b8af238bbf7b3534330df0405b8a170e48bb5c234d532ba via Power_Crunch_Research_Lab_Phase5D_WalkForward_Package.zip; corpus self-declares SCHEDULE SYNTHETIC / SCORES SIMULATED; authorised for MVP_CONTROL_CALIBRATION_ONLY by R-V3-MVP-CONTROL-CORPUS-01,2025-11-15,2026-08-22,3.0.0-internal-shadow-mvp,V3-INTERNAL-SHADOW-MVP-2026-08-22-R1-001,validation
G25-0621,2025,12,Wisconsin,Indiana,HOME,-16.006812,45.60837,-58.115181,-51.0,L,GOVERNED_SYNTHETIC_CONTROL: 2025 Synthetic Season LOCKED v3.xlsx sha256=77bb6ecf48e805b62b8af238bbf7b3534330df0405b8a170e48bb5c234d532ba via Power_Crunch_Research_Lab_Phase5D_WalkForward_Package.zip; corpus self-declares SCHEDULE SYNTHETIC / SCORES SIMULATED; authorised for MVP_CONTROL_CALIBRATION_ONLY by R-V3-MVP-CONTROL-CORPUS-01,2025-11-15,2026-08-22,3.0.0-internal-shadow-mvp,V3-INTERNAL-SHADOW-MVP-2026-08-22-R1-001,validation
G25-0621,2025,12,Indiana,Wisconsin,AWAY,45.60837,-16.006812,58.115181,51.0,W,GOVERNED_SYNTHETIC_CONTROL: 2025 Synthetic Season LOCKED v3.xlsx sha256=77bb6ecf48e805b62b8af238bbf7b3534330df0405b8a170e48bb5c234d532ba via Power_Crunch_Research_Lab_Phase5D_WalkForward_Package.zip; corpus self-declares SCHEDULE SYNTHETIC / SCORES SIMULATED; authorised for MVP_CONTROL_CALIBRATION_ONLY by R-V3-MVP-CONTROL-CORPUS-01,2025-11-15,2026-08-22,3.0.0-internal-shadow-mvp,V3-INTERNAL-SHADOW-MVP-2026-08-22-R1-001,validation
G25-0622,2025,12,Wyoming,Nevada,HOME,-12.019351,-18.648063,10.128712,-17.0,L,GOVERNED_SYNTHETIC_CONTROL: 2025 Synthetic Season LOCKED v3.xlsx sha256=77bb6ecf48e805b62b8af238bbf7b3534330df0405b8a170e48bb5c234d532ba via Power_Crunch_Research_Lab_Phase5D_WalkForward_Package.zip; corpus self-declares SCHEDULE SYNTHETIC / SCORES SIMULATED; authorised for MVP_CONTROL_CALIBRATION_ONLY by R-V3-MVP-CONTROL-CORPUS-01,2025-11-15,2026-08-22,3.0.0-internal-shadow-mvp,V3-INTERNAL-SHADOW-MVP-2026-08-22-R1-001,validation
G25-0622,2025,12,Nevada,Wyoming,AWAY,-18.648063,-12.019351,-10.128712,17.0,W,GOVERNED_SYNTHETIC_CONTROL: 2025 Synthetic Season LOCKED v3.xlsx sha256=77bb6ecf48e805b62b8af238bbf7b3534330df0405b8a170e48bb5c234d532ba via Power_Crunch_Research_Lab_Phase5D_WalkForward_Package.zip; corpus self-declares SCHEDULE SYNTHETIC / SCORES SIMULATED; authorised for MVP_CONTROL_CALIBRATION_ONLY by R-V3-MVP-CONTROL-CORPUS-01,2025-11-15,2026-08-22,3.0.0-internal-shadow-mvp,V3-INTERNAL-SHADOW-MVP-2026-08-22-R1-001,validation
G25-0623,2025,12,Yale,Holy Cross,HOME,-17.115816,-9.776708,-3.839109,-16.0,L,GOVERNED_SYNTHETIC_CONTROL: 2025 Synthetic Season LOCKED v3.xlsx sha256=77bb6ecf48e805b62b8af238bbf7b3534330df0405b8a170e48bb5c234d532ba via Power_Crunch_Research_Lab_Phase5D_WalkForward_Package.zip; corpus self-declares SCHEDULE SYNTHETIC / SCORES SIMULATED; authorised for MVP_CONTROL_CALIBRATION_ONLY by R-V3-MVP-CONTROL-CORPUS-01,2025-11-15,2026-08-22,3.0.0-internal-shadow-mvp,V3-INTERNAL-SHADOW-MVP-2026-08-22-R1-001,validation
G25-0623,2025,12,Holy Cross,Yale,AWAY,-9.776708,-17.115816,3.839109,16.0,W,GOVERNED_SYNTHETIC_CONTROL: 2025 Synthetic Season LOCKED v3.xlsx sha256=77bb6ecf48e805b62b8af238bbf7b3534330df0405b8a170e48bb5c234d532ba via Power_Crunch_Research_Lab_Phase5D_WalkForward_Package.zip; corpus self-declares SCHEDULE SYNTHETIC / SCORES SIMULATED; authorised for MVP_CONTROL_CALIBRATION_ONLY by R-V3-MVP-CONTROL-CORPUS-01,2025-11-15,2026-08-22,3.0.0-internal-shadow-mvp,V3-INTERNAL-SHADOW-MVP-2026-08-22-R1-001,validation
G25-0624,2025,13,Air Force,Buffalo,HOME,-22.158407,-19.980917,1.322509,-14.0,L,GOVERNED_SYNTHETIC_CONTROL: 2025 Synthetic Season LOCKED v3.xlsx sha256=77bb6ecf48e805b62b8af238bbf7b3534330df0405b8a170e48bb5c234d532ba via Power_Crunch_Research_Lab_Phase5D_WalkForward_Package.zip; corpus self-declares SCHEDULE SYNTHETIC / SCORES SIMULATED; authorised for MVP_CONTROL_CALIBRATION_ONLY by R-V3-MVP-CONTROL-CORPUS-01,2025-11-22,2026-08-22,3.0.0-internal-shadow-mvp,V3-INTERNAL-SHADOW-MVP-2026-08-22-R1-001,holdout
G25-0624,2025,13,Buffalo,Air Force,AWAY,-19.980917,-22.158407,-1.322509,14.0,W,GOVERNED_SYNTHETIC_CONTROL: 2025 Synthetic Season LOCKED v3.xlsx sha256=77bb6ecf48e805b62b8af238bbf7b3534330df0405b8a170e48bb5c234d532ba via Power_Crunch_Research_Lab_Phase5D_WalkForward_Package.zip; corpus self-declares SCHEDULE SYNTHETIC / SCORES SIMULATED; authorised for MVP_CONTROL_CALIBRATION_ONLY by R-V3-MVP-CONTROL-CORPUS-01,2025-11-22,2026-08-22,3.0.0-internal-shadow-mvp,V3-INTERNAL-SHADOW-MVP-2026-08-22-R1-001,holdout
G25-0625,2025,13,Alabama,Oklahoma,HOME,50.430892,39.969918,13.960974,9.0,W,GOVERNED_SYNTHETIC_CONTROL: 2025 Synthetic Season LOCKED v3.xlsx sha256=77bb6ecf48e805b62b8af238bbf7b3534330df0405b8a170e48bb5c234d532ba via Power_Crunch_Research_Lab_Phase5D_WalkForward_Package.zip; corpus self-declares SCHEDULE SYNTHETIC / SCORES SIMULATED; authorised for MVP_CONTROL_CALIBRATION_ONLY by R-V3-MVP-CONTROL-CORPUS-01,2025-11-22,2026-08-22,3.0.0-internal-shadow-mvp,V3-INTERNAL-SHADOW-MVP-2026-08-22-R1-001,holdout
G25-0625,2025,13,Oklahoma,Alabama,AWAY,39.969918,50.430892,-13.960974,-9.0,L,GOVERNED_SYNTHETIC_CONTROL: 2025 Synthetic Season LOCKED v3.xlsx sha256=77bb6ecf48e805b62b8af238bbf7b3534330df0405b8a170e48bb5c234d532ba via Power_Crunch_Research_Lab_Phase5D_WalkForward_Package.zip; corpus self-declares SCHEDULE SYNTHETIC / SCORES SIMULATED; authorised for MVP_CONTROL_CALIBRATION_ONLY by R-V3-MVP-CONTROL-CORPUS-01,2025-11-22,2026-08-22,3.0.0-internal-shadow-mvp,V3-INTERNAL-SHADOW-MVP-2026-08-22-R1-001,holdout
G25-0626,2025,13,Arkansas,Florida,HOME,-15.414805,-25.055365,13.14056,-5.0,L,GOVERNED_SYNTHETIC_CONTROL: 2025 Synthetic Season LOCKED v3.xlsx sha256=77bb6ecf48e805b62b8af238bbf7b3534330df0405b8a170e48bb5c234d532ba via Power_Crunch_Research_Lab_Phase5D_WalkForward_Package.zip; corpus self-declares SCHEDULE SYNTHETIC / SCORES SIMULATED; authorised for MVP_CONTROL_CALIBRATION_ONLY by R-V3-MVP-CONTROL-CORPUS-01,2025-11-22,2026-08-22,3.0.0-internal-shadow-mvp,V3-INTERNAL-SHADOW-MVP-2026-08-22-R1-001,holdout
G25-0626,2025,13,Florida,Arkansas,AWAY,-25.055365,-15.414805,-13.14056,5.0,W,GOVERNED_SYNTHETIC_CONTROL: 2025 Synthetic Season LOCKED v3.xlsx sha256=77bb6ecf48e805b62b8af238bbf7b3534330df0405b8a170e48bb5c234d532ba via Power_Crunch_Research_Lab_Phase5D_WalkForward_Package.zip; corpus self-declares SCHEDULE SYNTHETIC / SCORES SIMULATED; authorised for MVP_CONTROL_CALIBRATION_ONLY by R-V3-MVP-CONTROL-CORPUS-01,2025-11-22,2026-08-22,3.0.0-internal-shadow-mvp,V3-INTERNAL-SHADOW-MVP-2026-08-22-R1-001,holdout
G25-0627,2025,13,California,UConn,HOME,-14.783488,2.188564,-13.472053,-3.0,L,GOVERNED_SYNTHETIC_CONTROL: 2025 Synthetic Season LOCKED v3.xlsx sha256=77bb6ecf48e805b62b8af238bbf7b3534330df0405b8a170e48bb5c234d532ba via Power_Crunch_Research_Lab_Phase5D_WalkForward_Package.zip; corpus self-declares SCHEDULE SYNTHETIC / SCORES SIMULATED; authorised for MVP_CONTROL_CALIBRATION_ONLY by R-V3-MVP-CONTROL-CORPUS-01,2025-11-22,2026-08-22,3.0.0-internal-shadow-mvp,V3-INTERNAL-SHADOW-MVP-2026-08-22-R1-001,holdout
G25-0627,2025,13,UConn,California,AWAY,2.188564,-14.783488,13.472053,3.0,W,GOVERNED_SYNTHETIC_CONTROL: 2025 Synthetic Season LOCKED v3.xlsx sha256=77bb6ecf48e805b62b8af238bbf7b3534330df0405b8a170e48bb5c234d532ba via Power_Crunch_Research_Lab_Phase5D_WalkForward_Package.zip; corpus self-declares SCHEDULE SYNTHETIC / SCORES SIMULATED; authorised for MVP_CONTROL_CALIBRATION_ONLY by R-V3-MVP-CONTROL-CORPUS-01,2025-11-22,2026-08-22,3.0.0-internal-shadow-mvp,V3-INTERNAL-SHADOW-MVP-2026-08-22-R1-001,holdout
G25-0628,2025,13,Cincinnati,UCF,HOME,4.195784,-6.862242,14.558026,20.0,W,GOVERNED_SYNTHETIC_CONTROL: 2025 Synthetic Season LOCKED v3.xlsx sha256=77bb6ecf48e805b62b8af238bbf7b3534330df0405b8a170e48bb5c234d532ba via Power_Crunch_Research_Lab_Phase5D_WalkForward_Package.zip; corpus self-declares SCHEDULE SYNTHETIC / SCORES SIMULATED; authorised for MVP_CONTROL_CALIBRATION_ONLY by R-V3-MVP-CONTROL-CORPUS-01,2025-11-22,2026-08-22,3.0.0-internal-shadow-mvp,V3-INTERNAL-SHADOW-MVP-2026-08-22-R1-001,holdout
G25-0628,2025,13,UCF,Cincinnati,AWAY,-6.862242,4.195784,-14.558026,-20.0,L,GOVERNED_SYNTHETIC_CONTROL: 2025 Synthetic Season LOCKED v3.xlsx sha256=77bb6ecf48e805b62b8af238bbf7b3534330df0405b8a170e48bb5c234d532ba via Power_Crunch_Research_Lab_Phase5D_WalkForward_Package.zip; corpus self-declares SCHEDULE SYNTHETIC / SCORES SIMULATED; authorised for MVP_CONTROL_CALIBRATION_ONLY by R-V3-MVP-CONTROL-CORPUS-01,2025-11-22,2026-08-22,3.0.0-internal-shadow-mvp,V3-INTERNAL-SHADOW-MVP-2026-08-22-R1-001,holdout
G25-0629,2025,13,Clemson,Virginia Tech,HOME,-7.350161,-12.670156,8.819995,-1.0,L,GOVERNED_SYNTHETIC_CONTROL: 2025 Synthetic Season LOCKED v3.xlsx sha256=77bb6ecf48e805b62b8af238bbf7b3534330df0405b8a170e48bb5c234d532ba via Power_Crunch_Research_Lab_Phase5D_WalkForward_Package.zip; corpus self-declares SCHEDULE SYNTHETIC / SCORES SIMULATED; authorised for MVP_CONTROL_CALIBRATION_ONLY by R-V3-MVP-CONTROL-CORPUS-01,2025-11-22,2026-08-22,3.0.0-internal-shadow-mvp,V3-INTERNAL-SHADOW-MVP-2026-08-22-R1-001,holdout
G25-0629,2025,13,Virginia Tech,Clemson,AWAY,-12.670156,-7.350161,-8.819995,1.0,W,GOVERNED_SYNTHETIC_CONTROL: 2025 Synthetic Season LOCKED v3.xlsx sha256=77bb6ecf48e805b62b8af238bbf7b3534330df0405b8a170e48bb5c234d532ba via Power_Crunch_Research_Lab_Phase5D_WalkForward_Package.zip; corpus self-declares SCHEDULE SYNTHETIC / SCORES SIMULATED; authorised for MVP_CONTROL_CALIBRATION_ONLY by R-V3-MVP-CONTROL-CORPUS-01,2025-11-22,2026-08-22,3.0.0-internal-shadow-mvp,V3-INTERNAL-SHADOW-MVP-2026-08-22-R1-001,holdout
G25-0630,2025,13,Colorado State,San Diego State,HOME,-16.728385,-1.387662,-11.840722,10.0,W,GOVERNED_SYNTHETIC_CONTROL: 2025 Synthetic Season LOCKED v3.xlsx sha256=77bb6ecf48e805b62b8af238bbf7b3534330df0405b8a170e48bb5c234d532ba via Power_Crunch_Research_Lab_Phase5D_WalkForward_Package.zip; corpus self-declares SCHEDULE SYNTHETIC / SCORES SIMULATED; authorised for MVP_CONTROL_CALIBRATION_ONLY by R-V3-MVP-CONTROL-CORPUS-01,2025-11-22,2026-08-22,3.0.0-internal-shadow-mvp,V3-INTERNAL-SHADOW-MVP-2026-08-22-R1-001,holdout
G25-0630,2025,13,San Diego State,Colorado State,AWAY,-1.387662,-16.728385,11.840722,-10.0,L,GOVERNED_SYNTHETIC_CONTROL: 2025 Synthetic Season LOCKED v3.xlsx sha256=77bb6ecf48e805b62b8af238bbf7b3534330df0405b8a170e48bb5c234d532ba via Power_Crunch_Research_Lab_Phase5D_WalkForward_Package.zip; corpus self-declares SCHEDULE SYNTHETIC / SCORES SIMULATED; authorised for MVP_CONTROL_CALIBRATION_ONLY by R-V3-MVP-CONTROL-CORPUS-01,2025-11-22,2026-08-22,3.0.0-internal-shadow-mvp,V3-INTERNAL-SHADOW-MVP-2026-08-22-R1-001,holdout
G25-0631,2025,13,Cornell,Colgate,HOME,-31.977071,-19.54813,-8.928941,6.0,W,GOVERNED_SYNTHETIC_CONTROL: 2025 Synthetic Season LOCKED v3.xlsx sha256=77bb6ecf48e805b62b8af238bbf7b3534330df0405b8a170e48bb5c234d532ba via Power_Crunch_Research_Lab_Phase5D_WalkForward_Package.zip; corpus self-declares SCHEDULE SYNTHETIC / SCORES SIMULATED; authorised for MVP_CONTROL_CALIBRATION_ONLY by R-V3-MVP-CONTROL-CORPUS-01,2025-11-22,2026-08-22,3.0.0-internal-shadow-mvp,V3-INTERNAL-SHADOW-MVP-2026-08-22-R1-001,holdout
G25-0631,2025,13,Colgate,Cornell,AWAY,-19.54813,-31.977071,8.928941,-6.0,L,GOVERNED_SYNTHETIC_CONTROL: 2025 Synthetic Season LOCKED v3.xlsx sha256=77bb6ecf48e805b62b8af238bbf7b3534330df0405b8a170e48bb5c234d532ba via Power_Crunch_Research_Lab_Phase5D_WalkForward_Package.zip; corpus self-declares SCHEDULE SYNTHETIC / SCORES SIMULATED; authorised for MVP_CONTROL_CALIBRATION_ONLY by R-V3-MVP-CONTROL-CORPUS-01,2025-11-22,2026-08-22,3.0.0-internal-shadow-mvp,V3-INTERNAL-SHADOW-MVP-2026-08-22-R1-001,holdout
G25-0632,2025,13,East Carolina,Florida Atlantic,HOME,-2.963778,-20.156101,20.692323,16.0,W,GOVERNED_SYNTHETIC_CONTROL: 2025 Synthetic Season LOCKED v3.xlsx sha256=77bb6ecf48e805b62b8af238bbf7b3534330df0405b8a170e48bb5c234d532ba via Power_Crunch_Research_Lab_Phase5D_WalkForward_Package.zip; corpus self-declares SCHEDULE SYNTHETIC / SCORES SIMULATED; authorised for MVP_CONTROL_CALIBRATION_ONLY by R-V3-MVP-CONTROL-CORPUS-01,2025-11-22,2026-08-22,3.0.0-internal-shadow-mvp,V3-INTERNAL-SHADOW-MVP-2026-08-22-R1-001,holdout
G25-0632,2025,13,Florida Atlantic,East Carolina,AWAY,-20.156101,-2.963778,-20.692323,-16.0,L,GOVERNED_SYNTHETIC_CONTROL: 2025 Synthetic Season LOCKED v3.xlsx sha256=77bb6ecf48e805b62b8af238bbf7b3534330df0405b8a170e48bb5c234d532ba via Power_Crunch_Research_Lab_Phase5D_WalkForward_Package.zip; corpus self-declares SCHEDULE SYNTHETIC / SCORES SIMULATED; authorised for MVP_CONTROL_CALIBRATION_ONLY by R-V3-MVP-CONTROL-CORPUS-01,2025-11-22,2026-08-22,3.0.0-internal-shadow-mvp,V3-INTERNAL-SHADOW-MVP-2026-08-22-R1-001,holdout
G25-0633,2025,13,Georgia Southern,Georgia Tech,HOME,-9.981024,23.513837,-29.994861,-5.0,L,GOVERNED_SYNTHETIC_CONTROL: 2025 Synthetic Season LOCKED v3.xlsx sha256=77bb6ecf48e805b62b8af238bbf7b3534330df0405b8a170e48bb5c234d532ba via Power_Crunch_Research_Lab_Phase5D_WalkForward_Package.zip; corpus self-declares SCHEDULE SYNTHETIC / SCORES SIMULATED; authorised for MVP_CONTROL_CALIBRATION_ONLY by R-V3-MVP-CONTROL-CORPUS-01,2025-11-22,2026-08-22,3.0.0-internal-shadow-mvp,V3-INTERNAL-SHADOW-MVP-2026-08-22-R1-001,holdout
G25-0633,2025,13,Georgia Tech,Georgia Southern,AWAY,23.513837,-9.981024,29.994861,5.0,W,GOVERNED_SYNTHETIC_CONTROL: 2025 Synthetic Season LOCKED v3.xlsx sha256=77bb6ecf48e805b62b8af238bbf7b3534330df0405b8a170e48bb5c234d532ba via Power_Crunch_Research_Lab_Phase5D_WalkForward_Package.zip; corpus self-declares SCHEDULE SYNTHETIC / SCORES SIMULATED; authorised for MVP_CONTROL_CALIBRATION_ONLY by R-V3-MVP-CONTROL-CORPUS-01,2025-11-22,2026-08-22,3.0.0-internal-shadow-mvp,V3-INTERNAL-SHADOW-MVP-2026-08-22-R1-001,holdout
G25-0634,2025,13,Georgia State,Middle Tennessee,HOME,-14.50737,-17.014705,6.007335,27.0,W,GOVERNED_SYNTHETIC_CONTROL: 2025 Synthetic Season LOCKED v3.xlsx sha256=77bb6ecf48e805b62b8af238bbf7b3534330df0405b8a170e48bb5c234d532ba via Power_Crunch_Research_Lab_Phase5D_WalkForward_Package.zip; corpus self-declares SCHEDULE SYNTHETIC / SCORES SIMULATED; authorised for MVP_CONTROL_CALIBRATION_ONLY by R-V3-MVP-CONTROL-CORPUS-01,2025-11-22,2026-08-22,3.0.0-internal-shadow-mvp,V3-INTERNAL-SHADOW-MVP-2026-08-22-R1-001,holdout
G25-0634,2025,13,Middle Tennessee,Georgia State,AWAY,-17.014705,-14.50737,-6.007335,-27.0,L,GOVERNED_SYNTHETIC_CONTROL: 2025 Synthetic Season LOCKED v3.xlsx sha256=77bb6ecf48e805b62b8af238bbf7b3534330df0405b8a170e48bb5c234d532ba via Power_Crunch_Research_Lab_Phase5D_WalkForward_Package.zip; corpus self-declares SCHEDULE SYNTHETIC / SCORES SIMULATED; authorised for MVP_CONTROL_CALIBRATION_ONLY by R-V3-MVP-CONTROL-CORPUS-01,2025-11-22,2026-08-22,3.0.0-internal-shadow-mvp,V3-INTERNAL-SHADOW-MVP-2026-08-22-R1-001,holdout
G25-0635,2025,13,Harvard,Notre Dame,HOME,-25.681333,36.809725,-58.991058,-42.0,L,GOVERNED_SYNTHETIC_CONTROL: 2025 Synthetic Season LOCKED v3.xlsx sha256=77bb6ecf48e805b62b8af238bbf7b3534330df0405b8a170e48bb5c234d532ba via Power_Crunch_Research_Lab_Phase5D_WalkForward_Package.zip; corpus self-declares SCHEDULE SYNTHETIC / SCORES SIMULATED; authorised for MVP_CONTROL_CALIBRATION_ONLY by R-V3-MVP-CONTROL-CORPUS-01,2025-11-22,2026-08-22,3.0.0-internal-shadow-mvp,V3-INTERNAL-SHADOW-MVP-2026-08-22-R1-001,holdout
G25-0635,2025,13,Notre Dame,Harvard,AWAY,36.809725,-25.681333,58.991058,42.0,W,GOVERNED_SYNTHETIC_CONTROL: 2025 Synthetic Season LOCKED v3.xlsx sha256=77bb6ecf48e805b62b8af238bbf7b3534330df0405b8a170e48bb5c234d532ba via Power_Crunch_Research_Lab_Phase5D_WalkForward_Package.zip; corpus self-declares SCHEDULE SYNTHETIC / SCORES SIMULATED; authorised for MVP_CONTROL_CALIBRATION_ONLY by R-V3-MVP-CONTROL-CORPUS-01,2025-11-22,2026-08-22,3.0.0-internal-shadow-mvp,V3-INTERNAL-SHADOW-MVP-2026-08-22-R1-001,holdout
G25-0636,2025,13,Hawaii,New Mexico,HOME,-7.7863,-13.577164,9.290864,-18.0,L,GOVERNED_SYNTHETIC_CONTROL: 2025 Synthetic Season LOCKED v3.xlsx sha256=77bb6ecf48e805b62b8af238bbf7b3534330df0405b8a170e48bb5c234d532ba via Power_Crunch_Research_Lab_Phase5D_WalkForward_Package.zip; corpus self-declares SCHEDULE SYNTHETIC / SCORES SIMULATED; authorised for MVP_CONTROL_CALIBRATION_ONLY by R-V3-MVP-CONTROL-CORPUS-01,2025-11-22,2026-08-22,3.0.0-internal-shadow-mvp,V3-INTERNAL-SHADOW-MVP-2026-08-22-R1-001,holdout
G25-0636,2025,13,New Mexico,Hawaii,AWAY,-13.577164,-7.7863,-9.290864,18.0,W,GOVERNED_SYNTHETIC_CONTROL: 2025 Synthetic Season LOCKED v3.xlsx sha256=77bb6ecf48e805b62b8af238bbf7b3534330df0405b8a170e48bb5c234d532ba via Power_Crunch_Research_Lab_Phase5D_WalkForward_Package.zip; corpus self-declares SCHEDULE SYNTHETIC / SCORES SIMULATED; authorised for MVP_CONTROL_CALIBRATION_ONLY by R-V3-MVP-CONTROL-CORPUS-01,2025-11-22,2026-08-22,3.0.0-internal-shadow-mvp,V3-INTERNAL-SHADOW-MVP-2026-08-22-R1-001,holdout
G25-0637,2025,13,Holy Cross,Oregon State,HOME,-8.634702,-16.825603,11.690901,32.0,W,GOVERNED_SYNTHETIC_CONTROL: 2025 Synthetic Season LOCKED v3.xlsx sha256=77bb6ecf48e805b62b8af238bbf7b3534330df0405b8a170e48bb5c234d532ba via Power_Crunch_Research_Lab_Phase5D_WalkForward_Package.zip; corpus self-declares SCHEDULE SYNTHETIC / SCORES SIMULATED; authorised for MVP_CONTROL_CALIBRATION_ONLY by R-V3-MVP-CONTROL-CORPUS-01,2025-11-22,2026-08-22,3.0.0-internal-shadow-mvp,V3-INTERNAL-SHADOW-MVP-2026-08-22-R1-001,holdout
G25-0637,2025,13,Oregon State,Holy Cross,AWAY,-16.825603,-8.634702,-11.690901,-32.0,L,GOVERNED_SYNTHETIC_CONTROL: 2025 Synthetic Season LOCKED v3.xlsx sha256=77bb6ecf48e805b62b8af238bbf7b3534330df0405b8a170e48bb5c234d532ba via Power_Crunch_Research_Lab_Phase5D_WalkForward_Package.zip; corpus self-declares SCHEDULE SYNTHETIC / SCORES SIMULATED; authorised for MVP_CONTROL_CALIBRATION_ONLY by R-V3-MVP-CONTROL-CORPUS-01,2025-11-22,2026-08-22,3.0.0-internal-shadow-mvp,V3-INTERNAL-SHADOW-MVP-2026-08-22-R1-001,holdout
G25-0638,2025,13,Houston,Michigan,HOME,27.385858,27.603822,3.282036,-34.0,L,GOVERNED_SYNTHETIC_CONTROL: 2025 Synthetic Season LOCKED v3.xlsx sha256=77bb6ecf48e805b62b8af238bbf7b3534330df0405b8a170e48bb5c234d532ba via Power_Crunch_Research_Lab_Phase5D_WalkForward_Package.zip; corpus self-declares SCHEDULE SYNTHETIC / SCORES SIMULATED; authorised for MVP_CONTROL_CALIBRATION_ONLY by R-V3-MVP-CONTROL-CORPUS-01,2025-11-22,2026-08-22,3.0.0-internal-shadow-mvp,V3-INTERNAL-SHADOW-MVP-2026-08-22-R1-001,holdout
G25-0638,2025,13,Michigan,Houston,AWAY,27.603822,27.385858,-3.282036,34.0,W,GOVERNED_SYNTHETIC_CONTROL: 2025 Synthetic Season LOCKED v3.xlsx sha256=77bb6ecf48e805b62b8af238bbf7b3534330df0405b8a170e48bb5c234d532ba via Power_Crunch_Research_Lab_Phase5D_WalkForward_Package.zip; corpus self-declares SCHEDULE SYNTHETIC / SCORES SIMULATED; authorised for MVP_CONTROL_CALIBRATION_ONLY by R-V3-MVP-CONTROL-CORPUS-01,2025-11-22,2026-08-22,3.0.0-internal-shadow-mvp,V3-INTERNAL-SHADOW-MVP-2026-08-22-R1-001,holdout
G25-0639,2025,13,Illinois,UTSA,HOME,30.674478,-19.417755,53.592233,44.0,W,GOVERNED_SYNTHETIC_CONTROL: 2025 Synthetic Season LOCKED v3.xlsx sha256=77bb6ecf48e805b62b8af238bbf7b3534330df0405b8a170e48bb5c234d532ba via Power_Crunch_Research_Lab_Phase5D_WalkForward_Package.zip; corpus self-declares SCHEDULE SYNTHETIC / SCORES SIMULATED; authorised for MVP_CONTROL_CALIBRATION_ONLY by R-V3-MVP-CONTROL-CORPUS-01,2025-11-22,2026-08-22,3.0.0-internal-shadow-mvp,V3-INTERNAL-SHADOW-MVP-2026-08-22-R1-001,holdout
G25-0639,2025,13,UTSA,Illinois,AWAY,-19.417755,30.674478,-53.592233,-44.0,L,GOVERNED_SYNTHETIC_CONTROL: 2025 Synthetic Season LOCKED v3.xlsx sha256=77bb6ecf48e805b62b8af238bbf7b3534330df0405b8a170e48bb5c234d532ba via Power_Crunch_Research_Lab_Phase5D_WalkForward_Package.zip; corpus self-declares SCHEDULE SYNTHETIC / SCORES SIMULATED; authorised for MVP_CONTROL_CALIBRATION_ONLY by R-V3-MVP-CONTROL-CORPUS-01,2025-11-22,2026-08-22,3.0.0-internal-shadow-mvp,V3-INTERNAL-SHADOW-MVP-2026-08-22-R1-001,holdout
G25-0640,2025,13,Indiana,Nebraska,HOME,46.248395,-10.480916,60.229311,48.0,W,GOVERNED_SYNTHETIC_CONTROL: 2025 Synthetic Season LOCKED v3.xlsx sha256=77bb6ecf48e805b62b8af238bbf7b3534330df0405b8a170e48bb5c234d532ba via Power_Crunch_Research_Lab_Phase5D_WalkForward_Package.zip; corpus self-declares SCHEDULE SYNTHETIC / SCORES SIMULATED; authorised for MVP_CONTROL_CALIBRATION_ONLY by R-V3-MVP-CONTROL-CORPUS-01,2025-11-22,2026-08-22,3.0.0-internal-shadow-mvp,V3-INTERNAL-SHADOW-MVP-2026-08-22-R1-001,holdout
G25-0640,2025,13,Nebraska,Indiana,AWAY,-10.480916,46.248395,-60.229311,-48.0,L,GOVERNED_SYNTHETIC_CONTROL: 2025 Synthetic Season LOCKED v3.xlsx sha256=77bb6ecf48e805b62b8af238bbf7b3534330df0405b8a170e48bb5c234d532ba via Power_Crunch_Research_Lab_Phase5D_WalkForward_Package.zip; corpus self-declares SCHEDULE SYNTHETIC / SCORES SIMULATED; authorised for MVP_CONTROL_CALIBRATION_ONLY by R-V3-MVP-CONTROL-CORPUS-01,2025-11-22,2026-08-22,3.0.0-internal-shadow-mvp,V3-INTERNAL-SHADOW-MVP-2026-08-22-R1-001,holdout
G25-0641,2025,13,Iowa State,Arizona State,HOME,-4.482732,-7.88949,6.906758,-4.0,L,GOVERNED_SYNTHETIC_CONTROL: 2025 Synthetic Season LOCKED v3.xlsx sha256=77bb6ecf48e805b62b8af238bbf7b3534330df0405b8a170e48bb5c234d532ba via Power_Crunch_Research_Lab_Phase5D_WalkForward_Package.zip; corpus self-declares SCHEDULE SYNTHETIC / SCORES SIMULATED; authorised for MVP_CONTROL_CALIBRATION_ONLY by R-V3-MVP-CONTROL-CORPUS-01,2025-11-22,2026-08-22,3.0.0-internal-shadow-mvp,V3-INTERNAL-SHADOW-MVP-2026-08-22-R1-001,holdout
G25-0641,2025,13,Arizona State,Iowa State,AWAY,-7.88949,-4.482732,-6.906758,4.0,W,GOVERNED_SYNTHETIC_CONTROL: 2025 Synthetic Season LOCKED v3.xlsx sha256=77bb6ecf48e805b62b8af238bbf7b3534330df0405b8a170e48bb5c234d532ba via Power_Crunch_Research_Lab_Phase5D_WalkForward_Package.zip; corpus self-declares SCHEDULE SYNTHETIC / SCORES SIMULATED; authorised for MVP_CONTROL_CALIBRATION_ONLY by R-V3-MVP-CONTROL-CORPUS-01,2025-11-22,2026-08-22,3.0.0-internal-shadow-mvp,V3-INTERNAL-SHADOW-MVP-2026-08-22-R1-001,holdout
G25-0642,2025,13,Kansas State,Baylor,HOME,-12.674612,-7.375973,-1.798638,-4.0,L,GOVERNED_SYNTHETIC_CONTROL: 2025 Synthetic Season LOCKED v3.xlsx sha256=77bb6ecf48e805b62b8af238bbf7b3534330df0405b8a170e48bb5c234d532ba via Power_Crunch_Research_Lab_Phase5D_WalkForward_Package.zip; corpus self-declares SCHEDULE SYNTHETIC / SCORES SIMULATED; authorised for MVP_CONTROL_CALIBRATION_ONLY by R-V3-MVP-CONTROL-CORPUS-01,2025-11-22,2026-08-22,3.0.0-internal-shadow-mvp,V3-INTERNAL-SHADOW-MVP-2026-08-22-R1-001,holdout
G25-0642,2025,13,Baylor,Kansas State,AWAY,-7.375973,-12.674612,1.798638,4.0,W,GOVERNED_SYNTHETIC_CONTROL: 2025 Synthetic Season LOCKED v3.xlsx sha256=77bb6ecf48e805b62b8af238bbf7b3534330df0405b8a170e48bb5c234d532ba via Power_Crunch_Research_Lab_Phase5D_WalkForward_Package.zip; corpus self-declares SCHEDULE SYNTHETIC / SCORES SIMULATED; authorised for MVP_CONTROL_CALIBRATION_ONLY by R-V3-MVP-CONTROL-CORPUS-01,2025-11-22,2026-08-22,3.0.0-internal-shadow-mvp,V3-INTERNAL-SHADOW-MVP-2026-08-22-R1-001,holdout
G25-0643,2025,13,LSU,Mississippi State,HOME,-4.609842,-1.928342,0.8185,9.0,W,GOVERNED_SYNTHETIC_CONTROL: 2025 Synthetic Season LOCKED v3.xlsx sha256=77bb6ecf48e805b62b8af238bbf7b3534330df0405b8a170e48bb5c234d532ba via Power_Crunch_Research_Lab_Phase5D_WalkForward_Package.zip; corpus self-declares SCHEDULE SYNTHETIC / SCORES SIMULATED; authorised for MVP_CONTROL_CALIBRATION_ONLY by R-V3-MVP-CONTROL-CORPUS-01,2025-11-22,2026-08-22,3.0.0-internal-shadow-mvp,V3-INTERNAL-SHADOW-MVP-2026-08-22-R1-001,holdout
G25-0643,2025,13,Mississippi State,LSU,AWAY,-1.928342,-4.609842,-0.8185,-9.0,L,GOVERNED_SYNTHETIC_CONTROL: 2025 Synthetic Season LOCKED v3.xlsx sha256=77bb6ecf48e805b62b8af238bbf7b3534330df0405b8a170e48bb5c234d532ba via Power_Crunch_Research_Lab_Phase5D_WalkForward_Package.zip; corpus self-declares SCHEDULE SYNTHETIC / SCORES SIMULATED; authorised for MVP_CONTROL_CALIBRATION_ONLY by R-V3-MVP-CONTROL-CORPUS-01,2025-11-22,2026-08-22,3.0.0-internal-shadow-mvp,V3-INTERNAL-SHADOW-MVP-2026-08-22-R1-001,holdout
G25-0644,2025,13,Maryland,Purdue,HOME,-8.107204,-22.471624,17.86442,-12.0,L,GOVERNED_SYNTHETIC_CONTROL: 2025 Synthetic Season LOCKED v3.xlsx sha256=77bb6ecf48e805b62b8af238bbf7b3534330df0405b8a170e48bb5c234d532ba via Power_Crunch_Research_Lab_Phase5D_WalkForward_Package.zip; corpus self-declares SCHEDULE SYNTHETIC / SCORES SIMULATED; authorised for MVP_CONTROL_CALIBRATION_ONLY by R-V3-MVP-CONTROL-CORPUS-01,2025-11-22,2026-08-22,3.0.0-internal-shadow-mvp,V3-INTERNAL-SHADOW-MVP-2026-08-22-R1-001,holdout
G25-0644,2025,13,Purdue,Maryland,AWAY,-22.471624,-8.107204,-17.86442,12.0,W,GOVERNED_SYNTHETIC_CONTROL: 2025 Synthetic Season LOCKED v3.xlsx sha256=77bb6ecf48e805b62b8af238bbf7b3534330df0405b8a170e48bb5c234d532ba via Power_Crunch_Research_Lab_Phase5D_WalkForward_Package.zip; corpus self-declares SCHEDULE SYNTHETIC / SCORES SIMULATED; authorised for MVP_CONTROL_CALIBRATION_ONLY by R-V3-MVP-CONTROL-CORPUS-01,2025-11-22,2026-08-22,3.0.0-internal-shadow-mvp,V3-INTERNAL-SHADOW-MVP-2026-08-22-R1-001,holdout
G25-0645,2025,13,Memphis,Louisiana Tech,HOME,-9.985239,-20.252984,13.767745,3.0,W,GOVERNED_SYNTHETIC_CONTROL: 2025 Synthetic Season LOCKED v3.xlsx sha256=77bb6ecf48e805b62b8af238bbf7b3534330df0405b8a170e48bb5c234d532ba via Power_Crunch_Research_Lab_Phase5D_WalkForward_Package.zip; corpus self-declares SCHEDULE SYNTHETIC / SCORES SIMULATED; authorised for MVP_CONTROL_CALIBRATION_ONLY by R-V3-MVP-CONTROL-CORPUS-01,2025-11-22,2026-08-22,3.0.0-internal-shadow-mvp,V3-INTERNAL-SHADOW-MVP-2026-08-22-R1-001,holdout
G25-0645,2025,13,Louisiana Tech,Memphis,AWAY,-20.252984,-9.985239,-13.767745,-3.0,L,GOVERNED_SYNTHETIC_CONTROL: 2025 Synthetic Season LOCKED v3.xlsx sha256=77bb6ecf48e805b62b8af238bbf7b3534330df0405b8a170e48bb5c234d532ba via Power_Crunch_Research_Lab_Phase5D_WalkForward_Package.zip; corpus self-declares SCHEDULE SYNTHETIC / SCORES SIMULATED; authorised for MVP_CONTROL_CALIBRATION_ONLY by R-V3-MVP-CONTROL-CORPUS-01,2025-11-22,2026-08-22,3.0.0-internal-shadow-mvp,V3-INTERNAL-SHADOW-MVP-2026-08-22-R1-001,holdout
G25-0646,2025,13,Miami,Syracuse,HOME,51.226733,-4.123499,58.850232,60.0,W,GOVERNED_SYNTHETIC_CONTROL: 2025 Synthetic Season LOCKED v3.xlsx sha256=77bb6ecf48e805b62b8af238bbf7b3534330df0405b8a170e48bb5c234d532ba via Power_Crunch_Research_Lab_Phase5D_WalkForward_Package.zip; corpus self-declares SCHEDULE SYNTHETIC / SCORES SIMULATED; authorised for MVP_CONTROL_CALIBRATION_ONLY by R-V3-MVP-CONTROL-CORPUS-01,2025-11-22,2026-08-22,3.0.0-internal-shadow-mvp,V3-INTERNAL-SHADOW-MVP-2026-08-22-R1-001,holdout
G25-0646,2025,13,Syracuse,Miami,AWAY,-4.123499,51.226733,-58.850232,-60.0,L,GOVERNED_SYNTHETIC_CONTROL: 2025 Synthetic Season LOCKED v3.xlsx sha256=77bb6ecf48e805b62b8af238bbf7b3534330df0405b8a170e48bb5c234d532ba via Power_Crunch_Research_Lab_Phase5D_WalkForward_Package.zip; corpus self-declares SCHEDULE SYNTHETIC / SCORES SIMULATED; authorised for MVP_CONTROL_CALIBRATION_ONLY by R-V3-MVP-CONTROL-CORPUS-01,2025-11-22,2026-08-22,3.0.0-internal-shadow-mvp,V3-INTERNAL-SHADOW-MVP-2026-08-22-R1-001,holdout
G25-0647,2025,13,Michigan State,South Carolina,HOME,-18.946382,-29.834162,14.38778,-2.0,L,GOVERNED_SYNTHETIC_CONTROL: 2025 Synthetic Season LOCKED v3.xlsx sha256=77bb6ecf48e805b62b8af238bbf7b3534330df0405b8a170e48bb5c234d532ba via Power_Crunch_Research_Lab_Phase5D_WalkForward_Package.zip; corpus self-declares SCHEDULE SYNTHETIC / SCORES SIMULATED; authorised for MVP_CONTROL_CALIBRATION_ONLY by R-V3-MVP-CONTROL-CORPUS-01,2025-11-22,2026-08-22,3.0.0-internal-shadow-mvp,V3-INTERNAL-SHADOW-MVP-2026-08-22-R1-001,holdout
G25-0647,2025,13,South Carolina,Michigan State,AWAY,-29.834162,-18.946382,-14.38778,2.0,W,GOVERNED_SYNTHETIC_CONTROL: 2025 Synthetic Season LOCKED v3.xlsx sha256=77bb6ecf48e805b62b8af238bbf7b3534330df0405b8a170e48bb5c234d532ba via Power_Crunch_Research_Lab_Phase5D_WalkForward_Package.zip; corpus self-declares SCHEDULE SYNTHETIC / SCORES SIMULATED; authorised for MVP_CONTROL_CALIBRATION_ONLY by R-V3-MVP-CONTROL-CORPUS-01,2025-11-22,2026-08-22,3.0.0-internal-shadow-mvp,V3-INTERNAL-SHADOW-MVP-2026-08-22-R1-001,holdout
G25-0648,2025,13,Missouri,Kentucky,HOME,6.88909,-8.256563,18.645653,11.0,W,GOVERNED_SYNTHETIC_CONTROL: 2025 Synthetic Season LOCKED v3.xlsx sha256=77bb6ecf48e805b62b8af238bbf7b3534330df0405b8a170e48bb5c234d532ba via Power_Crunch_Research_Lab_Phase5D_WalkForward_Package.zip; corpus self-declares SCHEDULE SYNTHETIC / SCORES SIMULATED; authorised for MVP_CONTROL_CALIBRATION_ONLY by R-V3-MVP-CONTROL-CORPUS-01,2025-11-22,2026-08-22,3.0.0-internal-shadow-mvp,V3-INTERNAL-SHADOW-MVP-2026-08-22-R1-001,holdout
G25-0648,2025,13,Kentucky,Missouri,AWAY,-8.256563,6.88909,-18.645653,-11.0,L,GOVERNED_SYNTHETIC_CONTROL: 2025 Synthetic Season LOCKED v3.xlsx sha256=77bb6ecf48e805b62b8af238bbf7b3534330df0405b8a170e48bb5c234d532ba via Power_Crunch_Research_Lab_Phase5D_WalkForward_Package.zip; corpus self-declares SCHEDULE SYNTHETIC / SCORES SIMULATED; authorised for MVP_CONTROL_CALIBRATION_ONLY by R-V3-MVP-CONTROL-CORPUS-01,2025-11-22,2026-08-22,3.0.0-internal-shadow-mvp,V3-INTERNAL-SHADOW-MVP-2026-08-22-R1-001,holdout
G25-0649,2025,13,NC State,Louisville,HOME,-4.307562,5.733915,-6.541477,6.0,W,GOVERNED_SYNTHETIC_CONTROL: 2025 Synthetic Season LOCKED v3.xlsx sha256=77bb6ecf48e805b62b8af238bbf7b3534330df0405b8a170e48bb5c234d532ba via Power_Crunch_Research_Lab_Phase5D_WalkForward_Package.zip; corpus self-declares SCHEDULE SYNTHETIC / SCORES SIMULATED; authorised for MVP_CONTROL_CALIBRATION_ONLY by R-V3-MVP-CONTROL-CORPUS-01,2025-11-22,2026-08-22,3.0.0-internal-shadow-mvp,V3-INTERNAL-SHADOW-MVP-2026-08-22-R1-001,holdout
G25-0649,2025,13,Louisville,NC State,AWAY,5.733915,-4.307562,6.541477,-6.0,L,GOVERNED_SYNTHETIC_CONTROL: 2025 Synthetic Season LOCKED v3.xlsx sha256=77bb6ecf48e805b62b8af238bbf7b3534330df0405b8a170e48bb5c234d532ba via Power_Crunch_Research_Lab_Phase5D_WalkForward_Package.zip; corpus self-declares SCHEDULE SYNTHETIC / SCORES SIMULATED; authorised for MVP_CONTROL_CALIBRATION_ONLY by R-V3-MVP-CONTROL-CORPUS-01,2025-11-22,2026-08-22,3.0.0-internal-shadow-mvp,V3-INTERNAL-SHADOW-MVP-2026-08-22-R1-001,holdout
G25-0650,2025,13,Navy,Tulane,HOME,11.713495,20.082154,-4.868658,9.0,W,GOVERNED_SYNTHETIC_CONTROL: 2025 Synthetic Season LOCKED v3.xlsx sha256=77bb6ecf48e805b62b8af238bbf7b3534330df0405b8a170e48bb5c234d532ba via Power_Crunch_Research_Lab_Phase5D_WalkForward_Package.zip; corpus self-declares SCHEDULE SYNTHETIC / SCORES SIMULATED; authorised for MVP_CONTROL_CALIBRATION_ONLY by R-V3-MVP-CONTROL-CORPUS-01,2025-11-22,2026-08-22,3.0.0-internal-shadow-mvp,V3-INTERNAL-SHADOW-MVP-2026-08-22-R1-001,holdout
G25-0650,2025,13,Tulane,Navy,AWAY,20.082154,11.713495,4.868658,-9.0,L,GOVERNED_SYNTHETIC_CONTROL: 2025 Synthetic Season LOCKED v3.xlsx sha256=77bb6ecf48e805b62b8af238bbf7b3534330df0405b8a170e48bb5c234d532ba via Power_Crunch_Research_Lab_Phase5D_WalkForward_Package.zip; corpus self-declares SCHEDULE SYNTHETIC / SCORES SIMULATED; authorised for MVP_CONTROL_CALIBRATION_ONLY by R-V3-MVP-CONTROL-CORPUS-01,2025-11-22,2026-08-22,3.0.0-internal-shadow-mvp,V3-INTERNAL-SHADOW-MVP-2026-08-22-R1-001,holdout
G25-0651,2025,13,Nevada,Fresno State,HOME,-13.87045,-16.788456,6.418006,-20.0,L,GOVERNED_SYNTHETIC_CONTROL: 2025 Synthetic Season LOCKED v3.xlsx sha256=77bb6ecf48e805b62b8af238bbf7b3534330df0405b8a170e48bb5c234d532ba via Power_Crunch_Research_Lab_Phase5D_WalkForward_Package.zip; corpus self-declares SCHEDULE SYNTHETIC / SCORES SIMULATED; authorised for MVP_CONTROL_CALIBRATION_ONLY by R-V3-MVP-CONTROL-CORPUS-01,2025-11-22,2026-08-22,3.0.0-internal-shadow-mvp,V3-INTERNAL-SHADOW-MVP-2026-08-22-R1-001,holdout
G25-0651,2025,13,Fresno State,Nevada,AWAY,-16.788456,-13.87045,-6.418006,20.0,W,GOVERNED_SYNTHETIC_CONTROL: 2025 Synthetic Season LOCKED v3.xlsx sha256=77bb6ecf48e805b62b8af238bbf7b3534330df0405b8a170e48bb5c234d532ba via Power_Crunch_Research_Lab_Phase5D_WalkForward_Package.zip; corpus self-declares SCHEDULE SYNTHETIC / SCORES SIMULATED; authorised for MVP_CONTROL_CALIBRATION_ONLY by R-V3-MVP-CONTROL-CORPUS-01,2025-11-22,2026-08-22,3.0.0-internal-shadow-mvp,V3-INTERNAL-SHADOW-MVP-2026-08-22-R1-001,holdout
G25-0652,2025,13,New Mexico State,Kansas,HOME,-12.064589,-6.28742,-2.277169,-26.0,L,GOVERNED_SYNTHETIC_CONTROL: 2025 Synthetic Season LOCKED v3.xlsx sha256=77bb6ecf48e805b62b8af238bbf7b3534330df0405b8a170e48bb5c234d532ba via Power_Crunch_Research_Lab_Phase5D_WalkForward_Package.zip; corpus self-declares SCHEDULE SYNTHETIC / SCORES SIMULATED; authorised for MVP_CONTROL_CALIBRATION_ONLY by R-V3-MVP-CONTROL-CORPUS-01,2025-11-22,2026-08-22,3.0.0-internal-shadow-mvp,V3-INTERNAL-SHADOW-MVP-2026-08-22-R1-001,holdout
G25-0652,2025,13,Kansas,New Mexico State,AWAY,-6.28742,-12.064589,2.277169,26.0,W,GOVERNED_SYNTHETIC_CONTROL: 2025 Synthetic Season LOCKED v3.xlsx sha256=77bb6ecf48e805b62b8af238bbf7b3534330df0405b8a170e48bb5c234d532ba via Power_Crunch_Research_Lab_Phase5D_WalkForward_Package.zip; corpus self-declares SCHEDULE SYNTHETIC / SCORES SIMULATED; authorised for MVP_CONTROL_CALIBRATION_ONLY by R-V3-MVP-CONTROL-CORPUS-01,2025-11-22,2026-08-22,3.0.0-internal-shadow-mvp,V3-INTERNAL-SHADOW-MVP-2026-08-22-R1-001,holdout
G25-0653,2025,13,Ohio State,Rutgers,HOME,41.318945,-21.098945,65.91789,40.0,W,GOVERNED_SYNTHETIC_CONTROL: 2025 Synthetic Season LOCKED v3.xlsx sha256=77bb6ecf48e805b62b8af238bbf7b3534330df0405b8a170e48bb5c234d532ba via Power_Crunch_Research_Lab_Phase5D_WalkForward_Package.zip; corpus self-declares SCHEDULE SYNTHETIC / SCORES SIMULATED; authorised for MVP_CONTROL_CALIBRATION_ONLY by R-V3-MVP-CONTROL-CORPUS-01,2025-11-22,2026-08-22,3.0.0-internal-shadow-mvp,V3-INTERNAL-SHADOW-MVP-2026-08-22-R1-001,holdout
G25-0653,2025,13,Rutgers,Ohio State,AWAY,-21.098945,41.318945,-65.91789,-40.0,L,GOVERNED_SYNTHETIC_CONTROL: 2025 Synthetic Season LOCKED v3.xlsx sha256=77bb6ecf48e805b62b8af238bbf7b3534330df0405b8a170e48bb5c234d532ba via Power_Crunch_Research_Lab_Phase5D_WalkForward_Package.zip; corpus self-declares SCHEDULE SYNTHETIC / SCORES SIMULATED; authorised for MVP_CONTROL_CALIBRATION_ONLY by R-V3-MVP-CONTROL-CORPUS-01,2025-11-22,2026-08-22,3.0.0-internal-shadow-mvp,V3-INTERNAL-SHADOW-MVP-2026-08-22-R1-001,holdout
G25-0654,2025,13,Oklahoma State,Texas Tech,HOME,-3.123414,43.125198,-42.748612,-41.0,L,GOVERNED_SYNTHETIC_CONTROL: 2025 Synthetic Season LOCKED v3.xlsx sha256=77bb6ecf48e805b62b8af238bbf7b3534330df0405b8a170e48bb5c234d532ba via Power_Crunch_Research_Lab_Phase5D_WalkForward_Package.zip; corpus self-declares SCHEDULE SYNTHETIC / SCORES SIMULATED; authorised for MVP_CONTROL_CALIBRATION_ONLY by R-V3-MVP-CONTROL-CORPUS-01,2025-11-22,2026-08-22,3.0.0-internal-shadow-mvp,V3-INTERNAL-SHADOW-MVP-2026-08-22-R1-001,holdout
G25-0654,2025,13,Texas Tech,Oklahoma State,AWAY,43.125198,-3.123414,42.748612,41.0,W,GOVERNED_SYNTHETIC_CONTROL: 2025 Synthetic Season LOCKED v3.xlsx sha256=77bb6ecf48e805b62b8af238bbf7b3534330df0405b8a170e48bb5c234d532ba via Power_Crunch_Research_Lab_Phase5D_WalkForward_Package.zip; corpus self-declares SCHEDULE SYNTHETIC / SCORES SIMULATED; authorised for MVP_CONTROL_CALIBRATION_ONLY by R-V3-MVP-CONTROL-CORPUS-01,2025-11-22,2026-08-22,3.0.0-internal-shadow-mvp,V3-INTERNAL-SHADOW-MVP-2026-08-22-R1-001,holdout
G25-0655,2025,13,Ole Miss,Texas A&M,HOME,44.357967,52.199058,-4.341091,17.0,W,GOVERNED_SYNTHETIC_CONTROL: 2025 Synthetic Season LOCKED v3.xlsx sha256=77bb6ecf48e805b62b8af238bbf7b3534330df0405b8a170e48bb5c234d532ba via Power_Crunch_Research_Lab_Phase5D_WalkForward_Package.zip; corpus self-declares SCHEDULE SYNTHETIC / SCORES SIMULATED; authorised for MVP_CONTROL_CALIBRATION_ONLY by R-V3-MVP-CONTROL-CORPUS-01,2025-11-22,2026-08-22,3.0.0-internal-shadow-mvp,V3-INTERNAL-SHADOW-MVP-2026-08-22-R1-001,holdout
G25-0655,2025,13,Texas A&M,Ole Miss,AWAY,52.199058,44.357967,4.341091,-17.0,L,GOVERNED_SYNTHETIC_CONTROL: 2025 Synthetic Season LOCKED v3.xlsx sha256=77bb6ecf48e805b62b8af238bbf7b3534330df0405b8a170e48bb5c234d532ba via Power_Crunch_Research_Lab_Phase5D_WalkForward_Package.zip; corpus self-declares SCHEDULE SYNTHETIC / SCORES SIMULATED; authorised for MVP_CONTROL_CALIBRATION_ONLY by R-V3-MVP-CONTROL-CORPUS-01,2025-11-22,2026-08-22,3.0.0-internal-shadow-mvp,V3-INTERNAL-SHADOW-MVP-2026-08-22-R1-001,holdout
G25-0656,2025,13,Oregon,Iowa,HOME,53.47974,52.793807,4.185933,25.0,W,GOVERNED_SYNTHETIC_CONTROL: 2025 Synthetic Season LOCKED v3.xlsx sha256=77bb6ecf48e805b62b8af238bbf7b3534330df0405b8a170e48bb5c234d532ba via Power_Crunch_Research_Lab_Phase5D_WalkForward_Package.zip; corpus self-declares SCHEDULE SYNTHETIC / SCORES SIMULATED; authorised for MVP_CONTROL_CALIBRATION_ONLY by R-V3-MVP-CONTROL-CORPUS-01,2025-11-22,2026-08-22,3.0.0-internal-shadow-mvp,V3-INTERNAL-SHADOW-MVP-2026-08-22-R1-001,holdout
G25-0656,2025,13,Iowa,Oregon,AWAY,52.793807,53.47974,-4.185933,-25.0,L,GOVERNED_SYNTHETIC_CONTROL: 2025 Synthetic Season LOCKED v3.xlsx sha256=77bb6ecf48e805b62b8af238bbf7b3534330df0405b8a170e48bb5c234d532ba via Power_Crunch_Research_Lab_Phase5D_WalkForward_Package.zip; corpus self-declares SCHEDULE SYNTHETIC / SCORES SIMULATED; authorised for MVP_CONTROL_CALIBRATION_ONLY by R-V3-MVP-CONTROL-CORPUS-01,2025-11-22,2026-08-22,3.0.0-internal-shadow-mvp,V3-INTERNAL-SHADOW-MVP-2026-08-22-R1-001,holdout
G25-0657,2025,13,Penn,Princeton,HOME,-19.276478,-3.925476,-11.851003,20.0,W,GOVERNED_SYNTHETIC_CONTROL: 2025 Synthetic Season LOCKED v3.xlsx sha256=77bb6ecf48e805b62b8af238bbf7b3534330df0405b8a170e48bb5c234d532ba via Power_Crunch_Research_Lab_Phase5D_WalkForward_Package.zip; corpus self-declares SCHEDULE SYNTHETIC / SCORES SIMULATED; authorised for MVP_CONTROL_CALIBRATION_ONLY by R-V3-MVP-CONTROL-CORPUS-01,2025-11-22,2026-08-22,3.0.0-internal-shadow-mvp,V3-INTERNAL-SHADOW-MVP-2026-08-22-R1-001,holdout
G25-0657,2025,13,Princeton,Penn,AWAY,-3.925476,-19.276478,11.851003,-20.0,L,GOVERNED_SYNTHETIC_CONTROL: 2025 Synthetic Season LOCKED v3.xlsx sha256=77bb6ecf48e805b62b8af238bbf7b3534330df0405b8a170e48bb5c234d532ba via Power_Crunch_Research_Lab_Phase5D_WalkForward_Package.zip; corpus self-declares SCHEDULE SYNTHETIC / SCORES SIMULATED; authorised for MVP_CONTROL_CALIBRATION_ONLY by R-V3-MVP-CONTROL-CORPUS-01,2025-11-22,2026-08-22,3.0.0-internal-shadow-mvp,V3-INTERNAL-SHADOW-MVP-2026-08-22-R1-001,holdout
G25-0658,2025,13,Pittsburgh,Florida International,HOME,8.78281,-13.734781,26.017591,33.0,W,GOVERNED_SYNTHETIC_CONTROL: 2025 Synthetic Season LOCKED v3.xlsx sha256=77bb6ecf48e805b62b8af238bbf7b3534330df0405b8a170e48bb5c234d532ba via Power_Crunch_Research_Lab_Phase5D_WalkForward_Package.zip; corpus self-declares SCHEDULE SYNTHETIC / SCORES SIMULATED; authorised for MVP_CONTROL_CALIBRATION_ONLY by R-V3-MVP-CONTROL-CORPUS-01,2025-11-22,2026-08-22,3.0.0-internal-shadow-mvp,V3-INTERNAL-SHADOW-MVP-2026-08-22-R1-001,holdout
G25-0658,2025,13,Florida International,Pittsburgh,AWAY,-13.734781,8.78281,-26.017591,-33.0,L,GOVERNED_SYNTHETIC_CONTROL: 2025 Synthetic Season LOCKED v3.xlsx sha256=77bb6ecf48e805b62b8af238bbf7b3534330df0405b8a170e48bb5c234d532ba via Power_Crunch_Research_Lab_Phase5D_WalkForward_Package.zip; corpus self-declares SCHEDULE SYNTHETIC / SCORES SIMULATED; authorised for MVP_CONTROL_CALIBRATION_ONLY by R-V3-MVP-CONTROL-CORPUS-01,2025-11-22,2026-08-22,3.0.0-internal-shadow-mvp,V3-INTERNAL-SHADOW-MVP-2026-08-22-R1-001,holdout
G25-0659,2025,13,Rice,Troy,HOME,-27.878884,-7.201663,-17.177221,4.0,W,GOVERNED_SYNTHETIC_CONTROL: 2025 Synthetic Season LOCKED v3.xlsx sha256=77bb6ecf48e805b62b8af238bbf7b3534330df0405b8a170e48bb5c234d532ba via Power_Crunch_Research_Lab_Phase5D_WalkForward_Package.zip; corpus self-declares SCHEDULE SYNTHETIC / SCORES SIMULATED; authorised for MVP_CONTROL_CALIBRATION_ONLY by R-V3-MVP-CONTROL-CORPUS-01,2025-11-22,2026-08-22,3.0.0-internal-shadow-mvp,V3-INTERNAL-SHADOW-MVP-2026-08-22-R1-001,holdout
G25-0659,2025,13,Troy,Rice,AWAY,-7.201663,-27.878884,17.177221,-4.0,L,GOVERNED_SYNTHETIC_CONTROL: 2025 Synthetic Season LOCKED v3.xlsx sha256=77bb6ecf48e805b62b8af238bbf7b3534330df0405b8a170e48bb5c234d532ba via Power_Crunch_Research_Lab_Phase5D_WalkForward_Package.zip; corpus self-declares SCHEDULE SYNTHETIC / SCORES SIMULATED; authorised for MVP_CONTROL_CALIBRATION_ONLY by R-V3-MVP-CONTROL-CORPUS-01,2025-11-22,2026-08-22,3.0.0-internal-shadow-mvp,V3-INTERNAL-SHADOW-MVP-2026-08-22-R1-001,holdout
G25-0660,2025,13,SMU,Virginia,HOME,4.141862,40.225891,-32.584029,-28.0,L,GOVERNED_SYNTHETIC_CONTROL: 2025 Synthetic Season LOCKED v3.xlsx sha256=77bb6ecf48e805b62b8af238bbf7b3534330df0405b8a170e48bb5c234d532ba via Power_Crunch_Research_Lab_Phase5D_WalkForward_Package.zip; corpus self-declares SCHEDULE SYNTHETIC / SCORES SIMULATED; authorised for MVP_CONTROL_CALIBRATION_ONLY by R-V3-MVP-CONTROL-CORPUS-01,2025-11-22,2026-08-22,3.0.0-internal-shadow-mvp,V3-INTERNAL-SHADOW-MVP-2026-08-22-R1-001,holdout
G25-0660,2025,13,Virginia,SMU,AWAY,40.225891,4.141862,32.584029,28.0,W,GOVERNED_SYNTHETIC_CONTROL: 2025 Synthetic Season LOCKED v3.xlsx sha256=77bb6ecf48e805b62b8af238bbf7b3534330df0405b8a170e48bb5c234d532ba via Power_Crunch_Research_Lab_Phase5D_WalkForward_Package.zip; corpus self-declares SCHEDULE SYNTHETIC / SCORES SIMULATED; authorised for MVP_CONTROL_CALIBRATION_ONLY by R-V3-MVP-CONTROL-CORPUS-01,2025-11-22,2026-08-22,3.0.0-internal-shadow-mvp,V3-INTERNAL-SHADOW-MVP-2026-08-22-R1-001,holdout
G25-0661,2025,13,San Jose State,Wyoming,HOME,-16.489734,-12.292034,-0.697699,1.0,W,GOVERNED_SYNTHETIC_CONTROL: 2025 Synthetic Season LOCKED v3.xlsx sha256=77bb6ecf48e805b62b8af238bbf7b3534330df0405b8a170e48bb5c234d532ba via Power_Crunch_Research_Lab_Phase5D_WalkForward_Package.zip; corpus self-declares SCHEDULE SYNTHETIC / SCORES SIMULATED; authorised for MVP_CONTROL_CALIBRATION_ONLY by R-V3-MVP-CONTROL-CORPUS-01,2025-11-22,2026-08-22,3.0.0-internal-shadow-mvp,V3-INTERNAL-SHADOW-MVP-2026-08-22-R1-001,holdout
G25-0661,2025,13,Wyoming,San Jose State,AWAY,-12.292034,-16.489734,0.697699,-1.0,L,GOVERNED_SYNTHETIC_CONTROL: 2025 Synthetic Season LOCKED v3.xlsx sha256=77bb6ecf48e805b62b8af238bbf7b3534330df0405b8a170e48bb5c234d532ba via Power_Crunch_Research_Lab_Phase5D_WalkForward_Package.zip; corpus self-declares SCHEDULE SYNTHETIC / SCORES SIMULATED; authorised for MVP_CONTROL_CALIBRATION_ONLY by R-V3-MVP-CONTROL-CORPUS-01,2025-11-22,2026-08-22,3.0.0-internal-shadow-mvp,V3-INTERNAL-SHADOW-MVP-2026-08-22-R1-001,holdout
G25-0662,2025,13,Southern Miss,Army,HOME,-14.116624,3.111202,-13.727826,-2.0,L,GOVERNED_SYNTHETIC_CONTROL: 2025 Synthetic Season LOCKED v3.xlsx sha256=77bb6ecf48e805b62b8af238bbf7b3534330df0405b8a170e48bb5c234d532ba via Power_Crunch_Research_Lab_Phase5D_WalkForward_Package.zip; corpus self-declares SCHEDULE SYNTHETIC / SCORES SIMULATED; authorised for MVP_CONTROL_CALIBRATION_ONLY by R-V3-MVP-CONTROL-CORPUS-01,2025-11-22,2026-08-22,3.0.0-internal-shadow-mvp,V3-INTERNAL-SHADOW-MVP-2026-08-22-R1-001,holdout
G25-0662,2025,13,Army,Southern Miss,AWAY,3.111202,-14.116624,13.727826,2.0,W,GOVERNED_SYNTHETIC_CONTROL: 2025 Synthetic Season LOCKED v3.xlsx sha256=77bb6ecf48e805b62b8af238bbf7b3534330df0405b8a170e48bb5c234d532ba via Power_Crunch_Research_Lab_Phase5D_WalkForward_Package.zip; corpus self-declares SCHEDULE SYNTHETIC / SCORES SIMULATED; authorised for MVP_CONTROL_CALIBRATION_ONLY by R-V3-MVP-CONTROL-CORPUS-01,2025-11-22,2026-08-22,3.0.0-internal-shadow-mvp,V3-INTERNAL-SHADOW-MVP-2026-08-22-R1-001,holdout
G25-0663,2025,13,Texas State,Marshall,HOME,-16.228496,-20.520671,7.792175,1.0,W,GOVERNED_SYNTHETIC_CONTROL: 2025 Synthetic Season LOCKED v3.xlsx sha256=77bb6ecf48e805b62b8af238bbf7b3534330df0405b8a170e48bb5c234d532ba via Power_Crunch_Research_Lab_Phase5D_WalkForward_Package.zip; corpus self-declares SCHEDULE SYNTHETIC / SCORES SIMULATED; authorised for MVP_CONTROL_CALIBRATION_ONLY by R-V3-MVP-CONTROL-CORPUS-01,2025-11-22,2026-08-22,3.0.0-internal-shadow-mvp,V3-INTERNAL-SHADOW-MVP-2026-08-22-R1-001,holdout
G25-0663,2025,13,Marshall,Texas State,AWAY,-20.520671,-16.228496,-7.792175,-1.0,L,GOVERNED_SYNTHETIC_CONTROL: 2025 Synthetic Season LOCKED v3.xlsx sha256=77bb6ecf48e805b62b8af238bbf7b3534330df0405b8a170e48bb5c234d532ba via Power_Crunch_Research_Lab_Phase5D_WalkForward_Package.zip; corpus self-declares SCHEDULE SYNTHETIC / SCORES SIMULATED; authorised for MVP_CONTROL_CALIBRATION_ONLY by R-V3-MVP-CONTROL-CORPUS-01,2025-11-22,2026-08-22,3.0.0-internal-shadow-mvp,V3-INTERNAL-SHADOW-MVP-2026-08-22-R1-001,holdout
G25-0664,2025,13,UNLV,North Carolina,HOME,-24.771235,-3.127873,-18.143362,-3.0,L,GOVERNED_SYNTHETIC_CONTROL: 2025 Synthetic Season LOCKED v3.xlsx sha256=77bb6ecf48e805b62b8af238bbf7b3534330df0405b8a170e48bb5c234d532ba via Power_Crunch_Research_Lab_Phase5D_WalkForward_Package.zip; corpus self-declares SCHEDULE SYNTHETIC / SCORES SIMULATED; authorised for MVP_CONTROL_CALIBRATION_ONLY by R-V3-MVP-CONTROL-CORPUS-01,2025-11-22,2026-08-22,3.0.0-internal-shadow-mvp,V3-INTERNAL-SHADOW-MVP-2026-08-22-R1-001,holdout
G25-0664,2025,13,North Carolina,UNLV,AWAY,-3.127873,-24.771235,18.143362,3.0,W,GOVERNED_SYNTHETIC_CONTROL: 2025 Synthetic Season LOCKED v3.xlsx sha256=77bb6ecf48e805b62b8af238bbf7b3534330df0405b8a170e48bb5c234d532ba via Power_Crunch_Research_Lab_Phase5D_WalkForward_Package.zip; corpus self-declares SCHEDULE SYNTHETIC / SCORES SIMULATED; authorised for MVP_CONTROL_CALIBRATION_ONLY by R-V3-MVP-CONTROL-CORPUS-01,2025-11-22,2026-08-22,3.0.0-internal-shadow-mvp,V3-INTERNAL-SHADOW-MVP-2026-08-22-R1-001,holdout
G25-0665,2025,13,USC,UCLA,HOME,23.414222,-21.514297,48.428519,51.0,W,GOVERNED_SYNTHETIC_CONTROL: 2025 Synthetic Season LOCKED v3.xlsx sha256=77bb6ecf48e805b62b8af238bbf7b3534330df0405b8a170e48bb5c234d532ba via Power_Crunch_Research_Lab_Phase5D_WalkForward_Package.zip; corpus self-declares SCHEDULE SYNTHETIC / SCORES SIMULATED; authorised for MVP_CONTROL_CALIBRATION_ONLY by R-V3-MVP-CONTROL-CORPUS-01,2025-11-22,2026-08-22,3.0.0-internal-shadow-mvp,V3-INTERNAL-SHADOW-MVP-2026-08-22-R1-001,holdout
G25-0665,2025,13,UCLA,USC,AWAY,-21.514297,23.414222,-48.428519,-51.0,L,GOVERNED_SYNTHETIC_CONTROL: 2025 Synthetic Season LOCKED v3.xlsx sha256=77bb6ecf48e805b62b8af238bbf7b3534330df0405b8a170e48bb5c234d532ba via Power_Crunch_Research_Lab_Phase5D_WalkForward_Package.zip; corpus self-declares SCHEDULE SYNTHETIC / SCORES SIMULATED; authorised for MVP_CONTROL_CALIBRATION_ONLY by R-V3-MVP-CONTROL-CORPUS-01,2025-11-22,2026-08-22,3.0.0-internal-shadow-mvp,V3-INTERNAL-SHADOW-MVP-2026-08-22-R1-001,holdout
G25-0666,2025,13,Utah,Florida State,HOME,30.486206,-17.911258,51.897464,40.0,W,GOVERNED_SYNTHETIC_CONTROL: 2025 Synthetic Season LOCKED v3.xlsx sha256=77bb6ecf48e805b62b8af238bbf7b3534330df0405b8a170e48bb5c234d532ba via Power_Crunch_Research_Lab_Phase5D_WalkForward_Package.zip; corpus self-declares SCHEDULE SYNTHETIC / SCORES SIMULATED; authorised for MVP_CONTROL_CALIBRATION_ONLY by R-V3-MVP-CONTROL-CORPUS-01,2025-11-22,2026-08-22,3.0.0-internal-shadow-mvp,V3-INTERNAL-SHADOW-MVP-2026-08-22-R1-001,holdout
G25-0666,2025,13,Florida State,Utah,AWAY,-17.911258,30.486206,-51.897464,-40.0,L,GOVERNED_SYNTHETIC_CONTROL: 2025 Synthetic Season LOCKED v3.xlsx sha256=77bb6ecf48e805b62b8af238bbf7b3534330df0405b8a170e48bb5c234d532ba via Power_Crunch_Research_Lab_Phase5D_WalkForward_Package.zip; corpus self-declares SCHEDULE SYNTHETIC / SCORES SIMULATED; authorised for MVP_CONTROL_CALIBRATION_ONLY by R-V3-MVP-CONTROL-CORPUS-01,2025-11-22,2026-08-22,3.0.0-internal-shadow-mvp,V3-INTERNAL-SHADOW-MVP-2026-08-22-R1-001,holdout
G25-0667,2025,13,Wake Forest,Coastal Carolina,HOME,3.897616,-15.727565,23.125182,18.0,W,GOVERNED_SYNTHETIC_CONTROL: 2025 Synthetic Season LOCKED v3.xlsx sha256=77bb6ecf48e805b62b8af238bbf7b3534330df0405b8a170e48bb5c234d532ba via Power_Crunch_Research_Lab_Phase5D_WalkForward_Package.zip; corpus self-declares SCHEDULE SYNTHETIC / SCORES SIMULATED; authorised for MVP_CONTROL_CALIBRATION_ONLY by R-V3-MVP-CONTROL-CORPUS-01,2025-11-22,2026-08-22,3.0.0-internal-shadow-mvp,V3-INTERNAL-SHADOW-MVP-2026-08-22-R1-001,holdout
G25-0667,2025,13,Coastal Carolina,Wake Forest,AWAY,-15.727565,3.897616,-23.125182,-18.0,L,GOVERNED_SYNTHETIC_CONTROL: 2025 Synthetic Season LOCKED v3.xlsx sha256=77bb6ecf48e805b62b8af238bbf7b3534330df0405b8a170e48bb5c234d532ba via Power_Crunch_Research_Lab_Phase5D_WalkForward_Package.zip; corpus self-declares SCHEDULE SYNTHETIC / SCORES SIMULATED; authorised for MVP_CONTROL_CALIBRATION_ONLY by R-V3-MVP-CONTROL-CORPUS-01,2025-11-22,2026-08-22,3.0.0-internal-shadow-mvp,V3-INTERNAL-SHADOW-MVP-2026-08-22-R1-001,holdout
G25-0668,2025,13,Washington State,Lehigh,HOME,-8.138512,26.827364,-31.465877,-3.0,L,GOVERNED_SYNTHETIC_CONTROL: 2025 Synthetic Season LOCKED v3.xlsx sha256=77bb6ecf48e805b62b8af238bbf7b3534330df0405b8a170e48bb5c234d532ba via Power_Crunch_Research_Lab_Phase5D_WalkForward_Package.zip; corpus self-declares SCHEDULE SYNTHETIC / SCORES SIMULATED; authorised for MVP_CONTROL_CALIBRATION_ONLY by R-V3-MVP-CONTROL-CORPUS-01,2025-11-22,2026-08-22,3.0.0-internal-shadow-mvp,V3-INTERNAL-SHADOW-MVP-2026-08-22-R1-001,holdout
G25-0668,2025,13,Lehigh,Washington State,AWAY,26.827364,-8.138512,31.465877,3.0,W,GOVERNED_SYNTHETIC_CONTROL: 2025 Synthetic Season LOCKED v3.xlsx sha256=77bb6ecf48e805b62b8af238bbf7b3534330df0405b8a170e48bb5c234d532ba via Power_Crunch_Research_Lab_Phase5D_WalkForward_Package.zip; corpus self-declares SCHEDULE SYNTHETIC / SCORES SIMULATED; authorised for MVP_CONTROL_CALIBRATION_ONLY by R-V3-MVP-CONTROL-CORPUS-01,2025-11-22,2026-08-22,3.0.0-internal-shadow-mvp,V3-INTERNAL-SHADOW-MVP-2026-08-22-R1-001,holdout
G25-0669,2025,13,West Virginia,Washington,HOME,-16.53591,23.147814,-36.183723,-26.0,L,GOVERNED_SYNTHETIC_CONTROL: 2025 Synthetic Season LOCKED v3.xlsx sha256=77bb6ecf48e805b62b8af238bbf7b3534330df0405b8a170e48bb5c234d532ba via Power_Crunch_Research_Lab_Phase5D_WalkForward_Package.zip; corpus self-declares SCHEDULE SYNTHETIC / SCORES SIMULATED; authorised for MVP_CONTROL_CALIBRATION_ONLY by R-V3-MVP-CONTROL-CORPUS-01,2025-11-22,2026-08-22,3.0.0-internal-shadow-mvp,V3-INTERNAL-SHADOW-MVP-2026-08-22-R1-001,holdout
G25-0669,2025,13,Washington,West Virginia,AWAY,23.147814,-16.53591,36.183723,26.0,W,GOVERNED_SYNTHETIC_CONTROL: 2025 Synthetic Season LOCKED v3.xlsx sha256=77bb6ecf48e805b62b8af238bbf7b3534330df0405b8a170e48bb5c234d532ba via Power_Crunch_Research_Lab_Phase5D_WalkForward_Package.zip; corpus self-declares SCHEDULE SYNTHETIC / SCORES SIMULATED; authorised for MVP_CONTROL_CALIBRATION_ONLY by R-V3-MVP-CONTROL-CORPUS-01,2025-11-22,2026-08-22,3.0.0-internal-shadow-mvp,V3-INTERNAL-SHADOW-MVP-2026-08-22-R1-001,holdout
G25-0670,2025,13,Wisconsin,Minnesota,HOME,-15.326083,-1.399063,-10.427021,22.0,W,GOVERNED_SYNTHETIC_CONTROL: 2025 Synthetic Season LOCKED v3.xlsx sha256=77bb6ecf48e805b62b8af238bbf7b3534330df0405b8a170e48bb5c234d532ba via Power_Crunch_Research_Lab_Phase5D_WalkForward_Package.zip; corpus self-declares SCHEDULE SYNTHETIC / SCORES SIMULATED; authorised for MVP_CONTROL_CALIBRATION_ONLY by R-V3-MVP-CONTROL-CORPUS-01,2025-11-22,2026-08-22,3.0.0-internal-shadow-mvp,V3-INTERNAL-SHADOW-MVP-2026-08-22-R1-001,holdout
G25-0670,2025,13,Minnesota,Wisconsin,AWAY,-1.399063,-15.326083,10.427021,-22.0,L,GOVERNED_SYNTHETIC_CONTROL: 2025 Synthetic Season LOCKED v3.xlsx sha256=77bb6ecf48e805b62b8af238bbf7b3534330df0405b8a170e48bb5c234d532ba via Power_Crunch_Research_Lab_Phase5D_WalkForward_Package.zip; corpus self-declares SCHEDULE SYNTHETIC / SCORES SIMULATED; authorised for MVP_CONTROL_CALIBRATION_ONLY by R-V3-MVP-CONTROL-CORPUS-01,2025-11-22,2026-08-22,3.0.0-internal-shadow-mvp,V3-INTERNAL-SHADOW-MVP-2026-08-22-R1-001,holdout
G25-0671,2025,14,Air Force,Oregon State,HOME,-23.484178,-19.511833,-0.472346,2.0,W,GOVERNED_SYNTHETIC_CONTROL: 2025 Synthetic Season LOCKED v3.xlsx sha256=77bb6ecf48e805b62b8af238bbf7b3534330df0405b8a170e48bb5c234d532ba via Power_Crunch_Research_Lab_Phase5D_WalkForward_Package.zip; corpus self-declares SCHEDULE SYNTHETIC / SCORES SIMULATED; authorised for MVP_CONTROL_CALIBRATION_ONLY by R-V3-MVP-CONTROL-CORPUS-01,2025-11-29,2026-08-22,3.0.0-internal-shadow-mvp,V3-INTERNAL-SHADOW-MVP-2026-08-22-R1-001,holdout
G25-0671,2025,14,Oregon State,Air Force,AWAY,-19.511833,-23.484178,0.472346,-2.0,L,GOVERNED_SYNTHETIC_CONTROL: 2025 Synthetic Season LOCKED v3.xlsx sha256=77bb6ecf48e805b62b8af238bbf7b3534330df0405b8a170e48bb5c234d532ba via Power_Crunch_Research_Lab_Phase5D_WalkForward_Package.zip; corpus self-declares SCHEDULE SYNTHETIC / SCORES SIMULATED; authorised for MVP_CONTROL_CALIBRATION_ONLY by R-V3-MVP-CONTROL-CORPUS-01,2025-11-29,2026-08-22,3.0.0-internal-shadow-mvp,V3-INTERNAL-SHADOW-MVP-2026-08-22-R1-001,holdout
G25-0672,2025,14,Auburn,Tennessee,HOME,-19.596964,22.667417,-38.764382,-32.0,L,GOVERNED_SYNTHETIC_CONTROL: 2025 Synthetic Season LOCKED v3.xlsx sha256=77bb6ecf48e805b62b8af238bbf7b3534330df0405b8a170e48bb5c234d532ba via Power_Crunch_Research_Lab_Phase5D_WalkForward_Package.zip; corpus self-declares SCHEDULE SYNTHETIC / SCORES SIMULATED; authorised for MVP_CONTROL_CALIBRATION_ONLY by R-V3-MVP-CONTROL-CORPUS-01,2025-11-29,2026-08-22,3.0.0-internal-shadow-mvp,V3-INTERNAL-SHADOW-MVP-2026-08-22-R1-001,holdout
G25-0672,2025,14,Tennessee,Auburn,AWAY,22.667417,-19.596964,38.764382,32.0,W,GOVERNED_SYNTHETIC_CONTROL: 2025 Synthetic Season LOCKED v3.xlsx sha256=77bb6ecf48e805b62b8af238bbf7b3534330df0405b8a170e48bb5c234d532ba via Power_Crunch_Research_Lab_Phase5D_WalkForward_Package.zip; corpus self-declares SCHEDULE SYNTHETIC / SCORES SIMULATED; authorised for MVP_CONTROL_CALIBRATION_ONLY by R-V3-MVP-CONTROL-CORPUS-01,2025-11-29,2026-08-22,3.0.0-internal-shadow-mvp,V3-INTERNAL-SHADOW-MVP-2026-08-22-R1-001,holdout
G25-0673,2025,14,BYU,Kansas,HOME,39.675431,-4.449421,47.624853,41.0,W,GOVERNED_SYNTHETIC_CONTROL: 2025 Synthetic Season LOCKED v3.xlsx sha256=77bb6ecf48e805b62b8af238bbf7b3534330df0405b8a170e48bb5c234d532ba via Power_Crunch_Research_Lab_Phase5D_WalkForward_Package.zip; corpus self-declares SCHEDULE SYNTHETIC / SCORES SIMULATED; authorised for MVP_CONTROL_CALIBRATION_ONLY by R-V3-MVP-CONTROL-CORPUS-01,2025-11-29,2026-08-22,3.0.0-internal-shadow-mvp,V3-INTERNAL-SHADOW-MVP-2026-08-22-R1-001,holdout
G25-0673,2025,14,Kansas,BYU,AWAY,-4.449421,39.675431,-47.624853,-41.0,L,GOVERNED_SYNTHETIC_CONTROL: 2025 Synthetic Season LOCKED v3.xlsx sha256=77bb6ecf48e805b62b8af238bbf7b3534330df0405b8a170e48bb5c234d532ba via Power_Crunch_Research_Lab_Phase5D_WalkForward_Package.zip; corpus self-declares SCHEDULE SYNTHETIC / SCORES SIMULATED; authorised for MVP_CONTROL_CALIBRATION_ONLY by R-V3-MVP-CONTROL-CORPUS-01,2025-11-29,2026-08-22,3.0.0-internal-shadow-mvp,V3-INTERNAL-SHADOW-MVP-2026-08-22-R1-001,holdout
G25-0674,2025,14,Baylor,West Virginia,HOME,-7.404128,-17.811094,13.906967,6.0,W,GOVERNED_SYNTHETIC_CONTROL: 2025 Synthetic Season LOCKED v3.xlsx sha256=77bb6ecf48e805b62b8af238bbf7b3534330df0405b8a170e48bb5c234d532ba via Power_Crunch_Research_Lab_Phase5D_WalkForward_Package.zip; corpus self-declares SCHEDULE SYNTHETIC / SCORES SIMULATED; authorised for MVP_CONTROL_CALIBRATION_ONLY by R-V3-MVP-CONTROL-CORPUS-01,2025-11-29,2026-08-22,3.0.0-internal-shadow-mvp,V3-INTERNAL-SHADOW-MVP-2026-08-22-R1-001,holdout
G25-0674,2025,14,West Virginia,Baylor,AWAY,-17.811094,-7.404128,-13.906967,-6.0,L,GOVERNED_SYNTHETIC_CONTROL: 2025 Synthetic Season LOCKED v3.xlsx sha256=77bb6ecf48e805b62b8af238bbf7b3534330df0405b8a170e48bb5c234d532ba via Power_Crunch_Research_Lab_Phase5D_WalkForward_Package.zip; corpus self-declares SCHEDULE SYNTHETIC / SCORES SIMULATED; authorised for MVP_CONTROL_CALIBRATION_ONLY by R-V3-MVP-CONTROL-CORPUS-01,2025-11-29,2026-08-22,3.0.0-internal-shadow-mvp,V3-INTERNAL-SHADOW-MVP-2026-08-22-R1-001,holdout
G25-0675,2025,14,Boston College,North Carolina,HOME,-14.574638,-3.150093,-7.924545,-1.0,L,GOVERNED_SYNTHETIC_CONTROL: 2025 Synthetic Season LOCKED v3.xlsx sha256=77bb6ecf48e805b62b8af238bbf7b3534330df0405b8a170e48bb5c234d532ba via Power_Crunch_Research_Lab_Phase5D_WalkForward_Package.zip; corpus self-declares SCHEDULE SYNTHETIC / SCORES SIMULATED; authorised for MVP_CONTROL_CALIBRATION_ONLY by R-V3-MVP-CONTROL-CORPUS-01,2025-11-29,2026-08-22,3.0.0-internal-shadow-mvp,V3-INTERNAL-SHADOW-MVP-2026-08-22-R1-001,holdout
G25-0675,2025,14,North Carolina,Boston College,AWAY,-3.150093,-14.574638,7.924545,1.0,W,GOVERNED_SYNTHETIC_CONTROL: 2025 Synthetic Season LOCKED v3.xlsx sha256=77bb6ecf48e805b62b8af238bbf7b3534330df0405b8a170e48bb5c234d532ba via Power_Crunch_Research_Lab_Phase5D_WalkForward_Package.zip; corpus self-declares SCHEDULE SYNTHETIC / SCORES SIMULATED; authorised for MVP_CONTROL_CALIBRATION_ONLY by R-V3-MVP-CONTROL-CORPUS-01,2025-11-29,2026-08-22,3.0.0-internal-shadow-mvp,V3-INTERNAL-SHADOW-MVP-2026-08-22-R1-001,holdout
G25-0676,2025,14,California,Stanford,HOME,-14.898635,-8.056843,-3.341792,16.0,W,GOVERNED_SYNTHETIC_CONTROL: 2025 Synthetic Season LOCKED v3.xlsx sha256=77bb6ecf48e805b62b8af238bbf7b3534330df0405b8a170e48bb5c234d532ba via Power_Crunch_Research_Lab_Phase5D_WalkForward_Package.zip; corpus self-declares SCHEDULE SYNTHETIC / SCORES SIMULATED; authorised for MVP_CONTROL_CALIBRATION_ONLY by R-V3-MVP-CONTROL-CORPUS-01,2025-11-29,2026-08-22,3.0.0-internal-shadow-mvp,V3-INTERNAL-SHADOW-MVP-2026-08-22-R1-001,holdout
G25-0676,2025,14,Stanford,California,AWAY,-8.056843,-14.898635,3.341792,-16.0,L,GOVERNED_SYNTHETIC_CONTROL: 2025 Synthetic Season LOCKED v3.xlsx sha256=77bb6ecf48e805b62b8af238bbf7b3534330df0405b8a170e48bb5c234d532ba via Power_Crunch_Research_Lab_Phase5D_WalkForward_Package.zip; corpus self-declares SCHEDULE SYNTHETIC / SCORES SIMULATED; authorised for MVP_CONTROL_CALIBRATION_ONLY by R-V3-MVP-CONTROL-CORPUS-01,2025-11-29,2026-08-22,3.0.0-internal-shadow-mvp,V3-INTERNAL-SHADOW-MVP-2026-08-22-R1-001,holdout
G25-0677,2025,14,Colorado,UCF,HOME,-15.577236,-7.096699,-4.980536,-2.0,L,GOVERNED_SYNTHETIC_CONTROL: 2025 Synthetic Season LOCKED v3.xlsx sha256=77bb6ecf48e805b62b8af238bbf7b3534330df0405b8a170e48bb5c234d532ba via Power_Crunch_Research_Lab_Phase5D_WalkForward_Package.zip; corpus self-declares SCHEDULE SYNTHETIC / SCORES SIMULATED; authorised for MVP_CONTROL_CALIBRATION_ONLY by R-V3-MVP-CONTROL-CORPUS-01,2025-11-29,2026-08-22,3.0.0-internal-shadow-mvp,V3-INTERNAL-SHADOW-MVP-2026-08-22-R1-001,holdout
G25-0677,2025,14,UCF,Colorado,AWAY,-7.096699,-15.577236,4.980536,2.0,W,GOVERNED_SYNTHETIC_CONTROL: 2025 Synthetic Season LOCKED v3.xlsx sha256=77bb6ecf48e805b62b8af238bbf7b3534330df0405b8a170e48bb5c234d532ba via Power_Crunch_Research_Lab_Phase5D_WalkForward_Package.zip; corpus self-declares SCHEDULE SYNTHETIC / SCORES SIMULATED; authorised for MVP_CONTROL_CALIBRATION_ONLY by R-V3-MVP-CONTROL-CORPUS-01,2025-11-29,2026-08-22,3.0.0-internal-shadow-mvp,V3-INTERNAL-SHADOW-MVP-2026-08-22-R1-001,holdout
G25-0678,2025,14,Cornell,Georgia State,HOME,-30.06042,-13.981728,-12.578693,-5.0,L,GOVERNED_SYNTHETIC_CONTROL: 2025 Synthetic Season LOCKED v3.xlsx sha256=77bb6ecf48e805b62b8af238bbf7b3534330df0405b8a170e48bb5c234d532ba via Power_Crunch_Research_Lab_Phase5D_WalkForward_Package.zip; corpus self-declares SCHEDULE SYNTHETIC / SCORES SIMULATED; authorised for MVP_CONTROL_CALIBRATION_ONLY by R-V3-MVP-CONTROL-CORPUS-01,2025-11-29,2026-08-22,3.0.0-internal-shadow-mvp,V3-INTERNAL-SHADOW-MVP-2026-08-22-R1-001,holdout
G25-0678,2025,14,Georgia State,Cornell,AWAY,-13.981728,-30.06042,12.578693,5.0,W,GOVERNED_SYNTHETIC_CONTROL: 2025 Synthetic Season LOCKED v3.xlsx sha256=77bb6ecf48e805b62b8af238bbf7b3534330df0405b8a170e48bb5c234d532ba via Power_Crunch_Research_Lab_Phase5D_WalkForward_Package.zip; corpus self-declares SCHEDULE SYNTHETIC / SCORES SIMULATED; authorised for MVP_CONTROL_CALIBRATION_ONLY by R-V3-MVP-CONTROL-CORPUS-01,2025-11-29,2026-08-22,3.0.0-internal-shadow-mvp,V3-INTERNAL-SHADOW-MVP-2026-08-22-R1-001,holdout
G25-0680,2025,14,Fresno State,Yale,HOME,-13.769728,-22.193151,11.923423,9.0,W,GOVERNED_SYNTHETIC_CONTROL: 2025 Synthetic Season LOCKED v3.xlsx sha256=77bb6ecf48e805b62b8af238bbf7b3534330df0405b8a170e48bb5c234d532ba via Power_Crunch_Research_Lab_Phase5D_WalkForward_Package.zip; corpus self-declares SCHEDULE SYNTHETIC / SCORES SIMULATED; authorised for MVP_CONTROL_CALIBRATION_ONLY by R-V3-MVP-CONTROL-CORPUS-01,2025-11-29,2026-08-22,3.0.0-internal-shadow-mvp,V3-INTERNAL-SHADOW-MVP-2026-08-22-R1-001,holdout
G25-0680,2025,14,Yale,Fresno State,AWAY,-22.193151,-13.769728,-11.923423,-9.0,L,GOVERNED_SYNTHETIC_CONTROL: 2025 Synthetic Season LOCKED v3.xlsx sha256=77bb6ecf48e805b62b8af238bbf7b3534330df0405b8a170e48bb5c234d532ba via Power_Crunch_Research_Lab_Phase5D_WalkForward_Package.zip; corpus self-declares SCHEDULE SYNTHETIC / SCORES SIMULATED; authorised for MVP_CONTROL_CALIBRATION_ONLY by R-V3-MVP-CONTROL-CORPUS-01,2025-11-29,2026-08-22,3.0.0-internal-shadow-mvp,V3-INTERNAL-SHADOW-MVP-2026-08-22-R1-001,holdout
G25-0681,2025,14,Georgia,Alabama,HOME,42.996725,50.315908,-3.819184,2.0,W,GOVERNED_SYNTHETIC_CONTROL: 2025 Synthetic Season LOCKED v3.xlsx sha256=77bb6ecf48e805b62b8af238bbf7b3534330df0405b8a170e48bb5c234d532ba via Power_Crunch_Research_Lab_Phase5D_WalkForward_Package.zip; corpus self-declares SCHEDULE SYNTHETIC / SCORES SIMULATED; authorised for MVP_CONTROL_CALIBRATION_ONLY by R-V3-MVP-CONTROL-CORPUS-01,2025-11-29,2026-08-22,3.0.0-internal-shadow-mvp,V3-INTERNAL-SHADOW-MVP-2026-08-22-R1-001,holdout
G25-0681,2025,14,Alabama,Georgia,AWAY,50.315908,42.996725,3.819184,-2.0,L,GOVERNED_SYNTHETIC_CONTROL: 2025 Synthetic Season LOCKED v3.xlsx sha256=77bb6ecf48e805b62b8af238bbf7b3534330df0405b8a170e48bb5c234d532ba via Power_Crunch_Research_Lab_Phase5D_WalkForward_Package.zip; corpus self-declares SCHEDULE SYNTHETIC / SCORES SIMULATED; authorised for MVP_CONTROL_CALIBRATION_ONLY by R-V3-MVP-CONTROL-CORPUS-01,2025-11-29,2026-08-22,3.0.0-internal-shadow-mvp,V3-INTERNAL-SHADOW-MVP-2026-08-22-R1-001,holdout
G25-0682,2025,14,Georgia Southern,South Florida,HOME,-7.230116,-10.314368,6.584252,-25.0,L,GOVERNED_SYNTHETIC_CONTROL: 2025 Synthetic Season LOCKED v3.xlsx sha256=77bb6ecf48e805b62b8af238bbf7b3534330df0405b8a170e48bb5c234d532ba via Power_Crunch_Research_Lab_Phase5D_WalkForward_Package.zip; corpus self-declares SCHEDULE SYNTHETIC / SCORES SIMULATED; authorised for MVP_CONTROL_CALIBRATION_ONLY by R-V3-MVP-CONTROL-CORPUS-01,2025-11-29,2026-08-22,3.0.0-internal-shadow-mvp,V3-INTERNAL-SHADOW-MVP-2026-08-22-R1-001,holdout
G25-0682,2025,14,South Florida,Georgia Southern,AWAY,-10.314368,-7.230116,-6.584252,25.0,W,GOVERNED_SYNTHETIC_CONTROL: 2025 Synthetic Season LOCKED v3.xlsx sha256=77bb6ecf48e805b62b8af238bbf7b3534330df0405b8a170e48bb5c234d532ba via Power_Crunch_Research_Lab_Phase5D_WalkForward_Package.zip; corpus self-declares SCHEDULE SYNTHETIC / SCORES SIMULATED; authorised for MVP_CONTROL_CALIBRATION_ONLY by R-V3-MVP-CONTROL-CORPUS-01,2025-11-29,2026-08-22,3.0.0-internal-shadow-mvp,V3-INTERNAL-SHADOW-MVP-2026-08-22-R1-001,holdout
G25-0683,2025,14,Harvard,UConn,HOME,-24.482312,-0.2683,-20.714011,-22.0,L,GOVERNED_SYNTHETIC_CONTROL: 2025 Synthetic Season LOCKED v3.xlsx sha256=77bb6ecf48e805b62b8af238bbf7b3534330df0405b8a170e48bb5c234d532ba via Power_Crunch_Research_Lab_Phase5D_WalkForward_Package.zip; corpus self-declares SCHEDULE SYNTHETIC / SCORES SIMULATED; authorised for MVP_CONTROL_CALIBRATION_ONLY by R-V3-MVP-CONTROL-CORPUS-01,2025-11-29,2026-08-22,3.0.0-internal-shadow-mvp,V3-INTERNAL-SHADOW-MVP-2026-08-22-R1-001,holdout
G25-0683,2025,14,UConn,Harvard,AWAY,-0.2683,-24.482312,20.714011,22.0,W,GOVERNED_SYNTHETIC_CONTROL: 2025 Synthetic Season LOCKED v3.xlsx sha256=77bb6ecf48e805b62b8af238bbf7b3534330df0405b8a170e48bb5c234d532ba via Power_Crunch_Research_Lab_Phase5D_WalkForward_Package.zip; corpus self-declares SCHEDULE SYNTHETIC / SCORES SIMULATED; authorised for MVP_CONTROL_CALIBRATION_ONLY by R-V3-MVP-CONTROL-CORPUS-01,2025-11-29,2026-08-22,3.0.0-internal-shadow-mvp,V3-INTERNAL-SHADOW-MVP-2026-08-22-R1-001,holdout
G25-0684,2025,14,Holy Cross,Boise State,HOME,-6.133002,-7.724628,5.091627,-10.0,L,GOVERNED_SYNTHETIC_CONTROL: 2025 Synthetic Season LOCKED v3.xlsx sha256=77bb6ecf48e805b62b8af238bbf7b3534330df0405b8a170e48bb5c234d532ba via Power_Crunch_Research_Lab_Phase5D_WalkForward_Package.zip; corpus self-declares SCHEDULE SYNTHETIC / SCORES SIMULATED; authorised for MVP_CONTROL_CALIBRATION_ONLY by R-V3-MVP-CONTROL-CORPUS-01,2025-11-29,2026-08-22,3.0.0-internal-shadow-mvp,V3-INTERNAL-SHADOW-MVP-2026-08-22-R1-001,holdout
G25-0684,2025,14,Boise State,Holy Cross,AWAY,-7.724628,-6.133002,-5.091627,10.0,W,GOVERNED_SYNTHETIC_CONTROL: 2025 Synthetic Season LOCKED v3.xlsx sha256=77bb6ecf48e805b62b8af238bbf7b3534330df0405b8a170e48bb5c234d532ba via Power_Crunch_Research_Lab_Phase5D_WalkForward_Package.zip; corpus self-declares SCHEDULE SYNTHETIC / SCORES SIMULATED; authorised for MVP_CONTROL_CALIBRATION_ONLY by R-V3-MVP-CONTROL-CORPUS-01,2025-11-29,2026-08-22,3.0.0-internal-shadow-mvp,V3-INTERNAL-SHADOW-MVP-2026-08-22-R1-001,holdout
G25-0685,2025,14,Iowa State,Arizona,HOME,-6.038765,16.882156,-19.420921,-12.0,L,GOVERNED_SYNTHETIC_CONTROL: 2025 Synthetic Season LOCKED v3.xlsx sha256=77bb6ecf48e805b62b8af238bbf7b3534330df0405b8a170e48bb5c234d532ba via Power_Crunch_Research_Lab_Phase5D_WalkForward_Package.zip; corpus self-declares SCHEDULE SYNTHETIC / SCORES SIMULATED; authorised for MVP_CONTROL_CALIBRATION_ONLY by R-V3-MVP-CONTROL-CORPUS-01,2025-11-29,2026-08-22,3.0.0-internal-shadow-mvp,V3-INTERNAL-SHADOW-MVP-2026-08-22-R1-001,holdout
G25-0685,2025,14,Arizona,Iowa State,AWAY,16.882156,-6.038765,19.420921,12.0,W,GOVERNED_SYNTHETIC_CONTROL: 2025 Synthetic Season LOCKED v3.xlsx sha256=77bb6ecf48e805b62b8af238bbf7b3534330df0405b8a170e48bb5c234d532ba via Power_Crunch_Research_Lab_Phase5D_WalkForward_Package.zip; corpus self-declares SCHEDULE SYNTHETIC / SCORES SIMULATED; authorised for MVP_CONTROL_CALIBRATION_ONLY by R-V3-MVP-CONTROL-CORPUS-01,2025-11-29,2026-08-22,3.0.0-internal-shadow-mvp,V3-INTERNAL-SHADOW-MVP-2026-08-22-R1-001,holdout
G25-0686,2025,14,Kentucky,Florida,HOME,-6.937631,-23.323541,19.885911,18.0,W,GOVERNED_SYNTHETIC_CONTROL: 2025 Synthetic Season LOCKED v3.xlsx sha256=77bb6ecf48e805b62b8af238bbf7b3534330df0405b8a170e48bb5c234d532ba via Power_Crunch_Research_Lab_Phase5D_WalkForward_Package.zip; corpus self-declares SCHEDULE SYNTHETIC / SCORES SIMULATED; authorised for MVP_CONTROL_CALIBRATION_ONLY by R-V3-MVP-CONTROL-CORPUS-01,2025-11-29,2026-08-22,3.0.0-internal-shadow-mvp,V3-INTERNAL-SHADOW-MVP-2026-08-22-R1-001,holdout
G25-0686,2025,14,Florida,Kentucky,AWAY,-23.323541,-6.937631,-19.885911,-18.0,L,GOVERNED_SYNTHETIC_CONTROL: 2025 Synthetic Season LOCKED v3.xlsx sha256=77bb6ecf48e805b62b8af238bbf7b3534330df0405b8a170e48bb5c234d532ba via Power_Crunch_Research_Lab_Phase5D_WalkForward_Package.zip; corpus self-declares SCHEDULE SYNTHETIC / SCORES SIMULATED; authorised for MVP_CONTROL_CALIBRATION_ONLY by R-V3-MVP-CONTROL-CORPUS-01,2025-11-29,2026-08-22,3.0.0-internal-shadow-mvp,V3-INTERNAL-SHADOW-MVP-2026-08-22-R1-001,holdout
G25-0687,2025,14,LSU,San Diego State,HOME,-2.213243,-3.326792,4.613549,39.0,W,GOVERNED_SYNTHETIC_CONTROL: 2025 Synthetic Season LOCKED v3.xlsx sha256=77bb6ecf48e805b62b8af238bbf7b3534330df0405b8a170e48bb5c234d532ba via Power_Crunch_Research_Lab_Phase5D_WalkForward_Package.zip; corpus self-declares SCHEDULE SYNTHETIC / SCORES SIMULATED; authorised for MVP_CONTROL_CALIBRATION_ONLY by R-V3-MVP-CONTROL-CORPUS-01,2025-11-29,2026-08-22,3.0.0-internal-shadow-mvp,V3-INTERNAL-SHADOW-MVP-2026-08-22-R1-001,holdout
G25-0687,2025,14,San Diego State,LSU,AWAY,-3.326792,-2.213243,-4.613549,-39.0,L,GOVERNED_SYNTHETIC_CONTROL: 2025 Synthetic Season LOCKED v3.xlsx sha256=77bb6ecf48e805b62b8af238bbf7b3534330df0405b8a170e48bb5c234d532ba via Power_Crunch_Research_Lab_Phase5D_WalkForward_Package.zip; corpus self-declares SCHEDULE SYNTHETIC / SCORES SIMULATED; authorised for MVP_CONTROL_CALIBRATION_ONLY by R-V3-MVP-CONTROL-CORPUS-01,2025-11-29,2026-08-22,3.0.0-internal-shadow-mvp,V3-INTERNAL-SHADOW-MVP-2026-08-22-R1-001,holdout
G25-0688,2025,14,Louisiana Tech,North Texas,HOME,-19.163172,-2.757101,-12.906071,-3.0,L,GOVERNED_SYNTHETIC_CONTROL: 2025 Synthetic Season LOCKED v3.xlsx sha256=77bb6ecf48e805b62b8af238bbf7b3534330df0405b8a170e48bb5c234d532ba via Power_Crunch_Research_Lab_Phase5D_WalkForward_Package.zip; corpus self-declares SCHEDULE SYNTHETIC / SCORES SIMULATED; authorised for MVP_CONTROL_CALIBRATION_ONLY by R-V3-MVP-CONTROL-CORPUS-01,2025-11-29,2026-08-22,3.0.0-internal-shadow-mvp,V3-INTERNAL-SHADOW-MVP-2026-08-22-R1-001,holdout
G25-0688,2025,14,North Texas,Louisiana Tech,AWAY,-2.757101,-19.163172,12.906071,3.0,W,GOVERNED_SYNTHETIC_CONTROL: 2025 Synthetic Season LOCKED v3.xlsx sha256=77bb6ecf48e805b62b8af238bbf7b3534330df0405b8a170e48bb5c234d532ba via Power_Crunch_Research_Lab_Phase5D_WalkForward_Package.zip; corpus self-declares SCHEDULE SYNTHETIC / SCORES SIMULATED; authorised for MVP_CONTROL_CALIBRATION_ONLY by R-V3-MVP-CONTROL-CORPUS-01,2025-11-29,2026-08-22,3.0.0-internal-shadow-mvp,V3-INTERNAL-SHADOW-MVP-2026-08-22-R1-001,holdout
G25-0689,2025,14,Michigan,Penn State,HOME,31.730387,-24.125835,59.356222,61.0,W,GOVERNED_SYNTHETIC_CONTROL: 2025 Synthetic Season LOCKED v3.xlsx sha256=77bb6ecf48e805b62b8af238bbf7b3534330df0405b8a170e48bb5c234d532ba via Power_Crunch_Research_Lab_Phase5D_WalkForward_Package.zip; corpus self-declares SCHEDULE SYNTHETIC / SCORES SIMULATED; authorised for MVP_CONTROL_CALIBRATION_ONLY by R-V3-MVP-CONTROL-CORPUS-01,2025-11-29,2026-08-22,3.0.0-internal-shadow-mvp,V3-INTERNAL-SHADOW-MVP-2026-08-22-R1-001,holdout
G25-0689,2025,14,Penn State,Michigan,AWAY,-24.125835,31.730387,-59.356222,-61.0,L,GOVERNED_SYNTHETIC_CONTROL: 2025 Synthetic Season LOCKED v3.xlsx sha256=77bb6ecf48e805b62b8af238bbf7b3534330df0405b8a170e48bb5c234d532ba via Power_Crunch_Research_Lab_Phase5D_WalkForward_Package.zip; corpus self-declares SCHEDULE SYNTHETIC / SCORES SIMULATED; authorised for MVP_CONTROL_CALIBRATION_ONLY by R-V3-MVP-CONTROL-CORPUS-01,2025-11-29,2026-08-22,3.0.0-internal-shadow-mvp,V3-INTERNAL-SHADOW-MVP-2026-08-22-R1-001,holdout
G25-0690,2025,14,Middle Tennessee,Coastal Carolina,HOME,-19.144835,-17.336532,1.691698,16.0,W,GOVERNED_SYNTHETIC_CONTROL: 2025 Synthetic Season LOCKED v3.xlsx sha256=77bb6ecf48e805b62b8af238bbf7b3534330df0405b8a170e48bb5c234d532ba via Power_Crunch_Research_Lab_Phase5D_WalkForward_Package.zip; corpus self-declares SCHEDULE SYNTHETIC / SCORES SIMULATED; authorised for MVP_CONTROL_CALIBRATION_ONLY by R-V3-MVP-CONTROL-CORPUS-01,2025-11-29,2026-08-22,3.0.0-internal-shadow-mvp,V3-INTERNAL-SHADOW-MVP-2026-08-22-R1-001,holdout
G25-0690,2025,14,Coastal Carolina,Middle Tennessee,AWAY,-17.336532,-19.144835,-1.691698,-16.0,L,GOVERNED_SYNTHETIC_CONTROL: 2025 Synthetic Season LOCKED v3.xlsx sha256=77bb6ecf48e805b62b8af238bbf7b3534330df0405b8a170e48bb5c234d532ba via Power_Crunch_Research_Lab_Phase5D_WalkForward_Package.zip; corpus self-declares SCHEDULE SYNTHETIC / SCORES SIMULATED; authorised for MVP_CONTROL_CALIBRATION_ONLY by R-V3-MVP-CONTROL-CORPUS-01,2025-11-29,2026-08-22,3.0.0-internal-shadow-mvp,V3-INTERNAL-SHADOW-MVP-2026-08-22-R1-001,holdout
G25-0691,2025,14,NC State,Virginia,HOME,-2.103916,41.307816,-39.911732,-75.0,L,GOVERNED_SYNTHETIC_CONTROL: 2025 Synthetic Season LOCKED v3.xlsx sha256=77bb6ecf48e805b62b8af238bbf7b3534330df0405b8a170e48bb5c234d532ba via Power_Crunch_Research_Lab_Phase5D_WalkForward_Package.zip; corpus self-declares SCHEDULE SYNTHETIC / SCORES SIMULATED; authorised for MVP_CONTROL_CALIBRATION_ONLY by R-V3-MVP-CONTROL-CORPUS-01,2025-11-29,2026-08-22,3.0.0-internal-shadow-mvp,V3-INTERNAL-SHADOW-MVP-2026-08-22-R1-001,holdout
G25-0691,2025,14,Virginia,NC State,AWAY,41.307816,-2.103916,39.911732,75.0,W,GOVERNED_SYNTHETIC_CONTROL: 2025 Synthetic Season LOCKED v3.xlsx sha256=77bb6ecf48e805b62b8af238bbf7b3534330df0405b8a170e48bb5c234d532ba via Power_Crunch_Research_Lab_Phase5D_WalkForward_Package.zip; corpus self-declares SCHEDULE SYNTHETIC / SCORES SIMULATED; authorised for MVP_CONTROL_CALIBRATION_ONLY by R-V3-MVP-CONTROL-CORPUS-01,2025-11-29,2026-08-22,3.0.0-internal-shadow-mvp,V3-INTERNAL-SHADOW-MVP-2026-08-22-R1-001,holdout
G25-0692,2025,14,Navy,Arizona State,HOME,13.952795,-6.368739,23.821534,1.0,W,GOVERNED_SYNTHETIC_CONTROL: 2025 Synthetic Season LOCKED v3.xlsx sha256=77bb6ecf48e805b62b8af238bbf7b3534330df0405b8a170e48bb5c234d532ba via Power_Crunch_Research_Lab_Phase5D_WalkForward_Package.zip; corpus self-declares SCHEDULE SYNTHETIC / SCORES SIMULATED; authorised for MVP_CONTROL_CALIBRATION_ONLY by R-V3-MVP-CONTROL-CORPUS-01,2025-11-29,2026-08-22,3.0.0-internal-shadow-mvp,V3-INTERNAL-SHADOW-MVP-2026-08-22-R1-001,holdout
G25-0692,2025,14,Arizona State,Navy,AWAY,-6.368739,13.952795,-23.821534,-1.0,L,GOVERNED_SYNTHETIC_CONTROL: 2025 Synthetic Season LOCKED v3.xlsx sha256=77bb6ecf48e805b62b8af238bbf7b3534330df0405b8a170e48bb5c234d532ba via Power_Crunch_Research_Lab_Phase5D_WalkForward_Package.zip; corpus self-declares SCHEDULE SYNTHETIC / SCORES SIMULATED; authorised for MVP_CONTROL_CALIBRATION_ONLY by R-V3-MVP-CONTROL-CORPUS-01,2025-11-29,2026-08-22,3.0.0-internal-shadow-mvp,V3-INTERNAL-SHADOW-MVP-2026-08-22-R1-001,holdout
G25-0693,2025,14,Nebraska,Michigan State,HOME,-9.844092,-20.765797,14.421705,3.0,W,GOVERNED_SYNTHETIC_CONTROL: 2025 Synthetic Season LOCKED v3.xlsx sha256=77bb6ecf48e805b62b8af238bbf7b3534330df0405b8a170e48bb5c234d532ba via Power_Crunch_Research_Lab_Phase5D_WalkForward_Package.zip; corpus self-declares SCHEDULE SYNTHETIC / SCORES SIMULATED; authorised for MVP_CONTROL_CALIBRATION_ONLY by R-V3-MVP-CONTROL-CORPUS-01,2025-11-29,2026-08-22,3.0.0-internal-shadow-mvp,V3-INTERNAL-SHADOW-MVP-2026-08-22-R1-001,holdout
G25-0693,2025,14,Michigan State,Nebraska,AWAY,-20.765797,-9.844092,-14.421705,-3.0,L,GOVERNED_SYNTHETIC_CONTROL: 2025 Synthetic Season LOCKED v3.xlsx sha256=77bb6ecf48e805b62b8af238bbf7b3534330df0405b8a170e48bb5c234d532ba via Power_Crunch_Research_Lab_Phase5D_WalkForward_Package.zip; corpus self-declares SCHEDULE SYNTHETIC / SCORES SIMULATED; authorised for MVP_CONTROL_CALIBRATION_ONLY by R-V3-MVP-CONTROL-CORPUS-01,2025-11-29,2026-08-22,3.0.0-internal-shadow-mvp,V3-INTERNAL-SHADOW-MVP-2026-08-22-R1-001,holdout
G25-0694,2025,14,New Mexico State,Rice,HOME,-13.695119,-27.515183,17.320065,13.0,W,GOVERNED_SYNTHETIC_CONTROL: 2025 Synthetic Season LOCKED v3.xlsx sha256=77bb6ecf48e805b62b8af238bbf7b3534330df0405b8a170e48bb5c234d532ba via Power_Crunch_Research_Lab_Phase5D_WalkForward_Package.zip; corpus self-declares SCHEDULE SYNTHETIC / SCORES SIMULATED; authorised for MVP_CONTROL_CALIBRATION_ONLY by R-V3-MVP-CONTROL-CORPUS-01,2025-11-29,2026-08-22,3.0.0-internal-shadow-mvp,V3-INTERNAL-SHADOW-MVP-2026-08-22-R1-001,holdout
G25-0694,2025,14,Rice,New Mexico State,AWAY,-27.515183,-13.695119,-17.320065,-13.0,L,GOVERNED_SYNTHETIC_CONTROL: 2025 Synthetic Season LOCKED v3.xlsx sha256=77bb6ecf48e805b62b8af238bbf7b3534330df0405b8a170e48bb5c234d532ba via Power_Crunch_Research_Lab_Phase5D_WalkForward_Package.zip; corpus self-declares SCHEDULE SYNTHETIC / SCORES SIMULATED; authorised for MVP_CONTROL_CALIBRATION_ONLY by R-V3-MVP-CONTROL-CORPUS-01,2025-11-29,2026-08-22,3.0.0-internal-shadow-mvp,V3-INTERNAL-SHADOW-MVP-2026-08-22-R1-001,holdout
G25-0695,2025,14,Notre Dame,Army,HOME,36.822755,1.728372,38.594383,22.0,W,GOVERNED_SYNTHETIC_CONTROL: 2025 Synthetic Season LOCKED v3.xlsx sha256=77bb6ecf48e805b62b8af238bbf7b3534330df0405b8a170e48bb5c234d532ba via Power_Crunch_Research_Lab_Phase5D_WalkForward_Package.zip; corpus self-declares SCHEDULE SYNTHETIC / SCORES SIMULATED; authorised for MVP_CONTROL_CALIBRATION_ONLY by R-V3-MVP-CONTROL-CORPUS-01,2025-11-29,2026-08-22,3.0.0-internal-shadow-mvp,V3-INTERNAL-SHADOW-MVP-2026-08-22-R1-001,holdout
G25-0695,2025,14,Army,Notre Dame,AWAY,1.728372,36.822755,-38.594383,-22.0,L,GOVERNED_SYNTHETIC_CONTROL: 2025 Synthetic Season LOCKED v3.xlsx sha256=77bb6ecf48e805b62b8af238bbf7b3534330df0405b8a170e48bb5c234d532ba via Power_Crunch_Research_Lab_Phase5D_WalkForward_Package.zip; corpus self-declares SCHEDULE SYNTHETIC / SCORES SIMULATED; authorised for MVP_CONTROL_CALIBRATION_ONLY by R-V3-MVP-CONTROL-CORPUS-01,2025-11-29,2026-08-22,3.0.0-internal-shadow-mvp,V3-INTERNAL-SHADOW-MVP-2026-08-22-R1-001,holdout
G25-0696,2025,14,Ohio State,USC,HOME,38.975953,23.551148,18.924806,5.0,W,GOVERNED_SYNTHETIC_CONTROL: 2025 Synthetic Season LOCKED v3.xlsx sha256=77bb6ecf48e805b62b8af238bbf7b3534330df0405b8a170e48bb5c234d532ba via Power_Crunch_Research_Lab_Phase5D_WalkForward_Package.zip; corpus self-declares SCHEDULE SYNTHETIC / SCORES SIMULATED; authorised for MVP_CONTROL_CALIBRATION_ONLY by R-V3-MVP-CONTROL-CORPUS-01,2025-11-29,2026-08-22,3.0.0-internal-shadow-mvp,V3-INTERNAL-SHADOW-MVP-2026-08-22-R1-001,holdout
G25-0696,2025,14,USC,Ohio State,AWAY,23.551148,38.975953,-18.924806,-5.0,L,GOVERNED_SYNTHETIC_CONTROL: 2025 Synthetic Season LOCKED v3.xlsx sha256=77bb6ecf48e805b62b8af238bbf7b3534330df0405b8a170e48bb5c234d532ba via Power_Crunch_Research_Lab_Phase5D_WalkForward_Package.zip; corpus self-declares SCHEDULE SYNTHETIC / SCORES SIMULATED; authorised for MVP_CONTROL_CALIBRATION_ONLY by R-V3-MVP-CONTROL-CORPUS-01,2025-11-29,2026-08-22,3.0.0-internal-shadow-mvp,V3-INTERNAL-SHADOW-MVP-2026-08-22-R1-001,holdout
G25-0697,2025,14,Oklahoma State,Duke,HOME,-2.498364,1.098194,-0.096558,9.0,W,GOVERNED_SYNTHETIC_CONTROL: 2025 Synthetic Season LOCKED v3.xlsx sha256=77bb6ecf48e805b62b8af238bbf7b3534330df0405b8a170e48bb5c234d532ba via Power_Crunch_Research_Lab_Phase5D_WalkForward_Package.zip; corpus self-declares SCHEDULE SYNTHETIC / SCORES SIMULATED; authorised for MVP_CONTROL_CALIBRATION_ONLY by R-V3-MVP-CONTROL-CORPUS-01,2025-11-29,2026-08-22,3.0.0-internal-shadow-mvp,V3-INTERNAL-SHADOW-MVP-2026-08-22-R1-001,holdout
G25-0697,2025,14,Duke,Oklahoma State,AWAY,1.098194,-2.498364,0.096558,-9.0,L,GOVERNED_SYNTHETIC_CONTROL: 2025 Synthetic Season LOCKED v3.xlsx sha256=77bb6ecf48e805b62b8af238bbf7b3534330df0405b8a170e48bb5c234d532ba via Power_Crunch_Research_Lab_Phase5D_WalkForward_Package.zip; corpus self-declares SCHEDULE SYNTHETIC / SCORES SIMULATED; authorised for MVP_CONTROL_CALIBRATION_ONLY by R-V3-MVP-CONTROL-CORPUS-01,2025-11-29,2026-08-22,3.0.0-internal-shadow-mvp,V3-INTERNAL-SHADOW-MVP-2026-08-22-R1-001,holdout
G25-0698,2025,14,Old Dominion,Buffalo,HOME,13.394289,-17.524415,34.418704,-9.0,L,GOVERNED_SYNTHETIC_CONTROL: 2025 Synthetic Season LOCKED v3.xlsx sha256=77bb6ecf48e805b62b8af238bbf7b3534330df0405b8a170e48bb5c234d532ba via Power_Crunch_Research_Lab_Phase5D_WalkForward_Package.zip; corpus self-declares SCHEDULE SYNTHETIC / SCORES SIMULATED; authorised for MVP_CONTROL_CALIBRATION_ONLY by R-V3-MVP-CONTROL-CORPUS-01,2025-11-29,2026-08-22,3.0.0-internal-shadow-mvp,V3-INTERNAL-SHADOW-MVP-2026-08-22-R1-001,holdout
G25-0698,2025,14,Buffalo,Old Dominion,AWAY,-17.524415,13.394289,-34.418704,9.0,W,GOVERNED_SYNTHETIC_CONTROL: 2025 Synthetic Season LOCKED v3.xlsx sha256=77bb6ecf48e805b62b8af238bbf7b3534330df0405b8a170e48bb5c234d532ba via Power_Crunch_Research_Lab_Phase5D_WalkForward_Package.zip; corpus self-declares SCHEDULE SYNTHETIC / SCORES SIMULATED; authorised for MVP_CONTROL_CALIBRATION_ONLY by R-V3-MVP-CONTROL-CORPUS-01,2025-11-29,2026-08-22,3.0.0-internal-shadow-mvp,V3-INTERNAL-SHADOW-MVP-2026-08-22-R1-001,holdout
G25-0699,2025,14,Oregon,Northwestern,HOME,56.810817,-9.720431,70.031247,49.0,W,GOVERNED_SYNTHETIC_CONTROL: 2025 Synthetic Season LOCKED v3.xlsx sha256=77bb6ecf48e805b62b8af238bbf7b3534330df0405b8a170e48bb5c234d532ba via Power_Crunch_Research_Lab_Phase5D_WalkForward_Package.zip; corpus self-declares SCHEDULE SYNTHETIC / SCORES SIMULATED; authorised for MVP_CONTROL_CALIBRATION_ONLY by R-V3-MVP-CONTROL-CORPUS-01,2025-11-29,2026-08-22,3.0.0-internal-shadow-mvp,V3-INTERNAL-SHADOW-MVP-2026-08-22-R1-001,holdout
G25-0699,2025,14,Northwestern,Oregon,AWAY,-9.720431,56.810817,-70.031247,-49.0,L,GOVERNED_SYNTHETIC_CONTROL: 2025 Synthetic Season LOCKED v3.xlsx sha256=77bb6ecf48e805b62b8af238bbf7b3534330df0405b8a170e48bb5c234d532ba via Power_Crunch_Research_Lab_Phase5D_WalkForward_Package.zip; corpus self-declares SCHEDULE SYNTHETIC / SCORES SIMULATED; authorised for MVP_CONTROL_CALIBRATION_ONLY by R-V3-MVP-CONTROL-CORPUS-01,2025-11-29,2026-08-22,3.0.0-internal-shadow-mvp,V3-INTERNAL-SHADOW-MVP-2026-08-22-R1-001,holdout
G25-0700,2025,14,Rutgers,Purdue,HOME,-17.95202,-18.419397,3.967376,16.0,W,GOVERNED_SYNTHETIC_CONTROL: 2025 Synthetic Season LOCKED v3.xlsx sha256=77bb6ecf48e805b62b8af238bbf7b3534330df0405b8a170e48bb5c234d532ba via Power_Crunch_Research_Lab_Phase5D_WalkForward_Package.zip; corpus self-declares SCHEDULE SYNTHETIC / SCORES SIMULATED; authorised for MVP_CONTROL_CALIBRATION_ONLY by R-V3-MVP-CONTROL-CORPUS-01,2025-11-29,2026-08-22,3.0.0-internal-shadow-mvp,V3-INTERNAL-SHADOW-MVP-2026-08-22-R1-001,holdout
G25-0700,2025,14,Purdue,Rutgers,AWAY,-18.419397,-17.95202,-3.967376,-16.0,L,GOVERNED_SYNTHETIC_CONTROL: 2025 Synthetic Season LOCKED v3.xlsx sha256=77bb6ecf48e805b62b8af238bbf7b3534330df0405b8a170e48bb5c234d532ba via Power_Crunch_Research_Lab_Phase5D_WalkForward_Package.zip; corpus self-declares SCHEDULE SYNTHETIC / SCORES SIMULATED; authorised for MVP_CONTROL_CALIBRATION_ONLY by R-V3-MVP-CONTROL-CORPUS-01,2025-11-29,2026-08-22,3.0.0-internal-shadow-mvp,V3-INTERNAL-SHADOW-MVP-2026-08-22-R1-001,holdout
G25-0701,2025,14,SMU,South Carolina,HOME,3.952635,-28.55831,36.010945,11.0,W,GOVERNED_SYNTHETIC_CONTROL: 2025 Synthetic Season LOCKED v3.xlsx sha256=77bb6ecf48e805b62b8af238bbf7b3534330df0405b8a170e48bb5c234d532ba via Power_Crunch_Research_Lab_Phase5D_WalkForward_Package.zip; corpus self-declares SCHEDULE SYNTHETIC / SCORES SIMULATED; authorised for MVP_CONTROL_CALIBRATION_ONLY by R-V3-MVP-CONTROL-CORPUS-01,2025-11-29,2026-08-22,3.0.0-internal-shadow-mvp,V3-INTERNAL-SHADOW-MVP-2026-08-22-R1-001,holdout
G25-0701,2025,14,South Carolina,SMU,AWAY,-28.55831,3.952635,-36.010945,-11.0,L,GOVERNED_SYNTHETIC_CONTROL: 2025 Synthetic Season LOCKED v3.xlsx sha256=77bb6ecf48e805b62b8af238bbf7b3534330df0405b8a170e48bb5c234d532ba via Power_Crunch_Research_Lab_Phase5D_WalkForward_Package.zip; corpus self-declares SCHEDULE SYNTHETIC / SCORES SIMULATED; authorised for MVP_CONTROL_CALIBRATION_ONLY by R-V3-MVP-CONTROL-CORPUS-01,2025-11-29,2026-08-22,3.0.0-internal-shadow-mvp,V3-INTERNAL-SHADOW-MVP-2026-08-22-R1-001,holdout
G25-0702,2025,14,Southern Miss,Kansas State,HOME,-11.41743,-13.747945,5.830515,17.0,W,GOVERNED_SYNTHETIC_CONTROL: 2025 Synthetic Season LOCKED v3.xlsx sha256=77bb6ecf48e805b62b8af238bbf7b3534330df0405b8a170e48bb5c234d532ba via Power_Crunch_Research_Lab_Phase5D_WalkForward_Package.zip; corpus self-declares SCHEDULE SYNTHETIC / SCORES SIMULATED; authorised for MVP_CONTROL_CALIBRATION_ONLY by R-V3-MVP-CONTROL-CORPUS-01,2025-11-29,2026-08-22,3.0.0-internal-shadow-mvp,V3-INTERNAL-SHADOW-MVP-2026-08-22-R1-001,holdout
G25-0702,2025,14,Kansas State,Southern Miss,AWAY,-13.747945,-11.41743,-5.830515,-17.0,L,GOVERNED_SYNTHETIC_CONTROL: 2025 Synthetic Season LOCKED v3.xlsx sha256=77bb6ecf48e805b62b8af238bbf7b3534330df0405b8a170e48bb5c234d532ba via Power_Crunch_Research_Lab_Phase5D_WalkForward_Package.zip; corpus self-declares SCHEDULE SYNTHETIC / SCORES SIMULATED; authorised for MVP_CONTROL_CALIBRATION_ONLY by R-V3-MVP-CONTROL-CORPUS-01,2025-11-29,2026-08-22,3.0.0-internal-shadow-mvp,V3-INTERNAL-SHADOW-MVP-2026-08-22-R1-001,holdout
G25-0703,2025,14,Tulane,East Carolina,HOME,19.50379,-3.676191,26.679981,2.0,W,GOVERNED_SYNTHETIC_CONTROL: 2025 Synthetic Season LOCKED v3.xlsx sha256=77bb6ecf48e805b62b8af238bbf7b3534330df0405b8a170e48bb5c234d532ba via Power_Crunch_Research_Lab_Phase5D_WalkForward_Package.zip; corpus self-declares SCHEDULE SYNTHETIC / SCORES SIMULATED; authorised for MVP_CONTROL_CALIBRATION_ONLY by R-V3-MVP-CONTROL-CORPUS-01,2025-11-29,2026-08-22,3.0.0-internal-shadow-mvp,V3-INTERNAL-SHADOW-MVP-2026-08-22-R1-001,holdout
G25-0703,2025,14,East Carolina,Tulane,AWAY,-3.676191,19.50379,-26.679981,-2.0,L,GOVERNED_SYNTHETIC_CONTROL: 2025 Synthetic Season LOCKED v3.xlsx sha256=77bb6ecf48e805b62b8af238bbf7b3534330df0405b8a170e48bb5c234d532ba via Power_Crunch_Research_Lab_Phase5D_WalkForward_Package.zip; corpus self-declares SCHEDULE SYNTHETIC / SCORES SIMULATED; authorised for MVP_CONTROL_CALIBRATION_ONLY by R-V3-MVP-CONTROL-CORPUS-01,2025-11-29,2026-08-22,3.0.0-internal-shadow-mvp,V3-INTERNAL-SHADOW-MVP-2026-08-22-R1-001,holdout
G25-0704,2025,14,Tulsa,Memphis,HOME,-9.968272,-12.370355,5.902083,-2.0,L,GOVERNED_SYNTHETIC_CONTROL: 2025 Synthetic Season LOCKED v3.xlsx sha256=77bb6ecf48e805b62b8af238bbf7b3534330df0405b8a170e48bb5c234d532ba via Power_Crunch_Research_Lab_Phase5D_WalkForward_Package.zip; corpus self-declares SCHEDULE SYNTHETIC / SCORES SIMULATED; authorised for MVP_CONTROL_CALIBRATION_ONLY by R-V3-MVP-CONTROL-CORPUS-01,2025-11-29,2026-08-22,3.0.0-internal-shadow-mvp,V3-INTERNAL-SHADOW-MVP-2026-08-22-R1-001,holdout
G25-0704,2025,14,Memphis,Tulsa,AWAY,-12.370355,-9.968272,-5.902083,2.0,W,GOVERNED_SYNTHETIC_CONTROL: 2025 Synthetic Season LOCKED v3.xlsx sha256=77bb6ecf48e805b62b8af238bbf7b3534330df0405b8a170e48bb5c234d532ba via Power_Crunch_Research_Lab_Phase5D_WalkForward_Package.zip; corpus self-declares SCHEDULE SYNTHETIC / SCORES SIMULATED; authorised for MVP_CONTROL_CALIBRATION_ONLY by R-V3-MVP-CONTROL-CORPUS-01,2025-11-29,2026-08-22,3.0.0-internal-shadow-mvp,V3-INTERNAL-SHADOW-MVP-2026-08-22-R1-001,holdout
G25-0705,2025,14,UCLA,Illinois,HOME,-21.342243,30.329489,-48.171732,-33.0,L,GOVERNED_SYNTHETIC_CONTROL: 2025 Synthetic Season LOCKED v3.xlsx sha256=77bb6ecf48e805b62b8af238bbf7b3534330df0405b8a170e48bb5c234d532ba via Power_Crunch_Research_Lab_Phase5D_WalkForward_Package.zip; corpus self-declares SCHEDULE SYNTHETIC / SCORES SIMULATED; authorised for MVP_CONTROL_CALIBRATION_ONLY by R-V3-MVP-CONTROL-CORPUS-01,2025-11-29,2026-08-22,3.0.0-internal-shadow-mvp,V3-INTERNAL-SHADOW-MVP-2026-08-22-R1-001,holdout
G25-0705,2025,14,Illinois,UCLA,AWAY,30.329489,-21.342243,48.171732,33.0,W,GOVERNED_SYNTHETIC_CONTROL: 2025 Synthetic Season LOCKED v3.xlsx sha256=77bb6ecf48e805b62b8af238bbf7b3534330df0405b8a170e48bb5c234d532ba via Power_Crunch_Research_Lab_Phase5D_WalkForward_Package.zip; corpus self-declares SCHEDULE SYNTHETIC / SCORES SIMULATED; authorised for MVP_CONTROL_CALIBRATION_ONLY by R-V3-MVP-CONTROL-CORPUS-01,2025-11-29,2026-08-22,3.0.0-internal-shadow-mvp,V3-INTERNAL-SHADOW-MVP-2026-08-22-R1-001,holdout
G25-0706,2025,14,UNLV,Hawaii,HOME,-22.887887,-8.783209,-10.604678,3.0,W,GOVERNED_SYNTHETIC_CONTROL: 2025 Synthetic Season LOCKED v3.xlsx sha256=77bb6ecf48e805b62b8af238bbf7b3534330df0405b8a170e48bb5c234d532ba via Power_Crunch_Research_Lab_Phase5D_WalkForward_Package.zip; corpus self-declares SCHEDULE SYNTHETIC / SCORES SIMULATED; authorised for MVP_CONTROL_CALIBRATION_ONLY by R-V3-MVP-CONTROL-CORPUS-01,2025-11-29,2026-08-22,3.0.0-internal-shadow-mvp,V3-INTERNAL-SHADOW-MVP-2026-08-22-R1-001,holdout
G25-0706,2025,14,Hawaii,UNLV,AWAY,-8.783209,-22.887887,10.604678,-3.0,L,GOVERNED_SYNTHETIC_CONTROL: 2025 Synthetic Season LOCKED v3.xlsx sha256=77bb6ecf48e805b62b8af238bbf7b3534330df0405b8a170e48bb5c234d532ba via Power_Crunch_Research_Lab_Phase5D_WalkForward_Package.zip; corpus self-declares SCHEDULE SYNTHETIC / SCORES SIMULATED; authorised for MVP_CONTROL_CALIBRATION_ONLY by R-V3-MVP-CONTROL-CORPUS-01,2025-11-29,2026-08-22,3.0.0-internal-shadow-mvp,V3-INTERNAL-SHADOW-MVP-2026-08-22-R1-001,holdout
G25-0707,2025,14,UTEP,UAB,HOME,-17.130399,-17.048992,3.418594,-12.0,L,GOVERNED_SYNTHETIC_CONTROL: 2025 Synthetic Season LOCKED v3.xlsx sha256=77bb6ecf48e805b62b8af238bbf7b3534330df0405b8a170e48bb5c234d532ba via Power_Crunch_Research_Lab_Phase5D_WalkForward_Package.zip; corpus self-declares SCHEDULE SYNTHETIC / SCORES SIMULATED; authorised for MVP_CONTROL_CALIBRATION_ONLY by R-V3-MVP-CONTROL-CORPUS-01,2025-11-29,2026-08-22,3.0.0-internal-shadow-mvp,V3-INTERNAL-SHADOW-MVP-2026-08-22-R1-001,holdout
G25-0707,2025,14,UAB,UTEP,AWAY,-17.048992,-17.130399,-3.418594,12.0,W,GOVERNED_SYNTHETIC_CONTROL: 2025 Synthetic Season LOCKED v3.xlsx sha256=77bb6ecf48e805b62b8af238bbf7b3534330df0405b8a170e48bb5c234d532ba via Power_Crunch_Research_Lab_Phase5D_WalkForward_Package.zip; corpus self-declares SCHEDULE SYNTHETIC / SCORES SIMULATED; authorised for MVP_CONTROL_CALIBRATION_ONLY by R-V3-MVP-CONTROL-CORPUS-01,2025-11-29,2026-08-22,3.0.0-internal-shadow-mvp,V3-INTERNAL-SHADOW-MVP-2026-08-22-R1-001,holdout
G25-0708,2025,14,UTSA,TCU,HOME,-18.374893,13.754485,-28.629379,-23.0,L,GOVERNED_SYNTHETIC_CONTROL: 2025 Synthetic Season LOCKED v3.xlsx sha256=77bb6ecf48e805b62b8af238bbf7b3534330df0405b8a170e48bb5c234d532ba via Power_Crunch_Research_Lab_Phase5D_WalkForward_Package.zip; corpus self-declares SCHEDULE SYNTHETIC / SCORES SIMULATED; authorised for MVP_CONTROL_CALIBRATION_ONLY by R-V3-MVP-CONTROL-CORPUS-01,2025-11-29,2026-08-22,3.0.0-internal-shadow-mvp,V3-INTERNAL-SHADOW-MVP-2026-08-22-R1-001,holdout
G25-0708,2025,14,TCU,UTSA,AWAY,13.754485,-18.374893,28.629379,23.0,W,GOVERNED_SYNTHETIC_CONTROL: 2025 Synthetic Season LOCKED v3.xlsx sha256=77bb6ecf48e805b62b8af238bbf7b3534330df0405b8a170e48bb5c234d532ba via Power_Crunch_Research_Lab_Phase5D_WalkForward_Package.zip; corpus self-declares SCHEDULE SYNTHETIC / SCORES SIMULATED; authorised for MVP_CONTROL_CALIBRATION_ONLY by R-V3-MVP-CONTROL-CORPUS-01,2025-11-29,2026-08-22,3.0.0-internal-shadow-mvp,V3-INTERNAL-SHADOW-MVP-2026-08-22-R1-001,holdout
G25-0709,2025,14,Utah,Texas Tech,HOME,29.055005,40.115298,-7.560292,5.0,W,GOVERNED_SYNTHETIC_CONTROL: 2025 Synthetic Season LOCKED v3.xlsx sha256=77bb6ecf48e805b62b8af238bbf7b3534330df0405b8a170e48bb5c234d532ba via Power_Crunch_Research_Lab_Phase5D_WalkForward_Package.zip; corpus self-declares SCHEDULE SYNTHETIC / SCORES SIMULATED; authorised for MVP_CONTROL_CALIBRATION_ONLY by R-V3-MVP-CONTROL-CORPUS-01,2025-11-29,2026-08-22,3.0.0-internal-shadow-mvp,V3-INTERNAL-SHADOW-MVP-2026-08-22-R1-001,holdout
G25-0709,2025,14,Texas Tech,Utah,AWAY,40.115298,29.055005,7.560292,-5.0,L,GOVERNED_SYNTHETIC_CONTROL: 2025 Synthetic Season LOCKED v3.xlsx sha256=77bb6ecf48e805b62b8af238bbf7b3534330df0405b8a170e48bb5c234d532ba via Power_Crunch_Research_Lab_Phase5D_WalkForward_Package.zip; corpus self-declares SCHEDULE SYNTHETIC / SCORES SIMULATED; authorised for MVP_CONTROL_CALIBRATION_ONLY by R-V3-MVP-CONTROL-CORPUS-01,2025-11-29,2026-08-22,3.0.0-internal-shadow-mvp,V3-INTERNAL-SHADOW-MVP-2026-08-22-R1-001,holdout
G25-0710,2025,14,Vanderbilt,Missouri,HOME,35.113661,5.427786,33.185875,36.0,W,GOVERNED_SYNTHETIC_CONTROL: 2025 Synthetic Season LOCKED v3.xlsx sha256=77bb6ecf48e805b62b8af238bbf7b3534330df0405b8a170e48bb5c234d532ba via Power_Crunch_Research_Lab_Phase5D_WalkForward_Package.zip; corpus self-declares SCHEDULE SYNTHETIC / SCORES SIMULATED; authorised for MVP_CONTROL_CALIBRATION_ONLY by R-V3-MVP-CONTROL-CORPUS-01,2025-11-29,2026-08-22,3.0.0-internal-shadow-mvp,V3-INTERNAL-SHADOW-MVP-2026-08-22-R1-001,holdout
G25-0710,2025,14,Missouri,Vanderbilt,AWAY,5.427786,35.113661,-33.185875,-36.0,L,GOVERNED_SYNTHETIC_CONTROL: 2025 Synthetic Season LOCKED v3.xlsx sha256=77bb6ecf48e805b62b8af238bbf7b3534330df0405b8a170e48bb5c234d532ba via Power_Crunch_Research_Lab_Phase5D_WalkForward_Package.zip; corpus self-declares SCHEDULE SYNTHETIC / SCORES SIMULATED; authorised for MVP_CONTROL_CALIBRATION_ONLY by R-V3-MVP-CONTROL-CORPUS-01,2025-11-29,2026-08-22,3.0.0-internal-shadow-mvp,V3-INTERNAL-SHADOW-MVP-2026-08-22-R1-001,holdout
G25-0711,2025,14,Virginia Tech,Louisville,HOME,-13.50804,6.618845,-16.626885,-31.0,L,GOVERNED_SYNTHETIC_CONTROL: 2025 Synthetic Season LOCKED v3.xlsx sha256=77bb6ecf48e805b62b8af238bbf7b3534330df0405b8a170e48bb5c234d532ba via Power_Crunch_Research_Lab_Phase5D_WalkForward_Package.zip; corpus self-declares SCHEDULE SYNTHETIC / SCORES SIMULATED; authorised for MVP_CONTROL_CALIBRATION_ONLY by R-V3-MVP-CONTROL-CORPUS-01,2025-11-29,2026-08-22,3.0.0-internal-shadow-mvp,V3-INTERNAL-SHADOW-MVP-2026-08-22-R1-001,holdout
G25-0711,2025,14,Louisville,Virginia Tech,AWAY,6.618845,-13.50804,16.626885,31.0,W,GOVERNED_SYNTHETIC_CONTROL: 2025 Synthetic Season LOCKED v3.xlsx sha256=77bb6ecf48e805b62b8af238bbf7b3534330df0405b8a170e48bb5c234d532ba via Power_Crunch_Research_Lab_Phase5D_WalkForward_Package.zip; corpus self-declares SCHEDULE SYNTHETIC / SCORES SIMULATED; authorised for MVP_CONTROL_CALIBRATION_ONLY by R-V3-MVP-CONTROL-CORPUS-01,2025-11-29,2026-08-22,3.0.0-internal-shadow-mvp,V3-INTERNAL-SHADOW-MVP-2026-08-22-R1-001,holdout
G25-0712,2025,14,Washington State,Colgate,HOME,-4.286253,-24.595274,23.80902,14.0,W,GOVERNED_SYNTHETIC_CONTROL: 2025 Synthetic Season LOCKED v3.xlsx sha256=77bb6ecf48e805b62b8af238bbf7b3534330df0405b8a170e48bb5c234d532ba via Power_Crunch_Research_Lab_Phase5D_WalkForward_Package.zip; corpus self-declares SCHEDULE SYNTHETIC / SCORES SIMULATED; authorised for MVP_CONTROL_CALIBRATION_ONLY by R-V3-MVP-CONTROL-CORPUS-01,2025-11-29,2026-08-22,3.0.0-internal-shadow-mvp,V3-INTERNAL-SHADOW-MVP-2026-08-22-R1-001,holdout
G25-0712,2025,14,Colgate,Washington State,AWAY,-24.595274,-4.286253,-23.80902,-14.0,L,GOVERNED_SYNTHETIC_CONTROL: 2025 Synthetic Season LOCKED v3.xlsx sha256=77bb6ecf48e805b62b8af238bbf7b3534330df0405b8a170e48bb5c234d532ba via Power_Crunch_Research_Lab_Phase5D_WalkForward_Package.zip; corpus self-declares SCHEDULE SYNTHETIC / SCORES SIMULATED; authorised for MVP_CONTROL_CALIBRATION_ONLY by R-V3-MVP-CONTROL-CORPUS-01,2025-11-29,2026-08-22,3.0.0-internal-shadow-mvp,V3-INTERNAL-SHADOW-MVP-2026-08-22-R1-001,holdout
G25-0713,2025,14,Wisconsin,Maryland,HOME,-11.450523,-10.366208,2.415685,27.0,W,GOVERNED_SYNTHETIC_CONTROL: 2025 Synthetic Season LOCKED v3.xlsx sha256=77bb6ecf48e805b62b8af238bbf7b3534330df0405b8a170e48bb5c234d532ba via Power_Crunch_Research_Lab_Phase5D_WalkForward_Package.zip; corpus self-declares SCHEDULE SYNTHETIC / SCORES SIMULATED; authorised for MVP_CONTROL_CALIBRATION_ONLY by R-V3-MVP-CONTROL-CORPUS-01,2025-11-29,2026-08-22,3.0.0-internal-shadow-mvp,V3-INTERNAL-SHADOW-MVP-2026-08-22-R1-001,holdout
G25-0713,2025,14,Maryland,Wisconsin,AWAY,-10.366208,-11.450523,-2.415685,-27.0,L,GOVERNED_SYNTHETIC_CONTROL: 2025 Synthetic Season LOCKED v3.xlsx sha256=77bb6ecf48e805b62b8af238bbf7b3534330df0405b8a170e48bb5c234d532ba via Power_Crunch_Research_Lab_Phase5D_WalkForward_Package.zip; corpus self-declares SCHEDULE SYNTHETIC / SCORES SIMULATED; authorised for MVP_CONTROL_CALIBRATION_ONLY by R-V3-MVP-CONTROL-CORPUS-01,2025-11-29,2026-08-22,3.0.0-internal-shadow-mvp,V3-INTERNAL-SHADOW-MVP-2026-08-22-R1-001,holdout
G25-0714,2025,14,Wyoming,New Mexico,HOME,-12.495318,-13.36038,4.365062,13.0,W,GOVERNED_SYNTHETIC_CONTROL: 2025 Synthetic Season LOCKED v3.xlsx sha256=77bb6ecf48e805b62b8af238bbf7b3534330df0405b8a170e48bb5c234d532ba via Power_Crunch_Research_Lab_Phase5D_WalkForward_Package.zip; corpus self-declares SCHEDULE SYNTHETIC / SCORES SIMULATED; authorised for MVP_CONTROL_CALIBRATION_ONLY by R-V3-MVP-CONTROL-CORPUS-01,2025-11-29,2026-08-22,3.0.0-internal-shadow-mvp,V3-INTERNAL-SHADOW-MVP-2026-08-22-R1-001,holdout
G25-0714,2025,14,New Mexico,Wyoming,AWAY,-13.36038,-12.495318,-4.365062,-13.0,L,GOVERNED_SYNTHETIC_CONTROL: 2025 Synthetic Season LOCKED v3.xlsx sha256=77bb6ecf48e805b62b8af238bbf7b3534330df0405b8a170e48bb5c234d532ba via Power_Crunch_Research_Lab_Phase5D_WalkForward_Package.zip; corpus self-declares SCHEDULE SYNTHETIC / SCORES SIMULATED; authorised for MVP_CONTROL_CALIBRATION_ONLY by R-V3-MVP-CONTROL-CORPUS-01,2025-11-29,2026-08-22,3.0.0-internal-shadow-mvp,V3-INTERNAL-SHADOW-MVP-2026-08-22-R1-001,holdout
G25-0715,2025,15,BYU,Texas Tech,NEUTRAL,38.562129,36.660246,1.901883,-25.0,L,GOVERNED_SYNTHETIC_CONTROL: 2025 Synthetic Season LOCKED v3.xlsx sha256=77bb6ecf48e805b62b8af238bbf7b3534330df0405b8a170e48bb5c234d532ba via Power_Crunch_Research_Lab_Phase5D_WalkForward_Package.zip; corpus self-declares SCHEDULE SYNTHETIC / SCORES SIMULATED; authorised for MVP_CONTROL_CALIBRATION_ONLY by R-V3-MVP-CONTROL-CORPUS-01,2025-12-06,2026-08-22,3.0.0-internal-shadow-mvp,V3-INTERNAL-SHADOW-MVP-2026-08-22-R1-001,holdout
G25-0715,2025,15,Texas Tech,BYU,NEUTRAL,36.660246,38.562129,-1.901883,25.0,W,GOVERNED_SYNTHETIC_CONTROL: 2025 Synthetic Season LOCKED v3.xlsx sha256=77bb6ecf48e805b62b8af238bbf7b3534330df0405b8a170e48bb5c234d532ba via Power_Crunch_Research_Lab_Phase5D_WalkForward_Package.zip; corpus self-declares SCHEDULE SYNTHETIC / SCORES SIMULATED; authorised for MVP_CONTROL_CALIBRATION_ONLY by R-V3-MVP-CONTROL-CORPUS-01,2025-12-06,2026-08-22,3.0.0-internal-shadow-mvp,V3-INTERNAL-SHADOW-MVP-2026-08-22-R1-001,holdout
G25-0716,2025,15,Boise State,San Diego State,NEUTRAL,-7.150057,-8.222075,1.072018,14.0,W,GOVERNED_SYNTHETIC_CONTROL: 2025 Synthetic Season LOCKED v3.xlsx sha256=77bb6ecf48e805b62b8af238bbf7b3534330df0405b8a170e48bb5c234d532ba via Power_Crunch_Research_Lab_Phase5D_WalkForward_Package.zip; corpus self-declares SCHEDULE SYNTHETIC / SCORES SIMULATED; authorised for MVP_CONTROL_CALIBRATION_ONLY by R-V3-MVP-CONTROL-CORPUS-01,2025-12-06,2026-08-22,3.0.0-internal-shadow-mvp,V3-INTERNAL-SHADOW-MVP-2026-08-22-R1-001,holdout
G25-0716,2025,15,San Diego State,Boise State,NEUTRAL,-8.222075,-7.150057,-1.072018,-14.0,L,GOVERNED_SYNTHETIC_CONTROL: 2025 Synthetic Season LOCKED v3.xlsx sha256=77bb6ecf48e805b62b8af238bbf7b3534330df0405b8a170e48bb5c234d532ba via Power_Crunch_Research_Lab_Phase5D_WalkForward_Package.zip; corpus self-declares SCHEDULE SYNTHETIC / SCORES SIMULATED; authorised for MVP_CONTROL_CALIBRATION_ONLY by R-V3-MVP-CONTROL-CORPUS-01,2025-12-06,2026-08-22,3.0.0-internal-shadow-mvp,V3-INTERNAL-SHADOW-MVP-2026-08-22-R1-001,holdout
G25-0717,2025,15,Georgia,Ole Miss,NEUTRAL,43.685137,51.130425,-7.445288,14.0,W,GOVERNED_SYNTHETIC_CONTROL: 2025 Synthetic Season LOCKED v3.xlsx sha256=77bb6ecf48e805b62b8af238bbf7b3534330df0405b8a170e48bb5c234d532ba via Power_Crunch_Research_Lab_Phase5D_WalkForward_Package.zip; corpus self-declares SCHEDULE SYNTHETIC / SCORES SIMULATED; authorised for MVP_CONTROL_CALIBRATION_ONLY by R-V3-MVP-CONTROL-CORPUS-01,2025-12-06,2026-08-22,3.0.0-internal-shadow-mvp,V3-INTERNAL-SHADOW-MVP-2026-08-22-R1-001,holdout
G25-0717,2025,15,Ole Miss,Georgia,NEUTRAL,51.130425,43.685137,7.445288,-14.0,L,GOVERNED_SYNTHETIC_CONTROL: 2025 Synthetic Season LOCKED v3.xlsx sha256=77bb6ecf48e805b62b8af238bbf7b3534330df0405b8a170e48bb5c234d532ba via Power_Crunch_Research_Lab_Phase5D_WalkForward_Package.zip; corpus self-declares SCHEDULE SYNTHETIC / SCORES SIMULATED; authorised for MVP_CONTROL_CALIBRATION_ONLY by R-V3-MVP-CONTROL-CORPUS-01,2025-12-06,2026-08-22,3.0.0-internal-shadow-mvp,V3-INTERNAL-SHADOW-MVP-2026-08-22-R1-001,holdout
G25-0718,2025,15,Indiana,Oregon,NEUTRAL,44.576636,56.895981,-12.319344,4.0,W,GOVERNED_SYNTHETIC_CONTROL: 2025 Synthetic Season LOCKED v3.xlsx sha256=77bb6ecf48e805b62b8af238bbf7b3534330df0405b8a170e48bb5c234d532ba via Power_Crunch_Research_Lab_Phase5D_WalkForward_Package.zip; corpus self-declares SCHEDULE SYNTHETIC / SCORES SIMULATED; authorised for MVP_CONTROL_CALIBRATION_ONLY by R-V3-MVP-CONTROL-CORPUS-01,2025-12-06,2026-08-22,3.0.0-internal-shadow-mvp,V3-INTERNAL-SHADOW-MVP-2026-08-22-R1-001,holdout
G25-0718,2025,15,Oregon,Indiana,NEUTRAL,56.895981,44.576636,12.319344,-4.0,L,GOVERNED_SYNTHETIC_CONTROL: 2025 Synthetic Season LOCKED v3.xlsx sha256=77bb6ecf48e805b62b8af238bbf7b3534330df0405b8a170e48bb5c234d532ba via Power_Crunch_Research_Lab_Phase5D_WalkForward_Package.zip; corpus self-declares SCHEDULE SYNTHETIC / SCORES SIMULATED; authorised for MVP_CONTROL_CALIBRATION_ONLY by R-V3-MVP-CONTROL-CORPUS-01,2025-12-06,2026-08-22,3.0.0-internal-shadow-mvp,V3-INTERNAL-SHADOW-MVP-2026-08-22-R1-001,holdout
G25-0719,2025,15,Lehigh,Holy Cross,NEUTRAL,25.852557,-5.814336,31.666893,39.0,W,GOVERNED_SYNTHETIC_CONTROL: 2025 Synthetic Season LOCKED v3.xlsx sha256=77bb6ecf48e805b62b8af238bbf7b3534330df0405b8a170e48bb5c234d532ba via Power_Crunch_Research_Lab_Phase5D_WalkForward_Package.zip; corpus self-declares SCHEDULE SYNTHETIC / SCORES SIMULATED; authorised for MVP_CONTROL_CALIBRATION_ONLY by R-V3-MVP-CONTROL-CORPUS-01,2025-12-06,2026-08-22,3.0.0-internal-shadow-mvp,V3-INTERNAL-SHADOW-MVP-2026-08-22-R1-001,holdout
G25-0719,2025,15,Holy Cross,Lehigh,NEUTRAL,-5.814336,25.852557,-31.666893,-39.0,L,GOVERNED_SYNTHETIC_CONTROL: 2025 Synthetic Season LOCKED v3.xlsx sha256=77bb6ecf48e805b62b8af238bbf7b3534330df0405b8a170e48bb5c234d532ba via Power_Crunch_Research_Lab_Phase5D_WalkForward_Package.zip; corpus self-declares SCHEDULE SYNTHETIC / SCORES SIMULATED; authorised for MVP_CONTROL_CALIBRATION_ONLY by R-V3-MVP-CONTROL-CORPUS-01,2025-12-06,2026-08-22,3.0.0-internal-shadow-mvp,V3-INTERNAL-SHADOW-MVP-2026-08-22-R1-001,holdout
G25-0720,2025,15,Miami,Virginia,NEUTRAL,48.641158,45.402549,3.238609,9.0,W,GOVERNED_SYNTHETIC_CONTROL: 2025 Synthetic Season LOCKED v3.xlsx sha256=77bb6ecf48e805b62b8af238bbf7b3534330df0405b8a170e48bb5c234d532ba via Power_Crunch_Research_Lab_Phase5D_WalkForward_Package.zip; corpus self-declares SCHEDULE SYNTHETIC / SCORES SIMULATED; authorised for MVP_CONTROL_CALIBRATION_ONLY by R-V3-MVP-CONTROL-CORPUS-01,2025-12-06,2026-08-22,3.0.0-internal-shadow-mvp,V3-INTERNAL-SHADOW-MVP-2026-08-22-R1-001,holdout
G25-0720,2025,15,Virginia,Miami,NEUTRAL,45.402549,48.641158,-3.238609,-9.0,L,GOVERNED_SYNTHETIC_CONTROL: 2025 Synthetic Season LOCKED v3.xlsx sha256=77bb6ecf48e805b62b8af238bbf7b3534330df0405b8a170e48bb5c234d532ba via Power_Crunch_Research_Lab_Phase5D_WalkForward_Package.zip; corpus self-declares SCHEDULE SYNTHETIC / SCORES SIMULATED; authorised for MVP_CONTROL_CALIBRATION_ONLY by R-V3-MVP-CONTROL-CORPUS-01,2025-12-06,2026-08-22,3.0.0-internal-shadow-mvp,V3-INTERNAL-SHADOW-MVP-2026-08-22-R1-001,holdout
G25-0721,2025,15,Navy,Tulane,NEUTRAL,12.901779,16.615875,-3.714096,2.0,W,GOVERNED_SYNTHETIC_CONTROL: 2025 Synthetic Season LOCKED v3.xlsx sha256=77bb6ecf48e805b62b8af238bbf7b3534330df0405b8a170e48bb5c234d532ba via Power_Crunch_Research_Lab_Phase5D_WalkForward_Package.zip; corpus self-declares SCHEDULE SYNTHETIC / SCORES SIMULATED; authorised for MVP_CONTROL_CALIBRATION_ONLY by R-V3-MVP-CONTROL-CORPUS-01,2025-12-06,2026-08-22,3.0.0-internal-shadow-mvp,V3-INTERNAL-SHADOW-MVP-2026-08-22-R1-001,holdout
G25-0721,2025,15,Tulane,Navy,NEUTRAL,16.615875,12.901779,3.714096,-2.0,L,GOVERNED_SYNTHETIC_CONTROL: 2025 Synthetic Season LOCKED v3.xlsx sha256=77bb6ecf48e805b62b8af238bbf7b3534330df0405b8a170e48bb5c234d532ba via Power_Crunch_Research_Lab_Phase5D_WalkForward_Package.zip; corpus self-declares SCHEDULE SYNTHETIC / SCORES SIMULATED; authorised for MVP_CONTROL_CALIBRATION_ONLY by R-V3-MVP-CONTROL-CORPUS-01,2025-12-06,2026-08-22,3.0.0-internal-shadow-mvp,V3-INTERNAL-SHADOW-MVP-2026-08-22-R1-001,holdout
G25-0722,2025,15,North Texas,UAB,NEUTRAL,-3.163385,-16.623774,13.460389,20.0,W,GOVERNED_SYNTHETIC_CONTROL: 2025 Synthetic Season LOCKED v3.xlsx sha256=77bb6ecf48e805b62b8af238bbf7b3534330df0405b8a170e48bb5c234d532ba via Power_Crunch_Research_Lab_Phase5D_WalkForward_Package.zip; corpus self-declares SCHEDULE SYNTHETIC / SCORES SIMULATED; authorised for MVP_CONTROL_CALIBRATION_ONLY by R-V3-MVP-CONTROL-CORPUS-01,2025-12-06,2026-08-22,3.0.0-internal-shadow-mvp,V3-INTERNAL-SHADOW-MVP-2026-08-22-R1-001,holdout
G25-0722,2025,15,UAB,North Texas,NEUTRAL,-16.623774,-3.163385,-13.460389,-20.0,L,GOVERNED_SYNTHETIC_CONTROL: 2025 Synthetic Season LOCKED v3.xlsx sha256=77bb6ecf48e805b62b8af238bbf7b3534330df0405b8a170e48bb5c234d532ba via Power_Crunch_Research_Lab_Phase5D_WalkForward_Package.zip; corpus self-declares SCHEDULE SYNTHETIC / SCORES SIMULATED; authorised for MVP_CONTROL_CALIBRATION_ONLY by R-V3-MVP-CONTROL-CORPUS-01,2025-12-06,2026-08-22,3.0.0-internal-shadow-mvp,V3-INTERNAL-SHADOW-MVP-2026-08-22-R1-001,holdout
G25-0723,2025,15,Old Dominion,Buffalo,NEUTRAL,9.590514,-12.213829,21.804344,-7.0,L,GOVERNED_SYNTHETIC_CONTROL: 2025 Synthetic Season LOCKED v3.xlsx sha256=77bb6ecf48e805b62b8af238bbf7b3534330df0405b8a170e48bb5c234d532ba via Power_Crunch_Research_Lab_Phase5D_WalkForward_Package.zip; corpus self-declares SCHEDULE SYNTHETIC / SCORES SIMULATED; authorised for MVP_CONTROL_CALIBRATION_ONLY by R-V3-MVP-CONTROL-CORPUS-01,2025-12-06,2026-08-22,3.0.0-internal-shadow-mvp,V3-INTERNAL-SHADOW-MVP-2026-08-22-R1-001,holdout
G25-0723,2025,15,Buffalo,Old Dominion,NEUTRAL,-12.213829,9.590514,-21.804344,7.0,W,GOVERNED_SYNTHETIC_CONTROL: 2025 Synthetic Season LOCKED v3.xlsx sha256=77bb6ecf48e805b62b8af238bbf7b3534330df0405b8a170e48bb5c234d532ba via Power_Crunch_Research_Lab_Phase5D_WalkForward_Package.zip; corpus self-declares SCHEDULE SYNTHETIC / SCORES SIMULATED; authorised for MVP_CONTROL_CALIBRATION_ONLY by R-V3-MVP-CONTROL-CORPUS-01,2025-12-06,2026-08-22,3.0.0-internal-shadow-mvp,V3-INTERNAL-SHADOW-MVP-2026-08-22-R1-001,holdout
G25-0745,2025,16,Texas,BYU,HOME,47.056396,35.055939,15.500457,28.0,W,GOVERNED_SYNTHETIC_CONTROL: 2025 Synthetic Season LOCKED v3.xlsx sha256=77bb6ecf48e805b62b8af238bbf7b3534330df0405b8a170e48bb5c234d532ba via Power_Crunch_Research_Lab_Phase5D_WalkForward_Package.zip; corpus self-declares SCHEDULE SYNTHETIC / SCORES SIMULATED; authorised for MVP_CONTROL_CALIBRATION_ONLY by R-V3-MVP-CONTROL-CORPUS-01,2025-12-14,2026-08-22,3.0.0-internal-shadow-mvp,V3-INTERNAL-SHADOW-MVP-2026-08-22-R1-001,holdout
G25-0745,2025,16,BYU,Texas,AWAY,35.055939,47.056396,-15.500457,-28.0,L,GOVERNED_SYNTHETIC_CONTROL: 2025 Synthetic Season LOCKED v3.xlsx sha256=77bb6ecf48e805b62b8af238bbf7b3534330df0405b8a170e48bb5c234d532ba via Power_Crunch_Research_Lab_Phase5D_WalkForward_Package.zip; corpus self-declares SCHEDULE SYNTHETIC / SCORES SIMULATED; authorised for MVP_CONTROL_CALIBRATION_ONLY by R-V3-MVP-CONTROL-CORPUS-01,2025-12-14,2026-08-22,3.0.0-internal-shadow-mvp,V3-INTERNAL-SHADOW-MVP-2026-08-22-R1-001,holdout
G25-0746,2025,16,Utah,Vanderbilt,HOME,29.51586,35.518134,-2.502273,-6.0,L,GOVERNED_SYNTHETIC_CONTROL: 2025 Synthetic Season LOCKED v3.xlsx sha256=77bb6ecf48e805b62b8af238bbf7b3534330df0405b8a170e48bb5c234d532ba via Power_Crunch_Research_Lab_Phase5D_WalkForward_Package.zip; corpus self-declares SCHEDULE SYNTHETIC / SCORES SIMULATED; authorised for MVP_CONTROL_CALIBRATION_ONLY by R-V3-MVP-CONTROL-CORPUS-01,2025-12-14,2026-08-22,3.0.0-internal-shadow-mvp,V3-INTERNAL-SHADOW-MVP-2026-08-22-R1-001,holdout
G25-0746,2025,16,Vanderbilt,Utah,AWAY,35.518134,29.51586,2.502273,6.0,W,GOVERNED_SYNTHETIC_CONTROL: 2025 Synthetic Season LOCKED v3.xlsx sha256=77bb6ecf48e805b62b8af238bbf7b3534330df0405b8a170e48bb5c234d532ba via Power_Crunch_Research_Lab_Phase5D_WalkForward_Package.zip; corpus self-declares SCHEDULE SYNTHETIC / SCORES SIMULATED; authorised for MVP_CONTROL_CALIBRATION_ONLY by R-V3-MVP-CONTROL-CORPUS-01,2025-12-14,2026-08-22,3.0.0-internal-shadow-mvp,V3-INTERNAL-SHADOW-MVP-2026-08-22-R1-001,holdout
G25-0747,2025,16,Georgia,Vanderbilt,HOME,46.139532,35.518134,14.121398,-1.0,L,GOVERNED_SYNTHETIC_CONTROL: 2025 Synthetic Season LOCKED v3.xlsx sha256=77bb6ecf48e805b62b8af238bbf7b3534330df0405b8a170e48bb5c234d532ba via Power_Crunch_Research_Lab_Phase5D_WalkForward_Package.zip; corpus self-declares SCHEDULE SYNTHETIC / SCORES SIMULATED; authorised for MVP_CONTROL_CALIBRATION_ONLY by R-V3-MVP-CONTROL-CORPUS-01,2025-12-19,2026-08-22,3.0.0-internal-shadow-mvp,V3-INTERNAL-SHADOW-MVP-2026-08-22-R1-001,holdout
G25-0747,2025,16,Vanderbilt,Georgia,AWAY,35.518134,46.139532,-14.121398,1.0,W,GOVERNED_SYNTHETIC_CONTROL: 2025 Synthetic Season LOCKED v3.xlsx sha256=77bb6ecf48e805b62b8af238bbf7b3534330df0405b8a170e48bb5c234d532ba via Power_Crunch_Research_Lab_Phase5D_WalkForward_Package.zip; corpus self-declares SCHEDULE SYNTHETIC / SCORES SIMULATED; authorised for MVP_CONTROL_CALIBRATION_ONLY by R-V3-MVP-CONTROL-CORPUS-01,2025-12-19,2026-08-22,3.0.0-internal-shadow-mvp,V3-INTERNAL-SHADOW-MVP-2026-08-22-R1-001,holdout
G25-0748,2025,16,Navy,Alabama,HOME,12.691039,48.792163,-32.601124,-46.0,L,GOVERNED_SYNTHETIC_CONTROL: 2025 Synthetic Season LOCKED v3.xlsx sha256=77bb6ecf48e805b62b8af238bbf7b3534330df0405b8a170e48bb5c234d532ba via Power_Crunch_Research_Lab_Phase5D_WalkForward_Package.zip; corpus self-declares SCHEDULE SYNTHETIC / SCORES SIMULATED; authorised for MVP_CONTROL_CALIBRATION_ONLY by R-V3-MVP-CONTROL-CORPUS-01,2025-12-19,2026-08-22,3.0.0-internal-shadow-mvp,V3-INTERNAL-SHADOW-MVP-2026-08-22-R1-001,holdout
G25-0748,2025,16,Alabama,Navy,AWAY,48.792163,12.691039,32.601124,46.0,W,GOVERNED_SYNTHETIC_CONTROL: 2025 Synthetic Season LOCKED v3.xlsx sha256=77bb6ecf48e805b62b8af238bbf7b3534330df0405b8a170e48bb5c234d532ba via Power_Crunch_Research_Lab_Phase5D_WalkForward_Package.zip; corpus self-declares SCHEDULE SYNTHETIC / SCORES SIMULATED; authorised for MVP_CONTROL_CALIBRATION_ONLY by R-V3-MVP-CONTROL-CORPUS-01,2025-12-19,2026-08-22,3.0.0-internal-shadow-mvp,V3-INTERNAL-SHADOW-MVP-2026-08-22-R1-001,holdout
G25-0749,2025,16,Notre Dame,Texas A&M,HOME,33.795455,50.493653,-13.198198,-22.0,L,GOVERNED_SYNTHETIC_CONTROL: 2025 Synthetic Season LOCKED v3.xlsx sha256=77bb6ecf48e805b62b8af238bbf7b3534330df0405b8a170e48bb5c234d532ba via Power_Crunch_Research_Lab_Phase5D_WalkForward_Package.zip; corpus self-declares SCHEDULE SYNTHETIC / SCORES SIMULATED; authorised for MVP_CONTROL_CALIBRATION_ONLY by R-V3-MVP-CONTROL-CORPUS-01,2025-12-19,2026-08-22,3.0.0-internal-shadow-mvp,V3-INTERNAL-SHADOW-MVP-2026-08-22-R1-001,holdout
G25-0749,2025,16,Texas A&M,Notre Dame,AWAY,50.493653,33.795455,13.198198,22.0,W,GOVERNED_SYNTHETIC_CONTROL: 2025 Synthetic Season LOCKED v3.xlsx sha256=77bb6ecf48e805b62b8af238bbf7b3534330df0405b8a170e48bb5c234d532ba via Power_Crunch_Research_Lab_Phase5D_WalkForward_Package.zip; corpus self-declares SCHEDULE SYNTHETIC / SCORES SIMULATED; authorised for MVP_CONTROL_CALIBRATION_ONLY by R-V3-MVP-CONTROL-CORPUS-01,2025-12-19,2026-08-22,3.0.0-internal-shadow-mvp,V3-INTERNAL-SHADOW-MVP-2026-08-22-R1-001,holdout
G25-0750,2025,16,Oregon,Texas,HOME,54.90312,47.056396,11.346724,-9.0,L,GOVERNED_SYNTHETIC_CONTROL: 2025 Synthetic Season LOCKED v3.xlsx sha256=77bb6ecf48e805b62b8af238bbf7b3534330df0405b8a170e48bb5c234d532ba via Power_Crunch_Research_Lab_Phase5D_WalkForward_Package.zip; corpus self-declares SCHEDULE SYNTHETIC / SCORES SIMULATED; authorised for MVP_CONTROL_CALIBRATION_ONLY by R-V3-MVP-CONTROL-CORPUS-01,2025-12-19,2026-08-22,3.0.0-internal-shadow-mvp,V3-INTERNAL-SHADOW-MVP-2026-08-22-R1-001,holdout
G25-0750,2025,16,Texas,Oregon,AWAY,47.056396,54.90312,-11.346724,9.0,W,GOVERNED_SYNTHETIC_CONTROL: 2025 Synthetic Season LOCKED v3.xlsx sha256=77bb6ecf48e805b62b8af238bbf7b3534330df0405b8a170e48bb5c234d532ba via Power_Crunch_Research_Lab_Phase5D_WalkForward_Package.zip; corpus self-declares SCHEDULE SYNTHETIC / SCORES SIMULATED; authorised for MVP_CONTROL_CALIBRATION_ONLY by R-V3-MVP-CONTROL-CORPUS-01,2025-12-19,2026-08-22,3.0.0-internal-shadow-mvp,V3-INTERNAL-SHADOW-MVP-2026-08-22-R1-001,holdout
G25-0724,2025,16,Ohio State,Lehigh,NEUTRAL,33.975072,26.192987,7.782086,27.0,W,GOVERNED_SYNTHETIC_CONTROL: 2025 Synthetic Season LOCKED v3.xlsx sha256=77bb6ecf48e805b62b8af238bbf7b3534330df0405b8a170e48bb5c234d532ba via Power_Crunch_Research_Lab_Phase5D_WalkForward_Package.zip; corpus self-declares SCHEDULE SYNTHETIC / SCORES SIMULATED; authorised for MVP_CONTROL_CALIBRATION_ONLY by R-V3-MVP-CONTROL-CORPUS-01,2025-12-20,2026-08-22,3.0.0-internal-shadow-mvp,V3-INTERNAL-SHADOW-MVP-2026-08-22-R1-001,holdout
G25-0724,2025,16,Lehigh,Ohio State,NEUTRAL,26.192987,33.975072,-7.782086,-27.0,L,GOVERNED_SYNTHETIC_CONTROL: 2025 Synthetic Season LOCKED v3.xlsx sha256=77bb6ecf48e805b62b8af238bbf7b3534330df0405b8a170e48bb5c234d532ba via Power_Crunch_Research_Lab_Phase5D_WalkForward_Package.zip; corpus self-declares SCHEDULE SYNTHETIC / SCORES SIMULATED; authorised for MVP_CONTROL_CALIBRATION_ONLY by R-V3-MVP-CONTROL-CORPUS-01,2025-12-20,2026-08-22,3.0.0-internal-shadow-mvp,V3-INTERNAL-SHADOW-MVP-2026-08-22-R1-001,holdout
G25-0725,2025,16,Temple,Princeton,NEUTRAL,-6.147711,-14.108363,7.960652,1.0,W,GOVERNED_SYNTHETIC_CONTROL: 2025 Synthetic Season LOCKED v3.xlsx sha256=77bb6ecf48e805b62b8af238bbf7b3534330df0405b8a170e48bb5c234d532ba via Power_Crunch_Research_Lab_Phase5D_WalkForward_Package.zip; corpus self-declares SCHEDULE SYNTHETIC / SCORES SIMULATED; authorised for MVP_CONTROL_CALIBRATION_ONLY by R-V3-MVP-CONTROL-CORPUS-01,2025-12-20,2026-08-22,3.0.0-internal-shadow-mvp,V3-INTERNAL-SHADOW-MVP-2026-08-22-R1-001,holdout
G25-0725,2025,16,Princeton,Temple,NEUTRAL,-14.108363,-6.147711,-7.960652,-1.0,L,GOVERNED_SYNTHETIC_CONTROL: 2025 Synthetic Season LOCKED v3.xlsx sha256=77bb6ecf48e805b62b8af238bbf7b3534330df0405b8a170e48bb5c234d532ba via Power_Crunch_Research_Lab_Phase5D_WalkForward_Package.zip; corpus self-declares SCHEDULE SYNTHETIC / SCORES SIMULATED; authorised for MVP_CONTROL_CALIBRATION_ONLY by R-V3-MVP-CONTROL-CORPUS-01,2025-12-20,2026-08-22,3.0.0-internal-shadow-mvp,V3-INTERNAL-SHADOW-MVP-2026-08-22-R1-001,holdout
G25-0726,2025,16,Wake Forest,UConn,NEUTRAL,4.727721,-2.874253,7.601974,-7.0,L,GOVERNED_SYNTHETIC_CONTROL: 2025 Synthetic Season LOCKED v3.xlsx sha256=77bb6ecf48e805b62b8af238bbf7b3534330df0405b8a170e48bb5c234d532ba via Power_Crunch_Research_Lab_Phase5D_WalkForward_Package.zip; corpus self-declares SCHEDULE SYNTHETIC / SCORES SIMULATED; authorised for MVP_CONTROL_CALIBRATION_ONLY by R-V3-MVP-CONTROL-CORPUS-01,2025-12-20,2026-08-22,3.0.0-internal-shadow-mvp,V3-INTERNAL-SHADOW-MVP-2026-08-22-R1-001,holdout
G25-0726,2025,16,UConn,Wake Forest,NEUTRAL,-2.874253,4.727721,-7.601974,7.0,W,GOVERNED_SYNTHETIC_CONTROL: 2025 Synthetic Season LOCKED v3.xlsx sha256=77bb6ecf48e805b62b8af238bbf7b3534330df0405b8a170e48bb5c234d532ba via Power_Crunch_Research_Lab_Phase5D_WalkForward_Package.zip; corpus self-declares SCHEDULE SYNTHETIC / SCORES SIMULATED; authorised for MVP_CONTROL_CALIBRATION_ONLY by R-V3-MVP-CONTROL-CORPUS-01,2025-12-20,2026-08-22,3.0.0-internal-shadow-mvp,V3-INTERNAL-SHADOW-MVP-2026-08-22-R1-001,holdout
G25-0727,2025,16,Memphis,New Mexico State,NEUTRAL,-13.893683,-16.495151,2.601469,10.0,W,GOVERNED_SYNTHETIC_CONTROL: 2025 Synthetic Season LOCKED v3.xlsx sha256=77bb6ecf48e805b62b8af238bbf7b3534330df0405b8a170e48bb5c234d532ba via Power_Crunch_Research_Lab_Phase5D_WalkForward_Package.zip; corpus self-declares SCHEDULE SYNTHETIC / SCORES SIMULATED; authorised for MVP_CONTROL_CALIBRATION_ONLY by R-V3-MVP-CONTROL-CORPUS-01,2025-12-22,2026-08-22,3.0.0-internal-shadow-mvp,V3-INTERNAL-SHADOW-MVP-2026-08-22-R1-001,holdout
G25-0727,2025,16,New Mexico State,Memphis,NEUTRAL,-16.495151,-13.893683,-2.601469,-10.0,L,GOVERNED_SYNTHETIC_CONTROL: 2025 Synthetic Season LOCKED v3.xlsx sha256=77bb6ecf48e805b62b8af238bbf7b3534330df0405b8a170e48bb5c234d532ba via Power_Crunch_Research_Lab_Phase5D_WalkForward_Package.zip; corpus self-declares SCHEDULE SYNTHETIC / SCORES SIMULATED; authorised for MVP_CONTROL_CALIBRATION_ONLY by R-V3-MVP-CONTROL-CORPUS-01,2025-12-22,2026-08-22,3.0.0-internal-shadow-mvp,V3-INTERNAL-SHADOW-MVP-2026-08-22-R1-001,holdout
G25-0728,2025,16,North Carolina,Arizona,NEUTRAL,-4.628819,13.720083,-18.348903,-39.0,L,GOVERNED_SYNTHETIC_CONTROL: 2025 Synthetic Season LOCKED v3.xlsx sha256=77bb6ecf48e805b62b8af238bbf7b3534330df0405b8a170e48bb5c234d532ba via Power_Crunch_Research_Lab_Phase5D_WalkForward_Package.zip; corpus self-declares SCHEDULE SYNTHETIC / SCORES SIMULATED; authorised for MVP_CONTROL_CALIBRATION_ONLY by R-V3-MVP-CONTROL-CORPUS-01,2025-12-22,2026-08-22,3.0.0-internal-shadow-mvp,V3-INTERNAL-SHADOW-MVP-2026-08-22-R1-001,holdout
G25-0728,2025,16,Arizona,North Carolina,NEUTRAL,13.720083,-4.628819,18.348903,39.0,W,GOVERNED_SYNTHETIC_CONTROL: 2025 Synthetic Season LOCKED v3.xlsx sha256=77bb6ecf48e805b62b8af238bbf7b3534330df0405b8a170e48bb5c234d532ba via Power_Crunch_Research_Lab_Phase5D_WalkForward_Package.zip; corpus self-declares SCHEDULE SYNTHETIC / SCORES SIMULATED; authorised for MVP_CONTROL_CALIBRATION_ONLY by R-V3-MVP-CONTROL-CORPUS-01,2025-12-22,2026-08-22,3.0.0-internal-shadow-mvp,V3-INTERNAL-SHADOW-MVP-2026-08-22-R1-001,holdout
G25-0729,2025,16,Tulane,Virginia,NEUTRAL,14.189921,47.616389,-33.426468,-25.0,L,GOVERNED_SYNTHETIC_CONTROL: 2025 Synthetic Season LOCKED v3.xlsx sha256=77bb6ecf48e805b62b8af238bbf7b3534330df0405b8a170e48bb5c234d532ba via Power_Crunch_Research_Lab_Phase5D_WalkForward_Package.zip; corpus self-declares SCHEDULE SYNTHETIC / SCORES SIMULATED; authorised for MVP_CONTROL_CALIBRATION_ONLY by R-V3-MVP-CONTROL-CORPUS-01,2025-12-22,2026-08-22,3.0.0-internal-shadow-mvp,V3-INTERNAL-SHADOW-MVP-2026-08-22-R1-001,holdout
G25-0729,2025,16,Virginia,Tulane,NEUTRAL,47.616389,14.189921,33.426468,25.0,W,GOVERNED_SYNTHETIC_CONTROL: 2025 Synthetic Season LOCKED v3.xlsx sha256=77bb6ecf48e805b62b8af238bbf7b3534330df0405b8a170e48bb5c234d532ba via Power_Crunch_Research_Lab_Phase5D_WalkForward_Package.zip; corpus self-declares SCHEDULE SYNTHETIC / SCORES SIMULATED; authorised for MVP_CONTROL_CALIBRATION_ONLY by R-V3-MVP-CONTROL-CORPUS-01,2025-12-22,2026-08-22,3.0.0-internal-shadow-mvp,V3-INTERNAL-SHADOW-MVP-2026-08-22-R1-001,holdout
G25-0730,2025,16,Iowa,Oklahoma,NEUTRAL,48.813462,38.960869,9.852593,15.0,W,GOVERNED_SYNTHETIC_CONTROL: 2025 Synthetic Season LOCKED v3.xlsx sha256=77bb6ecf48e805b62b8af238bbf7b3534330df0405b8a170e48bb5c234d532ba via Power_Crunch_Research_Lab_Phase5D_WalkForward_Package.zip; corpus self-declares SCHEDULE SYNTHETIC / SCORES SIMULATED; authorised for MVP_CONTROL_CALIBRATION_ONLY by R-V3-MVP-CONTROL-CORPUS-01,2025-12-23,2026-08-22,3.0.0-internal-shadow-mvp,V3-INTERNAL-SHADOW-MVP-2026-08-22-R1-001,holdout
G25-0730,2025,16,Oklahoma,Iowa,NEUTRAL,38.960869,48.813462,-9.852593,-15.0,L,GOVERNED_SYNTHETIC_CONTROL: 2025 Synthetic Season LOCKED v3.xlsx sha256=77bb6ecf48e805b62b8af238bbf7b3534330df0405b8a170e48bb5c234d532ba via Power_Crunch_Research_Lab_Phase5D_WalkForward_Package.zip; corpus self-declares SCHEDULE SYNTHETIC / SCORES SIMULATED; authorised for MVP_CONTROL_CALIBRATION_ONLY by R-V3-MVP-CONTROL-CORPUS-01,2025-12-23,2026-08-22,3.0.0-internal-shadow-mvp,V3-INTERNAL-SHADOW-MVP-2026-08-22-R1-001,holdout
G25-0731,2025,16,Missouri,Louisville,NEUTRAL,2.683006,10.161419,-7.478413,20.0,W,GOVERNED_SYNTHETIC_CONTROL: 2025 Synthetic Season LOCKED v3.xlsx sha256=77bb6ecf48e805b62b8af238bbf7b3534330df0405b8a170e48bb5c234d532ba via Power_Crunch_Research_Lab_Phase5D_WalkForward_Package.zip; corpus self-declares SCHEDULE SYNTHETIC / SCORES SIMULATED; authorised for MVP_CONTROL_CALIBRATION_ONLY by R-V3-MVP-CONTROL-CORPUS-01,2025-12-23,2026-08-22,3.0.0-internal-shadow-mvp,V3-INTERNAL-SHADOW-MVP-2026-08-22-R1-001,holdout
G25-0731,2025,16,Louisville,Missouri,NEUTRAL,10.161419,2.683006,7.478413,-20.0,L,GOVERNED_SYNTHETIC_CONTROL: 2025 Synthetic Season LOCKED v3.xlsx sha256=77bb6ecf48e805b62b8af238bbf7b3534330df0405b8a170e48bb5c234d532ba via Power_Crunch_Research_Lab_Phase5D_WalkForward_Package.zip; corpus self-declares SCHEDULE SYNTHETIC / SCORES SIMULATED; authorised for MVP_CONTROL_CALIBRATION_ONLY by R-V3-MVP-CONTROL-CORPUS-01,2025-12-23,2026-08-22,3.0.0-internal-shadow-mvp,V3-INTERNAL-SHADOW-MVP-2026-08-22-R1-001,holdout
G25-0732,2025,16,Nevada,Wyoming,NEUTRAL,-12.331575,-11.379826,-0.951749,5.0,W,GOVERNED_SYNTHETIC_CONTROL: 2025 Synthetic Season LOCKED v3.xlsx sha256=77bb6ecf48e805b62b8af238bbf7b3534330df0405b8a170e48bb5c234d532ba via Power_Crunch_Research_Lab_Phase5D_WalkForward_Package.zip; corpus self-declares SCHEDULE SYNTHETIC / SCORES SIMULATED; authorised for MVP_CONTROL_CALIBRATION_ONLY by R-V3-MVP-CONTROL-CORPUS-01,2025-12-23,2026-08-22,3.0.0-internal-shadow-mvp,V3-INTERNAL-SHADOW-MVP-2026-08-22-R1-001,holdout
G25-0732,2025,16,Wyoming,Nevada,NEUTRAL,-11.379826,-12.331575,0.951749,-5.0,L,GOVERNED_SYNTHETIC_CONTROL: 2025 Synthetic Season LOCKED v3.xlsx sha256=77bb6ecf48e805b62b8af238bbf7b3534330df0405b8a170e48bb5c234d532ba via Power_Crunch_Research_Lab_Phase5D_WalkForward_Package.zip; corpus self-declares SCHEDULE SYNTHETIC / SCORES SIMULATED; authorised for MVP_CONTROL_CALIBRATION_ONLY by R-V3-MVP-CONTROL-CORPUS-01,2025-12-23,2026-08-22,3.0.0-internal-shadow-mvp,V3-INTERNAL-SHADOW-MVP-2026-08-22-R1-001,holdout
G25-0733,2025,16,Boise State,Army,NEUTRAL,-5.439758,3.116829,-8.556587,-5.0,L,GOVERNED_SYNTHETIC_CONTROL: 2025 Synthetic Season LOCKED v3.xlsx sha256=77bb6ecf48e805b62b8af238bbf7b3534330df0405b8a170e48bb5c234d532ba via Power_Crunch_Research_Lab_Phase5D_WalkForward_Package.zip; corpus self-declares SCHEDULE SYNTHETIC / SCORES SIMULATED; authorised for MVP_CONTROL_CALIBRATION_ONLY by R-V3-MVP-CONTROL-CORPUS-01,2025-12-26,2026-08-22,3.0.0-internal-shadow-mvp,V3-INTERNAL-SHADOW-MVP-2026-08-22-R1-001,holdout
G25-0733,2025,16,Army,Boise State,NEUTRAL,3.116829,-5.439758,8.556587,5.0,W,GOVERNED_SYNTHETIC_CONTROL: 2025 Synthetic Season LOCKED v3.xlsx sha256=77bb6ecf48e805b62b8af238bbf7b3534330df0405b8a170e48bb5c234d532ba via Power_Crunch_Research_Lab_Phase5D_WalkForward_Package.zip; corpus self-declares SCHEDULE SYNTHETIC / SCORES SIMULATED; authorised for MVP_CONTROL_CALIBRATION_ONLY by R-V3-MVP-CONTROL-CORPUS-01,2025-12-26,2026-08-22,3.0.0-internal-shadow-mvp,V3-INTERNAL-SHADOW-MVP-2026-08-22-R1-001,holdout
G25-0734,2025,16,Houston,Illinois,NEUTRAL,19.083443,27.460544,-8.377101,-39.0,L,GOVERNED_SYNTHETIC_CONTROL: 2025 Synthetic Season LOCKED v3.xlsx sha256=77bb6ecf48e805b62b8af238bbf7b3534330df0405b8a170e48bb5c234d532ba via Power_Crunch_Research_Lab_Phase5D_WalkForward_Package.zip; corpus self-declares SCHEDULE SYNTHETIC / SCORES SIMULATED; authorised for MVP_CONTROL_CALIBRATION_ONLY by R-V3-MVP-CONTROL-CORPUS-01,2025-12-26,2026-08-22,3.0.0-internal-shadow-mvp,V3-INTERNAL-SHADOW-MVP-2026-08-22-R1-001,holdout
G25-0734,2025,16,Illinois,Houston,NEUTRAL,27.460544,19.083443,8.377101,39.0,W,GOVERNED_SYNTHETIC_CONTROL: 2025 Synthetic Season LOCKED v3.xlsx sha256=77bb6ecf48e805b62b8af238bbf7b3534330df0405b8a170e48bb5c234d532ba via Power_Crunch_Research_Lab_Phase5D_WalkForward_Package.zip; corpus self-declares SCHEDULE SYNTHETIC / SCORES SIMULATED; authorised for MVP_CONTROL_CALIBRATION_ONLY by R-V3-MVP-CONTROL-CORPUS-01,2025-12-26,2026-08-22,3.0.0-internal-shadow-mvp,V3-INTERNAL-SHADOW-MVP-2026-08-22-R1-001,holdout
G25-0735,2025,16,Duke,Kansas,NEUTRAL,-0.712073,-0.617443,-0.09463,7.0,W,GOVERNED_SYNTHETIC_CONTROL: 2025 Synthetic Season LOCKED v3.xlsx sha256=77bb6ecf48e805b62b8af238bbf7b3534330df0405b8a170e48bb5c234d532ba via Power_Crunch_Research_Lab_Phase5D_WalkForward_Package.zip; corpus self-declares SCHEDULE SYNTHETIC / SCORES SIMULATED; authorised for MVP_CONTROL_CALIBRATION_ONLY by R-V3-MVP-CONTROL-CORPUS-01,2025-12-27,2026-08-22,3.0.0-internal-shadow-mvp,V3-INTERNAL-SHADOW-MVP-2026-08-22-R1-001,holdout
G25-0735,2025,16,Kansas,Duke,NEUTRAL,-0.617443,-0.712073,0.09463,-7.0,L,GOVERNED_SYNTHETIC_CONTROL: 2025 Synthetic Season LOCKED v3.xlsx sha256=77bb6ecf48e805b62b8af238bbf7b3534330df0405b8a170e48bb5c234d532ba via Power_Crunch_Research_Lab_Phase5D_WalkForward_Package.zip; corpus self-declares SCHEDULE SYNTHETIC / SCORES SIMULATED; authorised for MVP_CONTROL_CALIBRATION_ONLY by R-V3-MVP-CONTROL-CORPUS-01,2025-12-27,2026-08-22,3.0.0-internal-shadow-mvp,V3-INTERNAL-SHADOW-MVP-2026-08-22-R1-001,holdout
G25-0736,2025,16,Georgia Tech,USC,NEUTRAL,16.82501,25.536432,-8.711422,-4.0,L,GOVERNED_SYNTHETIC_CONTROL: 2025 Synthetic Season LOCKED v3.xlsx sha256=77bb6ecf48e805b62b8af238bbf7b3534330df0405b8a170e48bb5c234d532ba via Power_Crunch_Research_Lab_Phase5D_WalkForward_Package.zip; corpus self-declares SCHEDULE SYNTHETIC / SCORES SIMULATED; authorised for MVP_CONTROL_CALIBRATION_ONLY by R-V3-MVP-CONTROL-CORPUS-01,2025-12-27,2026-08-22,3.0.0-internal-shadow-mvp,V3-INTERNAL-SHADOW-MVP-2026-08-22-R1-001,holdout
G25-0736,2025,16,USC,Georgia Tech,NEUTRAL,25.536432,16.82501,8.711422,4.0,W,GOVERNED_SYNTHETIC_CONTROL: 2025 Synthetic Season LOCKED v3.xlsx sha256=77bb6ecf48e805b62b8af238bbf7b3534330df0405b8a170e48bb5c234d532ba via Power_Crunch_Research_Lab_Phase5D_WalkForward_Package.zip; corpus self-declares SCHEDULE SYNTHETIC / SCORES SIMULATED; authorised for MVP_CONTROL_CALIBRATION_ONLY by R-V3-MVP-CONTROL-CORPUS-01,2025-12-27,2026-08-22,3.0.0-internal-shadow-mvp,V3-INTERNAL-SHADOW-MVP-2026-08-22-R1-001,holdout
G25-0737,2025,16,Marshall,Minnesota,NEUTRAL,-22.197196,-8.805395,-13.391801,-27.0,L,GOVERNED_SYNTHETIC_CONTROL: 2025 Synthetic Season LOCKED v3.xlsx sha256=77bb6ecf48e805b62b8af238bbf7b3534330df0405b8a170e48bb5c234d532ba via Power_Crunch_Research_Lab_Phase5D_WalkForward_Package.zip; corpus self-declares SCHEDULE SYNTHETIC / SCORES SIMULATED; authorised for MVP_CONTROL_CALIBRATION_ONLY by R-V3-MVP-CONTROL-CORPUS-01,2025-12-29,2026-08-22,3.0.0-internal-shadow-mvp,V3-INTERNAL-SHADOW-MVP-2026-08-22-R1-001,holdout
G25-0737,2025,16,Minnesota,Marshall,NEUTRAL,-8.805395,-22.197196,13.391801,27.0,W,GOVERNED_SYNTHETIC_CONTROL: 2025 Synthetic Season LOCKED v3.xlsx sha256=77bb6ecf48e805b62b8af238bbf7b3534330df0405b8a170e48bb5c234d532ba via Power_Crunch_Research_Lab_Phase5D_WalkForward_Package.zip; corpus self-declares SCHEDULE SYNTHETIC / SCORES SIMULATED; authorised for MVP_CONTROL_CALIBRATION_ONLY by R-V3-MVP-CONTROL-CORPUS-01,2025-12-29,2026-08-22,3.0.0-internal-shadow-mvp,V3-INTERNAL-SHADOW-MVP-2026-08-22-R1-001,holdout
G25-0738,2025,16,Michigan,SMU,NEUTRAL,36.351359,-0.560616,36.911975,42.0,W,GOVERNED_SYNTHETIC_CONTROL: 2025 Synthetic Season LOCKED v3.xlsx sha256=77bb6ecf48e805b62b8af238bbf7b3534330df0405b8a170e48bb5c234d532ba via Power_Crunch_Research_Lab_Phase5D_WalkForward_Package.zip; corpus self-declares SCHEDULE SYNTHETIC / SCORES SIMULATED; authorised for MVP_CONTROL_CALIBRATION_ONLY by R-V3-MVP-CONTROL-CORPUS-01,2025-12-29,2026-08-22,3.0.0-internal-shadow-mvp,V3-INTERNAL-SHADOW-MVP-2026-08-22-R1-001,holdout
G25-0738,2025,16,SMU,Michigan,NEUTRAL,-0.560616,36.351359,-36.911975,-42.0,L,GOVERNED_SYNTHETIC_CONTROL: 2025 Synthetic Season LOCKED v3.xlsx sha256=77bb6ecf48e805b62b8af238bbf7b3534330df0405b8a170e48bb5c234d532ba via Power_Crunch_Research_Lab_Phase5D_WalkForward_Package.zip; corpus self-declares SCHEDULE SYNTHETIC / SCORES SIMULATED; authorised for MVP_CONTROL_CALIBRATION_ONLY by R-V3-MVP-CONTROL-CORPUS-01,2025-12-29,2026-08-22,3.0.0-internal-shadow-mvp,V3-INTERNAL-SHADOW-MVP-2026-08-22-R1-001,holdout
G25-0739,2025,16,Cincinnati,East Carolina,NEUTRAL,6.922561,-0.002821,6.925381,-9.0,L,GOVERNED_SYNTHETIC_CONTROL: 2025 Synthetic Season LOCKED v3.xlsx sha256=77bb6ecf48e805b62b8af238bbf7b3534330df0405b8a170e48bb5c234d532ba via Power_Crunch_Research_Lab_Phase5D_WalkForward_Package.zip; corpus self-declares SCHEDULE SYNTHETIC / SCORES SIMULATED; authorised for MVP_CONTROL_CALIBRATION_ONLY by R-V3-MVP-CONTROL-CORPUS-01,2025-12-30,2026-08-22,3.0.0-internal-shadow-mvp,V3-INTERNAL-SHADOW-MVP-2026-08-22-R1-001,holdout
G25-0739,2025,16,East Carolina,Cincinnati,NEUTRAL,-0.002821,6.922561,-6.925381,9.0,W,GOVERNED_SYNTHETIC_CONTROL: 2025 Synthetic Season LOCKED v3.xlsx sha256=77bb6ecf48e805b62b8af238bbf7b3534330df0405b8a170e48bb5c234d532ba via Power_Crunch_Research_Lab_Phase5D_WalkForward_Package.zip; corpus self-declares SCHEDULE SYNTHETIC / SCORES SIMULATED; authorised for MVP_CONTROL_CALIBRATION_ONLY by R-V3-MVP-CONTROL-CORPUS-01,2025-12-30,2026-08-22,3.0.0-internal-shadow-mvp,V3-INTERNAL-SHADOW-MVP-2026-08-22-R1-001,holdout
G25-0740,2025,16,Washington,TCU,NEUTRAL,22.395964,12.093006,10.302957,5.0,W,GOVERNED_SYNTHETIC_CONTROL: 2025 Synthetic Season LOCKED v3.xlsx sha256=77bb6ecf48e805b62b8af238bbf7b3534330df0405b8a170e48bb5c234d532ba via Power_Crunch_Research_Lab_Phase5D_WalkForward_Package.zip; corpus self-declares SCHEDULE SYNTHETIC / SCORES SIMULATED; authorised for MVP_CONTROL_CALIBRATION_ONLY by R-V3-MVP-CONTROL-CORPUS-01,2025-12-30,2026-08-22,3.0.0-internal-shadow-mvp,V3-INTERNAL-SHADOW-MVP-2026-08-22-R1-001,holdout
G25-0740,2025,16,TCU,Washington,NEUTRAL,12.093006,22.395964,-10.302957,-5.0,L,GOVERNED_SYNTHETIC_CONTROL: 2025 Synthetic Season LOCKED v3.xlsx sha256=77bb6ecf48e805b62b8af238bbf7b3534330df0405b8a170e48bb5c234d532ba via Power_Crunch_Research_Lab_Phase5D_WalkForward_Package.zip; corpus self-declares SCHEDULE SYNTHETIC / SCORES SIMULATED; authorised for MVP_CONTROL_CALIBRATION_ONLY by R-V3-MVP-CONTROL-CORPUS-01,2025-12-30,2026-08-22,3.0.0-internal-shadow-mvp,V3-INTERNAL-SHADOW-MVP-2026-08-22-R1-001,holdout
G25-0751,2025,16,Indiana,Texas A&M,NEUTRAL,45.386344,50.493653,-5.107308,6.0,W,GOVERNED_SYNTHETIC_CONTROL: 2025 Synthetic Season LOCKED v3.xlsx sha256=77bb6ecf48e805b62b8af238bbf7b3534330df0405b8a170e48bb5c234d532ba via Power_Crunch_Research_Lab_Phase5D_WalkForward_Package.zip; corpus self-declares SCHEDULE SYNTHETIC / SCORES SIMULATED; authorised for MVP_CONTROL_CALIBRATION_ONLY by R-V3-MVP-CONTROL-CORPUS-01,2026-01-01,2026-08-22,3.0.0-internal-shadow-mvp,V3-INTERNAL-SHADOW-MVP-2026-08-22-R1-001,holdout
G25-0751,2025,16,Texas A&M,Indiana,NEUTRAL,50.493653,45.386344,5.107308,-6.0,L,GOVERNED_SYNTHETIC_CONTROL: 2025 Synthetic Season LOCKED v3.xlsx sha256=77bb6ecf48e805b62b8af238bbf7b3534330df0405b8a170e48bb5c234d532ba via Power_Crunch_Research_Lab_Phase5D_WalkForward_Package.zip; corpus self-declares SCHEDULE SYNTHETIC / SCORES SIMULATED; authorised for MVP_CONTROL_CALIBRATION_ONLY by R-V3-MVP-CONTROL-CORPUS-01,2026-01-01,2026-08-22,3.0.0-internal-shadow-mvp,V3-INTERNAL-SHADOW-MVP-2026-08-22-R1-001,holdout
G25-0752,2025,16,Miami,Alabama,NEUTRAL,48.554887,48.792163,-0.237276,6.0,W,GOVERNED_SYNTHETIC_CONTROL: 2025 Synthetic Season LOCKED v3.xlsx sha256=77bb6ecf48e805b62b8af238bbf7b3534330df0405b8a170e48bb5c234d532ba via Power_Crunch_Research_Lab_Phase5D_WalkForward_Package.zip; corpus self-declares SCHEDULE SYNTHETIC / SCORES SIMULATED; authorised for MVP_CONTROL_CALIBRATION_ONLY by R-V3-MVP-CONTROL-CORPUS-01,2026-01-01,2026-08-22,3.0.0-internal-shadow-mvp,V3-INTERNAL-SHADOW-MVP-2026-08-22-R1-001,holdout
G25-0752,2025,16,Alabama,Miami,NEUTRAL,48.792163,48.554887,0.237276,-6.0,L,GOVERNED_SYNTHETIC_CONTROL: 2025 Synthetic Season LOCKED v3.xlsx sha256=77bb6ecf48e805b62b8af238bbf7b3534330df0405b8a170e48bb5c234d532ba via Power_Crunch_Research_Lab_Phase5D_WalkForward_Package.zip; corpus self-declares SCHEDULE SYNTHETIC / SCORES SIMULATED; authorised for MVP_CONTROL_CALIBRATION_ONLY by R-V3-MVP-CONTROL-CORPUS-01,2026-01-01,2026-08-22,3.0.0-internal-shadow-mvp,V3-INTERNAL-SHADOW-MVP-2026-08-22-R1-001,holdout
G25-0753,2025,16,Ole Miss,Texas,NEUTRAL,51.168383,47.056396,4.111987,-14.0,L,GOVERNED_SYNTHETIC_CONTROL: 2025 Synthetic Season LOCKED v3.xlsx sha256=77bb6ecf48e805b62b8af238bbf7b3534330df0405b8a170e48bb5c234d532ba via Power_Crunch_Research_Lab_Phase5D_WalkForward_Package.zip; corpus self-declares SCHEDULE SYNTHETIC / SCORES SIMULATED; authorised for MVP_CONTROL_CALIBRATION_ONLY by R-V3-MVP-CONTROL-CORPUS-01,2026-01-01,2026-08-22,3.0.0-internal-shadow-mvp,V3-INTERNAL-SHADOW-MVP-2026-08-22-R1-001,holdout
G25-0753,2025,16,Texas,Ole Miss,NEUTRAL,47.056396,51.168383,-4.111987,14.0,W,GOVERNED_SYNTHETIC_CONTROL: 2025 Synthetic Season LOCKED v3.xlsx sha256=77bb6ecf48e805b62b8af238bbf7b3534330df0405b8a170e48bb5c234d532ba via Power_Crunch_Research_Lab_Phase5D_WalkForward_Package.zip; corpus self-declares SCHEDULE SYNTHETIC / SCORES SIMULATED; authorised for MVP_CONTROL_CALIBRATION_ONLY by R-V3-MVP-CONTROL-CORPUS-01,2026-01-01,2026-08-22,3.0.0-internal-shadow-mvp,V3-INTERNAL-SHADOW-MVP-2026-08-22-R1-001,holdout
G25-0754,2025,16,Texas Tech,Vanderbilt,NEUTRAL,36.991188,35.518134,1.473055,-3.0,L,GOVERNED_SYNTHETIC_CONTROL: 2025 Synthetic Season LOCKED v3.xlsx sha256=77bb6ecf48e805b62b8af238bbf7b3534330df0405b8a170e48bb5c234d532ba via Power_Crunch_Research_Lab_Phase5D_WalkForward_Package.zip; corpus self-declares SCHEDULE SYNTHETIC / SCORES SIMULATED; authorised for MVP_CONTROL_CALIBRATION_ONLY by R-V3-MVP-CONTROL-CORPUS-01,2026-01-01,2026-08-22,3.0.0-internal-shadow-mvp,V3-INTERNAL-SHADOW-MVP-2026-08-22-R1-001,holdout
G25-0754,2025,16,Vanderbilt,Texas Tech,NEUTRAL,35.518134,36.991188,-1.473055,3.0,W,GOVERNED_SYNTHETIC_CONTROL: 2025 Synthetic Season LOCKED v3.xlsx sha256=77bb6ecf48e805b62b8af238bbf7b3534330df0405b8a170e48bb5c234d532ba via Power_Crunch_Research_Lab_Phase5D_WalkForward_Package.zip; corpus self-declares SCHEDULE SYNTHETIC / SCORES SIMULATED; authorised for MVP_CONTROL_CALIBRATION_ONLY by R-V3-MVP-CONTROL-CORPUS-01,2026-01-01,2026-08-22,3.0.0-internal-shadow-mvp,V3-INTERNAL-SHADOW-MVP-2026-08-22-R1-001,holdout
G25-0741,2025,16,North Texas,Old Dominion,NEUTRAL,-3.002402,3.569814,-6.572216,2.0,W,GOVERNED_SYNTHETIC_CONTROL: 2025 Synthetic Season LOCKED v3.xlsx sha256=77bb6ecf48e805b62b8af238bbf7b3534330df0405b8a170e48bb5c234d532ba via Power_Crunch_Research_Lab_Phase5D_WalkForward_Package.zip; corpus self-declares SCHEDULE SYNTHETIC / SCORES SIMULATED; authorised for MVP_CONTROL_CALIBRATION_ONLY by R-V3-MVP-CONTROL-CORPUS-01,2026-01-02,2026-08-22,3.0.0-internal-shadow-mvp,V3-INTERNAL-SHADOW-MVP-2026-08-22-R1-001,holdout
G25-0741,2025,16,Old Dominion,North Texas,NEUTRAL,3.569814,-3.002402,6.572216,-2.0,L,GOVERNED_SYNTHETIC_CONTROL: 2025 Synthetic Season LOCKED v3.xlsx sha256=77bb6ecf48e805b62b8af238bbf7b3534330df0405b8a170e48bb5c234d532ba via Power_Crunch_Research_Lab_Phase5D_WalkForward_Package.zip; corpus self-declares SCHEDULE SYNTHETIC / SCORES SIMULATED; authorised for MVP_CONTROL_CALIBRATION_ONLY by R-V3-MVP-CONTROL-CORPUS-01,2026-01-02,2026-08-22,3.0.0-internal-shadow-mvp,V3-INTERNAL-SHADOW-MVP-2026-08-22-R1-001,holdout
G25-0742,2025,16,UAB,Oklahoma State,NEUTRAL,-16.993163,-0.114308,-16.878855,-44.0,L,GOVERNED_SYNTHETIC_CONTROL: 2025 Synthetic Season LOCKED v3.xlsx sha256=77bb6ecf48e805b62b8af238bbf7b3534330df0405b8a170e48bb5c234d532ba via Power_Crunch_Research_Lab_Phase5D_WalkForward_Package.zip; corpus self-declares SCHEDULE SYNTHETIC / SCORES SIMULATED; authorised for MVP_CONTROL_CALIBRATION_ONLY by R-V3-MVP-CONTROL-CORPUS-01,2026-01-02,2026-08-22,3.0.0-internal-shadow-mvp,V3-INTERNAL-SHADOW-MVP-2026-08-22-R1-001,holdout
G25-0742,2025,16,Oklahoma State,UAB,NEUTRAL,-0.114308,-16.993163,16.878855,44.0,W,GOVERNED_SYNTHETIC_CONTROL: 2025 Synthetic Season LOCKED v3.xlsx sha256=77bb6ecf48e805b62b8af238bbf7b3534330df0405b8a170e48bb5c234d532ba via Power_Crunch_Research_Lab_Phase5D_WalkForward_Package.zip; corpus self-declares SCHEDULE SYNTHETIC / SCORES SIMULATED; authorised for MVP_CONTROL_CALIBRATION_ONLY by R-V3-MVP-CONTROL-CORPUS-01,2026-01-02,2026-08-22,3.0.0-internal-shadow-mvp,V3-INTERNAL-SHADOW-MVP-2026-08-22-R1-001,holdout
G25-0743,2025,16,Buffalo,NC State,NEUTRAL,-5.55837,-5.610036,0.051666,-29.0,L,GOVERNED_SYNTHETIC_CONTROL: 2025 Synthetic Season LOCKED v3.xlsx sha256=77bb6ecf48e805b62b8af238bbf7b3534330df0405b8a170e48bb5c234d532ba via Power_Crunch_Research_Lab_Phase5D_WalkForward_Package.zip; corpus self-declares SCHEDULE SYNTHETIC / SCORES SIMULATED; authorised for MVP_CONTROL_CALIBRATION_ONLY by R-V3-MVP-CONTROL-CORPUS-01,2026-01-03,2026-08-22,3.0.0-internal-shadow-mvp,V3-INTERNAL-SHADOW-MVP-2026-08-22-R1-001,holdout
G25-0743,2025,16,NC State,Buffalo,NEUTRAL,-5.610036,-5.55837,-0.051666,29.0,W,GOVERNED_SYNTHETIC_CONTROL: 2025 Synthetic Season LOCKED v3.xlsx sha256=77bb6ecf48e805b62b8af238bbf7b3534330df0405b8a170e48bb5c234d532ba via Power_Crunch_Research_Lab_Phase5D_WalkForward_Package.zip; corpus self-declares SCHEDULE SYNTHETIC / SCORES SIMULATED; authorised for MVP_CONTROL_CALIBRATION_ONLY by R-V3-MVP-CONTROL-CORPUS-01,2026-01-03,2026-08-22,3.0.0-internal-shadow-mvp,V3-INTERNAL-SHADOW-MVP-2026-08-22-R1-001,holdout
G25-0744,2025,16,Tennessee,Pittsburgh,NEUTRAL,21.671158,11.189054,10.482103,45.0,W,GOVERNED_SYNTHETIC_CONTROL: 2025 Synthetic Season LOCKED v3.xlsx sha256=77bb6ecf48e805b62b8af238bbf7b3534330df0405b8a170e48bb5c234d532ba via Power_Crunch_Research_Lab_Phase5D_WalkForward_Package.zip; corpus self-declares SCHEDULE SYNTHETIC / SCORES SIMULATED; authorised for MVP_CONTROL_CALIBRATION_ONLY by R-V3-MVP-CONTROL-CORPUS-01,2026-01-03,2026-08-22,3.0.0-internal-shadow-mvp,V3-INTERNAL-SHADOW-MVP-2026-08-22-R1-001,holdout
G25-0744,2025,16,Pittsburgh,Tennessee,NEUTRAL,11.189054,21.671158,-10.482103,-45.0,L,GOVERNED_SYNTHETIC_CONTROL: 2025 Synthetic Season LOCKED v3.xlsx sha256=77bb6ecf48e805b62b8af238bbf7b3534330df0405b8a170e48bb5c234d532ba via Power_Crunch_Research_Lab_Phase5D_WalkForward_Package.zip; corpus self-declares SCHEDULE SYNTHETIC / SCORES SIMULATED; authorised for MVP_CONTROL_CALIBRATION_ONLY by R-V3-MVP-CONTROL-CORPUS-01,2026-01-03,2026-08-22,3.0.0-internal-shadow-mvp,V3-INTERNAL-SHADOW-MVP-2026-08-22-R1-001,holdout
G25-0755,2025,16,Indiana,Texas,NEUTRAL,45.386344,47.056396,-1.670051,21.0,W,GOVERNED_SYNTHETIC_CONTROL: 2025 Synthetic Season LOCKED v3.xlsx sha256=77bb6ecf48e805b62b8af238bbf7b3534330df0405b8a170e48bb5c234d532ba via Power_Crunch_Research_Lab_Phase5D_WalkForward_Package.zip; corpus self-declares SCHEDULE SYNTHETIC / SCORES SIMULATED; authorised for MVP_CONTROL_CALIBRATION_ONLY by R-V3-MVP-CONTROL-CORPUS-01,2026-01-09,2026-08-22,3.0.0-internal-shadow-mvp,V3-INTERNAL-SHADOW-MVP-2026-08-22-R1-001,holdout
G25-0755,2025,16,Texas,Indiana,NEUTRAL,47.056396,45.386344,1.670051,-21.0,L,GOVERNED_SYNTHETIC_CONTROL: 2025 Synthetic Season LOCKED v3.xlsx sha256=77bb6ecf48e805b62b8af238bbf7b3534330df0405b8a170e48bb5c234d532ba via Power_Crunch_Research_Lab_Phase5D_WalkForward_Package.zip; corpus self-declares SCHEDULE SYNTHETIC / SCORES SIMULATED; authorised for MVP_CONTROL_CALIBRATION_ONLY by R-V3-MVP-CONTROL-CORPUS-01,2026-01-09,2026-08-22,3.0.0-internal-shadow-mvp,V3-INTERNAL-SHADOW-MVP-2026-08-22-R1-001,holdout
G25-0756,2025,16,Miami,Vanderbilt,NEUTRAL,48.554887,35.518134,13.036753,23.0,W,GOVERNED_SYNTHETIC_CONTROL: 2025 Synthetic Season LOCKED v3.xlsx sha256=77bb6ecf48e805b62b8af238bbf7b3534330df0405b8a170e48bb5c234d532ba via Power_Crunch_Research_Lab_Phase5D_WalkForward_Package.zip; corpus self-declares SCHEDULE SYNTHETIC / SCORES SIMULATED; authorised for MVP_CONTROL_CALIBRATION_ONLY by R-V3-MVP-CONTROL-CORPUS-01,2026-01-09,2026-08-22,3.0.0-internal-shadow-mvp,V3-INTERNAL-SHADOW-MVP-2026-08-22-R1-001,holdout
G25-0756,2025,16,Vanderbilt,Miami,NEUTRAL,35.518134,48.554887,-13.036753,-23.0,L,GOVERNED_SYNTHETIC_CONTROL: 2025 Synthetic Season LOCKED v3.xlsx sha256=77bb6ecf48e805b62b8af238bbf7b3534330df0405b8a170e48bb5c234d532ba via Power_Crunch_Research_Lab_Phase5D_WalkForward_Package.zip; corpus self-declares SCHEDULE SYNTHETIC / SCORES SIMULATED; authorised for MVP_CONTROL_CALIBRATION_ONLY by R-V3-MVP-CONTROL-CORPUS-01,2026-01-09,2026-08-22,3.0.0-internal-shadow-mvp,V3-INTERNAL-SHADOW-MVP-2026-08-22-R1-001,holdout
G25-0757,2025,16,Indiana,Miami,NEUTRAL,45.386344,48.554887,-3.168543,1.0,W,GOVERNED_SYNTHETIC_CONTROL: 2025 Synthetic Season LOCKED v3.xlsx sha256=77bb6ecf48e805b62b8af238bbf7b3534330df0405b8a170e48bb5c234d532ba via Power_Crunch_Research_Lab_Phase5D_WalkForward_Package.zip; corpus self-declares SCHEDULE SYNTHETIC / SCORES SIMULATED; authorised for MVP_CONTROL_CALIBRATION_ONLY by R-V3-MVP-CONTROL-CORPUS-01,2026-01-19,2026-08-22,3.0.0-internal-shadow-mvp,V3-INTERNAL-SHADOW-MVP-2026-08-22-R1-001,holdout
G25-0757,2025,16,Miami,Indiana,NEUTRAL,48.554887,45.386344,3.168543,-1.0,L,GOVERNED_SYNTHETIC_CONTROL: 2025 Synthetic Season LOCKED v3.xlsx sha256=77bb6ecf48e805b62b8af238bbf7b3534330df0405b8a170e48bb5c234d532ba via Power_Crunch_Research_Lab_Phase5D_WalkForward_Package.zip; corpus self-declares SCHEDULE SYNTHETIC / SCORES SIMULATED; authorised for MVP_CONTROL_CALIBRATION_ONLY by R-V3-MVP-CONTROL-CORPUS-01,2026-01-19,2026-08-22,3.0.0-internal-shadow-mvp,V3-INTERNAL-SHADOW-MVP-2026-08-22-R1-001,holdout
