game_id,season,season_type,week,kickoff_utc,kickoff_epoch,home_team_id,home_team_name,home_team_school,away_team_id,away_team_name,away_team_school,home_points,away_points,home_margin,home_division,away_division,home_conference,away_conference,cross_division,neutral_site,venue_name,venue_city,venue_state,competition_type,conference_competition,overtime,source_authority,source_authority_tier,source_url,source_raw_sha256,tier_1_corroboration
ESPN-2020-401238035,2020,REGULAR_SEASON,1,2020-09-04T00:00:00Z,1599177600,5,UAB Blazers,UAB,2110,Central Arkansas Bears,Central Arkansas,45,35,10,FBS,FCS,Conference USA,Southland Conference,True,False,Legion Field (AL),Birmingham,AL,REGULAR_SEASON,False,False,ESPN_PUBLIC_SCOREBOARD_API,TIER_2_MEDIA_AGGREGATOR,https://site.web.api.espn.com/apis/site/v2/sports/football/college-football/scoreboard?dates=20200903&groups=80&limit=400,75a1453108b3610369327dde5b7e60d997d800c6609f66c16d5993dba693c8ff,CORROBORATED_BY_TIER_1
ESPN-2020-401207101,2020,REGULAR_SEASON,1,2020-09-04T01:00:00Z,1599181200,2572,Southern Mississippi Golden Eagles,Southern Mississippi,6,South Alabama Jaguars,South Alabama,21,32,-11,FBS,FBS,Conference USA,Sun Belt Conference,False,False,M. M. Roberts Stadium,Hattiesburg,MS,REGULAR_SEASON,False,False,ESPN_PUBLIC_SCOREBOARD_API,TIER_2_MEDIA_AGGREGATOR,https://site.web.api.espn.com/apis/site/v2/sports/football/college-football/scoreboard?dates=20200903&groups=80&limit=400,75a1453108b3610369327dde5b7e60d997d800c6609f66c16d5993dba693c8ff,CORROBORATED_BY_TIER_1
ESPN-2020-401237353,2020,REGULAR_SEASON,1,2020-09-05T17:00:00Z,1599325200,276,Marshall Thundering Herd,Marshall,2198,Eastern Kentucky Colonels,Eastern Kentucky,59,0,59,FBS,FCS,Conference USA,Ohio Valley Conference,True,False,Joan C. Edwards Stadium,Huntington,WV,REGULAR_SEASON,False,False,ESPN_PUBLIC_SCOREBOARD_API,TIER_2_MEDIA_AGGREGATOR,https://site.web.api.espn.com/apis/site/v2/sports/football/college-football/scoreboard?dates=20200905&groups=80&limit=400,30e86e3848af528a1faca79ad61c8622e7855002116b78949094168aba39f9c1,CORROBORATED_BY_TIER_1
ESPN-2020-401235700,2020,REGULAR_SEASON,1,2020-09-05T17:30:00Z,1599327000,349,Army Black Knights,Army,2393,Middle Tennessee Blue Raiders,Middle Tennessee,42,0,42,FBS,FBS,FBS Independents,Conference USA,False,False,Michie Stadium,West Point,NY,REGULAR_SEASON,False,False,ESPN_PUBLIC_SCOREBOARD_API,TIER_2_MEDIA_AGGREGATOR,https://site.web.api.espn.com/apis/site/v2/sports/football/college-football/scoreboard?dates=20200905&groups=80&limit=400,30e86e3848af528a1faca79ad61c8622e7855002116b78949094168aba39f9c1,CORROBORATED_BY_TIER_1
ESPN-2020-401212484,2020,REGULAR_SEASON,1,2020-09-05T20:30:00Z,1599337800,326,Texas State Bobcats,Texas State,2567,SMU Mustangs,SMU,24,31,-7,FBS,FBS,Sun Belt Conference,American Conference,False,False,UFCU Stadium,San Marcos,TX,REGULAR_SEASON,False,False,ESPN_PUBLIC_SCOREBOARD_API,TIER_2_MEDIA_AGGREGATOR,https://site.web.api.espn.com/apis/site/v2/sports/football/college-football/scoreboard?dates=20200905&groups=80&limit=400,30e86e3848af528a1faca79ad61c8622e7855002116b78949094168aba39f9c1,CORROBORATED_BY_TIER_1
ESPN-2020-401207098,2020,REGULAR_SEASON,1,2020-09-05T23:30:00Z,1599348600,249,North Texas Mean Green,North Texas,2277,Houston Baptist Huskies,Houston Baptist,57,31,26,FBS,FCS,Conference USA,Southland Conference,True,False,DATCU Stadium,Denton,TX,REGULAR_SEASON,False,False,ESPN_PUBLIC_SCOREBOARD_API,TIER_2_MEDIA_AGGREGATOR,https://site.web.api.espn.com/apis/site/v2/sports/football/college-football/scoreboard?dates=20200905&groups=80&limit=400,30e86e3848af528a1faca79ad61c8622e7855002116b78949094168aba39f9c1,CORROBORATED_BY_TIER_1
ESPN-2020-401212553,2020,REGULAR_SEASON,1,2020-09-06T00:00:00Z,1599350400,235,Memphis Tigers,Memphis,2032,Arkansas State Red Wolves,Arkansas State,37,24,13,FBS,FBS,American Conference,Sun Belt Conference,False,False,Simmons Bank Liberty Stadium,Memphis,TN,REGULAR_SEASON,False,False,ESPN_PUBLIC_SCOREBOARD_API,TIER_2_MEDIA_AGGREGATOR,https://site.web.api.espn.com/apis/site/v2/sports/football/college-football/scoreboard?dates=20200905&groups=80&limit=400,30e86e3848af528a1faca79ad61c8622e7855002116b78949094168aba39f9c1,CORROBORATED_BY_TIER_1
ESPN-2020-401239884,2020,REGULAR_SEASON,1,2020-09-06T01:00:00Z,1599354000,2638,UTEP Miners,UTEP,2617,Stephen F. Austin Lumberjacks,Stephen F. Austin,24,14,10,FBS,FCS,Conference USA,Southland Conference,True,False,Sun Bowl,El Paso,TX,REGULAR_SEASON,False,False,ESPN_PUBLIC_SCOREBOARD_API,TIER_2_MEDIA_AGGREGATOR,https://site.web.api.espn.com/apis/site/v2/sports/football/college-football/scoreboard?dates=20200905&groups=80&limit=400,30e86e3848af528a1faca79ad61c8622e7855002116b78949094168aba39f9c1,CORROBORATED_BY_TIER_1
ESPN-2020-401234576,2020,REGULAR_SEASON,1,2020-09-08T00:00:00Z,1599523200,2426,Navy Midshipmen,Navy,252,BYU Cougars,BYU,3,55,-52,FBS,FBS,American Conference,FBS Independents,False,False,Navy-Marine Corps Memorial Stadium,Annapolis,MD,REGULAR_SEASON,False,False,ESPN_PUBLIC_SCOREBOARD_API,TIER_2_MEDIA_AGGREGATOR,https://site.web.api.espn.com/apis/site/v2/sports/football/college-football/scoreboard?dates=20200907&groups=80&limit=400,566d4c1d9154e1c5af3cdf762730b771826b9f8ae3398ce0bc80870e73e56b75,CORROBORATED_BY_TIER_1
ESPN-2020-401234559,2020,REGULAR_SEASON,2,2020-09-11T00:00:00Z,1599782400,2390,Miami Hurricanes,Miami,5,UAB Blazers,UAB,31,14,17,FBS,FBS,Atlantic Coast Conference,Conference USA,False,False,Hard Rock Stadium,Miami Gardens,FL,REGULAR_SEASON,False,False,ESPN_PUBLIC_SCOREBOARD_API,TIER_2_MEDIA_AGGREGATOR,https://site.web.api.espn.com/apis/site/v2/sports/football/college-football/scoreboard?dates=20200910&groups=80&limit=400,3196d1bf2d8829f84b56472084ca2e8c178a6a5b4cec18c90269f878d11232f9,CORROBORATED_BY_TIER_1
ESPN-2020-401234565,2020,REGULAR_SEASON,2,2020-09-12T16:00:00Z,1599926400,153,North Carolina Tar Heels,North Carolina,183,Syracuse Orange,Syracuse,31,6,25,FBS,FBS,Atlantic Coast Conference,Atlantic Coast Conference,False,False,Kenan Stadium,Chapel Hill,NC,REGULAR_SEASON,True,False,ESPN_PUBLIC_SCOREBOARD_API,TIER_2_MEDIA_AGGREGATOR,https://site.web.api.espn.com/apis/site/v2/sports/football/college-football/scoreboard?dates=20200912&groups=80&limit=400,f48e9bce87e8f857721cf97206f4fed14ac06155900d231a08a778adead59f4d,CORROBORATED_BY_TIER_1
ESPN-2020-401236038,2020,REGULAR_SEASON,2,2020-09-12T16:00:00Z,1599926400,277,West Virginia Mountaineers,West Virginia,2198,Eastern Kentucky Colonels,Eastern Kentucky,56,10,46,FBS,FCS,Big 12 Conference,Ohio Valley Conference,True,False,Milan Puskar Stadium,Morgantown,WV,REGULAR_SEASON,False,False,ESPN_PUBLIC_SCOREBOARD_API,TIER_2_MEDIA_AGGREGATOR,https://site.web.api.espn.com/apis/site/v2/sports/football/college-football/scoreboard?dates=20200912&groups=80&limit=400,f48e9bce87e8f857721cf97206f4fed14ac06155900d231a08a778adead59f4d,CORROBORATED_BY_TIER_1
ESPN-2020-401236053,2020,REGULAR_SEASON,2,2020-09-12T16:00:00Z,1599926400,2306,Kansas State Wildcats,Kansas State,2032,Arkansas State Red Wolves,Arkansas State,31,35,-4,FBS,FBS,Big 12 Conference,Sun Belt Conference,False,False,Bill Snyder Family Stadium,Manhattan,KS,REGULAR_SEASON,False,False,ESPN_PUBLIC_SCOREBOARD_API,TIER_2_MEDIA_AGGREGATOR,https://site.web.api.espn.com/apis/site/v2/sports/football/college-football/scoreboard?dates=20200912&groups=80&limit=400,f48e9bce87e8f857721cf97206f4fed14ac06155900d231a08a778adead59f4d,CORROBORATED_BY_TIER_1
ESPN-2020-401236081,2020,REGULAR_SEASON,2,2020-09-12T16:00:00Z,1599926400,2026,Appalachian State Mountaineers,Appalachian State,2429,Charlotte 49ers,Charlotte,35,20,15,FBS,FBS,Sun Belt Conference,Conference USA,False,False,Kidd Brewer Stadium,Boone,NC,REGULAR_SEASON,False,False,ESPN_PUBLIC_SCOREBOARD_API,TIER_2_MEDIA_AGGREGATOR,https://site.web.api.espn.com/apis/site/v2/sports/football/college-football/scoreboard?dates=20200912&groups=80&limit=400,f48e9bce87e8f857721cf97206f4fed14ac06155900d231a08a778adead59f4d,CORROBORATED_BY_TIER_1
ESPN-2020-401236221,2020,REGULAR_SEASON,2,2020-09-12T16:00:00Z,1599926400,66,Iowa State Cyclones,Iowa State,309,Louisiana Ragin' Cajuns,Louisiana,14,31,-17,FBS,FBS,Big 12 Conference,Sun Belt Conference,False,False,Jack Trice Stadium,Ames,IA,REGULAR_SEASON,False,False,ESPN_PUBLIC_SCOREBOARD_API,TIER_2_MEDIA_AGGREGATOR,https://site.web.api.espn.com/apis/site/v2/sports/football/college-football/scoreboard?dates=20200912&groups=80&limit=400,f48e9bce87e8f857721cf97206f4fed14ac06155900d231a08a778adead59f4d,CORROBORATED_BY_TIER_1
ESPN-2020-401240113,2020,REGULAR_SEASON,2,2020-09-12T17:30:00Z,1599931800,349,Army Black Knights,Army,2433,UL Monroe Warhawks,UL Monroe,37,7,30,FBS,FBS,FBS Independents,Sun Belt Conference,False,False,Michie Stadium,West Point,NY,REGULAR_SEASON,False,False,ESPN_PUBLIC_SCOREBOARD_API,TIER_2_MEDIA_AGGREGATOR,https://site.web.api.espn.com/apis/site/v2/sports/football/college-football/scoreboard?dates=20200912&groups=80&limit=400,f48e9bce87e8f857721cf97206f4fed14ac06155900d231a08a778adead59f4d,CORROBORATED_BY_TIER_1
ESPN-2020-401234574,2020,REGULAR_SEASON,2,2020-09-12T18:30:00Z,1599935400,87,Notre Dame Fighting Irish,Notre Dame,150,Duke Blue Devils,Duke,27,13,14,FBS,FBS,Atlantic Coast Conference,Atlantic Coast Conference,False,False,Notre Dame Stadium,Notre Dame,IN,REGULAR_SEASON,True,False,ESPN_PUBLIC_SCOREBOARD_API,TIER_2_MEDIA_AGGREGATOR,https://site.web.api.espn.com/apis/site/v2/sports/football/college-football/scoreboard?dates=20200912&groups=80&limit=400,f48e9bce87e8f857721cf97206f4fed14ac06155900d231a08a778adead59f4d,CORROBORATED_BY_TIER_1
ESPN-2020-401207113,2020,REGULAR_SEASON,2,2020-09-12T19:30:00Z,1599939000,326,Texas State Bobcats,Texas State,2636,UTSA Roadrunners,UTSA,48,51,-3,FBS,FBS,Sun Belt Conference,Conference USA,False,False,UFCU Stadium,San Marcos,TX,REGULAR_SEASON,False,True,ESPN_PUBLIC_SCOREBOARD_API,TIER_2_MEDIA_AGGREGATOR,https://site.web.api.espn.com/apis/site/v2/sports/football/college-football/scoreboard?dates=20200912&groups=80&limit=400,f48e9bce87e8f857721cf97206f4fed14ac06155900d231a08a778adead59f4d,CORROBORATED_BY_TIER_1
ESPN-2020-401234563,2020,REGULAR_SEASON,2,2020-09-12T20:00:00Z,1599940800,52,Florida State Seminoles,Florida State,59,Georgia Tech Yellow Jackets,Georgia Tech,13,16,-3,FBS,FBS,Atlantic Coast Conference,Atlantic Coast Conference,False,False,Doak Campbell Stadium,Tallahassee,FL,REGULAR_SEASON,True,False,ESPN_PUBLIC_SCOREBOARD_API,TIER_2_MEDIA_AGGREGATOR,https://site.web.api.espn.com/apis/site/v2/sports/football/college-football/scoreboard?dates=20200912&groups=80&limit=400,f48e9bce87e8f857721cf97206f4fed14ac06155900d231a08a778adead59f4d,CORROBORATED_BY_TIER_1
ESPN-2020-401240233,2020,REGULAR_SEASON,2,2020-09-12T20:00:00Z,1599940800,221,Pittsburgh Panthers,Pittsburgh,2046,Austin Peay Governors,Austin Peay,55,0,55,FBS,FCS,Atlantic Coast Conference,Ohio Valley Conference,True,False,Acrisure Stadium,Pittsburgh,PA,REGULAR_SEASON,False,False,ESPN_PUBLIC_SCOREBOARD_API,TIER_2_MEDIA_AGGREGATOR,https://site.web.api.espn.com/apis/site/v2/sports/football/college-football/scoreboard?dates=20200912&groups=80&limit=400,f48e9bce87e8f857721cf97206f4fed14ac06155900d231a08a778adead59f4d,CORROBORATED_BY_TIER_1
ESPN-2020-401215298,2020,REGULAR_SEASON,2,2020-09-12T20:14:00Z,1599941640,290,Georgia Southern Eagles,Georgia Southern,2097,Campbell Fighting Camels,Campbell,27,26,1,FBS,FCS,Sun Belt Conference,Big South Conference,True,False,Allen E. Paulson Stadium,Statesboro,GA,REGULAR_SEASON,False,False,ESPN_PUBLIC_SCOREBOARD_API,TIER_2_MEDIA_AGGREGATOR,https://site.web.api.espn.com/apis/site/v2/sports/football/college-football/scoreboard?dates=20200912&groups=80&limit=400,f48e9bce87e8f857721cf97206f4fed14ac06155900d231a08a778adead59f4d,CORROBORATED_BY_TIER_1
ESPN-2020-401236054,2020,REGULAR_SEASON,2,2020-09-12T23:00:00Z,1599951600,201,Oklahoma Sooners,Oklahoma,2623,Missouri State Bears,Missouri State,48,0,48,FBS,FCS,Big 12 Conference,Missouri Valley Football Conference,True,False,"Memorial Stadium (Norman, OK)",Norman,OK,REGULAR_SEASON,False,False,ESPN_PUBLIC_SCOREBOARD_API,TIER_2_MEDIA_AGGREGATOR,https://site.web.api.espn.com/apis/site/v2/sports/football/college-football/scoreboard?dates=20200912&groups=80&limit=400,f48e9bce87e8f857721cf97206f4fed14ac06155900d231a08a778adead59f4d,CORROBORATED_BY_TIER_1
ESPN-2020-401240039,2020,REGULAR_SEASON,2,2020-09-12T23:00:00Z,1599951600,58,South Florida Bulls,South Florida,2643,The Citadel Bulldogs,The Citadel,27,6,21,FBS,FCS,American Conference,Southern Conference,True,False,Raymond James Stadium,Tampa,FL,REGULAR_SEASON,False,False,ESPN_PUBLIC_SCOREBOARD_API,TIER_2_MEDIA_AGGREGATOR,https://site.web.api.espn.com/apis/site/v2/sports/football/college-football/scoreboard?dates=20200912&groups=80&limit=400,f48e9bce87e8f857721cf97206f4fed14ac06155900d231a08a778adead59f4d,CORROBORATED_BY_TIER_1
ESPN-2020-401234562,2020,REGULAR_SEASON,2,2020-09-12T23:30:00Z,1599953400,154,Wake Forest Demon Deacons,Wake Forest,228,Clemson Tigers,Clemson,13,37,-24,FBS,FBS,Atlantic Coast Conference,Atlantic Coast Conference,False,False,Allegacy Federal Credit Union Stadium,Winston-Salem,NC,REGULAR_SEASON,True,False,ESPN_PUBLIC_SCOREBOARD_API,TIER_2_MEDIA_AGGREGATOR,https://site.web.api.espn.com/apis/site/v2/sports/football/college-football/scoreboard?dates=20200912&groups=80&limit=400,f48e9bce87e8f857721cf97206f4fed14ac06155900d231a08a778adead59f4d,CORROBORATED_BY_TIER_1
ESPN-2020-401239973,2020,REGULAR_SEASON,2,2020-09-12T23:30:00Z,1599953400,6,South Alabama Jaguars,South Alabama,2655,Tulane Green Wave,Tulane,24,27,-3,FBS,FBS,Sun Belt Conference,American Conference,False,False,Hancock Whitney Stadium,Mobile,AL,REGULAR_SEASON,False,False,ESPN_PUBLIC_SCOREBOARD_API,TIER_2_MEDIA_AGGREGATOR,https://site.web.api.espn.com/apis/site/v2/sports/football/college-football/scoreboard?dates=20200912&groups=80&limit=400,f48e9bce87e8f857721cf97206f4fed14ac06155900d231a08a778adead59f4d,CORROBORATED_BY_TIER_1
ESPN-2020-401234564,2020,REGULAR_SEASON,2,2020-09-13T00:00:00Z,1599955200,97,Louisville Cardinals,Louisville,98,Western Kentucky Hilltoppers,Western Kentucky,35,21,14,FBS,FBS,Atlantic Coast Conference,Conference USA,False,False,L&N Federal Credit Union Stadium,Louisville,KY,REGULAR_SEASON,False,False,ESPN_PUBLIC_SCOREBOARD_API,TIER_2_MEDIA_AGGREGATOR,https://site.web.api.espn.com/apis/site/v2/sports/football/college-football/scoreboard?dates=20200912&groups=80&limit=400,f48e9bce87e8f857721cf97206f4fed14ac06155900d231a08a778adead59f4d,CORROBORATED_BY_TIER_1
ESPN-2020-401236039,2020,REGULAR_SEASON,2,2020-09-13T00:00:00Z,1599955200,2641,Texas Tech Red Raiders,Texas Tech,2277,Houston Baptist Huskies,Houston Baptist,35,33,2,FBS,FCS,Big 12 Conference,Southland Conference,True,False,Galaxy Stadium,Lubbock,TX,REGULAR_SEASON,False,False,ESPN_PUBLIC_SCOREBOARD_API,TIER_2_MEDIA_AGGREGATOR,https://site.web.api.espn.com/apis/site/v2/sports/football/college-football/scoreboard?dates=20200912&groups=80&limit=400,f48e9bce87e8f857721cf97206f4fed14ac06155900d231a08a778adead59f4d,CORROBORATED_BY_TIER_1
ESPN-2020-401236222,2020,REGULAR_SEASON,2,2020-09-13T00:00:00Z,1599955200,251,Texas Longhorns,Texas,2638,UTEP Miners,UTEP,59,3,56,FBS,FBS,Big 12 Conference,Conference USA,False,False,DKR-Texas Memorial Stadium,Austin,TX,REGULAR_SEASON,False,False,ESPN_PUBLIC_SCOREBOARD_API,TIER_2_MEDIA_AGGREGATOR,https://site.web.api.espn.com/apis/site/v2/sports/football/college-football/scoreboard?dates=20200912&groups=80&limit=400,f48e9bce87e8f857721cf97206f4fed14ac06155900d231a08a778adead59f4d,CORROBORATED_BY_TIER_1
ESPN-2020-401236658,2020,REGULAR_SEASON,2,2020-09-13T02:00:00Z,1599962400,2305,Kansas Jayhawks,Kansas,324,Coastal Carolina Chanticleers,Coastal Carolina,23,38,-15,FBS,FBS,Big 12 Conference,Sun Belt Conference,False,False,David Booth Kansas Memorial Stadium,Lawrence,KS,REGULAR_SEASON,False,False,ESPN_PUBLIC_SCOREBOARD_API,TIER_2_MEDIA_AGGREGATOR,https://site.web.api.espn.com/apis/site/v2/sports/football/college-football/scoreboard?dates=20200912&groups=80&limit=400,f48e9bce87e8f857721cf97206f4fed14ac06155900d231a08a778adead59f4d,CORROBORATED_BY_TIER_1
ESPN-2020-401240126,2020,REGULAR_SEASON,3,2020-09-18T23:30:00Z,1600471800,324,Coastal Carolina Chanticleers,Coastal Carolina,2097,Campbell Fighting Camels,Campbell,43,21,22,FBS,FCS,Sun Belt Conference,Big South Conference,True,False,Brooks Stadium (SC),Conway,SC,REGULAR_SEASON,False,False,ESPN_PUBLIC_SCOREBOARD_API,TIER_2_MEDIA_AGGREGATOR,https://site.web.api.espn.com/apis/site/v2/sports/football/college-football/scoreboard?dates=20200918&groups=80&limit=400,1519105c0e078659eadfd1b98646882041fb6b230c880ffc9b98b658c86275b8,CORROBORATED_BY_TIER_1
ESPN-2020-401207124,2020,REGULAR_SEASON,3,2020-09-19T16:00:00Z,1600531200,98,Western Kentucky Hilltoppers,Western Kentucky,2335,Liberty Flames,Liberty,24,30,-6,FBS,FBS,Conference USA,FBS Independents,False,False,Houchens Industries-L.T. Smith Stadium,Bowling Green,KY,REGULAR_SEASON,False,False,ESPN_PUBLIC_SCOREBOARD_API,TIER_2_MEDIA_AGGREGATOR,https://site.web.api.espn.com/apis/site/v2/sports/football/college-football/scoreboard?dates=20200919&groups=80&limit=400,fc2967ebd8b24cc65ab0b906d14816352af16bab6bf40db483a93d841810a936,CORROBORATED_BY_TIER_1
ESPN-2020-401212522,2020,REGULAR_SEASON,3,2020-09-19T16:00:00Z,1600531200,2655,Tulane Green Wave,Tulane,2426,Navy Midshipmen,Navy,24,27,-3,FBS,FBS,American Conference,American Conference,False,False,Yulman Stadium,New Orleans,LA,REGULAR_SEASON,True,False,ESPN_PUBLIC_SCOREBOARD_API,TIER_2_MEDIA_AGGREGATOR,https://site.web.api.espn.com/apis/site/v2/sports/football/college-football/scoreboard?dates=20200919&groups=80&limit=400,fc2967ebd8b24cc65ab0b906d14816352af16bab6bf40db483a93d841810a936,CORROBORATED_BY_TIER_1
ESPN-2020-401212541,2020,REGULAR_SEASON,3,2020-09-19T16:00:00Z,1600531200,2132,Cincinnati Bearcats,Cincinnati,2046,Austin Peay Governors,Austin Peay,55,20,35,FBS,FCS,American Conference,Ohio Valley Conference,True,False,Nippert Stadium,Cincinnati,OH,REGULAR_SEASON,False,False,ESPN_PUBLIC_SCOREBOARD_API,TIER_2_MEDIA_AGGREGATOR,https://site.web.api.espn.com/apis/site/v2/sports/football/college-football/scoreboard?dates=20200919&groups=80&limit=400,fc2967ebd8b24cc65ab0b906d14816352af16bab6bf40db483a93d841810a936,CORROBORATED_BY_TIER_1
ESPN-2020-401215301,2020,REGULAR_SEASON,3,2020-09-19T16:00:00Z,1600531200,2247,Georgia State Panthers,Georgia State,309,Louisiana Ragin' Cajuns,Louisiana,31,34,-3,FBS,FBS,Sun Belt Conference,Sun Belt Conference,False,False,Center Parc Stadium,Atlanta,GA,REGULAR_SEASON,True,True,ESPN_PUBLIC_SCOREBOARD_API,TIER_2_MEDIA_AGGREGATOR,https://site.web.api.espn.com/apis/site/v2/sports/football/college-football/scoreboard?dates=20200919&groups=80&limit=400,fc2967ebd8b24cc65ab0b906d14816352af16bab6bf40db483a93d841810a936,CORROBORATED_BY_TIER_1
ESPN-2020-401234567,2020,REGULAR_SEASON,3,2020-09-19T16:00:00Z,1600531200,150,Duke Blue Devils,Duke,103,Boston College Eagles,Boston College,6,26,-20,FBS,FBS,Atlantic Coast Conference,Atlantic Coast Conference,False,False,Wallace Wade Stadium,Durham,NC,REGULAR_SEASON,True,False,ESPN_PUBLIC_SCOREBOARD_API,TIER_2_MEDIA_AGGREGATOR,https://site.web.api.espn.com/apis/site/v2/sports/football/college-football/scoreboard?dates=20200919&groups=80&limit=400,fc2967ebd8b24cc65ab0b906d14816352af16bab6bf40db483a93d841810a936,CORROBORATED_BY_TIER_1
ESPN-2020-401234571,2020,REGULAR_SEASON,3,2020-09-19T16:00:00Z,1600531200,221,Pittsburgh Panthers,Pittsburgh,183,Syracuse Orange,Syracuse,21,10,11,FBS,FBS,Atlantic Coast Conference,Atlantic Coast Conference,False,False,Acrisure Stadium,Pittsburgh,PA,REGULAR_SEASON,True,False,ESPN_PUBLIC_SCOREBOARD_API,TIER_2_MEDIA_AGGREGATOR,https://site.web.api.espn.com/apis/site/v2/sports/football/college-football/scoreboard?dates=20200919&groups=80&limit=400,fc2967ebd8b24cc65ab0b906d14816352af16bab6bf40db483a93d841810a936,CORROBORATED_BY_TIER_1
ESPN-2020-401236041,2020,REGULAR_SEASON,3,2020-09-19T16:00:00Z,1600531200,197,Oklahoma State Cowboys,Oklahoma State,202,Tulsa Golden Hurricane,Tulsa,16,7,9,FBS,FBS,Big 12 Conference,American Conference,False,False,Boone Pickens Stadium,Stillwater,OK,REGULAR_SEASON,False,False,ESPN_PUBLIC_SCOREBOARD_API,TIER_2_MEDIA_AGGREGATOR,https://site.web.api.espn.com/apis/site/v2/sports/football/college-football/scoreboard?dates=20200919&groups=80&limit=400,fc2967ebd8b24cc65ab0b906d14816352af16bab6bf40db483a93d841810a936,CORROBORATED_BY_TIER_1
ESPN-2020-401241282,2020,REGULAR_SEASON,3,2020-09-19T18:30:00Z,1600540200,87,Notre Dame Fighting Irish,Notre Dame,58,South Florida Bulls,South Florida,52,0,52,FBS,FBS,Atlantic Coast Conference,American Conference,False,False,Notre Dame Stadium,Notre Dame,IN,REGULAR_SEASON,False,False,ESPN_PUBLIC_SCOREBOARD_API,TIER_2_MEDIA_AGGREGATOR,https://site.web.api.espn.com/apis/site/v2/sports/football/college-football/scoreboard?dates=20200919&groups=80&limit=400,fc2967ebd8b24cc65ab0b906d14816352af16bab6bf40db483a93d841810a936,CORROBORATED_BY_TIER_1
ESPN-2020-401234568,2020,REGULAR_SEASON,3,2020-09-19T19:30:00Z,1600543800,59,Georgia Tech Yellow Jackets,Georgia Tech,2116,UCF Knights,UCF,21,49,-28,FBS,FBS,Atlantic Coast Conference,American Conference,False,False,Bobby Dodd Stadium,Atlanta,GA,REGULAR_SEASON,False,False,ESPN_PUBLIC_SCOREBOARD_API,TIER_2_MEDIA_AGGREGATOR,https://site.web.api.espn.com/apis/site/v2/sports/football/college-football/scoreboard?dates=20200919&groups=80&limit=400,fc2967ebd8b24cc65ab0b906d14816352af16bab6bf40db483a93d841810a936,CORROBORATED_BY_TIER_1
ESPN-2020-401236939,2020,REGULAR_SEASON,3,2020-09-19T19:30:00Z,1600543800,276,Marshall Thundering Herd,Marshall,2026,Appalachian State Mountaineers,Appalachian State,17,7,10,FBS,FBS,Conference USA,Sun Belt Conference,False,False,Joan C. Edwards Stadium,Huntington,WV,REGULAR_SEASON,False,False,ESPN_PUBLIC_SCOREBOARD_API,TIER_2_MEDIA_AGGREGATOR,https://site.web.api.espn.com/apis/site/v2/sports/football/college-football/scoreboard?dates=20200919&groups=80&limit=400,fc2967ebd8b24cc65ab0b906d14816352af16bab6bf40db483a93d841810a936,CORROBORATED_BY_TIER_1
ESPN-2020-401240041,2020,REGULAR_SEASON,3,2020-09-19T19:30:00Z,1600543800,2636,UTSA Roadrunners,UTSA,2617,Stephen F. Austin Lumberjacks,Stephen F. Austin,24,10,14,FBS,FCS,Conference USA,Southland Conference,True,False,Alamodome,San Antonio,TX,REGULAR_SEASON,False,False,ESPN_PUBLIC_SCOREBOARD_API,TIER_2_MEDIA_AGGREGATOR,https://site.web.api.espn.com/apis/site/v2/sports/football/college-football/scoreboard?dates=20200919&groups=80&limit=400,fc2967ebd8b24cc65ab0b906d14816352af16bab6bf40db483a93d841810a936,CORROBORATED_BY_TIER_1
ESPN-2020-401240640,2020,REGULAR_SEASON,3,2020-09-19T19:30:00Z,1600543800,2393,Middle Tennessee Blue Raiders,Middle Tennessee,2653,Troy Trojans,Troy,14,47,-33,FBS,FBS,Conference USA,Sun Belt Conference,False,False,"Johnny ""Red"" Floyd Stadium",Murfreesboro,TN,REGULAR_SEASON,False,False,ESPN_PUBLIC_SCOREBOARD_API,TIER_2_MEDIA_AGGREGATOR,https://site.web.api.espn.com/apis/site/v2/sports/football/college-football/scoreboard?dates=20200919&groups=80&limit=400,fc2967ebd8b24cc65ab0b906d14816352af16bab6bf40db483a93d841810a936,CORROBORATED_BY_TIER_1
ESPN-2020-401237492,2020,REGULAR_SEASON,3,2020-09-19T20:00:00Z,1600545600,228,Clemson Tigers,Clemson,2643,The Citadel Bulldogs,The Citadel,49,0,49,FBS,FCS,Atlantic Coast Conference,Southern Conference,True,False,"Memorial Stadium (Clemson, SC)",Clemson,SC,REGULAR_SEASON,False,False,ESPN_PUBLIC_SCOREBOARD_API,TIER_2_MEDIA_AGGREGATOR,https://site.web.api.espn.com/apis/site/v2/sports/football/college-football/scoreboard?dates=20200919&groups=80&limit=400,fc2967ebd8b24cc65ab0b906d14816352af16bab6bf40db483a93d841810a936,CORROBORATED_BY_TIER_1
ESPN-2020-401207120,2020,REGULAR_SEASON,3,2020-09-19T22:00:00Z,1600552800,249,North Texas Mean Green,North Texas,2567,SMU Mustangs,SMU,35,65,-30,FBS,FBS,Conference USA,American Conference,False,False,DATCU Stadium,Denton,TX,REGULAR_SEASON,False,False,ESPN_PUBLIC_SCOREBOARD_API,TIER_2_MEDIA_AGGREGATOR,https://site.web.api.espn.com/apis/site/v2/sports/football/college-football/scoreboard?dates=20200919&groups=80&limit=400,fc2967ebd8b24cc65ab0b906d14816352af16bab6bf40db483a93d841810a936,CORROBORATED_BY_TIER_1
ESPN-2020-401207106,2020,REGULAR_SEASON,3,2020-09-19T23:30:00Z,1600558200,2572,Southern Mississippi Golden Eagles,Southern Mississippi,2348,Louisiana Tech Bulldogs,Louisiana Tech,30,31,-1,FBS,FBS,Conference USA,Conference USA,False,False,M. M. Roberts Stadium,Hattiesburg,MS,REGULAR_SEASON,True,False,ESPN_PUBLIC_SCOREBOARD_API,TIER_2_MEDIA_AGGREGATOR,https://site.web.api.espn.com/apis/site/v2/sports/football/college-football/scoreboard?dates=20200919&groups=80&limit=400,fc2967ebd8b24cc65ab0b906d14816352af16bab6bf40db483a93d841810a936,CORROBORATED_BY_TIER_1
ESPN-2020-401215302,2020,REGULAR_SEASON,3,2020-09-19T23:30:00Z,1600558200,2433,UL Monroe Warhawks,UL Monroe,326,Texas State Bobcats,Texas State,17,38,-21,FBS,FBS,Sun Belt Conference,Sun Belt Conference,False,False,Malone Stadium,Monroe,LA,REGULAR_SEASON,True,False,ESPN_PUBLIC_SCOREBOARD_API,TIER_2_MEDIA_AGGREGATOR,https://site.web.api.espn.com/apis/site/v2/sports/football/college-football/scoreboard?dates=20200919&groups=80&limit=400,fc2967ebd8b24cc65ab0b906d14816352af16bab6bf40db483a93d841810a936,CORROBORATED_BY_TIER_1
ESPN-2020-401234569,2020,REGULAR_SEASON,3,2020-09-19T23:30:00Z,1600558200,97,Louisville Cardinals,Louisville,2390,Miami Hurricanes,Miami,34,47,-13,FBS,FBS,Atlantic Coast Conference,Atlantic Coast Conference,False,False,L&N Federal Credit Union Stadium,Louisville,KY,REGULAR_SEASON,True,False,ESPN_PUBLIC_SCOREBOARD_API,TIER_2_MEDIA_AGGREGATOR,https://site.web.api.espn.com/apis/site/v2/sports/football/college-football/scoreboard?dates=20200919&groups=80&limit=400,fc2967ebd8b24cc65ab0b906d14816352af16bab6bf40db483a93d841810a936,CORROBORATED_BY_TIER_1
ESPN-2020-401234570,2020,REGULAR_SEASON,3,2020-09-20T00:00:00Z,1600560000,152,NC State Wolfpack,NC State,154,Wake Forest Demon Deacons,Wake Forest,45,42,3,FBS,FBS,Atlantic Coast Conference,Atlantic Coast Conference,False,False,Carter-Finley Stadium,Raleigh,NC,REGULAR_SEASON,True,False,ESPN_PUBLIC_SCOREBOARD_API,TIER_2_MEDIA_AGGREGATOR,https://site.web.api.espn.com/apis/site/v2/sports/football/college-football/scoreboard?dates=20200919&groups=80&limit=400,fc2967ebd8b24cc65ab0b906d14816352af16bab6bf40db483a93d841810a936,CORROBORATED_BY_TIER_1
ESPN-2020-401239885,2020,REGULAR_SEASON,3,2020-09-20T01:00:00Z,1600563600,2638,UTEP Miners,UTEP,2000,Abilene Christian Wildcats,Abilene Christian,17,13,4,FBS,FCS,Conference USA,Southland Conference,True,False,Sun Bowl,El Paso,TX,REGULAR_SEASON,False,False,ESPN_PUBLIC_SCOREBOARD_API,TIER_2_MEDIA_AGGREGATOR,https://site.web.api.espn.com/apis/site/v2/sports/football/college-football/scoreboard?dates=20200919&groups=80&limit=400,fc2967ebd8b24cc65ab0b906d14816352af16bab6bf40db483a93d841810a936,CORROBORATED_BY_TIER_1
ESPN-2020-401207132,2020,REGULAR_SEASON,4,2020-09-24T23:30:00Z,1600990200,6,South Alabama Jaguars,South Alabama,5,UAB Blazers,UAB,10,42,-32,FBS,FBS,Sun Belt Conference,Conference USA,False,False,Hancock Whitney Stadium,Mobile,AL,REGULAR_SEASON,False,False,ESPN_PUBLIC_SCOREBOARD_API,TIER_2_MEDIA_AGGREGATOR,https://site.web.api.espn.com/apis/site/v2/sports/football/college-football/scoreboard?dates=20200924&groups=80&limit=400,ced23e347639e8a3b10d2f0daa4c16666691985c7fe98dab988d7c047d01f6be,CORROBORATED_BY_TIER_1
ESPN-2020-401207134,2020,REGULAR_SEASON,4,2020-09-26T00:00:00Z,1601078400,2636,UTSA Roadrunners,UTSA,2393,Middle Tennessee Blue Raiders,Middle Tennessee,37,35,2,FBS,FBS,Conference USA,Conference USA,False,False,Alamodome,San Antonio,TX,REGULAR_SEASON,True,False,ESPN_PUBLIC_SCOREBOARD_API,TIER_2_MEDIA_AGGREGATOR,https://site.web.api.espn.com/apis/site/v2/sports/football/college-football/scoreboard?dates=20200925&groups=80&limit=400,7b4baf5796164951ebfdcdc27ea52a8eb8dbc9c2e13dce338393bcac604cb651,CORROBORATED_BY_TIER_1
ESPN-2020-401212536,2020,REGULAR_SEASON,4,2020-09-26T16:00:00Z,1601136000,151,East Carolina Pirates,East Carolina,2116,UCF Knights,UCF,28,51,-23,FBS,FBS,American Conference,American Conference,False,False,Dowdy-Ficklen Stadium,Greenville,NC,REGULAR_SEASON,True,False,ESPN_PUBLIC_SCOREBOARD_API,TIER_2_MEDIA_AGGREGATOR,https://site.web.api.espn.com/apis/site/v2/sports/football/college-football/scoreboard?dates=20200926&groups=80&limit=400,94470f0716b808b5573f6e20c92cb6e2c0eb53ed1e1bc5a859eda55a6ff2d6f2,CORROBORATED_BY_TIER_1
ESPN-2020-401215303,2020,REGULAR_SEASON,4,2020-09-26T16:00:00Z,1601136000,309,Louisiana Ragin' Cajuns,Louisiana,290,Georgia Southern Eagles,Georgia Southern,20,18,2,FBS,FBS,Sun Belt Conference,Sun Belt Conference,False,False,Our Lady of Lourdes Stadium,Lafayette,LA,REGULAR_SEASON,True,False,ESPN_PUBLIC_SCOREBOARD_API,TIER_2_MEDIA_AGGREGATOR,https://site.web.api.espn.com/apis/site/v2/sports/football/college-football/scoreboard?dates=20200926&groups=80&limit=400,94470f0716b808b5573f6e20c92cb6e2c0eb53ed1e1bc5a859eda55a6ff2d6f2,CORROBORATED_BY_TIER_1
ESPN-2020-401234594,2020,REGULAR_SEASON,4,2020-09-26T16:00:00Z,1601136000,183,Syracuse Orange,Syracuse,59,Georgia Tech Yellow Jackets,Georgia Tech,37,20,17,FBS,FBS,Atlantic Coast Conference,Atlantic Coast Conference,False,False,JMA Wireless Dome,Syracuse,NY,REGULAR_SEASON,True,False,ESPN_PUBLIC_SCOREBOARD_API,TIER_2_MEDIA_AGGREGATOR,https://site.web.api.espn.com/apis/site/v2/sports/football/college-football/scoreboard?dates=20200926&groups=80&limit=400,94470f0716b808b5573f6e20c92cb6e2c0eb53ed1e1bc5a859eda55a6ff2d6f2,CORROBORATED_BY_TIER_1
ESPN-2020-401234595,2020,REGULAR_SEASON,4,2020-09-26T16:00:00Z,1601136000,221,Pittsburgh Panthers,Pittsburgh,97,Louisville Cardinals,Louisville,23,20,3,FBS,FBS,Atlantic Coast Conference,Atlantic Coast Conference,False,False,Acrisure Stadium,Pittsburgh,PA,REGULAR_SEASON,True,False,ESPN_PUBLIC_SCOREBOARD_API,TIER_2_MEDIA_AGGREGATOR,https://site.web.api.espn.com/apis/site/v2/sports/football/college-football/scoreboard?dates=20200926&groups=80&limit=400,94470f0716b808b5573f6e20c92cb6e2c0eb53ed1e1bc5a859eda55a6ff2d6f2,CORROBORATED_BY_TIER_1
ESPN-2020-401235996,2020,REGULAR_SEASON,4,2020-09-26T16:00:00Z,1601136000,201,Oklahoma Sooners,Oklahoma,2306,Kansas State Wildcats,Kansas State,35,38,-3,FBS,FBS,Big 12 Conference,Big 12 Conference,False,False,"Memorial Stadium (Norman, OK)",Norman,OK,REGULAR_SEASON,True,False,ESPN_PUBLIC_SCOREBOARD_API,TIER_2_MEDIA_AGGREGATOR,https://site.web.api.espn.com/apis/site/v2/sports/football/college-football/scoreboard?dates=20200926&groups=80&limit=400,94470f0716b808b5573f6e20c92cb6e2c0eb53ed1e1bc5a859eda55a6ff2d6f2,CORROBORATED_BY_TIER_1
ESPN-2020-401236253,2020,REGULAR_SEASON,4,2020-09-26T16:00:00Z,1601136000,2026,Appalachian State Mountaineers,Appalachian State,2097,Campbell Fighting Camels,Campbell,52,21,31,FBS,FCS,Sun Belt Conference,Big South Conference,True,False,Kidd Brewer Stadium,Boone,NC,REGULAR_SEASON,False,False,ESPN_PUBLIC_SCOREBOARD_API,TIER_2_MEDIA_AGGREGATOR,https://site.web.api.espn.com/apis/site/v2/sports/football/college-football/scoreboard?dates=20200926&groups=80&limit=400,94470f0716b808b5573f6e20c92cb6e2c0eb53ed1e1bc5a859eda55a6ff2d6f2,CORROBORATED_BY_TIER_1
ESPN-2020-401236952,2020,REGULAR_SEASON,4,2020-09-26T16:00:00Z,1601136000,145,Ole Miss Rebels,Ole Miss,57,Florida Gators,Florida,35,51,-16,FBS,FBS,Southeastern Conference,Southeastern Conference,False,False,Vaught-Hemingway Stadium,Oxford,MS,REGULAR_SEASON,True,False,ESPN_PUBLIC_SCOREBOARD_API,TIER_2_MEDIA_AGGREGATOR,https://site.web.api.espn.com/apis/site/v2/sports/football/college-football/scoreboard?dates=20200926&groups=80&limit=400,94470f0716b808b5573f6e20c92cb6e2c0eb53ed1e1bc5a859eda55a6ff2d6f2,CORROBORATED_BY_TIER_1
ESPN-2020-401237034,2020,REGULAR_SEASON,4,2020-09-26T16:00:00Z,1601136000,2,Auburn Tigers,Auburn,96,Kentucky Wildcats,Kentucky,29,13,16,FBS,FBS,Southeastern Conference,Southeastern Conference,False,False,Jordan-Hare Stadium,Auburn,AL,REGULAR_SEASON,True,False,ESPN_PUBLIC_SCOREBOARD_API,TIER_2_MEDIA_AGGREGATOR,https://site.web.api.espn.com/apis/site/v2/sports/football/college-football/scoreboard?dates=20200926&groups=80&limit=400,94470f0716b808b5573f6e20c92cb6e2c0eb53ed1e1bc5a859eda55a6ff2d6f2,CORROBORATED_BY_TIER_1
ESPN-2020-401207126,2020,REGULAR_SEASON,4,2020-09-26T17:00:00Z,1601139600,2335,Liberty Flames,Liberty,2229,Florida International Panthers,Florida International,36,34,2,FBS,FBS,FBS Independents,Conference USA,False,False,Williams Stadium (VA),Lynchburg,VA,REGULAR_SEASON,False,False,ESPN_PUBLIC_SCOREBOARD_API,TIER_2_MEDIA_AGGREGATOR,https://site.web.api.espn.com/apis/site/v2/sports/football/college-football/scoreboard?dates=20200926&groups=80&limit=400,94470f0716b808b5573f6e20c92cb6e2c0eb53ed1e1bc5a859eda55a6ff2d6f2,CORROBORATED_BY_TIER_1
ESPN-2020-401235994,2020,REGULAR_SEASON,4,2020-09-26T17:30:00Z,1601141400,2628,TCU Horned Frogs,TCU,66,Iowa State Cyclones,Iowa State,34,37,-3,FBS,FBS,Big 12 Conference,Big 12 Conference,False,False,Amon G. Carter Stadium,Fort Worth,TX,REGULAR_SEASON,True,False,ESPN_PUBLIC_SCOREBOARD_API,TIER_2_MEDIA_AGGREGATOR,https://site.web.api.espn.com/apis/site/v2/sports/football/college-football/scoreboard?dates=20200926&groups=80&limit=400,94470f0716b808b5573f6e20c92cb6e2c0eb53ed1e1bc5a859eda55a6ff2d6f2,CORROBORATED_BY_TIER_1
ESPN-2020-401234734,2020,REGULAR_SEASON,4,2020-09-26T18:30:00Z,1601145000,2572,Southern Mississippi Golden Eagles,Southern Mississippi,2655,Tulane Green Wave,Tulane,24,66,-42,FBS,FBS,Conference USA,American Conference,False,False,M. M. Roberts Stadium,Hattiesburg,MS,REGULAR_SEASON,False,False,ESPN_PUBLIC_SCOREBOARD_API,TIER_2_MEDIA_AGGREGATOR,https://site.web.api.espn.com/apis/site/v2/sports/football/college-football/scoreboard?dates=20200926&groups=80&limit=400,94470f0716b808b5573f6e20c92cb6e2c0eb53ed1e1bc5a859eda55a6ff2d6f2,CORROBORATED_BY_TIER_1
ESPN-2020-401235995,2020,REGULAR_SEASON,4,2020-09-26T19:30:00Z,1601148600,2641,Texas Tech Red Raiders,Texas Tech,251,Texas Longhorns,Texas,56,63,-7,FBS,FBS,Big 12 Conference,Big 12 Conference,False,False,Galaxy Stadium,Lubbock,TX,REGULAR_SEASON,True,True,ESPN_PUBLIC_SCOREBOARD_API,TIER_2_MEDIA_AGGREGATOR,https://site.web.api.espn.com/apis/site/v2/sports/football/college-football/scoreboard?dates=20200926&groups=80&limit=400,94470f0716b808b5573f6e20c92cb6e2c0eb53ed1e1bc5a859eda55a6ff2d6f2,CORROBORATED_BY_TIER_1
ESPN-2020-401235997,2020,REGULAR_SEASON,4,2020-09-26T19:30:00Z,1601148600,197,Oklahoma State Cowboys,Oklahoma State,277,West Virginia Mountaineers,West Virginia,27,13,14,FBS,FBS,Big 12 Conference,Big 12 Conference,False,False,Boone Pickens Stadium,Stillwater,OK,REGULAR_SEASON,True,False,ESPN_PUBLIC_SCOREBOARD_API,TIER_2_MEDIA_AGGREGATOR,https://site.web.api.espn.com/apis/site/v2/sports/football/college-football/scoreboard?dates=20200926&groups=80&limit=400,94470f0716b808b5573f6e20c92cb6e2c0eb53ed1e1bc5a859eda55a6ff2d6f2,CORROBORATED_BY_TIER_1
ESPN-2020-401237035,2020,REGULAR_SEASON,4,2020-09-26T19:30:00Z,1601148600,99,LSU Tigers,LSU,344,Mississippi State Bulldogs,Mississippi State,34,44,-10,FBS,FBS,Southeastern Conference,Southeastern Conference,False,False,Tiger Stadium (LA),Baton Rouge,LA,REGULAR_SEASON,True,False,ESPN_PUBLIC_SCOREBOARD_API,TIER_2_MEDIA_AGGREGATOR,https://site.web.api.espn.com/apis/site/v2/sports/football/college-football/scoreboard?dates=20200926&groups=80&limit=400,94470f0716b808b5573f6e20c92cb6e2c0eb53ed1e1bc5a859eda55a6ff2d6f2,CORROBORATED_BY_TIER_1
ESPN-2020-401240194,2020,REGULAR_SEASON,4,2020-09-26T19:30:00Z,1601148600,2433,UL Monroe Warhawks,UL Monroe,2638,UTEP Miners,UTEP,6,31,-25,FBS,FBS,Sun Belt Conference,Conference USA,False,False,Malone Stadium,Monroe,LA,REGULAR_SEASON,False,False,ESPN_PUBLIC_SCOREBOARD_API,TIER_2_MEDIA_AGGREGATOR,https://site.web.api.espn.com/apis/site/v2/sports/football/college-football/scoreboard?dates=20200926&groups=80&limit=400,94470f0716b808b5573f6e20c92cb6e2c0eb53ed1e1bc5a859eda55a6ff2d6f2,CORROBORATED_BY_TIER_1
ESPN-2020-401240996,2020,REGULAR_SEASON,4,2020-09-26T19:30:00Z,1601148600,2132,Cincinnati Bearcats,Cincinnati,349,Army Black Knights,Army,24,10,14,FBS,FBS,American Conference,FBS Independents,False,False,Nippert Stadium,Cincinnati,OH,REGULAR_SEASON,False,False,ESPN_PUBLIC_SCOREBOARD_API,TIER_2_MEDIA_AGGREGATOR,https://site.web.api.espn.com/apis/site/v2/sports/football/college-football/scoreboard?dates=20200926&groups=80&limit=400,94470f0716b808b5573f6e20c92cb6e2c0eb53ed1e1bc5a859eda55a6ff2d6f2,CORROBORATED_BY_TIER_1
ESPN-2020-401234638,2020,REGULAR_SEASON,4,2020-09-26T20:00:00Z,1601150400,258,Virginia Cavaliers,Virginia,150,Duke Blue Devils,Duke,38,20,18,FBS,FBS,Atlantic Coast Conference,Atlantic Coast Conference,False,False,Scott Stadium,Charlottesville,VA,REGULAR_SEASON,True,False,ESPN_PUBLIC_SCOREBOARD_API,TIER_2_MEDIA_AGGREGATOR,https://site.web.api.espn.com/apis/site/v2/sports/football/college-football/scoreboard?dates=20200926&groups=80&limit=400,94470f0716b808b5573f6e20c92cb6e2c0eb53ed1e1bc5a859eda55a6ff2d6f2,CORROBORATED_BY_TIER_1
ESPN-2020-401237033,2020,REGULAR_SEASON,4,2020-09-26T20:00:00Z,1601150400,8,Arkansas Razorbacks,Arkansas,61,Georgia Bulldogs,Georgia,10,37,-27,FBS,FBS,Southeastern Conference,Southeastern Conference,False,False,Donald W. Reynolds Razorback Stadium,Fayetteville,AR,REGULAR_SEASON,True,False,ESPN_PUBLIC_SCOREBOARD_API,TIER_2_MEDIA_AGGREGATOR,https://site.web.api.espn.com/apis/site/v2/sports/football/college-football/scoreboard?dates=20200926&groups=80&limit=400,94470f0716b808b5573f6e20c92cb6e2c0eb53ed1e1bc5a859eda55a6ff2d6f2,CORROBORATED_BY_TIER_1
ESPN-2020-401241303,2020,REGULAR_SEASON,4,2020-09-26T22:00:00Z,1601157600,103,Boston College Eagles,Boston College,326,Texas State Bobcats,Texas State,24,21,3,FBS,FBS,Atlantic Coast Conference,Sun Belt Conference,False,False,"Alumni Stadium (Chestnut Hill, MA)",Chestnut Hill,MA,REGULAR_SEASON,False,False,ESPN_PUBLIC_SCOREBOARD_API,TIER_2_MEDIA_AGGREGATOR,https://site.web.api.espn.com/apis/site/v2/sports/football/college-football/scoreboard?dates=20200926&groups=80&limit=400,94470f0716b808b5573f6e20c92cb6e2c0eb53ed1e1bc5a859eda55a6ff2d6f2,CORROBORATED_BY_TIER_1
ESPN-2020-401212485,2020,REGULAR_SEASON,4,2020-09-26T23:00:00Z,1601161200,2567,SMU Mustangs,SMU,2617,Stephen F. Austin Lumberjacks,Stephen F. Austin,50,7,43,FBS,FCS,American Conference,Southland Conference,True,False,Gerald J. Ford Stadium,Dallas,TX,REGULAR_SEASON,False,False,ESPN_PUBLIC_SCOREBOARD_API,TIER_2_MEDIA_AGGREGATOR,https://site.web.api.espn.com/apis/site/v2/sports/football/college-football/scoreboard?dates=20200926&groups=80&limit=400,94470f0716b808b5573f6e20c92cb6e2c0eb53ed1e1bc5a859eda55a6ff2d6f2,CORROBORATED_BY_TIER_1
ESPN-2020-401232157,2020,REGULAR_SEASON,4,2020-09-26T23:00:00Z,1601161200,2348,Louisiana Tech Bulldogs,Louisiana Tech,2277,Houston Baptist Huskies,Houston Baptist,66,38,28,FBS,FCS,Conference USA,Southland Conference,True,False,Joe Aillet Stadium,Ruston,LA,REGULAR_SEASON,False,False,ESPN_PUBLIC_SCOREBOARD_API,TIER_2_MEDIA_AGGREGATOR,https://site.web.api.espn.com/apis/site/v2/sports/football/college-football/scoreboard?dates=20200926&groups=80&limit=400,94470f0716b808b5573f6e20c92cb6e2c0eb53ed1e1bc5a859eda55a6ff2d6f2,CORROBORATED_BY_TIER_1
ESPN-2020-401236951,2020,REGULAR_SEASON,4,2020-09-26T23:00:00Z,1601161200,142,Missouri Tigers,Missouri,333,Alabama Crimson Tide,Alabama,19,38,-19,FBS,FBS,Southeastern Conference,Southeastern Conference,False,False,Memorial Stadium,Columbia,MO,REGULAR_SEASON,True,False,ESPN_PUBLIC_SCOREBOARD_API,TIER_2_MEDIA_AGGREGATOR,https://site.web.api.espn.com/apis/site/v2/sports/football/college-football/scoreboard?dates=20200926&groups=80&limit=400,94470f0716b808b5573f6e20c92cb6e2c0eb53ed1e1bc5a859eda55a6ff2d6f2,CORROBORATED_BY_TIER_1
ESPN-2020-401234593,2020,REGULAR_SEASON,4,2020-09-26T23:30:00Z,1601163000,2390,Miami Hurricanes,Miami,52,Florida State Seminoles,Florida State,52,10,42,FBS,FBS,Atlantic Coast Conference,Atlantic Coast Conference,False,False,Hard Rock Stadium,Miami Gardens,FL,REGULAR_SEASON,True,False,ESPN_PUBLIC_SCOREBOARD_API,TIER_2_MEDIA_AGGREGATOR,https://site.web.api.espn.com/apis/site/v2/sports/football/college-football/scoreboard?dates=20200926&groups=80&limit=400,94470f0716b808b5573f6e20c92cb6e2c0eb53ed1e1bc5a859eda55a6ff2d6f2,CORROBORATED_BY_TIER_1
ESPN-2020-401235993,2020,REGULAR_SEASON,4,2020-09-26T23:30:00Z,1601163000,239,Baylor Bears,Baylor,2305,Kansas Jayhawks,Kansas,47,14,33,FBS,FBS,Big 12 Conference,Big 12 Conference,False,False,McLane Stadium,Waco,TX,REGULAR_SEASON,True,False,ESPN_PUBLIC_SCOREBOARD_API,TIER_2_MEDIA_AGGREGATOR,https://site.web.api.espn.com/apis/site/v2/sports/football/college-football/scoreboard?dates=20200926&groups=80&limit=400,94470f0716b808b5573f6e20c92cb6e2c0eb53ed1e1bc5a859eda55a6ff2d6f2,CORROBORATED_BY_TIER_1
ESPN-2020-401237036,2020,REGULAR_SEASON,4,2020-09-26T23:30:00Z,1601163000,2579,South Carolina Gamecocks,South Carolina,2633,Tennessee Volunteers,Tennessee,27,31,-4,FBS,FBS,Southeastern Conference,Southeastern Conference,False,False,Williams-Brice Stadium,Columbia,SC,REGULAR_SEASON,True,False,ESPN_PUBLIC_SCOREBOARD_API,TIER_2_MEDIA_AGGREGATOR,https://site.web.api.espn.com/apis/site/v2/sports/football/college-football/scoreboard?dates=20200926&groups=80&limit=400,94470f0716b808b5573f6e20c92cb6e2c0eb53ed1e1bc5a859eda55a6ff2d6f2,CORROBORATED_BY_TIER_1
ESPN-2020-401237037,2020,REGULAR_SEASON,4,2020-09-26T23:30:00Z,1601163000,245,Texas A&M Aggies,Texas A&M,238,Vanderbilt Commodores,Vanderbilt,17,12,5,FBS,FBS,Southeastern Conference,Southeastern Conference,False,False,Kyle Field,College Station,TX,REGULAR_SEASON,True,False,ESPN_PUBLIC_SCOREBOARD_API,TIER_2_MEDIA_AGGREGATOR,https://site.web.api.espn.com/apis/site/v2/sports/football/college-football/scoreboard?dates=20200926&groups=80&limit=400,94470f0716b808b5573f6e20c92cb6e2c0eb53ed1e1bc5a859eda55a6ff2d6f2,CORROBORATED_BY_TIER_1
ESPN-2020-401234566,2020,REGULAR_SEASON,4,2020-09-27T00:00:00Z,1601164800,259,Virginia Tech Hokies,Virginia Tech,152,NC State Wolfpack,NC State,45,24,21,FBS,FBS,Atlantic Coast Conference,Atlantic Coast Conference,False,False,Lane Stadium,Blacksburg,VA,REGULAR_SEASON,True,False,ESPN_PUBLIC_SCOREBOARD_API,TIER_2_MEDIA_AGGREGATOR,https://site.web.api.espn.com/apis/site/v2/sports/football/college-football/scoreboard?dates=20200926&groups=80&limit=400,94470f0716b808b5573f6e20c92cb6e2c0eb53ed1e1bc5a859eda55a6ff2d6f2,CORROBORATED_BY_TIER_1
ESPN-2020-401236223,2020,REGULAR_SEASON,4,2020-09-27T02:15:00Z,1601172900,252,BYU Cougars,BYU,2653,Troy Trojans,Troy,48,7,41,FBS,FBS,FBS Independents,Sun Belt Conference,False,False,LaVell Edwards Stadium,Provo,UT,REGULAR_SEASON,False,False,ESPN_PUBLIC_SCOREBOARD_API,TIER_2_MEDIA_AGGREGATOR,https://site.web.api.espn.com/apis/site/v2/sports/football/college-football/scoreboard?dates=20200926&groups=80&limit=400,94470f0716b808b5573f6e20c92cb6e2c0eb53ed1e1bc5a859eda55a6ff2d6f2,CORROBORATED_BY_TIER_1
ESPN-2020-401240282,2020,REGULAR_SEASON,5,2020-10-02T23:00:00Z,1601679600,154,Wake Forest Demon Deacons,Wake Forest,2097,Campbell Fighting Camels,Campbell,66,14,52,FBS,FCS,Atlantic Coast Conference,Big South Conference,True,False,Allegacy Federal Credit Union Stadium,Winston-Salem,NC,REGULAR_SEASON,False,False,ESPN_PUBLIC_SCOREBOARD_API,TIER_2_MEDIA_AGGREGATOR,https://site.web.api.espn.com/apis/site/v2/sports/football/college-football/scoreboard?dates=20201002&groups=80&limit=400,e1c91ce60036d4d6a509bf42d31896bc61d2a51b3eb8762c931e73c62592169b,CORROBORATED_BY_TIER_1
ESPN-2020-401246275,2020,REGULAR_SEASON,5,2020-10-03T01:00:00Z,1601686800,252,BYU Cougars,BYU,2348,Louisiana Tech Bulldogs,Louisiana Tech,45,14,31,FBS,FBS,FBS Independents,Conference USA,False,False,LaVell Edwards Stadium,Provo,UT,REGULAR_SEASON,False,False,ESPN_PUBLIC_SCOREBOARD_API,TIER_2_MEDIA_AGGREGATOR,https://site.web.api.espn.com/apis/site/v2/sports/football/college-football/scoreboard?dates=20201002&groups=80&limit=400,e1c91ce60036d4d6a509bf42d31896bc61d2a51b3eb8762c931e73c62592169b,CORROBORATED_BY_TIER_1
ESPN-2020-401212547,2020,REGULAR_SEASON,5,2020-10-03T16:00:00Z,1601740800,2247,Georgia State Panthers,Georgia State,151,East Carolina Pirates,East Carolina,49,29,20,FBS,FBS,Sun Belt Conference,American Conference,False,False,Center Parc Stadium,Atlanta,GA,REGULAR_SEASON,False,False,ESPN_PUBLIC_SCOREBOARD_API,TIER_2_MEDIA_AGGREGATOR,https://site.web.api.espn.com/apis/site/v2/sports/football/college-football/scoreboard?dates=20201003&groups=80&limit=400,1a58df7e38a4b937bb656a5a77ba858c54167d7fdb37b634b4027bfb44190df7,CORROBORATED_BY_TIER_1
ESPN-2020-401215304,2020,REGULAR_SEASON,5,2020-10-03T16:00:00Z,1601740800,324,Coastal Carolina Chanticleers,Coastal Carolina,2032,Arkansas State Red Wolves,Arkansas State,52,23,29,FBS,FBS,Sun Belt Conference,Sun Belt Conference,False,False,Brooks Stadium (SC),Conway,SC,REGULAR_SEASON,True,False,ESPN_PUBLIC_SCOREBOARD_API,TIER_2_MEDIA_AGGREGATOR,https://site.web.api.espn.com/apis/site/v2/sports/football/college-football/scoreboard?dates=20201003&groups=80&limit=400,1a58df7e38a4b937bb656a5a77ba858c54167d7fdb37b634b4027bfb44190df7,CORROBORATED_BY_TIER_1
ESPN-2020-401234600,2020,REGULAR_SEASON,5,2020-10-03T16:00:00Z,1601740800,221,Pittsburgh Panthers,Pittsburgh,152,NC State Wolfpack,NC State,29,30,-1,FBS,FBS,Atlantic Coast Conference,Atlantic Coast Conference,False,False,Acrisure Stadium,Pittsburgh,PA,REGULAR_SEASON,True,False,ESPN_PUBLIC_SCOREBOARD_API,TIER_2_MEDIA_AGGREGATOR,https://site.web.api.espn.com/apis/site/v2/sports/football/college-football/scoreboard?dates=20201003&groups=80&limit=400,1a58df7e38a4b937bb656a5a77ba858c54167d7fdb37b634b4027bfb44190df7,CORROBORATED_BY_TIER_1
ESPN-2020-401235998,2020,REGULAR_SEASON,5,2020-10-03T16:00:00Z,1601740800,277,West Virginia Mountaineers,West Virginia,239,Baylor Bears,Baylor,27,21,6,FBS,FBS,Big 12 Conference,Big 12 Conference,False,False,Milan Puskar Stadium,Morgantown,WV,REGULAR_SEASON,True,True,ESPN_PUBLIC_SCOREBOARD_API,TIER_2_MEDIA_AGGREGATOR,https://site.web.api.espn.com/apis/site/v2/sports/football/college-football/scoreboard?dates=20201003&groups=80&limit=400,1a58df7e38a4b937bb656a5a77ba858c54167d7fdb37b634b4027bfb44190df7,CORROBORATED_BY_TIER_1
ESPN-2020-401236002,2020,REGULAR_SEASON,5,2020-10-03T16:00:00Z,1601740800,251,Texas Longhorns,Texas,2628,TCU Horned Frogs,TCU,31,33,-2,FBS,FBS,Big 12 Conference,Big 12 Conference,False,False,DKR-Texas Memorial Stadium,Austin,TX,REGULAR_SEASON,True,False,ESPN_PUBLIC_SCOREBOARD_API,TIER_2_MEDIA_AGGREGATOR,https://site.web.api.espn.com/apis/site/v2/sports/football/college-football/scoreboard?dates=20201003&groups=80&limit=400,1a58df7e38a4b937bb656a5a77ba858c54167d7fdb37b634b4027bfb44190df7,CORROBORATED_BY_TIER_1
ESPN-2020-401237096,2020,REGULAR_SEASON,5,2020-10-03T16:00:00Z,1601740800,57,Florida Gators,Florida,2579,South Carolina Gamecocks,South Carolina,38,24,14,FBS,FBS,Southeastern Conference,Southeastern Conference,False,False,Ben Hill Griffin Stadium,Gainesville,FL,REGULAR_SEASON,True,False,ESPN_PUBLIC_SCOREBOARD_API,TIER_2_MEDIA_AGGREGATOR,https://site.web.api.espn.com/apis/site/v2/sports/football/college-football/scoreboard?dates=20201003&groups=80&limit=400,1a58df7e38a4b937bb656a5a77ba858c54167d7fdb37b634b4027bfb44190df7,CORROBORATED_BY_TIER_1
ESPN-2020-401237099,2020,REGULAR_SEASON,5,2020-10-03T16:00:00Z,1601740800,2633,Tennessee Volunteers,Tennessee,142,Missouri Tigers,Missouri,35,12,23,FBS,FBS,Southeastern Conference,Southeastern Conference,False,False,Neyland Stadium,Knoxville,TN,REGULAR_SEASON,True,False,ESPN_PUBLIC_SCOREBOARD_API,TIER_2_MEDIA_AGGREGATOR,https://site.web.api.espn.com/apis/site/v2/sports/football/college-football/scoreboard?dates=20201003&groups=80&limit=400,1a58df7e38a4b937bb656a5a77ba858c54167d7fdb37b634b4027bfb44190df7,CORROBORATED_BY_TIER_1
ESPN-2020-401207141,2020,REGULAR_SEASON,5,2020-10-03T16:30:00Z,1601742600,5,UAB Blazers,UAB,2636,UTSA Roadrunners,UTSA,21,13,8,FBS,FBS,Conference USA,Conference USA,False,False,Legion Field (AL),Birmingham,AL,REGULAR_SEASON,True,False,ESPN_PUBLIC_SCOREBOARD_API,TIER_2_MEDIA_AGGREGATOR,https://site.web.api.espn.com/apis/site/v2/sports/football/college-football/scoreboard?dates=20201003&groups=80&limit=400,1a58df7e38a4b937bb656a5a77ba858c54167d7fdb37b634b4027bfb44190df7,CORROBORATED_BY_TIER_1
ESPN-2020-401237513,2020,REGULAR_SEASON,5,2020-10-03T17:00:00Z,1601744400,2335,Liberty Flames,Liberty,2453,North Alabama Lions,North Alabama,28,7,21,FBS,FCS,FBS Independents,Big South Conference,True,False,Williams Stadium (VA),Lynchburg,VA,REGULAR_SEASON,False,False,ESPN_PUBLIC_SCOREBOARD_API,TIER_2_MEDIA_AGGREGATOR,https://site.web.api.espn.com/apis/site/v2/sports/football/college-football/scoreboard?dates=20201003&groups=80&limit=400,1a58df7e38a4b937bb656a5a77ba858c54167d7fdb37b634b4027bfb44190df7,CORROBORATED_BY_TIER_1
ESPN-2020-401240040,2020,REGULAR_SEASON,5,2020-10-03T17:30:00Z,1601746200,349,Army Black Knights,Army,2000,Abilene Christian Wildcats,Abilene Christian,55,23,32,FBS,FCS,FBS Independents,Southland Conference,True,False,Michie Stadium,West Point,NY,REGULAR_SEASON,False,False,ESPN_PUBLIC_SCOREBOARD_API,TIER_2_MEDIA_AGGREGATOR,https://site.web.api.espn.com/apis/site/v2/sports/football/college-football/scoreboard?dates=20201003&groups=80&limit=400,1a58df7e38a4b937bb656a5a77ba858c54167d7fdb37b634b4027bfb44190df7,CORROBORATED_BY_TIER_1
ESPN-2020-401212476,2020,REGULAR_SEASON,5,2020-10-03T19:30:00Z,1601753400,2132,Cincinnati Bearcats,Cincinnati,58,South Florida Bulls,South Florida,28,7,21,FBS,FBS,American Conference,American Conference,False,False,Nippert Stadium,Cincinnati,OH,REGULAR_SEASON,True,False,ESPN_PUBLIC_SCOREBOARD_API,TIER_2_MEDIA_AGGREGATOR,https://site.web.api.espn.com/apis/site/v2/sports/football/college-football/scoreboard?dates=20201003&groups=80&limit=400,1a58df7e38a4b937bb656a5a77ba858c54167d7fdb37b634b4027bfb44190df7,CORROBORATED_BY_TIER_1
ESPN-2020-401212486,2020,REGULAR_SEASON,5,2020-10-03T19:30:00Z,1601753400,2567,SMU Mustangs,SMU,235,Memphis Tigers,Memphis,30,27,3,FBS,FBS,American Conference,American Conference,False,False,Gerald J. Ford Stadium,Dallas,TX,REGULAR_SEASON,True,False,ESPN_PUBLIC_SCOREBOARD_API,TIER_2_MEDIA_AGGREGATOR,https://site.web.api.espn.com/apis/site/v2/sports/football/college-football/scoreboard?dates=20201003&groups=80&limit=400,1a58df7e38a4b937bb656a5a77ba858c54167d7fdb37b634b4027bfb44190df7,CORROBORATED_BY_TIER_1
ESPN-2020-401234597,2020,REGULAR_SEASON,5,2020-10-03T19:30:00Z,1601753400,103,Boston College Eagles,Boston College,153,North Carolina Tar Heels,North Carolina,22,26,-4,FBS,FBS,Atlantic Coast Conference,Atlantic Coast Conference,False,False,"Alumni Stadium (Chestnut Hill, MA)",Chestnut Hill,MA,REGULAR_SEASON,True,False,ESPN_PUBLIC_SCOREBOARD_API,TIER_2_MEDIA_AGGREGATOR,https://site.web.api.espn.com/apis/site/v2/sports/football/college-football/scoreboard?dates=20201003&groups=80&limit=400,1a58df7e38a4b937bb656a5a77ba858c54167d7fdb37b634b4027bfb44190df7,CORROBORATED_BY_TIER_1
ESPN-2020-401236000,2020,REGULAR_SEASON,5,2020-10-03T19:30:00Z,1601753400,2305,Kansas Jayhawks,Kansas,197,Oklahoma State Cowboys,Oklahoma State,7,47,-40,FBS,FBS,Big 12 Conference,Big 12 Conference,False,False,David Booth Kansas Memorial Stadium,Lawrence,KS,REGULAR_SEASON,True,False,ESPN_PUBLIC_SCOREBOARD_API,TIER_2_MEDIA_AGGREGATOR,https://site.web.api.espn.com/apis/site/v2/sports/football/college-football/scoreboard?dates=20201003&groups=80&limit=400,1a58df7e38a4b937bb656a5a77ba858c54167d7fdb37b634b4027bfb44190df7,CORROBORATED_BY_TIER_1
ESPN-2020-401236001,2020,REGULAR_SEASON,5,2020-10-03T19:30:00Z,1601753400,2306,Kansas State Wildcats,Kansas State,2641,Texas Tech Red Raiders,Texas Tech,31,21,10,FBS,FBS,Big 12 Conference,Big 12 Conference,False,False,Bill Snyder Family Stadium,Manhattan,KS,REGULAR_SEASON,True,False,ESPN_PUBLIC_SCOREBOARD_API,TIER_2_MEDIA_AGGREGATOR,https://site.web.api.espn.com/apis/site/v2/sports/football/college-football/scoreboard?dates=20201003&groups=80&limit=400,1a58df7e38a4b937bb656a5a77ba858c54167d7fdb37b634b4027bfb44190df7,CORROBORATED_BY_TIER_1
ESPN-2020-401237093,2020,REGULAR_SEASON,5,2020-10-03T19:30:00Z,1601753400,333,Alabama Crimson Tide,Alabama,245,Texas A&M Aggies,Texas A&M,52,24,28,FBS,FBS,Southeastern Conference,Southeastern Conference,False,False,Bryant-Denny Stadium,Tuscaloosa,AL,REGULAR_SEASON,True,False,ESPN_PUBLIC_SCOREBOARD_API,TIER_2_MEDIA_AGGREGATOR,https://site.web.api.espn.com/apis/site/v2/sports/football/college-football/scoreboard?dates=20201003&groups=80&limit=400,1a58df7e38a4b937bb656a5a77ba858c54167d7fdb37b634b4027bfb44190df7,CORROBORATED_BY_TIER_1
ESPN-2020-401207136,2020,REGULAR_SEASON,5,2020-10-03T20:00:00Z,1601755200,2226,Florida Atlantic Owls,Florida Atlantic,2429,Charlotte 49ers,Charlotte,21,17,4,FBS,FBS,Conference USA,Conference USA,False,False,Flagler Credit Union Stadium,Boca Raton,FL,REGULAR_SEASON,True,False,ESPN_PUBLIC_SCOREBOARD_API,TIER_2_MEDIA_AGGREGATOR,https://site.web.api.espn.com/apis/site/v2/sports/football/college-football/scoreboard?dates=20201003&groups=80&limit=400,1a58df7e38a4b937bb656a5a77ba858c54167d7fdb37b634b4027bfb44190df7,CORROBORATED_BY_TIER_1
ESPN-2020-401234599,2020,REGULAR_SEASON,5,2020-10-03T20:00:00Z,1601755200,150,Duke Blue Devils,Duke,259,Virginia Tech Hokies,Virginia Tech,31,38,-7,FBS,FBS,Atlantic Coast Conference,Atlantic Coast Conference,False,False,Wallace Wade Stadium,Durham,NC,REGULAR_SEASON,True,False,ESPN_PUBLIC_SCOREBOARD_API,TIER_2_MEDIA_AGGREGATOR,https://site.web.api.espn.com/apis/site/v2/sports/football/college-football/scoreboard?dates=20201003&groups=80&limit=400,1a58df7e38a4b937bb656a5a77ba858c54167d7fdb37b634b4027bfb44190df7,CORROBORATED_BY_TIER_1
ESPN-2020-401237097,2020,REGULAR_SEASON,5,2020-10-03T20:00:00Z,1601755200,96,Kentucky Wildcats,Kentucky,145,Ole Miss Rebels,Ole Miss,41,42,-1,FBS,FBS,Southeastern Conference,Southeastern Conference,False,False,Kroger Field,Lexington,KY,REGULAR_SEASON,True,True,ESPN_PUBLIC_SCOREBOARD_API,TIER_2_MEDIA_AGGREGATOR,https://site.web.api.espn.com/apis/site/v2/sports/football/college-football/scoreboard?dates=20201003&groups=80&limit=400,1a58df7e38a4b937bb656a5a77ba858c54167d7fdb37b634b4027bfb44190df7,CORROBORATED_BY_TIER_1
ESPN-2020-401238034,2020,REGULAR_SEASON,5,2020-10-03T20:00:00Z,1601755200,52,Florida State Seminoles,Florida State,55,Jacksonville State Gamecocks,Jacksonville State,41,24,17,FBS,FCS,Atlantic Coast Conference,Ohio Valley Conference,True,False,Doak Campbell Stadium,Tallahassee,FL,REGULAR_SEASON,False,False,ESPN_PUBLIC_SCOREBOARD_API,TIER_2_MEDIA_AGGREGATOR,https://site.web.api.espn.com/apis/site/v2/sports/football/college-football/scoreboard?dates=20201003&groups=80&limit=400,1a58df7e38a4b937bb656a5a77ba858c54167d7fdb37b634b4027bfb44190df7,CORROBORATED_BY_TIER_1
ESPN-2020-401207138,2020,REGULAR_SEASON,5,2020-10-03T21:00:00Z,1601758800,2393,Middle Tennessee Blue Raiders,Middle Tennessee,98,Western Kentucky Hilltoppers,Western Kentucky,17,20,-3,FBS,FBS,Conference USA,Conference USA,False,False,"Johnny ""Red"" Floyd Stadium",Murfreesboro,TN,REGULAR_SEASON,True,False,ESPN_PUBLIC_SCOREBOARD_API,TIER_2_MEDIA_AGGREGATOR,https://site.web.api.espn.com/apis/site/v2/sports/football/college-football/scoreboard?dates=20201003&groups=80&limit=400,1a58df7e38a4b937bb656a5a77ba858c54167d7fdb37b634b4027bfb44190df7,CORROBORATED_BY_TIER_1
ESPN-2020-401212557,2020,REGULAR_SEASON,5,2020-10-03T22:00:00Z,1601762400,2005,Air Force Falcons,Air Force,2426,Navy Midshipmen,Navy,40,7,33,FBS,FBS,Mountain West Conference,American Conference,False,False,Falcon Stadium,USAF Academy,CO,REGULAR_SEASON,False,False,ESPN_PUBLIC_SCOREBOARD_API,TIER_2_MEDIA_AGGREGATOR,https://site.web.api.espn.com/apis/site/v2/sports/football/college-football/scoreboard?dates=20201003&groups=80&limit=400,1a58df7e38a4b937bb656a5a77ba858c54167d7fdb37b634b4027bfb44190df7,CORROBORATED_BY_TIER_1
ESPN-2020-401215305,2020,REGULAR_SEASON,5,2020-10-03T23:00:00Z,1601766000,2433,UL Monroe Warhawks,UL Monroe,290,Georgia Southern Eagles,Georgia Southern,30,35,-5,FBS,FBS,Sun Belt Conference,Sun Belt Conference,False,False,Malone Stadium,Monroe,LA,REGULAR_SEASON,True,False,ESPN_PUBLIC_SCOREBOARD_API,TIER_2_MEDIA_AGGREGATOR,https://site.web.api.espn.com/apis/site/v2/sports/football/college-football/scoreboard?dates=20201003&groups=80&limit=400,1a58df7e38a4b937bb656a5a77ba858c54167d7fdb37b634b4027bfb44190df7,CORROBORATED_BY_TIER_1
ESPN-2020-401207139,2020,REGULAR_SEASON,5,2020-10-03T23:30:00Z,1601767800,249,North Texas Mean Green,North Texas,2572,Southern Mississippi Golden Eagles,Southern Mississippi,31,41,-10,FBS,FBS,Conference USA,Conference USA,False,False,DATCU Stadium,Denton,TX,REGULAR_SEASON,True,False,ESPN_PUBLIC_SCOREBOARD_API,TIER_2_MEDIA_AGGREGATOR,https://site.web.api.espn.com/apis/site/v2/sports/football/college-football/scoreboard?dates=20201003&groups=80&limit=400,1a58df7e38a4b937bb656a5a77ba858c54167d7fdb37b634b4027bfb44190df7,CORROBORATED_BY_TIER_1
ESPN-2020-401212531,2020,REGULAR_SEASON,5,2020-10-03T23:30:00Z,1601767800,2116,UCF Knights,UCF,202,Tulsa Golden Hurricane,Tulsa,26,34,-8,FBS,FBS,American Conference,American Conference,False,False,Acrisure Bounce House,Orlando,FL,REGULAR_SEASON,True,False,ESPN_PUBLIC_SCOREBOARD_API,TIER_2_MEDIA_AGGREGATOR,https://site.web.api.espn.com/apis/site/v2/sports/football/college-football/scoreboard?dates=20201003&groups=80&limit=400,1a58df7e38a4b937bb656a5a77ba858c54167d7fdb37b634b4027bfb44190df7,CORROBORATED_BY_TIER_1
ESPN-2020-401235999,2020,REGULAR_SEASON,5,2020-10-03T23:30:00Z,1601767800,66,Iowa State Cyclones,Iowa State,201,Oklahoma Sooners,Oklahoma,37,30,7,FBS,FBS,Big 12 Conference,Big 12 Conference,False,False,Jack Trice Stadium,Ames,IA,REGULAR_SEASON,True,False,ESPN_PUBLIC_SCOREBOARD_API,TIER_2_MEDIA_AGGREGATOR,https://site.web.api.espn.com/apis/site/v2/sports/football/college-football/scoreboard?dates=20201003&groups=80&limit=400,1a58df7e38a4b937bb656a5a77ba858c54167d7fdb37b634b4027bfb44190df7,CORROBORATED_BY_TIER_1
ESPN-2020-401237094,2020,REGULAR_SEASON,5,2020-10-03T23:30:00Z,1601767800,344,Mississippi State Bulldogs,Mississippi State,8,Arkansas Razorbacks,Arkansas,14,21,-7,FBS,FBS,Southeastern Conference,Southeastern Conference,False,False,Davis Wade Stadium,Starkville,MS,REGULAR_SEASON,True,False,ESPN_PUBLIC_SCOREBOARD_API,TIER_2_MEDIA_AGGREGATOR,https://site.web.api.espn.com/apis/site/v2/sports/football/college-football/scoreboard?dates=20201003&groups=80&limit=400,1a58df7e38a4b937bb656a5a77ba858c54167d7fdb37b634b4027bfb44190df7,CORROBORATED_BY_TIER_1
ESPN-2020-401237095,2020,REGULAR_SEASON,5,2020-10-03T23:30:00Z,1601767800,61,Georgia Bulldogs,Georgia,2,Auburn Tigers,Auburn,27,6,21,FBS,FBS,Southeastern Conference,Southeastern Conference,False,False,Sanford Stadium,Athens,GA,REGULAR_SEASON,True,False,ESPN_PUBLIC_SCOREBOARD_API,TIER_2_MEDIA_AGGREGATOR,https://site.web.api.espn.com/apis/site/v2/sports/football/college-football/scoreboard?dates=20201003&groups=80&limit=400,1a58df7e38a4b937bb656a5a77ba858c54167d7fdb37b634b4027bfb44190df7,CORROBORATED_BY_TIER_1
ESPN-2020-401237098,2020,REGULAR_SEASON,5,2020-10-03T23:30:00Z,1601767800,238,Vanderbilt Commodores,Vanderbilt,99,LSU Tigers,LSU,7,41,-34,FBS,FBS,Southeastern Conference,Southeastern Conference,False,False,FirstBank Stadium,Nashville,TN,REGULAR_SEASON,True,False,ESPN_PUBLIC_SCOREBOARD_API,TIER_2_MEDIA_AGGREGATOR,https://site.web.api.espn.com/apis/site/v2/sports/football/college-football/scoreboard?dates=20201003&groups=80&limit=400,1a58df7e38a4b937bb656a5a77ba858c54167d7fdb37b634b4027bfb44190df7,CORROBORATED_BY_TIER_1
ESPN-2020-401234598,2020,REGULAR_SEASON,5,2020-10-04T00:00:00Z,1601769600,228,Clemson Tigers,Clemson,258,Virginia Cavaliers,Virginia,41,23,18,FBS,FBS,Atlantic Coast Conference,Atlantic Coast Conference,False,False,"Memorial Stadium (Clemson, SC)",Clemson,SC,REGULAR_SEASON,True,False,ESPN_PUBLIC_SCOREBOARD_API,TIER_2_MEDIA_AGGREGATOR,https://site.web.api.espn.com/apis/site/v2/sports/football/college-football/scoreboard?dates=20201003&groups=80&limit=400,1a58df7e38a4b937bb656a5a77ba858c54167d7fdb37b634b4027bfb44190df7,CORROBORATED_BY_TIER_1
ESPN-2020-401212523,2020,REGULAR_SEASON,6,2020-10-08T23:30:00Z,1602199800,248,Houston Cougars,Houston,2655,Tulane Green Wave,Tulane,49,31,18,FBS,FBS,American Conference,American Conference,False,False,TDECU Stadium,Houston,TX,REGULAR_SEASON,True,False,ESPN_PUBLIC_SCOREBOARD_API,TIER_2_MEDIA_AGGREGATOR,https://site.web.api.espn.com/apis/site/v2/sports/football/college-football/scoreboard?dates=20201008&groups=80&limit=400,adab8070c097aceb6d00d1cf74cce3e215be540ff725e3cbccd4aa0fefbeafea,CORROBORATED_BY_TIER_1
ESPN-2020-401234601,2020,REGULAR_SEASON,6,2020-10-09T23:00:00Z,1602284400,59,Georgia Tech Yellow Jackets,Georgia Tech,97,Louisville Cardinals,Louisville,46,27,19,FBS,FBS,Atlantic Coast Conference,Atlantic Coast Conference,False,False,Bobby Dodd Stadium,Atlanta,GA,REGULAR_SEASON,True,False,ESPN_PUBLIC_SCOREBOARD_API,TIER_2_MEDIA_AGGREGATOR,https://site.web.api.espn.com/apis/site/v2/sports/football/college-football/scoreboard?dates=20201009&groups=80&limit=400,9bd503701f1a1056b824ea1b5cf1a40a09f2b8fa12424930f83b728a4e1df382,CORROBORATED_BY_TIER_1
ESPN-2020-401207215,2020,REGULAR_SEASON,6,2020-10-10T16:00:00Z,1602345600,2335,Liberty Flames,Liberty,2433,UL Monroe Warhawks,UL Monroe,40,7,33,FBS,FBS,FBS Independents,Sun Belt Conference,False,False,Williams Stadium (VA),Lynchburg,VA,REGULAR_SEASON,False,False,ESPN_PUBLIC_SCOREBOARD_API,TIER_2_MEDIA_AGGREGATOR,https://site.web.api.espn.com/apis/site/v2/sports/football/college-football/scoreboard?dates=20201010&groups=80&limit=400,8fbcf8fe58576eed5d53346a56a801352ca615a0e3e307d47b8ed338f3a4f16a,CORROBORATED_BY_TIER_1
ESPN-2020-401234607,2020,REGULAR_SEASON,6,2020-10-10T16:00:00Z,1602345600,153,North Carolina Tar Heels,North Carolina,259,Virginia Tech Hokies,Virginia Tech,56,45,11,FBS,FBS,Atlantic Coast Conference,Atlantic Coast Conference,False,False,Kenan Stadium,Chapel Hill,NC,REGULAR_SEASON,True,False,ESPN_PUBLIC_SCOREBOARD_API,TIER_2_MEDIA_AGGREGATOR,https://site.web.api.espn.com/apis/site/v2/sports/football/college-football/scoreboard?dates=20201010&groups=80&limit=400,8fbcf8fe58576eed5d53346a56a801352ca615a0e3e307d47b8ed338f3a4f16a,CORROBORATED_BY_TIER_1
ESPN-2020-401234608,2020,REGULAR_SEASON,6,2020-10-10T16:00:00Z,1602345600,258,Virginia Cavaliers,Virginia,152,NC State Wolfpack,NC State,21,38,-17,FBS,FBS,Atlantic Coast Conference,Atlantic Coast Conference,False,False,Scott Stadium,Charlottesville,VA,REGULAR_SEASON,True,False,ESPN_PUBLIC_SCOREBOARD_API,TIER_2_MEDIA_AGGREGATOR,https://site.web.api.espn.com/apis/site/v2/sports/football/college-football/scoreboard?dates=20201010&groups=80&limit=400,8fbcf8fe58576eed5d53346a56a801352ca615a0e3e307d47b8ed338f3a4f16a,CORROBORATED_BY_TIER_1
ESPN-2020-401236005,2020,REGULAR_SEASON,6,2020-10-10T16:00:00Z,1602345600,201,Oklahoma Sooners,Oklahoma,251,Texas Longhorns,Texas,53,45,8,FBS,FBS,Big 12 Conference,Big 12 Conference,False,True,Cotton Bowl,Dallas,TX,REGULAR_SEASON,True,True,ESPN_PUBLIC_SCOREBOARD_API,TIER_2_MEDIA_AGGREGATOR,https://site.web.api.espn.com/apis/site/v2/sports/football/college-football/scoreboard?dates=20201010&groups=80&limit=400,8fbcf8fe58576eed5d53346a56a801352ca615a0e3e307d47b8ed338f3a4f16a,CORROBORATED_BY_TIER_1
ESPN-2020-401237102,2020,REGULAR_SEASON,6,2020-10-10T16:00:00Z,1602345600,245,Texas A&M Aggies,Texas A&M,57,Florida Gators,Florida,41,38,3,FBS,FBS,Southeastern Conference,Southeastern Conference,False,False,Kyle Field,College Station,TX,REGULAR_SEASON,True,False,ESPN_PUBLIC_SCOREBOARD_API,TIER_2_MEDIA_AGGREGATOR,https://site.web.api.espn.com/apis/site/v2/sports/football/college-football/scoreboard?dates=20201010&groups=80&limit=400,8fbcf8fe58576eed5d53346a56a801352ca615a0e3e307d47b8ed338f3a4f16a,CORROBORATED_BY_TIER_1
ESPN-2020-401237105,2020,REGULAR_SEASON,6,2020-10-10T16:00:00Z,1602345600,142,Missouri Tigers,Missouri,99,LSU Tigers,LSU,45,41,4,FBS,FBS,Southeastern Conference,Southeastern Conference,False,False,Memorial Stadium,Columbia,MO,REGULAR_SEASON,True,False,ESPN_PUBLIC_SCOREBOARD_API,TIER_2_MEDIA_AGGREGATOR,https://site.web.api.espn.com/apis/site/v2/sports/football/college-football/scoreboard?dates=20201010&groups=80&limit=400,8fbcf8fe58576eed5d53346a56a801352ca615a0e3e307d47b8ed338f3a4f16a,CORROBORATED_BY_TIER_1
ESPN-2020-401237106,2020,REGULAR_SEASON,6,2020-10-10T16:00:00Z,1602345600,238,Vanderbilt Commodores,Vanderbilt,2579,South Carolina Gamecocks,South Carolina,7,41,-34,FBS,FBS,Southeastern Conference,Southeastern Conference,False,False,FirstBank Stadium,Nashville,TN,REGULAR_SEASON,True,False,ESPN_PUBLIC_SCOREBOARD_API,TIER_2_MEDIA_AGGREGATOR,https://site.web.api.espn.com/apis/site/v2/sports/football/college-football/scoreboard?dates=20201010&groups=80&limit=400,8fbcf8fe58576eed5d53346a56a801352ca615a0e3e307d47b8ed338f3a4f16a,CORROBORATED_BY_TIER_1
ESPN-2020-401234605,2020,REGULAR_SEASON,6,2020-10-10T16:30:00Z,1602347400,183,Syracuse Orange,Syracuse,150,Duke Blue Devils,Duke,24,38,-14,FBS,FBS,Atlantic Coast Conference,Atlantic Coast Conference,False,False,JMA Wireless Dome,Syracuse,NY,REGULAR_SEASON,True,False,ESPN_PUBLIC_SCOREBOARD_API,TIER_2_MEDIA_AGGREGATOR,https://site.web.api.espn.com/apis/site/v2/sports/football/college-football/scoreboard?dates=20201010&groups=80&limit=400,8fbcf8fe58576eed5d53346a56a801352ca615a0e3e307d47b8ed338f3a4f16a,CORROBORATED_BY_TIER_1
ESPN-2020-401240114,2020,REGULAR_SEASON,6,2020-10-10T17:30:00Z,1602351000,349,Army Black Knights,Army,2643,The Citadel Bulldogs,The Citadel,14,9,5,FBS,FCS,FBS Independents,Southern Conference,True,False,Michie Stadium,West Point,NY,REGULAR_SEASON,False,False,ESPN_PUBLIC_SCOREBOARD_API,TIER_2_MEDIA_AGGREGATOR,https://site.web.api.espn.com/apis/site/v2/sports/football/college-football/scoreboard?dates=20201010&groups=80&limit=400,8fbcf8fe58576eed5d53346a56a801352ca615a0e3e307d47b8ed338f3a4f16a,CORROBORATED_BY_TIER_1
ESPN-2020-401215308,2020,REGULAR_SEASON,6,2020-10-10T19:30:00Z,1602358200,2653,Troy Trojans,Troy,326,Texas State Bobcats,Texas State,37,17,20,FBS,FBS,Sun Belt Conference,Sun Belt Conference,False,False,Veterans Memorial Stadium (AL),Troy,AL,REGULAR_SEASON,True,False,ESPN_PUBLIC_SCOREBOARD_API,TIER_2_MEDIA_AGGREGATOR,https://site.web.api.espn.com/apis/site/v2/sports/football/college-football/scoreboard?dates=20201010&groups=80&limit=400,8fbcf8fe58576eed5d53346a56a801352ca615a0e3e307d47b8ed338f3a4f16a,CORROBORATED_BY_TIER_1
ESPN-2020-401236003,2020,REGULAR_SEASON,6,2020-10-10T19:30:00Z,1602358200,66,Iowa State Cyclones,Iowa State,2641,Texas Tech Red Raiders,Texas Tech,31,15,16,FBS,FBS,Big 12 Conference,Big 12 Conference,False,False,Jack Trice Stadium,Ames,IA,REGULAR_SEASON,True,False,ESPN_PUBLIC_SCOREBOARD_API,TIER_2_MEDIA_AGGREGATOR,https://site.web.api.espn.com/apis/site/v2/sports/football/college-football/scoreboard?dates=20201010&groups=80&limit=400,8fbcf8fe58576eed5d53346a56a801352ca615a0e3e307d47b8ed338f3a4f16a,CORROBORATED_BY_TIER_1
ESPN-2020-401237103,2020,REGULAR_SEASON,6,2020-10-10T19:30:00Z,1602358200,61,Georgia Bulldogs,Georgia,2633,Tennessee Volunteers,Tennessee,44,21,23,FBS,FBS,Southeastern Conference,Southeastern Conference,False,False,Sanford Stadium,Athens,GA,REGULAR_SEASON,True,False,ESPN_PUBLIC_SCOREBOARD_API,TIER_2_MEDIA_AGGREGATOR,https://site.web.api.espn.com/apis/site/v2/sports/football/college-football/scoreboard?dates=20201010&groups=80&limit=400,8fbcf8fe58576eed5d53346a56a801352ca615a0e3e307d47b8ed338f3a4f16a,CORROBORATED_BY_TIER_1
ESPN-2020-401240997,2020,REGULAR_SEASON,6,2020-10-10T19:30:00Z,1602358200,252,BYU Cougars,BYU,2636,UTSA Roadrunners,UTSA,27,20,7,FBS,FBS,FBS Independents,Conference USA,False,False,LaVell Edwards Stadium,Provo,UT,REGULAR_SEASON,False,False,ESPN_PUBLIC_SCOREBOARD_API,TIER_2_MEDIA_AGGREGATOR,https://site.web.api.espn.com/apis/site/v2/sports/football/college-football/scoreboard?dates=20201010&groups=80&limit=400,8fbcf8fe58576eed5d53346a56a801352ca615a0e3e307d47b8ed338f3a4f16a,CORROBORATED_BY_TIER_1
ESPN-2020-401246425,2020,REGULAR_SEASON,6,2020-10-10T19:30:00Z,1602358200,2032,Arkansas State Red Wolves,Arkansas State,2110,Central Arkansas Bears,Central Arkansas,50,27,23,FBS,FCS,Sun Belt Conference,Southland Conference,True,False,Centennial Bank Stadium,Jonesboro,AR,REGULAR_SEASON,False,False,ESPN_PUBLIC_SCOREBOARD_API,TIER_2_MEDIA_AGGREGATOR,https://site.web.api.espn.com/apis/site/v2/sports/football/college-football/scoreboard?dates=20201010&groups=80&limit=400,8fbcf8fe58576eed5d53346a56a801352ca615a0e3e307d47b8ed338f3a4f16a,CORROBORATED_BY_TIER_1
ESPN-2020-401207143,2020,REGULAR_SEASON,6,2020-10-10T20:00:00Z,1602360000,2229,Florida International Panthers,Florida International,2393,Middle Tennessee Blue Raiders,Middle Tennessee,28,31,-3,FBS,FBS,Conference USA,Conference USA,False,False,Riccardo Silva Stadium,Miami,FL,REGULAR_SEASON,True,False,ESPN_PUBLIC_SCOREBOARD_API,TIER_2_MEDIA_AGGREGATOR,https://site.web.api.espn.com/apis/site/v2/sports/football/college-football/scoreboard?dates=20201010&groups=80&limit=400,8fbcf8fe58576eed5d53346a56a801352ca615a0e3e307d47b8ed338f3a4f16a,CORROBORATED_BY_TIER_1
ESPN-2020-401234603,2020,REGULAR_SEASON,6,2020-10-10T20:00:00Z,1602360000,103,Boston College Eagles,Boston College,221,Pittsburgh Panthers,Pittsburgh,31,30,1,FBS,FBS,Atlantic Coast Conference,Atlantic Coast Conference,False,False,"Alumni Stadium (Chestnut Hill, MA)",Chestnut Hill,MA,REGULAR_SEASON,True,True,ESPN_PUBLIC_SCOREBOARD_API,TIER_2_MEDIA_AGGREGATOR,https://site.web.api.espn.com/apis/site/v2/sports/football/college-football/scoreboard?dates=20201010&groups=80&limit=400,8fbcf8fe58576eed5d53346a56a801352ca615a0e3e307d47b8ed338f3a4f16a,CORROBORATED_BY_TIER_1
ESPN-2020-401236004,2020,REGULAR_SEASON,6,2020-10-10T20:00:00Z,1602360000,2628,TCU Horned Frogs,TCU,2306,Kansas State Wildcats,Kansas State,14,21,-7,FBS,FBS,Big 12 Conference,Big 12 Conference,False,False,Amon G. Carter Stadium,Fort Worth,TX,REGULAR_SEASON,True,False,ESPN_PUBLIC_SCOREBOARD_API,TIER_2_MEDIA_AGGREGATOR,https://site.web.api.espn.com/apis/site/v2/sports/football/college-football/scoreboard?dates=20201010&groups=80&limit=400,8fbcf8fe58576eed5d53346a56a801352ca615a0e3e307d47b8ed338f3a4f16a,CORROBORATED_BY_TIER_1
ESPN-2020-401237101,2020,REGULAR_SEASON,6,2020-10-10T20:00:00Z,1602360000,2,Auburn Tigers,Auburn,8,Arkansas Razorbacks,Arkansas,30,28,2,FBS,FBS,Southeastern Conference,Southeastern Conference,False,False,Jordan-Hare Stadium,Auburn,AL,REGULAR_SEASON,True,False,ESPN_PUBLIC_SCOREBOARD_API,TIER_2_MEDIA_AGGREGATOR,https://site.web.api.espn.com/apis/site/v2/sports/football/college-football/scoreboard?dates=20201010&groups=80&limit=400,8fbcf8fe58576eed5d53346a56a801352ca615a0e3e307d47b8ed338f3a4f16a,CORROBORATED_BY_TIER_1
ESPN-2020-401212515,2020,REGULAR_SEASON,6,2020-10-10T22:00:00Z,1602367200,2426,Navy Midshipmen,Navy,218,Temple Owls,Temple,31,29,2,FBS,FBS,American Conference,American Conference,False,False,Navy-Marine Corps Memorial Stadium,Annapolis,MD,REGULAR_SEASON,True,False,ESPN_PUBLIC_SCOREBOARD_API,TIER_2_MEDIA_AGGREGATOR,https://site.web.api.espn.com/apis/site/v2/sports/football/college-football/scoreboard?dates=20201010&groups=80&limit=400,8fbcf8fe58576eed5d53346a56a801352ca615a0e3e307d47b8ed338f3a4f16a,CORROBORATED_BY_TIER_1
ESPN-2020-401212477,2020,REGULAR_SEASON,6,2020-10-10T23:00:00Z,1602370800,58,South Florida Bulls,South Florida,151,East Carolina Pirates,East Carolina,24,44,-20,FBS,FBS,American Conference,American Conference,False,False,Raymond James Stadium,Tampa,FL,REGULAR_SEASON,True,False,ESPN_PUBLIC_SCOREBOARD_API,TIER_2_MEDIA_AGGREGATOR,https://site.web.api.espn.com/apis/site/v2/sports/football/college-football/scoreboard?dates=20201010&groups=80&limit=400,8fbcf8fe58576eed5d53346a56a801352ca615a0e3e307d47b8ed338f3a4f16a,CORROBORATED_BY_TIER_1
ESPN-2020-401207145,2020,REGULAR_SEASON,6,2020-10-10T23:30:00Z,1602372600,2348,Louisiana Tech Bulldogs,Louisiana Tech,2638,UTEP Miners,UTEP,21,17,4,FBS,FBS,Conference USA,Conference USA,False,False,Joe Aillet Stadium,Ruston,LA,REGULAR_SEASON,True,False,ESPN_PUBLIC_SCOREBOARD_API,TIER_2_MEDIA_AGGREGATOR,https://site.web.api.espn.com/apis/site/v2/sports/football/college-football/scoreboard?dates=20201010&groups=80&limit=400,8fbcf8fe58576eed5d53346a56a801352ca615a0e3e307d47b8ed338f3a4f16a,CORROBORATED_BY_TIER_1
ESPN-2020-401207146,2020,REGULAR_SEASON,6,2020-10-10T23:30:00Z,1602372600,98,Western Kentucky Hilltoppers,Western Kentucky,276,Marshall Thundering Herd,Marshall,14,38,-24,FBS,FBS,Conference USA,Conference USA,False,False,Houchens Industries-L.T. Smith Stadium,Bowling Green,KY,REGULAR_SEASON,True,False,ESPN_PUBLIC_SCOREBOARD_API,TIER_2_MEDIA_AGGREGATOR,https://site.web.api.espn.com/apis/site/v2/sports/football/college-football/scoreboard?dates=20201010&groups=80&limit=400,8fbcf8fe58576eed5d53346a56a801352ca615a0e3e307d47b8ed338f3a4f16a,CORROBORATED_BY_TIER_1
ESPN-2020-401234604,2020,REGULAR_SEASON,6,2020-10-10T23:30:00Z,1602372600,228,Clemson Tigers,Clemson,2390,Miami Hurricanes,Miami,42,17,25,FBS,FBS,Atlantic Coast Conference,Atlantic Coast Conference,False,False,"Memorial Stadium (Clemson, SC)",Clemson,SC,REGULAR_SEASON,True,False,ESPN_PUBLIC_SCOREBOARD_API,TIER_2_MEDIA_AGGREGATOR,https://site.web.api.espn.com/apis/site/v2/sports/football/college-football/scoreboard?dates=20201010&groups=80&limit=400,8fbcf8fe58576eed5d53346a56a801352ca615a0e3e307d47b8ed338f3a4f16a,CORROBORATED_BY_TIER_1
ESPN-2020-401234606,2020,REGULAR_SEASON,6,2020-10-10T23:30:00Z,1602372600,87,Notre Dame Fighting Irish,Notre Dame,52,Florida State Seminoles,Florida State,42,26,16,FBS,FBS,Atlantic Coast Conference,Atlantic Coast Conference,False,False,Notre Dame Stadium,Notre Dame,IN,REGULAR_SEASON,True,False,ESPN_PUBLIC_SCOREBOARD_API,TIER_2_MEDIA_AGGREGATOR,https://site.web.api.espn.com/apis/site/v2/sports/football/college-football/scoreboard?dates=20201010&groups=80&limit=400,8fbcf8fe58576eed5d53346a56a801352ca615a0e3e307d47b8ed338f3a4f16a,CORROBORATED_BY_TIER_1
ESPN-2020-401237100,2020,REGULAR_SEASON,6,2020-10-10T23:30:00Z,1602372600,145,Ole Miss Rebels,Ole Miss,333,Alabama Crimson Tide,Alabama,48,63,-15,FBS,FBS,Southeastern Conference,Southeastern Conference,False,False,Vaught-Hemingway Stadium,Oxford,MS,REGULAR_SEASON,True,False,ESPN_PUBLIC_SCOREBOARD_API,TIER_2_MEDIA_AGGREGATOR,https://site.web.api.espn.com/apis/site/v2/sports/football/college-football/scoreboard?dates=20201010&groups=80&limit=400,8fbcf8fe58576eed5d53346a56a801352ca615a0e3e307d47b8ed338f3a4f16a,CORROBORATED_BY_TIER_1
ESPN-2020-401237104,2020,REGULAR_SEASON,6,2020-10-10T23:30:00Z,1602372600,96,Kentucky Wildcats,Kentucky,344,Mississippi State Bulldogs,Mississippi State,24,2,22,FBS,FBS,Southeastern Conference,Southeastern Conference,False,False,Kroger Field,Lexington,KY,REGULAR_SEASON,True,False,ESPN_PUBLIC_SCOREBOARD_API,TIER_2_MEDIA_AGGREGATOR,https://site.web.api.espn.com/apis/site/v2/sports/football/college-football/scoreboard?dates=20201010&groups=80&limit=400,8fbcf8fe58576eed5d53346a56a801352ca615a0e3e307d47b8ed338f3a4f16a,CORROBORATED_BY_TIER_1
ESPN-2020-401207142,2020,REGULAR_SEASON,6,2020-10-11T00:00:00Z,1602374400,249,North Texas Mean Green,North Texas,2429,Charlotte 49ers,Charlotte,21,49,-28,FBS,FBS,Conference USA,Conference USA,False,False,DATCU Stadium,Denton,TX,REGULAR_SEASON,True,False,ESPN_PUBLIC_SCOREBOARD_API,TIER_2_MEDIA_AGGREGATOR,https://site.web.api.espn.com/apis/site/v2/sports/football/college-football/scoreboard?dates=20201010&groups=80&limit=400,8fbcf8fe58576eed5d53346a56a801352ca615a0e3e307d47b8ed338f3a4f16a,CORROBORATED_BY_TIER_1
ESPN-2020-401215311,2020,REGULAR_SEASON,7,2020-10-14T23:30:00Z,1602718200,309,Louisiana Ragin' Cajuns,Louisiana,324,Coastal Carolina Chanticleers,Coastal Carolina,27,30,-3,FBS,FBS,Sun Belt Conference,Sun Belt Conference,False,False,Our Lady of Lourdes Stadium,Lafayette,LA,REGULAR_SEASON,True,False,ESPN_PUBLIC_SCOREBOARD_API,TIER_2_MEDIA_AGGREGATOR,https://site.web.api.espn.com/apis/site/v2/sports/football/college-football/scoreboard?dates=20201014&groups=80&limit=400,d7f4f822d0efd0f32ffbf2d8df413bc566d5a956354e67fad1f1a8b633787873,CORROBORATED_BY_TIER_1
ESPN-2020-401215310,2020,REGULAR_SEASON,7,2020-10-15T23:30:00Z,1602804600,2032,Arkansas State Red Wolves,Arkansas State,2247,Georgia State Panthers,Georgia State,59,52,7,FBS,FBS,Sun Belt Conference,Sun Belt Conference,False,False,Centennial Bank Stadium,Jonesboro,AR,REGULAR_SEASON,True,False,ESPN_PUBLIC_SCOREBOARD_API,TIER_2_MEDIA_AGGREGATOR,https://site.web.api.espn.com/apis/site/v2/sports/football/college-football/scoreboard?dates=20201015&groups=80&limit=400,6737d5bcc8e07dcf3c0ef49bbee7788d1f53aacb9b61eeba3476cc3b144b647a,CORROBORATED_BY_TIER_1
ESPN-2020-401212487,2020,REGULAR_SEASON,7,2020-10-16T22:00:00Z,1602885600,2655,Tulane Green Wave,Tulane,2567,SMU Mustangs,SMU,34,37,-3,FBS,FBS,American Conference,American Conference,False,False,Yulman Stadium,New Orleans,LA,REGULAR_SEASON,True,True,ESPN_PUBLIC_SCOREBOARD_API,TIER_2_MEDIA_AGGREGATOR,https://site.web.api.espn.com/apis/site/v2/sports/football/college-football/scoreboard?dates=20201016&groups=80&limit=400,12c2b73e0511aee412dcaa43d34b471aa0743b634abe3c1ed5c1bd0b750abf3f,CORROBORATED_BY_TIER_1
ESPN-2020-401212551,2020,REGULAR_SEASON,7,2020-10-17T01:30:00Z,1602898200,248,Houston Cougars,Houston,252,BYU Cougars,BYU,26,43,-17,FBS,FBS,American Conference,FBS Independents,False,False,TDECU Stadium,Houston,TX,REGULAR_SEASON,False,False,ESPN_PUBLIC_SCOREBOARD_API,TIER_2_MEDIA_AGGREGATOR,https://site.web.api.espn.com/apis/site/v2/sports/football/college-football/scoreboard?dates=20201016&groups=80&limit=400,12c2b73e0511aee412dcaa43d34b471aa0743b634abe3c1ed5c1bd0b750abf3f,CORROBORATED_BY_TIER_1
ESPN-2020-401212478,2020,REGULAR_SEASON,7,2020-10-17T16:00:00Z,1602950400,218,Temple Owls,Temple,58,South Florida Bulls,South Florida,39,37,2,FBS,FBS,American Conference,American Conference,False,False,Lincoln Financial Field,Philadelphia,PA,REGULAR_SEASON,True,False,ESPN_PUBLIC_SCOREBOARD_API,TIER_2_MEDIA_AGGREGATOR,https://site.web.api.espn.com/apis/site/v2/sports/football/college-football/scoreboard?dates=20201017&groups=80&limit=400,2d4b06781d3ac05423560133210cf77ff739c53614fee87a149f2093e4d1dbd8,CORROBORATED_BY_TIER_1
ESPN-2020-401212548,2020,REGULAR_SEASON,7,2020-10-17T16:00:00Z,1602950400,151,East Carolina Pirates,East Carolina,2426,Navy Midshipmen,Navy,23,27,-4,FBS,FBS,American Conference,American Conference,False,False,Dowdy-Ficklen Stadium,Greenville,NC,REGULAR_SEASON,True,False,ESPN_PUBLIC_SCOREBOARD_API,TIER_2_MEDIA_AGGREGATOR,https://site.web.api.espn.com/apis/site/v2/sports/football/college-football/scoreboard?dates=20201017&groups=80&limit=400,2d4b06781d3ac05423560133210cf77ff739c53614fee87a149f2093e4d1dbd8,CORROBORATED_BY_TIER_1
ESPN-2020-401215313,2020,REGULAR_SEASON,7,2020-10-17T16:00:00Z,1602950400,6,South Alabama Jaguars,South Alabama,326,Texas State Bobcats,Texas State,30,20,10,FBS,FBS,Sun Belt Conference,Sun Belt Conference,False,False,Hancock Whitney Stadium,Mobile,AL,REGULAR_SEASON,True,False,ESPN_PUBLIC_SCOREBOARD_API,TIER_2_MEDIA_AGGREGATOR,https://site.web.api.espn.com/apis/site/v2/sports/football/college-football/scoreboard?dates=20201017&groups=80&limit=400,2d4b06781d3ac05423560133210cf77ff739c53614fee87a149f2093e4d1dbd8,CORROBORATED_BY_TIER_1
ESPN-2020-401234610,2020,REGULAR_SEASON,7,2020-10-17T16:00:00Z,1602950400,59,Georgia Tech Yellow Jackets,Georgia Tech,228,Clemson Tigers,Clemson,7,73,-66,FBS,FBS,Atlantic Coast Conference,Atlantic Coast Conference,False,False,Bobby Dodd Stadium,Atlanta,GA,REGULAR_SEASON,True,False,ESPN_PUBLIC_SCOREBOARD_API,TIER_2_MEDIA_AGGREGATOR,https://site.web.api.espn.com/apis/site/v2/sports/football/college-football/scoreboard?dates=20201017&groups=80&limit=400,2d4b06781d3ac05423560133210cf77ff739c53614fee87a149f2093e4d1dbd8,CORROBORATED_BY_TIER_1
ESPN-2020-401234614,2020,REGULAR_SEASON,7,2020-10-17T16:00:00Z,1602950400,2390,Miami Hurricanes,Miami,221,Pittsburgh Panthers,Pittsburgh,31,19,12,FBS,FBS,Atlantic Coast Conference,Atlantic Coast Conference,False,False,Hard Rock Stadium,Miami Gardens,FL,REGULAR_SEASON,True,False,ESPN_PUBLIC_SCOREBOARD_API,TIER_2_MEDIA_AGGREGATOR,https://site.web.api.espn.com/apis/site/v2/sports/football/college-football/scoreboard?dates=20201017&groups=80&limit=400,2d4b06781d3ac05423560133210cf77ff739c53614fee87a149f2093e4d1dbd8,CORROBORATED_BY_TIER_1
ESPN-2020-401234615,2020,REGULAR_SEASON,7,2020-10-17T16:00:00Z,1602950400,183,Syracuse Orange,Syracuse,2335,Liberty Flames,Liberty,21,38,-17,FBS,FBS,Atlantic Coast Conference,FBS Independents,False,False,JMA Wireless Dome,Syracuse,NY,REGULAR_SEASON,False,False,ESPN_PUBLIC_SCOREBOARD_API,TIER_2_MEDIA_AGGREGATOR,https://site.web.api.espn.com/apis/site/v2/sports/football/college-football/scoreboard?dates=20201017&groups=80&limit=400,2d4b06781d3ac05423560133210cf77ff739c53614fee87a149f2093e4d1dbd8,CORROBORATED_BY_TIER_1
ESPN-2020-401236007,2020,REGULAR_SEASON,7,2020-10-17T16:00:00Z,1602950400,277,West Virginia Mountaineers,West Virginia,2305,Kansas Jayhawks,Kansas,38,17,21,FBS,FBS,Big 12 Conference,Big 12 Conference,False,False,Milan Puskar Stadium,Morgantown,WV,REGULAR_SEASON,True,False,ESPN_PUBLIC_SCOREBOARD_API,TIER_2_MEDIA_AGGREGATOR,https://site.web.api.espn.com/apis/site/v2/sports/football/college-football/scoreboard?dates=20201017&groups=80&limit=400,2d4b06781d3ac05423560133210cf77ff739c53614fee87a149f2093e4d1dbd8,CORROBORATED_BY_TIER_1
ESPN-2020-401237109,2020,REGULAR_SEASON,7,2020-10-17T16:00:00Z,1602950400,2579,South Carolina Gamecocks,South Carolina,2,Auburn Tigers,Auburn,30,22,8,FBS,FBS,Southeastern Conference,Southeastern Conference,False,False,Williams-Brice Stadium,Columbia,SC,REGULAR_SEASON,True,False,ESPN_PUBLIC_SCOREBOARD_API,TIER_2_MEDIA_AGGREGATOR,https://site.web.api.espn.com/apis/site/v2/sports/football/college-football/scoreboard?dates=20201017&groups=80&limit=400,2d4b06781d3ac05423560133210cf77ff739c53614fee87a149f2093e4d1dbd8,CORROBORATED_BY_TIER_1
ESPN-2020-401237111,2020,REGULAR_SEASON,7,2020-10-17T16:00:00Z,1602950400,2633,Tennessee Volunteers,Tennessee,96,Kentucky Wildcats,Kentucky,7,34,-27,FBS,FBS,Southeastern Conference,Southeastern Conference,False,False,Neyland Stadium,Knoxville,TN,REGULAR_SEASON,True,False,ESPN_PUBLIC_SCOREBOARD_API,TIER_2_MEDIA_AGGREGATOR,https://site.web.api.espn.com/apis/site/v2/sports/football/college-football/scoreboard?dates=20201017&groups=80&limit=400,2d4b06781d3ac05423560133210cf77ff739c53614fee87a149f2093e4d1dbd8,CORROBORATED_BY_TIER_1
ESPN-2020-401207153,2020,REGULAR_SEASON,7,2020-10-17T17:30:00Z,1602955800,5,UAB Blazers,UAB,98,Western Kentucky Hilltoppers,Western Kentucky,37,14,23,FBS,FBS,Conference USA,Conference USA,False,False,Legion Field (AL),Birmingham,AL,REGULAR_SEASON,True,False,ESPN_PUBLIC_SCOREBOARD_API,TIER_2_MEDIA_AGGREGATOR,https://site.web.api.espn.com/apis/site/v2/sports/football/college-football/scoreboard?dates=20201017&groups=80&limit=400,2d4b06781d3ac05423560133210cf77ff739c53614fee87a149f2093e4d1dbd8,CORROBORATED_BY_TIER_1
ESPN-2020-401240115,2020,REGULAR_SEASON,7,2020-10-17T17:30:00Z,1602955800,2636,UTSA Roadrunners,UTSA,349,Army Black Knights,Army,16,28,-12,FBS,FBS,Conference USA,FBS Independents,False,False,Alamodome,San Antonio,TX,REGULAR_SEASON,False,False,ESPN_PUBLIC_SCOREBOARD_API,TIER_2_MEDIA_AGGREGATOR,https://site.web.api.espn.com/apis/site/v2/sports/football/college-football/scoreboard?dates=20201017&groups=80&limit=400,2d4b06781d3ac05423560133210cf77ff739c53614fee87a149f2093e4d1dbd8,CORROBORATED_BY_TIER_1
ESPN-2020-401234613,2020,REGULAR_SEASON,7,2020-10-17T18:30:00Z,1602959400,87,Notre Dame Fighting Irish,Notre Dame,97,Louisville Cardinals,Louisville,12,7,5,FBS,FBS,Atlantic Coast Conference,Atlantic Coast Conference,False,False,Notre Dame Stadium,Notre Dame,IN,REGULAR_SEASON,True,False,ESPN_PUBLIC_SCOREBOARD_API,TIER_2_MEDIA_AGGREGATOR,https://site.web.api.espn.com/apis/site/v2/sports/football/college-football/scoreboard?dates=20201017&groups=80&limit=400,2d4b06781d3ac05423560133210cf77ff739c53614fee87a149f2093e4d1dbd8,CORROBORATED_BY_TIER_1
ESPN-2020-401212537,2020,REGULAR_SEASON,7,2020-10-17T19:30:00Z,1602963000,235,Memphis Tigers,Memphis,2116,UCF Knights,UCF,50,49,1,FBS,FBS,American Conference,American Conference,False,False,Simmons Bank Liberty Stadium,Memphis,TN,REGULAR_SEASON,True,False,ESPN_PUBLIC_SCOREBOARD_API,TIER_2_MEDIA_AGGREGATOR,https://site.web.api.espn.com/apis/site/v2/sports/football/college-football/scoreboard?dates=20201017&groups=80&limit=400,2d4b06781d3ac05423560133210cf77ff739c53614fee87a149f2093e4d1dbd8,CORROBORATED_BY_TIER_1
ESPN-2020-401234611,2020,REGULAR_SEASON,7,2020-10-17T19:30:00Z,1602963000,152,NC State Wolfpack,NC State,150,Duke Blue Devils,Duke,31,20,11,FBS,FBS,Atlantic Coast Conference,Atlantic Coast Conference,False,False,Carter-Finley Stadium,Raleigh,NC,REGULAR_SEASON,True,False,ESPN_PUBLIC_SCOREBOARD_API,TIER_2_MEDIA_AGGREGATOR,https://site.web.api.espn.com/apis/site/v2/sports/football/college-football/scoreboard?dates=20201017&groups=80&limit=400,2d4b06781d3ac05423560133210cf77ff739c53614fee87a149f2093e4d1dbd8,CORROBORATED_BY_TIER_1
ESPN-2020-401237108,2020,REGULAR_SEASON,7,2020-10-17T19:30:00Z,1602963000,8,Arkansas Razorbacks,Arkansas,145,Ole Miss Rebels,Ole Miss,33,21,12,FBS,FBS,Southeastern Conference,Southeastern Conference,False,False,Donald W. Reynolds Razorback Stadium,Fayetteville,AR,REGULAR_SEASON,True,False,ESPN_PUBLIC_SCOREBOARD_API,TIER_2_MEDIA_AGGREGATOR,https://site.web.api.espn.com/apis/site/v2/sports/football/college-football/scoreboard?dates=20201017&groups=80&limit=400,2d4b06781d3ac05423560133210cf77ff739c53614fee87a149f2093e4d1dbd8,CORROBORATED_BY_TIER_1
ESPN-2020-401239872,2020,REGULAR_SEASON,7,2020-10-17T19:30:00Z,1602963000,2653,Troy Trojans,Troy,2198,Eastern Kentucky Colonels,Eastern Kentucky,31,29,2,FBS,FCS,Sun Belt Conference,Ohio Valley Conference,True,False,Veterans Memorial Stadium (AL),Troy,AL,REGULAR_SEASON,False,False,ESPN_PUBLIC_SCOREBOARD_API,TIER_2_MEDIA_AGGREGATOR,https://site.web.api.espn.com/apis/site/v2/sports/football/college-football/scoreboard?dates=20201017&groups=80&limit=400,2d4b06781d3ac05423560133210cf77ff739c53614fee87a149f2093e4d1dbd8,CORROBORATED_BY_TIER_1
ESPN-2020-401234616,2020,REGULAR_SEASON,7,2020-10-17T20:00:00Z,1602964800,154,Wake Forest Demon Deacons,Wake Forest,258,Virginia Cavaliers,Virginia,40,23,17,FBS,FBS,Atlantic Coast Conference,Atlantic Coast Conference,False,False,Allegacy Federal Credit Union Stadium,Winston-Salem,NC,REGULAR_SEASON,True,False,ESPN_PUBLIC_SCOREBOARD_API,TIER_2_MEDIA_AGGREGATOR,https://site.web.api.espn.com/apis/site/v2/sports/football/college-football/scoreboard?dates=20201017&groups=80&limit=400,2d4b06781d3ac05423560133210cf77ff739c53614fee87a149f2093e4d1dbd8,CORROBORATED_BY_TIER_1
ESPN-2020-401237112,2020,REGULAR_SEASON,7,2020-10-17T20:00:00Z,1602964800,344,Mississippi State Bulldogs,Mississippi State,245,Texas A&M Aggies,Texas A&M,14,28,-14,FBS,FBS,Southeastern Conference,Southeastern Conference,False,False,Davis Wade Stadium,Starkville,MS,REGULAR_SEASON,True,False,ESPN_PUBLIC_SCOREBOARD_API,TIER_2_MEDIA_AGGREGATOR,https://site.web.api.espn.com/apis/site/v2/sports/football/college-football/scoreboard?dates=20201017&groups=80&limit=400,2d4b06781d3ac05423560133210cf77ff739c53614fee87a149f2093e4d1dbd8,CORROBORATED_BY_TIER_1
ESPN-2020-401250215,2020,REGULAR_SEASON,7,2020-10-17T20:00:00Z,1602964800,290,Georgia Southern Eagles,Georgia Southern,113,Massachusetts Minutemen,Massachusetts,41,0,41,FBS,FBS,Sun Belt Conference,FBS Independents,False,False,Allen E. Paulson Stadium,Statesboro,GA,REGULAR_SEASON,False,False,ESPN_PUBLIC_SCOREBOARD_API,TIER_2_MEDIA_AGGREGATOR,https://site.web.api.espn.com/apis/site/v2/sports/football/college-football/scoreboard?dates=20201017&groups=80&limit=400,2d4b06781d3ac05423560133210cf77ff739c53614fee87a149f2093e4d1dbd8,CORROBORATED_BY_TIER_1
ESPN-2020-401207150,2020,REGULAR_SEASON,7,2020-10-17T21:00:00Z,1602968400,2393,Middle Tennessee Blue Raiders,Middle Tennessee,249,North Texas Mean Green,North Texas,35,52,-17,FBS,FBS,Conference USA,Conference USA,False,False,"Johnny ""Red"" Floyd Stadium",Murfreesboro,TN,REGULAR_SEASON,True,False,ESPN_PUBLIC_SCOREBOARD_API,TIER_2_MEDIA_AGGREGATOR,https://site.web.api.espn.com/apis/site/v2/sports/football/college-football/scoreboard?dates=20201017&groups=80&limit=400,2d4b06781d3ac05423560133210cf77ff739c53614fee87a149f2093e4d1dbd8,CORROBORATED_BY_TIER_1
ESPN-2020-401207149,2020,REGULAR_SEASON,7,2020-10-17T22:00:00Z,1602972000,2348,Louisiana Tech Bulldogs,Louisiana Tech,276,Marshall Thundering Herd,Marshall,17,35,-18,FBS,FBS,Conference USA,Conference USA,False,False,Joe Aillet Stadium,Ruston,LA,REGULAR_SEASON,True,False,ESPN_PUBLIC_SCOREBOARD_API,TIER_2_MEDIA_AGGREGATOR,https://site.web.api.espn.com/apis/site/v2/sports/football/college-football/scoreboard?dates=20201017&groups=80&limit=400,2d4b06781d3ac05423560133210cf77ff739c53614fee87a149f2093e4d1dbd8,CORROBORATED_BY_TIER_1
ESPN-2020-401234612,2020,REGULAR_SEASON,7,2020-10-17T23:30:00Z,1602977400,52,Florida State Seminoles,Florida State,153,North Carolina Tar Heels,North Carolina,31,28,3,FBS,FBS,Atlantic Coast Conference,Atlantic Coast Conference,False,False,Doak Campbell Stadium,Tallahassee,FL,REGULAR_SEASON,True,False,ESPN_PUBLIC_SCOREBOARD_API,TIER_2_MEDIA_AGGREGATOR,https://site.web.api.espn.com/apis/site/v2/sports/football/college-football/scoreboard?dates=20201017&groups=80&limit=400,2d4b06781d3ac05423560133210cf77ff739c53614fee87a149f2093e4d1dbd8,CORROBORATED_BY_TIER_1
ESPN-2020-401234609,2020,REGULAR_SEASON,7,2020-10-18T00:00:00Z,1602979200,259,Virginia Tech Hokies,Virginia Tech,103,Boston College Eagles,Boston College,40,14,26,FBS,FBS,Atlantic Coast Conference,Atlantic Coast Conference,False,False,Lane Stadium,Blacksburg,VA,REGULAR_SEASON,True,False,ESPN_PUBLIC_SCOREBOARD_API,TIER_2_MEDIA_AGGREGATOR,https://site.web.api.espn.com/apis/site/v2/sports/football/college-football/scoreboard?dates=20201017&groups=80&limit=400,2d4b06781d3ac05423560133210cf77ff739c53614fee87a149f2093e4d1dbd8,CORROBORATED_BY_TIER_1
ESPN-2020-401237107,2020,REGULAR_SEASON,7,2020-10-18T00:00:00Z,1602979200,333,Alabama Crimson Tide,Alabama,61,Georgia Bulldogs,Georgia,41,24,17,FBS,FBS,Southeastern Conference,Southeastern Conference,False,False,Bryant-Denny Stadium,Tuscaloosa,AL,REGULAR_SEASON,True,False,ESPN_PUBLIC_SCOREBOARD_API,TIER_2_MEDIA_AGGREGATOR,https://site.web.api.espn.com/apis/site/v2/sports/football/college-football/scoreboard?dates=20201017&groups=80&limit=400,2d4b06781d3ac05423560133210cf77ff739c53614fee87a149f2093e4d1dbd8,CORROBORATED_BY_TIER_1
ESPN-2020-401240642,2020,REGULAR_SEASON,8,2020-10-22T23:30:00Z,1603409400,2026,Appalachian State Mountaineers,Appalachian State,2032,Arkansas State Red Wolves,Arkansas State,45,17,28,FBS,FBS,Sun Belt Conference,Sun Belt Conference,False,False,Kidd Brewer Stadium,Boone,NC,REGULAR_SEASON,True,False,ESPN_PUBLIC_SCOREBOARD_API,TIER_2_MEDIA_AGGREGATOR,https://site.web.api.espn.com/apis/site/v2/sports/football/college-football/scoreboard?dates=20201022&groups=80&limit=400,19e82924914410eb84538d48996cb2e2171f9e5b219ad2a554515bb45ff0b598,CORROBORATED_BY_TIER_1
ESPN-2020-401250783,2020,REGULAR_SEASON,8,2020-10-23T23:00:00Z,1603494000,2229,Florida International Panthers,Florida International,55,Jacksonville State Gamecocks,Jacksonville State,10,19,-9,FBS,FCS,Conference USA,Ohio Valley Conference,True,False,Riccardo Silva Stadium,Miami,FL,REGULAR_SEASON,False,False,ESPN_PUBLIC_SCOREBOARD_API,TIER_2_MEDIA_AGGREGATOR,https://site.web.api.espn.com/apis/site/v2/sports/football/college-football/scoreboard?dates=20201023&groups=80&limit=400,867927053d63e1aabf10f48bc214fee8b061ad63a7649bd935c09e616e0d0553,CORROBORATED_BY_TIER_1
ESPN-2020-401212479,2020,REGULAR_SEASON,8,2020-10-23T23:30:00Z,1603495800,58,South Florida Bulls,South Florida,202,Tulsa Golden Hurricane,Tulsa,13,42,-29,FBS,FBS,American Conference,American Conference,False,False,Raymond James Stadium,Tampa,FL,REGULAR_SEASON,True,False,ESPN_PUBLIC_SCOREBOARD_API,TIER_2_MEDIA_AGGREGATOR,https://site.web.api.espn.com/apis/site/v2/sports/football/college-football/scoreboard?dates=20201023&groups=80&limit=400,867927053d63e1aabf10f48bc214fee8b061ad63a7649bd935c09e616e0d0553,CORROBORATED_BY_TIER_1
ESPN-2020-401238036,2020,REGULAR_SEASON,8,2020-10-24T00:00:00Z,1603497600,5,UAB Blazers,UAB,309,Louisiana Ragin' Cajuns,Louisiana,20,24,-4,FBS,FBS,Conference USA,Sun Belt Conference,False,False,Legion Field (AL),Birmingham,AL,REGULAR_SEASON,False,False,ESPN_PUBLIC_SCOREBOARD_API,TIER_2_MEDIA_AGGREGATOR,https://site.web.api.espn.com/apis/site/v2/sports/football/college-football/scoreboard?dates=20201023&groups=80&limit=400,867927053d63e1aabf10f48bc214fee8b061ad63a7649bd935c09e616e0d0553,CORROBORATED_BY_TIER_1
ESPN-2020-401247297,2020,REGULAR_SEASON,8,2020-10-24T00:00:00Z,1603497600,275,Wisconsin Badgers,Wisconsin,356,Illinois Fighting Illini,Illinois,45,7,38,FBS,FBS,Big Ten Conference,Big Ten Conference,False,False,Camp Randall Stadium,Madison,WI,REGULAR_SEASON,True,False,ESPN_PUBLIC_SCOREBOARD_API,TIER_2_MEDIA_AGGREGATOR,https://site.web.api.espn.com/apis/site/v2/sports/football/college-football/scoreboard?dates=20201023&groups=80&limit=400,867927053d63e1aabf10f48bc214fee8b061ad63a7649bd935c09e616e0d0553,CORROBORATED_BY_TIER_1
ESPN-2020-401207154,2020,REGULAR_SEASON,8,2020-10-24T16:00:00Z,1603555200,2429,Charlotte 49ers,Charlotte,2638,UTEP Miners,UTEP,38,28,10,FBS,FBS,Conference USA,Conference USA,False,False,Jerry Richardson Stadium,Charlotte,NC,REGULAR_SEASON,True,False,ESPN_PUBLIC_SCOREBOARD_API,TIER_2_MEDIA_AGGREGATOR,https://site.web.api.espn.com/apis/site/v2/sports/football/college-football/scoreboard?dates=20201024&groups=80&limit=400,b3bae92d58ed7c6c7e6566acea2362243a60ce53d94656affd84305c593f730e,CORROBORATED_BY_TIER_1
ESPN-2020-401212516,2020,REGULAR_SEASON,8,2020-10-24T16:00:00Z,1603555200,235,Memphis Tigers,Memphis,218,Temple Owls,Temple,41,29,12,FBS,FBS,American Conference,American Conference,False,False,Simmons Bank Liberty Stadium,Memphis,TN,REGULAR_SEASON,True,False,ESPN_PUBLIC_SCOREBOARD_API,TIER_2_MEDIA_AGGREGATOR,https://site.web.api.espn.com/apis/site/v2/sports/football/college-football/scoreboard?dates=20201024&groups=80&limit=400,b3bae92d58ed7c6c7e6566acea2362243a60ce53d94656affd84305c593f730e,CORROBORATED_BY_TIER_1
ESPN-2020-401215316,2020,REGULAR_SEASON,8,2020-10-24T16:00:00Z,1603555200,324,Coastal Carolina Chanticleers,Coastal Carolina,290,Georgia Southern Eagles,Georgia Southern,28,14,14,FBS,FBS,Sun Belt Conference,Sun Belt Conference,False,False,Brooks Stadium (SC),Conway,SC,REGULAR_SEASON,True,False,ESPN_PUBLIC_SCOREBOARD_API,TIER_2_MEDIA_AGGREGATOR,https://site.web.api.espn.com/apis/site/v2/sports/football/college-football/scoreboard?dates=20201024&groups=80&limit=400,b3bae92d58ed7c6c7e6566acea2362243a60ce53d94656affd84305c593f730e,CORROBORATED_BY_TIER_1
ESPN-2020-401234618,2020,REGULAR_SEASON,8,2020-10-24T16:00:00Z,1603555200,228,Clemson Tigers,Clemson,183,Syracuse Orange,Syracuse,47,21,26,FBS,FBS,Atlantic Coast Conference,Atlantic Coast Conference,False,False,"Memorial Stadium (Clemson, SC)",Clemson,SC,REGULAR_SEASON,True,False,ESPN_PUBLIC_SCOREBOARD_API,TIER_2_MEDIA_AGGREGATOR,https://site.web.api.espn.com/apis/site/v2/sports/football/college-football/scoreboard?dates=20201024&groups=80&limit=400,b3bae92d58ed7c6c7e6566acea2362243a60ce53d94656affd84305c593f730e,CORROBORATED_BY_TIER_1
ESPN-2020-401234619,2020,REGULAR_SEASON,8,2020-10-24T16:00:00Z,1603555200,97,Louisville Cardinals,Louisville,52,Florida State Seminoles,Florida State,48,16,32,FBS,FBS,Atlantic Coast Conference,Atlantic Coast Conference,False,False,L&N Federal Credit Union Stadium,Louisville,KY,REGULAR_SEASON,True,False,ESPN_PUBLIC_SCOREBOARD_API,TIER_2_MEDIA_AGGREGATOR,https://site.web.api.espn.com/apis/site/v2/sports/football/college-football/scoreboard?dates=20201024&groups=80&limit=400,b3bae92d58ed7c6c7e6566acea2362243a60ce53d94656affd84305c593f730e,CORROBORATED_BY_TIER_1
ESPN-2020-401234621,2020,REGULAR_SEASON,8,2020-10-24T16:00:00Z,1603555200,153,North Carolina Tar Heels,North Carolina,152,NC State Wolfpack,NC State,48,21,27,FBS,FBS,Atlantic Coast Conference,Atlantic Coast Conference,False,False,Kenan Stadium,Chapel Hill,NC,REGULAR_SEASON,True,False,ESPN_PUBLIC_SCOREBOARD_API,TIER_2_MEDIA_AGGREGATOR,https://site.web.api.espn.com/apis/site/v2/sports/football/college-football/scoreboard?dates=20201024&groups=80&limit=400,b3bae92d58ed7c6c7e6566acea2362243a60ce53d94656affd84305c593f730e,CORROBORATED_BY_TIER_1
ESPN-2020-401236010,2020,REGULAR_SEASON,8,2020-10-24T16:00:00Z,1603555200,2306,Kansas State Wildcats,Kansas State,2305,Kansas Jayhawks,Kansas,55,14,41,FBS,FBS,Big 12 Conference,Big 12 Conference,False,False,Bill Snyder Family Stadium,Manhattan,KS,REGULAR_SEASON,True,False,ESPN_PUBLIC_SCOREBOARD_API,TIER_2_MEDIA_AGGREGATOR,https://site.web.api.espn.com/apis/site/v2/sports/football/college-football/scoreboard?dates=20201024&groups=80&limit=400,b3bae92d58ed7c6c7e6566acea2362243a60ce53d94656affd84305c593f730e,CORROBORATED_BY_TIER_1
ESPN-2020-401236011,2020,REGULAR_SEASON,8,2020-10-24T16:00:00Z,1603555200,2628,TCU Horned Frogs,TCU,201,Oklahoma Sooners,Oklahoma,14,33,-19,FBS,FBS,Big 12 Conference,Big 12 Conference,False,False,Amon G. Carter Stadium,Fort Worth,TX,REGULAR_SEASON,True,False,ESPN_PUBLIC_SCOREBOARD_API,TIER_2_MEDIA_AGGREGATOR,https://site.web.api.espn.com/apis/site/v2/sports/football/college-football/scoreboard?dates=20201024&groups=80&limit=400,b3bae92d58ed7c6c7e6566acea2362243a60ce53d94656affd84305c593f730e,CORROBORATED_BY_TIER_1
ESPN-2020-401237115,2020,REGULAR_SEASON,8,2020-10-24T16:00:00Z,1603555200,145,Ole Miss Rebels,Ole Miss,2,Auburn Tigers,Auburn,28,35,-7,FBS,FBS,Southeastern Conference,Southeastern Conference,False,False,Vaught-Hemingway Stadium,Oxford,MS,REGULAR_SEASON,True,False,ESPN_PUBLIC_SCOREBOARD_API,TIER_2_MEDIA_AGGREGATOR,https://site.web.api.espn.com/apis/site/v2/sports/football/college-football/scoreboard?dates=20201024&groups=80&limit=400,b3bae92d58ed7c6c7e6566acea2362243a60ce53d94656affd84305c593f730e,CORROBORATED_BY_TIER_1
ESPN-2020-401240116,2020,REGULAR_SEASON,8,2020-10-24T16:00:00Z,1603555200,349,Army Black Knights,Army,2382,Mercer Bears,Mercer,49,3,46,FBS,FCS,FBS Independents,Southern Conference,True,False,Michie Stadium,West Point,NY,REGULAR_SEASON,False,False,ESPN_PUBLIC_SCOREBOARD_API,TIER_2_MEDIA_AGGREGATOR,https://site.web.api.espn.com/apis/site/v2/sports/football/college-football/scoreboard?dates=20201024&groups=80&limit=400,b3bae92d58ed7c6c7e6566acea2362243a60ce53d94656affd84305c593f730e,CORROBORATED_BY_TIER_1
ESPN-2020-401247293,2020,REGULAR_SEASON,8,2020-10-24T16:00:00Z,1603555200,194,Ohio State Buckeyes,Ohio State,158,Nebraska Cornhuskers,Nebraska,52,17,35,FBS,FBS,Big Ten Conference,Big Ten Conference,False,False,Ohio Stadium,Columbus,OH,REGULAR_SEASON,True,False,ESPN_PUBLIC_SCOREBOARD_API,TIER_2_MEDIA_AGGREGATOR,https://site.web.api.espn.com/apis/site/v2/sports/football/college-football/scoreboard?dates=20201024&groups=80&limit=400,b3bae92d58ed7c6c7e6566acea2362243a60ce53d94656affd84305c593f730e,CORROBORATED_BY_TIER_1
ESPN-2020-401247299,2020,REGULAR_SEASON,8,2020-10-24T16:00:00Z,1603555200,127,Michigan State Spartans,Michigan State,164,Rutgers Scarlet Knights,Rutgers,27,38,-11,FBS,FBS,Big Ten Conference,Big Ten Conference,False,False,Spartan Stadium,East Lansing,MI,REGULAR_SEASON,True,False,ESPN_PUBLIC_SCOREBOARD_API,TIER_2_MEDIA_AGGREGATOR,https://site.web.api.espn.com/apis/site/v2/sports/football/college-football/scoreboard?dates=20201024&groups=80&limit=400,b3bae92d58ed7c6c7e6566acea2362243a60ce53d94656affd84305c593f730e,CORROBORATED_BY_TIER_1
ESPN-2020-401207160,2020,REGULAR_SEASON,8,2020-10-24T17:00:00Z,1603558800,2335,Liberty Flames,Liberty,2572,Southern Mississippi Golden Eagles,Southern Mississippi,56,35,21,FBS,FBS,FBS Independents,Conference USA,False,False,Williams Stadium (VA),Lynchburg,VA,REGULAR_SEASON,False,False,ESPN_PUBLIC_SCOREBOARD_API,TIER_2_MEDIA_AGGREGATOR,https://site.web.api.espn.com/apis/site/v2/sports/football/college-football/scoreboard?dates=20201024&groups=80&limit=400,b3bae92d58ed7c6c7e6566acea2362243a60ce53d94656affd84305c593f730e,CORROBORATED_BY_TIER_1
ESPN-2020-401212524,2020,REGULAR_SEASON,8,2020-10-24T18:00:00Z,1603562400,2116,UCF Knights,UCF,2655,Tulane Green Wave,Tulane,51,34,17,FBS,FBS,American Conference,American Conference,False,False,Acrisure Bounce House,Orlando,FL,REGULAR_SEASON,True,False,ESPN_PUBLIC_SCOREBOARD_API,TIER_2_MEDIA_AGGREGATOR,https://site.web.api.espn.com/apis/site/v2/sports/football/college-football/scoreboard?dates=20201024&groups=80&limit=400,b3bae92d58ed7c6c7e6566acea2362243a60ce53d94656affd84305c593f730e,CORROBORATED_BY_TIER_1
ESPN-2020-401207156,2020,REGULAR_SEASON,8,2020-10-24T18:30:00Z,1603564200,276,Marshall Thundering Herd,Marshall,2226,Florida Atlantic Owls,Florida Atlantic,20,9,11,FBS,FBS,Conference USA,Conference USA,False,False,Joan C. Edwards Stadium,Huntington,WV,REGULAR_SEASON,True,False,ESPN_PUBLIC_SCOREBOARD_API,TIER_2_MEDIA_AGGREGATOR,https://site.web.api.espn.com/apis/site/v2/sports/football/college-football/scoreboard?dates=20201024&groups=80&limit=400,b3bae92d58ed7c6c7e6566acea2362243a60ce53d94656affd84305c593f730e,CORROBORATED_BY_TIER_1
ESPN-2020-401207158,2020,REGULAR_SEASON,8,2020-10-24T19:30:00Z,1603567800,242,Rice Owls,Rice,2393,Middle Tennessee Blue Raiders,Middle Tennessee,34,40,-6,FBS,FBS,Conference USA,Conference USA,False,False,Rice Stadium,Houston,TX,REGULAR_SEASON,True,True,ESPN_PUBLIC_SCOREBOARD_API,TIER_2_MEDIA_AGGREGATOR,https://site.web.api.espn.com/apis/site/v2/sports/football/college-football/scoreboard?dates=20201024&groups=80&limit=400,b3bae92d58ed7c6c7e6566acea2362243a60ce53d94656affd84305c593f730e,CORROBORATED_BY_TIER_1
ESPN-2020-401212552,2020,REGULAR_SEASON,8,2020-10-24T19:30:00Z,1603567800,2426,Navy Midshipmen,Navy,248,Houston Cougars,Houston,21,37,-16,FBS,FBS,American Conference,American Conference,False,False,Navy-Marine Corps Memorial Stadium,Annapolis,MD,REGULAR_SEASON,True,False,ESPN_PUBLIC_SCOREBOARD_API,TIER_2_MEDIA_AGGREGATOR,https://site.web.api.espn.com/apis/site/v2/sports/football/college-football/scoreboard?dates=20201024&groups=80&limit=400,b3bae92d58ed7c6c7e6566acea2362243a60ce53d94656affd84305c593f730e,CORROBORATED_BY_TIER_1
ESPN-2020-401234623,2020,REGULAR_SEASON,8,2020-10-24T19:30:00Z,1603567800,154,Wake Forest Demon Deacons,Wake Forest,259,Virginia Tech Hokies,Virginia Tech,23,16,7,FBS,FBS,Atlantic Coast Conference,Atlantic Coast Conference,False,False,Allegacy Federal Credit Union Stadium,Winston-Salem,NC,REGULAR_SEASON,True,False,ESPN_PUBLIC_SCOREBOARD_API,TIER_2_MEDIA_AGGREGATOR,https://site.web.api.espn.com/apis/site/v2/sports/football/college-football/scoreboard?dates=20201024&groups=80&limit=400,b3bae92d58ed7c6c7e6566acea2362243a60ce53d94656affd84305c593f730e,CORROBORATED_BY_TIER_1
ESPN-2020-401236008,2020,REGULAR_SEASON,8,2020-10-24T19:30:00Z,1603567800,251,Texas Longhorns,Texas,239,Baylor Bears,Baylor,27,16,11,FBS,FBS,Big 12 Conference,Big 12 Conference,False,False,DKR-Texas Memorial Stadium,Austin,TX,REGULAR_SEASON,True,False,ESPN_PUBLIC_SCOREBOARD_API,TIER_2_MEDIA_AGGREGATOR,https://site.web.api.espn.com/apis/site/v2/sports/football/college-football/scoreboard?dates=20201024&groups=80&limit=400,b3bae92d58ed7c6c7e6566acea2362243a60ce53d94656affd84305c593f730e,CORROBORATED_BY_TIER_1
ESPN-2020-401236009,2020,REGULAR_SEASON,8,2020-10-24T19:30:00Z,1603567800,197,Oklahoma State Cowboys,Oklahoma State,66,Iowa State Cyclones,Iowa State,24,21,3,FBS,FBS,Big 12 Conference,Big 12 Conference,False,False,Boone Pickens Stadium,Stillwater,OK,REGULAR_SEASON,True,False,ESPN_PUBLIC_SCOREBOARD_API,TIER_2_MEDIA_AGGREGATOR,https://site.web.api.espn.com/apis/site/v2/sports/football/college-football/scoreboard?dates=20201024&groups=80&limit=400,b3bae92d58ed7c6c7e6566acea2362243a60ce53d94656affd84305c593f730e,CORROBORATED_BY_TIER_1
ESPN-2020-401237114,2020,REGULAR_SEASON,8,2020-10-24T19:30:00Z,1603567800,2633,Tennessee Volunteers,Tennessee,333,Alabama Crimson Tide,Alabama,17,48,-31,FBS,FBS,Southeastern Conference,Southeastern Conference,False,False,Neyland Stadium,Knoxville,TN,REGULAR_SEASON,True,False,ESPN_PUBLIC_SCOREBOARD_API,TIER_2_MEDIA_AGGREGATOR,https://site.web.api.espn.com/apis/site/v2/sports/football/college-football/scoreboard?dates=20201024&groups=80&limit=400,b3bae92d58ed7c6c7e6566acea2362243a60ce53d94656affd84305c593f730e,CORROBORATED_BY_TIER_1
ESPN-2020-401247295,2020,REGULAR_SEASON,8,2020-10-24T19:30:00Z,1603567800,84,Indiana Hoosiers,Indiana,213,Penn State Nittany Lions,Penn State,36,35,1,FBS,FBS,Big Ten Conference,Big Ten Conference,False,False,"Memorial Stadium (Bloomington, IN)",Bloomington,IN,REGULAR_SEASON,True,True,ESPN_PUBLIC_SCOREBOARD_API,TIER_2_MEDIA_AGGREGATOR,https://site.web.api.espn.com/apis/site/v2/sports/football/college-football/scoreboard?dates=20201024&groups=80&limit=400,b3bae92d58ed7c6c7e6566acea2362243a60ce53d94656affd84305c593f730e,CORROBORATED_BY_TIER_1
ESPN-2020-401247296,2020,REGULAR_SEASON,8,2020-10-24T19:30:00Z,1603567800,2509,Purdue Boilermakers,Purdue,2294,Iowa Hawkeyes,Iowa,24,20,4,FBS,FBS,Big Ten Conference,Big Ten Conference,False,False,Ross-Ade Stadium,West Lafayette,IN,REGULAR_SEASON,True,False,ESPN_PUBLIC_SCOREBOARD_API,TIER_2_MEDIA_AGGREGATOR,https://site.web.api.espn.com/apis/site/v2/sports/football/college-football/scoreboard?dates=20201024&groups=80&limit=400,b3bae92d58ed7c6c7e6566acea2362243a60ce53d94656affd84305c593f730e,CORROBORATED_BY_TIER_1
ESPN-2020-401234622,2020,REGULAR_SEASON,8,2020-10-24T19:41:00Z,1603568460,221,Pittsburgh Panthers,Pittsburgh,87,Notre Dame Fighting Irish,Notre Dame,3,45,-42,FBS,FBS,Atlantic Coast Conference,Atlantic Coast Conference,False,False,Acrisure Stadium,Pittsburgh,PA,REGULAR_SEASON,True,False,ESPN_PUBLIC_SCOREBOARD_API,TIER_2_MEDIA_AGGREGATOR,https://site.web.api.espn.com/apis/site/v2/sports/football/college-football/scoreboard?dates=20201024&groups=80&limit=400,b3bae92d58ed7c6c7e6566acea2362243a60ce53d94656affd84305c593f730e,CORROBORATED_BY_TIER_1
ESPN-2020-401207102,2020,REGULAR_SEASON,8,2020-10-24T20:00:00Z,1603569600,98,Western Kentucky Hilltoppers,Western Kentucky,236,Chattanooga Mocs,Chattanooga,13,10,3,FBS,FCS,Conference USA,Southern Conference,True,False,Houchens Industries-L.T. Smith Stadium,Bowling Green,KY,REGULAR_SEASON,False,False,ESPN_PUBLIC_SCOREBOARD_API,TIER_2_MEDIA_AGGREGATOR,https://site.web.api.espn.com/apis/site/v2/sports/football/college-football/scoreboard?dates=20201024&groups=80&limit=400,b3bae92d58ed7c6c7e6566acea2362243a60ce53d94656affd84305c593f730e,CORROBORATED_BY_TIER_1
ESPN-2020-401215317,2020,REGULAR_SEASON,8,2020-10-24T20:00:00Z,1603569600,2653,Troy Trojans,Troy,2247,Georgia State Panthers,Georgia State,34,36,-2,FBS,FBS,Sun Belt Conference,Sun Belt Conference,False,False,Veterans Memorial Stadium (AL),Troy,AL,REGULAR_SEASON,True,False,ESPN_PUBLIC_SCOREBOARD_API,TIER_2_MEDIA_AGGREGATOR,https://site.web.api.espn.com/apis/site/v2/sports/football/college-football/scoreboard?dates=20201024&groups=80&limit=400,b3bae92d58ed7c6c7e6566acea2362243a60ce53d94656affd84305c593f730e,CORROBORATED_BY_TIER_1
ESPN-2020-401234617,2020,REGULAR_SEASON,8,2020-10-24T20:00:00Z,1603569600,103,Boston College Eagles,Boston College,59,Georgia Tech Yellow Jackets,Georgia Tech,48,27,21,FBS,FBS,Atlantic Coast Conference,Atlantic Coast Conference,False,False,"Alumni Stadium (Chestnut Hill, MA)",Chestnut Hill,MA,REGULAR_SEASON,True,False,ESPN_PUBLIC_SCOREBOARD_API,TIER_2_MEDIA_AGGREGATOR,https://site.web.api.espn.com/apis/site/v2/sports/football/college-football/scoreboard?dates=20201024&groups=80&limit=400,b3bae92d58ed7c6c7e6566acea2362243a60ce53d94656affd84305c593f730e,CORROBORATED_BY_TIER_1
ESPN-2020-401237122,2020,REGULAR_SEASON,8,2020-10-24T20:00:00Z,1603569600,142,Missouri Tigers,Missouri,96,Kentucky Wildcats,Kentucky,20,10,10,FBS,FBS,Southeastern Conference,Southeastern Conference,False,False,Memorial Stadium,Columbia,MO,REGULAR_SEASON,True,False,ESPN_PUBLIC_SCOREBOARD_API,TIER_2_MEDIA_AGGREGATOR,https://site.web.api.espn.com/apis/site/v2/sports/football/college-football/scoreboard?dates=20201024&groups=80&limit=400,b3bae92d58ed7c6c7e6566acea2362243a60ce53d94656affd84305c593f730e,CORROBORATED_BY_TIER_1
ESPN-2020-401236012,2020,REGULAR_SEASON,8,2020-10-24T21:30:00Z,1603575000,2641,Texas Tech Red Raiders,Texas Tech,277,West Virginia Mountaineers,West Virginia,34,27,7,FBS,FBS,Big 12 Conference,Big 12 Conference,False,False,Galaxy Stadium,Lubbock,TX,REGULAR_SEASON,True,False,ESPN_PUBLIC_SCOREBOARD_API,TIER_2_MEDIA_AGGREGATOR,https://site.web.api.espn.com/apis/site/v2/sports/football/college-football/scoreboard?dates=20201024&groups=80&limit=400,b3bae92d58ed7c6c7e6566acea2362243a60ce53d94656affd84305c593f730e,CORROBORATED_BY_TIER_1
ESPN-2020-401237118,2020,REGULAR_SEASON,8,2020-10-24T23:00:00Z,1603580400,99,LSU Tigers,LSU,2579,South Carolina Gamecocks,South Carolina,52,24,28,FBS,FBS,Southeastern Conference,Southeastern Conference,False,False,Tiger Stadium (LA),Baton Rouge,LA,REGULAR_SEASON,True,False,ESPN_PUBLIC_SCOREBOARD_API,TIER_2_MEDIA_AGGREGATOR,https://site.web.api.espn.com/apis/site/v2/sports/football/college-football/scoreboard?dates=20201024&groups=80&limit=400,b3bae92d58ed7c6c7e6566acea2362243a60ce53d94656affd84305c593f730e,CORROBORATED_BY_TIER_1
ESPN-2020-401248997,2020,REGULAR_SEASON,8,2020-10-24T23:00:00Z,1603580400,68,Boise State Broncos,Boise State,328,Utah State Aggies,Utah State,42,13,29,FBS,FBS,Mountain West Conference,Mountain West Conference,False,False,Albertsons Stadium,Boise,ID,REGULAR_SEASON,True,False,ESPN_PUBLIC_SCOREBOARD_API,TIER_2_MEDIA_AGGREGATOR,https://site.web.api.espn.com/apis/site/v2/sports/football/college-football/scoreboard?dates=20201024&groups=80&limit=400,b3bae92d58ed7c6c7e6566acea2362243a60ce53d94656affd84305c593f730e,CORROBORATED_BY_TIER_1
ESPN-2020-401248998,2020,REGULAR_SEASON,8,2020-10-24T23:00:00Z,1603580400,2440,Nevada Wolf Pack,Nevada,2751,Wyoming Cowboys,Wyoming,37,34,3,FBS,FBS,Mountain West Conference,Mountain West Conference,False,False,Mackay Stadium,Reno,NV,REGULAR_SEASON,True,True,ESPN_PUBLIC_SCOREBOARD_API,TIER_2_MEDIA_AGGREGATOR,https://site.web.api.espn.com/apis/site/v2/sports/football/college-football/scoreboard?dates=20201024&groups=80&limit=400,b3bae92d58ed7c6c7e6566acea2362243a60ce53d94656affd84305c593f730e,CORROBORATED_BY_TIER_1
ESPN-2020-401250784,2020,REGULAR_SEASON,8,2020-10-24T23:00:00Z,1603580400,6,South Alabama Jaguars,South Alabama,2433,UL Monroe Warhawks,UL Monroe,38,14,24,FBS,FBS,Sun Belt Conference,Sun Belt Conference,False,False,Hancock Whitney Stadium,Mobile,AL,REGULAR_SEASON,True,False,ESPN_PUBLIC_SCOREBOARD_API,TIER_2_MEDIA_AGGREGATOR,https://site.web.api.espn.com/apis/site/v2/sports/football/college-football/scoreboard?dates=20201024&groups=80&limit=400,b3bae92d58ed7c6c7e6566acea2362243a60ce53d94656affd84305c593f730e,CORROBORATED_BY_TIER_1
ESPN-2020-401247294,2020,REGULAR_SEASON,8,2020-10-24T23:30:00Z,1603582200,135,Minnesota Golden Gophers,Minnesota,130,Michigan Wolverines,Michigan,24,49,-25,FBS,FBS,Big Ten Conference,Big Ten Conference,False,False,Huntington Bank Stadium,Minneapolis,MN,REGULAR_SEASON,True,False,ESPN_PUBLIC_SCOREBOARD_API,TIER_2_MEDIA_AGGREGATOR,https://site.web.api.espn.com/apis/site/v2/sports/football/college-football/scoreboard?dates=20201024&groups=80&limit=400,b3bae92d58ed7c6c7e6566acea2362243a60ce53d94656affd84305c593f730e,CORROBORATED_BY_TIER_1
ESPN-2020-401247298,2020,REGULAR_SEASON,8,2020-10-24T23:30:00Z,1603582200,77,Northwestern Wildcats,Northwestern,120,Maryland Terrapins,Maryland,43,3,40,FBS,FBS,Big Ten Conference,Big Ten Conference,False,False,Ryan Field (1926),Evanston,IL,REGULAR_SEASON,True,False,ESPN_PUBLIC_SCOREBOARD_API,TIER_2_MEDIA_AGGREGATOR,https://site.web.api.espn.com/apis/site/v2/sports/football/college-football/scoreboard?dates=20201024&groups=80&limit=400,b3bae92d58ed7c6c7e6566acea2362243a60ce53d94656affd84305c593f730e,CORROBORATED_BY_TIER_1
ESPN-2020-401248994,2020,REGULAR_SEASON,8,2020-10-24T23:30:00Z,1603582200,278,Fresno State Bulldogs,Fresno State,62,Hawai'i Rainbow Warriors,Hawai'i,19,34,-15,FBS,FBS,Mountain West Conference,Mountain West Conference,False,False,Valley Children's Stadium,Fresno,CA,REGULAR_SEASON,True,False,ESPN_PUBLIC_SCOREBOARD_API,TIER_2_MEDIA_AGGREGATOR,https://site.web.api.espn.com/apis/site/v2/sports/football/college-football/scoreboard?dates=20201024&groups=80&limit=400,b3bae92d58ed7c6c7e6566acea2362243a60ce53d94656affd84305c593f730e,CORROBORATED_BY_TIER_1
ESPN-2020-401207157,2020,REGULAR_SEASON,8,2020-10-25T00:00:00Z,1603584000,2636,UTSA Roadrunners,UTSA,2348,Louisiana Tech Bulldogs,Louisiana Tech,27,26,1,FBS,FBS,Conference USA,Conference USA,False,False,Alamodome,San Antonio,TX,REGULAR_SEASON,True,False,ESPN_PUBLIC_SCOREBOARD_API,TIER_2_MEDIA_AGGREGATOR,https://site.web.api.espn.com/apis/site/v2/sports/football/college-football/scoreboard?dates=20201024&groups=80&limit=400,b3bae92d58ed7c6c7e6566acea2362243a60ce53d94656affd84305c593f730e,CORROBORATED_BY_TIER_1
ESPN-2020-401234620,2020,REGULAR_SEASON,8,2020-10-25T00:00:00Z,1603584000,2390,Miami Hurricanes,Miami,258,Virginia Cavaliers,Virginia,19,14,5,FBS,FBS,Atlantic Coast Conference,Atlantic Coast Conference,False,False,Hard Rock Stadium,Miami Gardens,FL,REGULAR_SEASON,True,False,ESPN_PUBLIC_SCOREBOARD_API,TIER_2_MEDIA_AGGREGATOR,https://site.web.api.espn.com/apis/site/v2/sports/football/college-football/scoreboard?dates=20201024&groups=80&limit=400,b3bae92d58ed7c6c7e6566acea2362243a60ce53d94656affd84305c593f730e,CORROBORATED_BY_TIER_1
ESPN-2020-401212488,2020,REGULAR_SEASON,8,2020-10-25T01:00:00Z,1603587600,2567,SMU Mustangs,SMU,2132,Cincinnati Bearcats,Cincinnati,13,42,-29,FBS,FBS,American Conference,American Conference,False,False,Gerald J. Ford Stadium,Dallas,TX,REGULAR_SEASON,True,False,ESPN_PUBLIC_SCOREBOARD_API,TIER_2_MEDIA_AGGREGATOR,https://site.web.api.espn.com/apis/site/v2/sports/football/college-football/scoreboard?dates=20201024&groups=80&limit=400,b3bae92d58ed7c6c7e6566acea2362243a60ce53d94656affd84305c593f730e,CORROBORATED_BY_TIER_1
ESPN-2020-401240998,2020,REGULAR_SEASON,8,2020-10-25T02:15:00Z,1603592100,252,BYU Cougars,BYU,326,Texas State Bobcats,Texas State,52,14,38,FBS,FBS,FBS Independents,Sun Belt Conference,False,False,LaVell Edwards Stadium,Provo,UT,REGULAR_SEASON,False,False,ESPN_PUBLIC_SCOREBOARD_API,TIER_2_MEDIA_AGGREGATOR,https://site.web.api.espn.com/apis/site/v2/sports/football/college-football/scoreboard?dates=20201024&groups=80&limit=400,b3bae92d58ed7c6c7e6566acea2362243a60ce53d94656affd84305c593f730e,CORROBORATED_BY_TIER_1
ESPN-2020-401248993,2020,REGULAR_SEASON,8,2020-10-25T02:30:00Z,1603593000,23,San José State Spartans,San José State,2005,Air Force Falcons,Air Force,17,6,11,FBS,FBS,Mountain West Conference,Mountain West Conference,False,False,CEFCU Stadium,San Jose,CA,REGULAR_SEASON,True,False,ESPN_PUBLIC_SCOREBOARD_API,TIER_2_MEDIA_AGGREGATOR,https://site.web.api.espn.com/apis/site/v2/sports/football/college-football/scoreboard?dates=20201024&groups=80&limit=400,b3bae92d58ed7c6c7e6566acea2362243a60ce53d94656affd84305c593f730e,CORROBORATED_BY_TIER_1
ESPN-2020-401248996,2020,REGULAR_SEASON,8,2020-10-25T02:30:00Z,1603593000,21,San Diego State Aztecs,San Diego State,2439,UNLV Rebels,UNLV,34,6,28,FBS,FBS,Mountain West Conference,Mountain West Conference,False,False,Dignity Health Sports Park,Carson,CA,REGULAR_SEASON,True,False,ESPN_PUBLIC_SCOREBOARD_API,TIER_2_MEDIA_AGGREGATOR,https://site.web.api.espn.com/apis/site/v2/sports/football/college-football/scoreboard?dates=20201024&groups=80&limit=400,b3bae92d58ed7c6c7e6566acea2362243a60ce53d94656affd84305c593f730e,CORROBORATED_BY_TIER_1
ESPN-2020-401215321,2020,REGULAR_SEASON,9,2020-10-29T23:30:00Z,1604014200,290,Georgia Southern Eagles,Georgia Southern,6,South Alabama Jaguars,South Alabama,24,17,7,FBS,FBS,Sun Belt Conference,Sun Belt Conference,False,False,Allen E. Paulson Stadium,Statesboro,GA,REGULAR_SEASON,True,False,ESPN_PUBLIC_SCOREBOARD_API,TIER_2_MEDIA_AGGREGATOR,https://site.web.api.espn.com/apis/site/v2/sports/football/college-football/scoreboard?dates=20201029&groups=80&limit=400,5659b0b1616a48e78dd82565c3304f1d3173a039afe1dec0781702bc15fb26a4,CORROBORATED_BY_TIER_1
ESPN-2020-401249000,2020,REGULAR_SEASON,9,2020-10-30T02:00:00Z,1604023200,278,Fresno State Bulldogs,Fresno State,36,Colorado State Rams,Colorado State,38,17,21,FBS,FBS,Mountain West Conference,Mountain West Conference,False,False,Valley Children's Stadium,Fresno,CA,REGULAR_SEASON,True,False,ESPN_PUBLIC_SCOREBOARD_API,TIER_2_MEDIA_AGGREGATOR,https://site.web.api.espn.com/apis/site/v2/sports/football/college-football/scoreboard?dates=20201029&groups=80&limit=400,5659b0b1616a48e78dd82565c3304f1d3173a039afe1dec0781702bc15fb26a4,CORROBORATED_BY_TIER_1
ESPN-2020-401247302,2020,REGULAR_SEASON,9,2020-10-30T23:30:00Z,1604100600,120,Maryland Terrapins,Maryland,135,Minnesota Golden Gophers,Minnesota,45,44,1,FBS,FBS,Big Ten Conference,Big Ten Conference,False,False,SECU Stadium,College Park,MD,REGULAR_SEASON,True,True,ESPN_PUBLIC_SCOREBOARD_API,TIER_2_MEDIA_AGGREGATOR,https://site.web.api.espn.com/apis/site/v2/sports/football/college-football/scoreboard?dates=20201030&groups=80&limit=400,6eb233e2f0ebe6feb180691715f8c8a80edcf59422f72b76c315d6c0f5e5c5d7,CORROBORATED_BY_TIER_1
ESPN-2020-401212533,2020,REGULAR_SEASON,9,2020-10-31T01:00:00Z,1604106000,202,Tulsa Golden Hurricane,Tulsa,151,East Carolina Pirates,East Carolina,34,30,4,FBS,FBS,American Conference,American Conference,False,False,H. A. Chapman Stadium,Tulsa,OK,REGULAR_SEASON,True,False,ESPN_PUBLIC_SCOREBOARD_API,TIER_2_MEDIA_AGGREGATOR,https://site.web.api.espn.com/apis/site/v2/sports/football/college-football/scoreboard?dates=20201030&groups=80&limit=400,6eb233e2f0ebe6feb180691715f8c8a80edcf59422f72b76c315d6c0f5e5c5d7,CORROBORATED_BY_TIER_1
ESPN-2020-401249001,2020,REGULAR_SEASON,9,2020-10-31T01:45:00Z,1604108700,2751,Wyoming Cowboys,Wyoming,62,Hawai'i Rainbow Warriors,Hawai'i,31,7,24,FBS,FBS,Mountain West Conference,Mountain West Conference,False,False,War Memorial Stadium,Laramie,WY,REGULAR_SEASON,True,False,ESPN_PUBLIC_SCOREBOARD_API,TIER_2_MEDIA_AGGREGATOR,https://site.web.api.espn.com/apis/site/v2/sports/football/college-football/scoreboard?dates=20201030&groups=80&limit=400,6eb233e2f0ebe6feb180691715f8c8a80edcf59422f72b76c315d6c0f5e5c5d7,CORROBORATED_BY_TIER_1
ESPN-2020-401207162,2020,REGULAR_SEASON,9,2020-10-31T16:00:00Z,1604160000,2226,Florida Atlantic Owls,Florida Atlantic,2636,UTSA Roadrunners,UTSA,24,3,21,FBS,FBS,Conference USA,Conference USA,False,False,Flagler Credit Union Stadium,Boca Raton,FL,REGULAR_SEASON,True,False,ESPN_PUBLIC_SCOREBOARD_API,TIER_2_MEDIA_AGGREGATOR,https://site.web.api.espn.com/apis/site/v2/sports/football/college-football/scoreboard?dates=20201031&groups=80&limit=400,d92a003922d338aaff96b37a7c8eea83064d9a68f2aa61ed7b7fc84feeaa6d25,CORROBORATED_BY_TIER_1
ESPN-2020-401212517,2020,REGULAR_SEASON,9,2020-10-31T16:00:00Z,1604160000,2655,Tulane Green Wave,Tulane,218,Temple Owls,Temple,38,3,35,FBS,FBS,American Conference,American Conference,False,False,Yulman Stadium,New Orleans,LA,REGULAR_SEASON,True,False,ESPN_PUBLIC_SCOREBOARD_API,TIER_2_MEDIA_AGGREGATOR,https://site.web.api.espn.com/apis/site/v2/sports/football/college-football/scoreboard?dates=20201031&groups=80&limit=400,d92a003922d338aaff96b37a7c8eea83064d9a68f2aa61ed7b7fc84feeaa6d25,CORROBORATED_BY_TIER_1
ESPN-2020-401212543,2020,REGULAR_SEASON,9,2020-10-31T16:00:00Z,1604160000,2132,Cincinnati Bearcats,Cincinnati,235,Memphis Tigers,Memphis,49,10,39,FBS,FBS,American Conference,American Conference,False,False,Nippert Stadium,Cincinnati,OH,REGULAR_SEASON,True,False,ESPN_PUBLIC_SCOREBOARD_API,TIER_2_MEDIA_AGGREGATOR,https://site.web.api.espn.com/apis/site/v2/sports/football/college-football/scoreboard?dates=20201031&groups=80&limit=400,d92a003922d338aaff96b37a7c8eea83064d9a68f2aa61ed7b7fc84feeaa6d25,CORROBORATED_BY_TIER_1
ESPN-2020-401215318,2020,REGULAR_SEASON,9,2020-10-31T16:00:00Z,1604160000,2247,Georgia State Panthers,Georgia State,324,Coastal Carolina Chanticleers,Coastal Carolina,0,51,-51,FBS,FBS,Sun Belt Conference,Sun Belt Conference,False,False,Center Parc Stadium,Atlanta,GA,REGULAR_SEASON,True,False,ESPN_PUBLIC_SCOREBOARD_API,TIER_2_MEDIA_AGGREGATOR,https://site.web.api.espn.com/apis/site/v2/sports/football/college-football/scoreboard?dates=20201031&groups=80&limit=400,d92a003922d338aaff96b37a7c8eea83064d9a68f2aa61ed7b7fc84feeaa6d25,CORROBORATED_BY_TIER_1
ESPN-2020-401234624,2020,REGULAR_SEASON,9,2020-10-31T16:00:00Z,1604160000,228,Clemson Tigers,Clemson,103,Boston College Eagles,Boston College,34,28,6,FBS,FBS,Atlantic Coast Conference,Atlantic Coast Conference,False,False,"Memorial Stadium (Clemson, SC)",Clemson,SC,REGULAR_SEASON,True,False,ESPN_PUBLIC_SCOREBOARD_API,TIER_2_MEDIA_AGGREGATOR,https://site.web.api.espn.com/apis/site/v2/sports/football/college-football/scoreboard?dates=20201031&groups=80&limit=400,d92a003922d338aaff96b37a7c8eea83064d9a68f2aa61ed7b7fc84feeaa6d25,CORROBORATED_BY_TIER_1
ESPN-2020-401234629,2020,REGULAR_SEASON,9,2020-10-31T16:00:00Z,1604160000,183,Syracuse Orange,Syracuse,154,Wake Forest Demon Deacons,Wake Forest,14,38,-24,FBS,FBS,Atlantic Coast Conference,Atlantic Coast Conference,False,False,JMA Wireless Dome,Syracuse,NY,REGULAR_SEASON,True,False,ESPN_PUBLIC_SCOREBOARD_API,TIER_2_MEDIA_AGGREGATOR,https://site.web.api.espn.com/apis/site/v2/sports/football/college-football/scoreboard?dates=20201031&groups=80&limit=400,d92a003922d338aaff96b37a7c8eea83064d9a68f2aa61ed7b7fc84feeaa6d25,CORROBORATED_BY_TIER_1
ESPN-2020-401236014,2020,REGULAR_SEASON,9,2020-10-31T16:00:00Z,1604160000,2305,Kansas Jayhawks,Kansas,66,Iowa State Cyclones,Iowa State,22,52,-30,FBS,FBS,Big 12 Conference,Big 12 Conference,False,False,David Booth Kansas Memorial Stadium,Lawrence,KS,REGULAR_SEASON,True,False,ESPN_PUBLIC_SCOREBOARD_API,TIER_2_MEDIA_AGGREGATOR,https://site.web.api.espn.com/apis/site/v2/sports/football/college-football/scoreboard?dates=20201031&groups=80&limit=400,d92a003922d338aaff96b37a7c8eea83064d9a68f2aa61ed7b7fc84feeaa6d25,CORROBORATED_BY_TIER_1
ESPN-2020-401236015,2020,REGULAR_SEASON,9,2020-10-31T16:00:00Z,1604160000,277,West Virginia Mountaineers,West Virginia,2306,Kansas State Wildcats,Kansas State,37,10,27,FBS,FBS,Big 12 Conference,Big 12 Conference,False,False,Milan Puskar Stadium,Morgantown,WV,REGULAR_SEASON,True,False,ESPN_PUBLIC_SCOREBOARD_API,TIER_2_MEDIA_AGGREGATOR,https://site.web.api.espn.com/apis/site/v2/sports/football/college-football/scoreboard?dates=20201031&groups=80&limit=400,d92a003922d338aaff96b37a7c8eea83064d9a68f2aa61ed7b7fc84feeaa6d25,CORROBORATED_BY_TIER_1
ESPN-2020-401237117,2020,REGULAR_SEASON,9,2020-10-31T16:00:00Z,1604160000,96,Kentucky Wildcats,Kentucky,61,Georgia Bulldogs,Georgia,3,14,-11,FBS,FBS,Southeastern Conference,Southeastern Conference,False,False,Kroger Field,Lexington,KY,REGULAR_SEASON,True,False,ESPN_PUBLIC_SCOREBOARD_API,TIER_2_MEDIA_AGGREGATOR,https://site.web.api.espn.com/apis/site/v2/sports/football/college-football/scoreboard?dates=20201031&groups=80&limit=400,d92a003922d338aaff96b37a7c8eea83064d9a68f2aa61ed7b7fc84feeaa6d25,CORROBORATED_BY_TIER_1
ESPN-2020-401247301,2020,REGULAR_SEASON,9,2020-10-31T16:00:00Z,1604160000,356,Illinois Fighting Illini,Illinois,2509,Purdue Boilermakers,Purdue,24,31,-7,FBS,FBS,Big Ten Conference,Big Ten Conference,False,False,Gies Memorial Stadium,Champaign,IL,REGULAR_SEASON,True,False,ESPN_PUBLIC_SCOREBOARD_API,TIER_2_MEDIA_AGGREGATOR,https://site.web.api.espn.com/apis/site/v2/sports/football/college-football/scoreboard?dates=20201031&groups=80&limit=400,d92a003922d338aaff96b37a7c8eea83064d9a68f2aa61ed7b7fc84feeaa6d25,CORROBORATED_BY_TIER_1
ESPN-2020-401247305,2020,REGULAR_SEASON,9,2020-10-31T16:00:00Z,1604160000,130,Michigan Wolverines,Michigan,127,Michigan State Spartans,Michigan State,24,27,-3,FBS,FBS,Big Ten Conference,Big Ten Conference,False,False,Michigan Stadium,Ann Arbor,MI,REGULAR_SEASON,True,False,ESPN_PUBLIC_SCOREBOARD_API,TIER_2_MEDIA_AGGREGATOR,https://site.web.api.espn.com/apis/site/v2/sports/football/college-football/scoreboard?dates=20201031&groups=80&limit=400,d92a003922d338aaff96b37a7c8eea83064d9a68f2aa61ed7b7fc84feeaa6d25,CORROBORATED_BY_TIER_1
ESPN-2020-401212538,2020,REGULAR_SEASON,9,2020-10-31T18:00:00Z,1604167200,248,Houston Cougars,Houston,2116,UCF Knights,UCF,21,44,-23,FBS,FBS,American Conference,American Conference,False,False,TDECU Stadium,Houston,TX,REGULAR_SEASON,True,False,ESPN_PUBLIC_SCOREBOARD_API,TIER_2_MEDIA_AGGREGATOR,https://site.web.api.espn.com/apis/site/v2/sports/football/college-football/scoreboard?dates=20201031&groups=80&limit=400,d92a003922d338aaff96b37a7c8eea83064d9a68f2aa61ed7b7fc84feeaa6d25,CORROBORATED_BY_TIER_1
ESPN-2020-401207166,2020,REGULAR_SEASON,9,2020-10-31T19:00:00Z,1604170800,2572,Southern Mississippi Golden Eagles,Southern Mississippi,242,Rice Owls,Rice,6,30,-24,FBS,FBS,Conference USA,Conference USA,False,False,M. M. Roberts Stadium,Hattiesburg,MS,REGULAR_SEASON,True,False,ESPN_PUBLIC_SCOREBOARD_API,TIER_2_MEDIA_AGGREGATOR,https://site.web.api.espn.com/apis/site/v2/sports/football/college-football/scoreboard?dates=20201031&groups=80&limit=400,d92a003922d338aaff96b37a7c8eea83064d9a68f2aa61ed7b7fc84feeaa6d25,CORROBORATED_BY_TIER_1
ESPN-2020-401215320,2020,REGULAR_SEASON,9,2020-10-31T19:00:00Z,1604170800,2032,Arkansas State Red Wolves,Arkansas State,2653,Troy Trojans,Troy,10,38,-28,FBS,FBS,Sun Belt Conference,Sun Belt Conference,False,False,Centennial Bank Stadium,Jonesboro,AR,REGULAR_SEASON,True,False,ESPN_PUBLIC_SCOREBOARD_API,TIER_2_MEDIA_AGGREGATOR,https://site.web.api.espn.com/apis/site/v2/sports/football/college-football/scoreboard?dates=20201031&groups=80&limit=400,d92a003922d338aaff96b37a7c8eea83064d9a68f2aa61ed7b7fc84feeaa6d25,CORROBORATED_BY_TIER_1
ESPN-2020-401207163,2020,REGULAR_SEASON,9,2020-10-31T19:30:00Z,1604172600,2348,Louisiana Tech Bulldogs,Louisiana Tech,5,UAB Blazers,UAB,37,34,3,FBS,FBS,Conference USA,Conference USA,False,False,Joe Aillet Stadium,Ruston,LA,REGULAR_SEASON,True,True,ESPN_PUBLIC_SCOREBOARD_API,TIER_2_MEDIA_AGGREGATOR,https://site.web.api.espn.com/apis/site/v2/sports/football/college-football/scoreboard?dates=20201031&groups=80&limit=400,d92a003922d338aaff96b37a7c8eea83064d9a68f2aa61ed7b7fc84feeaa6d25,CORROBORATED_BY_TIER_1
ESPN-2020-401234626,2020,REGULAR_SEASON,9,2020-10-31T19:30:00Z,1604172600,59,Georgia Tech Yellow Jackets,Georgia Tech,87,Notre Dame Fighting Irish,Notre Dame,13,31,-18,FBS,FBS,Atlantic Coast Conference,Atlantic Coast Conference,False,False,Bobby Dodd Stadium,Atlanta,GA,REGULAR_SEASON,True,False,ESPN_PUBLIC_SCOREBOARD_API,TIER_2_MEDIA_AGGREGATOR,https://site.web.api.espn.com/apis/site/v2/sports/football/college-football/scoreboard?dates=20201031&groups=80&limit=400,d92a003922d338aaff96b37a7c8eea83064d9a68f2aa61ed7b7fc84feeaa6d25,CORROBORATED_BY_TIER_1
ESPN-2020-401236013,2020,REGULAR_SEASON,9,2020-10-31T19:30:00Z,1604172600,239,Baylor Bears,Baylor,2628,TCU Horned Frogs,TCU,23,33,-10,FBS,FBS,Big 12 Conference,Big 12 Conference,False,False,McLane Stadium,Waco,TX,REGULAR_SEASON,True,False,ESPN_PUBLIC_SCOREBOARD_API,TIER_2_MEDIA_AGGREGATOR,https://site.web.api.espn.com/apis/site/v2/sports/football/college-football/scoreboard?dates=20201031&groups=80&limit=400,d92a003922d338aaff96b37a7c8eea83064d9a68f2aa61ed7b7fc84feeaa6d25,CORROBORATED_BY_TIER_1
ESPN-2020-401237121,2020,REGULAR_SEASON,9,2020-10-31T19:30:00Z,1604172600,2,Auburn Tigers,Auburn,99,LSU Tigers,LSU,48,11,37,FBS,FBS,Southeastern Conference,Southeastern Conference,False,False,Jordan-Hare Stadium,Auburn,AL,REGULAR_SEASON,True,False,ESPN_PUBLIC_SCOREBOARD_API,TIER_2_MEDIA_AGGREGATOR,https://site.web.api.espn.com/apis/site/v2/sports/football/college-football/scoreboard?dates=20201031&groups=80&limit=400,d92a003922d338aaff96b37a7c8eea83064d9a68f2aa61ed7b7fc84feeaa6d25,CORROBORATED_BY_TIER_1
ESPN-2020-401247300,2020,REGULAR_SEASON,9,2020-10-31T19:30:00Z,1604172600,164,Rutgers Scarlet Knights,Rutgers,84,Indiana Hoosiers,Indiana,21,37,-16,FBS,FBS,Big Ten Conference,Big Ten Conference,False,False,SHI Stadium,Piscataway,NJ,REGULAR_SEASON,True,False,ESPN_PUBLIC_SCOREBOARD_API,TIER_2_MEDIA_AGGREGATOR,https://site.web.api.espn.com/apis/site/v2/sports/football/college-football/scoreboard?dates=20201031&groups=80&limit=400,d92a003922d338aaff96b37a7c8eea83064d9a68f2aa61ed7b7fc84feeaa6d25,CORROBORATED_BY_TIER_1
ESPN-2020-401247303,2020,REGULAR_SEASON,9,2020-10-31T19:30:00Z,1604172600,2294,Iowa Hawkeyes,Iowa,77,Northwestern Wildcats,Northwestern,20,21,-1,FBS,FBS,Big Ten Conference,Big Ten Conference,False,False,Kinnick Stadium,Iowa City,IA,REGULAR_SEASON,True,False,ESPN_PUBLIC_SCOREBOARD_API,TIER_2_MEDIA_AGGREGATOR,https://site.web.api.espn.com/apis/site/v2/sports/football/college-football/scoreboard?dates=20201031&groups=80&limit=400,d92a003922d338aaff96b37a7c8eea83064d9a68f2aa61ed7b7fc84feeaa6d25,CORROBORATED_BY_TIER_1
ESPN-2020-401215319,2020,REGULAR_SEASON,9,2020-10-31T20:00:00Z,1604174400,2433,UL Monroe Warhawks,UL Monroe,2026,Appalachian State Mountaineers,Appalachian State,13,31,-18,FBS,FBS,Sun Belt Conference,Sun Belt Conference,False,False,Malone Stadium,Monroe,LA,REGULAR_SEASON,True,False,ESPN_PUBLIC_SCOREBOARD_API,TIER_2_MEDIA_AGGREGATOR,https://site.web.api.espn.com/apis/site/v2/sports/football/college-football/scoreboard?dates=20201031&groups=80&limit=400,d92a003922d338aaff96b37a7c8eea83064d9a68f2aa61ed7b7fc84feeaa6d25,CORROBORATED_BY_TIER_1
ESPN-2020-401234627,2020,REGULAR_SEASON,9,2020-10-31T20:00:00Z,1604174400,97,Louisville Cardinals,Louisville,259,Virginia Tech Hokies,Virginia Tech,35,42,-7,FBS,FBS,Atlantic Coast Conference,Atlantic Coast Conference,False,False,L&N Federal Credit Union Stadium,Louisville,KY,REGULAR_SEASON,True,False,ESPN_PUBLIC_SCOREBOARD_API,TIER_2_MEDIA_AGGREGATOR,https://site.web.api.espn.com/apis/site/v2/sports/football/college-football/scoreboard?dates=20201031&groups=80&limit=400,d92a003922d338aaff96b37a7c8eea83064d9a68f2aa61ed7b7fc84feeaa6d25,CORROBORATED_BY_TIER_1
ESPN-2020-401236017,2020,REGULAR_SEASON,9,2020-10-31T20:00:00Z,1604174400,197,Oklahoma State Cowboys,Oklahoma State,251,Texas Longhorns,Texas,34,41,-7,FBS,FBS,Big 12 Conference,Big 12 Conference,False,False,Boone Pickens Stadium,Stillwater,OK,REGULAR_SEASON,True,True,ESPN_PUBLIC_SCOREBOARD_API,TIER_2_MEDIA_AGGREGATOR,https://site.web.api.espn.com/apis/site/v2/sports/football/college-football/scoreboard?dates=20201031&groups=80&limit=400,d92a003922d338aaff96b37a7c8eea83064d9a68f2aa61ed7b7fc84feeaa6d25,CORROBORATED_BY_TIER_1
ESPN-2020-401237123,2020,REGULAR_SEASON,9,2020-10-31T20:00:00Z,1604174400,238,Vanderbilt Commodores,Vanderbilt,145,Ole Miss Rebels,Ole Miss,21,54,-33,FBS,FBS,Southeastern Conference,Southeastern Conference,False,False,FirstBank Stadium,Nashville,TN,REGULAR_SEASON,True,False,ESPN_PUBLIC_SCOREBOARD_API,TIER_2_MEDIA_AGGREGATOR,https://site.web.api.espn.com/apis/site/v2/sports/football/college-football/scoreboard?dates=20201031&groups=80&limit=400,d92a003922d338aaff96b37a7c8eea83064d9a68f2aa61ed7b7fc84feeaa6d25,CORROBORATED_BY_TIER_1
ESPN-2020-401248999,2020,REGULAR_SEASON,9,2020-10-31T22:00:00Z,1604181600,2005,Air Force Falcons,Air Force,68,Boise State Broncos,Boise State,30,49,-19,FBS,FBS,Mountain West Conference,Mountain West Conference,False,False,Falcon Stadium,USAF Academy,CO,REGULAR_SEASON,True,False,ESPN_PUBLIC_SCOREBOARD_API,TIER_2_MEDIA_AGGREGATOR,https://site.web.api.espn.com/apis/site/v2/sports/football/college-football/scoreboard?dates=20201031&groups=80&limit=400,d92a003922d338aaff96b37a7c8eea83064d9a68f2aa61ed7b7fc84feeaa6d25,CORROBORATED_BY_TIER_1
ESPN-2020-401234625,2020,REGULAR_SEASON,9,2020-10-31T23:00:00Z,1604185200,150,Duke Blue Devils,Duke,2429,Charlotte 49ers,Charlotte,53,19,34,FBS,FBS,Atlantic Coast Conference,Conference USA,False,False,Wallace Wade Stadium,Durham,NC,REGULAR_SEASON,False,False,ESPN_PUBLIC_SCOREBOARD_API,TIER_2_MEDIA_AGGREGATOR,https://site.web.api.espn.com/apis/site/v2/sports/football/college-football/scoreboard?dates=20201031&groups=80&limit=400,d92a003922d338aaff96b37a7c8eea83064d9a68f2aa61ed7b7fc84feeaa6d25,CORROBORATED_BY_TIER_1
ESPN-2020-401237119,2020,REGULAR_SEASON,9,2020-10-31T23:00:00Z,1604185200,333,Alabama Crimson Tide,Alabama,344,Mississippi State Bulldogs,Mississippi State,41,0,41,FBS,FBS,Southeastern Conference,Southeastern Conference,False,False,Bryant-Denny Stadium,Tuscaloosa,AL,REGULAR_SEASON,True,False,ESPN_PUBLIC_SCOREBOARD_API,TIER_2_MEDIA_AGGREGATOR,https://site.web.api.espn.com/apis/site/v2/sports/football/college-football/scoreboard?dates=20201031&groups=80&limit=400,d92a003922d338aaff96b37a7c8eea83064d9a68f2aa61ed7b7fc84feeaa6d25,CORROBORATED_BY_TIER_1
ESPN-2020-401249003,2020,REGULAR_SEASON,9,2020-10-31T23:00:00Z,1604185200,23,San José State Spartans,San José State,167,New Mexico Lobos,New Mexico,38,21,17,FBS,FBS,Mountain West Conference,Mountain West Conference,False,False,CEFCU Stadium,San Jose,CA,REGULAR_SEASON,True,False,ESPN_PUBLIC_SCOREBOARD_API,TIER_2_MEDIA_AGGREGATOR,https://site.web.api.espn.com/apis/site/v2/sports/football/college-football/scoreboard?dates=20201031&groups=80&limit=400,d92a003922d338aaff96b37a7c8eea83064d9a68f2aa61ed7b7fc84feeaa6d25,CORROBORATED_BY_TIER_1
ESPN-2020-401212489,2020,REGULAR_SEASON,9,2020-10-31T23:30:00Z,1604187000,2567,SMU Mustangs,SMU,2426,Navy Midshipmen,Navy,51,37,14,FBS,FBS,American Conference,American Conference,False,False,Gerald J. Ford Stadium,Dallas,TX,REGULAR_SEASON,True,False,ESPN_PUBLIC_SCOREBOARD_API,TIER_2_MEDIA_AGGREGATOR,https://site.web.api.espn.com/apis/site/v2/sports/football/college-football/scoreboard?dates=20201031&groups=80&limit=400,d92a003922d338aaff96b37a7c8eea83064d9a68f2aa61ed7b7fc84feeaa6d25,CORROBORATED_BY_TIER_1
ESPN-2020-401237116,2020,REGULAR_SEASON,9,2020-10-31T23:30:00Z,1604187000,57,Florida Gators,Florida,142,Missouri Tigers,Missouri,41,17,24,FBS,FBS,Southeastern Conference,Southeastern Conference,False,False,Ben Hill Griffin Stadium,Gainesville,FL,REGULAR_SEASON,True,False,ESPN_PUBLIC_SCOREBOARD_API,TIER_2_MEDIA_AGGREGATOR,https://site.web.api.espn.com/apis/site/v2/sports/football/college-football/scoreboard?dates=20201031&groups=80&limit=400,d92a003922d338aaff96b37a7c8eea83064d9a68f2aa61ed7b7fc84feeaa6d25,CORROBORATED_BY_TIER_1
ESPN-2020-401237120,2020,REGULAR_SEASON,9,2020-10-31T23:30:00Z,1604187000,245,Texas A&M Aggies,Texas A&M,8,Arkansas Razorbacks,Arkansas,42,31,11,FBS,FBS,Southeastern Conference,Southeastern Conference,False,False,Kyle Field,College Station,TX,REGULAR_SEASON,True,False,ESPN_PUBLIC_SCOREBOARD_API,TIER_2_MEDIA_AGGREGATOR,https://site.web.api.espn.com/apis/site/v2/sports/football/college-football/scoreboard?dates=20201031&groups=80&limit=400,d92a003922d338aaff96b37a7c8eea83064d9a68f2aa61ed7b7fc84feeaa6d25,CORROBORATED_BY_TIER_1
ESPN-2020-401247306,2020,REGULAR_SEASON,9,2020-10-31T23:30:00Z,1604187000,213,Penn State Nittany Lions,Penn State,194,Ohio State Buckeyes,Ohio State,25,38,-13,FBS,FBS,Big Ten Conference,Big Ten Conference,False,False,Beaver Stadium,University Park,PA,REGULAR_SEASON,True,False,ESPN_PUBLIC_SCOREBOARD_API,TIER_2_MEDIA_AGGREGATOR,https://site.web.api.espn.com/apis/site/v2/sports/football/college-football/scoreboard?dates=20201031&groups=80&limit=400,d92a003922d338aaff96b37a7c8eea83064d9a68f2aa61ed7b7fc84feeaa6d25,CORROBORATED_BY_TIER_1
ESPN-2020-401215322,2020,REGULAR_SEASON,9,2020-11-01T00:00:00Z,1604188800,326,Texas State Bobcats,Texas State,309,Louisiana Ragin' Cajuns,Louisiana,34,44,-10,FBS,FBS,Sun Belt Conference,Sun Belt Conference,False,False,UFCU Stadium,San Marcos,TX,REGULAR_SEASON,True,False,ESPN_PUBLIC_SCOREBOARD_API,TIER_2_MEDIA_AGGREGATOR,https://site.web.api.espn.com/apis/site/v2/sports/football/college-football/scoreboard?dates=20201031&groups=80&limit=400,d92a003922d338aaff96b37a7c8eea83064d9a68f2aa61ed7b7fc84feeaa6d25,CORROBORATED_BY_TIER_1
ESPN-2020-401234628,2020,REGULAR_SEASON,9,2020-11-01T00:00:00Z,1604188800,258,Virginia Cavaliers,Virginia,153,North Carolina Tar Heels,North Carolina,44,41,3,FBS,FBS,Atlantic Coast Conference,Atlantic Coast Conference,False,False,Scott Stadium,Charlottesville,VA,REGULAR_SEASON,True,False,ESPN_PUBLIC_SCOREBOARD_API,TIER_2_MEDIA_AGGREGATOR,https://site.web.api.espn.com/apis/site/v2/sports/football/college-football/scoreboard?dates=20201031&groups=80&limit=400,d92a003922d338aaff96b37a7c8eea83064d9a68f2aa61ed7b7fc84feeaa6d25,CORROBORATED_BY_TIER_1
ESPN-2020-401236016,2020,REGULAR_SEASON,9,2020-11-01T00:00:00Z,1604188800,2641,Texas Tech Red Raiders,Texas Tech,201,Oklahoma Sooners,Oklahoma,28,62,-34,FBS,FBS,Big 12 Conference,Big 12 Conference,False,False,Galaxy Stadium,Lubbock,TX,REGULAR_SEASON,True,False,ESPN_PUBLIC_SCOREBOARD_API,TIER_2_MEDIA_AGGREGATOR,https://site.web.api.espn.com/apis/site/v2/sports/football/college-football/scoreboard?dates=20201031&groups=80&limit=400,d92a003922d338aaff96b37a7c8eea83064d9a68f2aa61ed7b7fc84feeaa6d25,CORROBORATED_BY_TIER_1
ESPN-2020-401249004,2020,REGULAR_SEASON,9,2020-11-01T01:30:00Z,1604194200,328,Utah State Aggies,Utah State,21,San Diego State Aztecs,San Diego State,7,38,-31,FBS,FBS,Mountain West Conference,Mountain West Conference,False,False,Maverik Stadium,Logan,UT,REGULAR_SEASON,True,False,ESPN_PUBLIC_SCOREBOARD_API,TIER_2_MEDIA_AGGREGATOR,https://site.web.api.espn.com/apis/site/v2/sports/football/college-football/scoreboard?dates=20201031&groups=80&limit=400,d92a003922d338aaff96b37a7c8eea83064d9a68f2aa61ed7b7fc84feeaa6d25,CORROBORATED_BY_TIER_1
ESPN-2020-401239887,2020,REGULAR_SEASON,9,2020-11-01T02:15:00Z,1604196900,252,BYU Cougars,BYU,98,Western Kentucky Hilltoppers,Western Kentucky,41,10,31,FBS,FBS,FBS Independents,Conference USA,False,False,LaVell Edwards Stadium,Provo,UT,REGULAR_SEASON,False,False,ESPN_PUBLIC_SCOREBOARD_API,TIER_2_MEDIA_AGGREGATOR,https://site.web.api.espn.com/apis/site/v2/sports/football/college-football/scoreboard?dates=20201031&groups=80&limit=400,d92a003922d338aaff96b37a7c8eea83064d9a68f2aa61ed7b7fc84feeaa6d25,CORROBORATED_BY_TIER_1
ESPN-2020-401249002,2020,REGULAR_SEASON,9,2020-11-01T02:30:00Z,1604197800,2439,UNLV Rebels,UNLV,2440,Nevada Wolf Pack,Nevada,19,37,-18,FBS,FBS,Mountain West Conference,Mountain West Conference,False,False,Allegiant Stadium,Las Vegas,NV,REGULAR_SEASON,True,False,ESPN_PUBLIC_SCOREBOARD_API,TIER_2_MEDIA_AGGREGATOR,https://site.web.api.espn.com/apis/site/v2/sports/football/college-football/scoreboard?dates=20201031&groups=80&limit=400,d92a003922d338aaff96b37a7c8eea83064d9a68f2aa61ed7b7fc84feeaa6d25,CORROBORATED_BY_TIER_1
ESPN-2020-401249856,2020,REGULAR_SEASON,10,2020-11-04T23:00:00Z,1604530800,2309,Kent State Golden Flashes,Kent State,2199,Eastern Michigan Eagles,Eastern Michigan,27,23,4,FBS,FBS,Mid-American Conference,Mid-American Conference,False,False,Zoeller Field at Dix Stadium,Kent,OH,REGULAR_SEASON,True,False,ESPN_PUBLIC_SCOREBOARD_API,TIER_2_MEDIA_AGGREGATOR,https://site.web.api.espn.com/apis/site/v2/sports/football/college-football/scoreboard?dates=20201104&groups=80&limit=400,b97382c940777601b1413b984439b75b9fb4aa4bd395530e6ea1ff40580ea650,CORROBORATED_BY_TIER_1
ESPN-2020-401249857,2020,REGULAR_SEASON,10,2020-11-04T23:00:00Z,1604530800,2006,Akron Zips,Akron,2711,Western Michigan Broncos,Western Michigan,13,58,-45,FBS,FBS,Mid-American Conference,Mid-American Conference,False,False,InfoCision Stadium,Akron,OH,REGULAR_SEASON,True,False,ESPN_PUBLIC_SCOREBOARD_API,TIER_2_MEDIA_AGGREGATOR,https://site.web.api.espn.com/apis/site/v2/sports/football/college-football/scoreboard?dates=20201104&groups=80&limit=400,b97382c940777601b1413b984439b75b9fb4aa4bd395530e6ea1ff40580ea650,CORROBORATED_BY_TIER_1
ESPN-2020-401249859,2020,REGULAR_SEASON,10,2020-11-05T00:00:00Z,1604534400,2459,Northern Illinois Huskies,Northern Illinois,2084,Buffalo Bulls,Buffalo,30,49,-19,FBS,FBS,Mid-American Conference,Mid-American Conference,False,False,Huskie Stadium,Dekalb,IL,REGULAR_SEASON,True,False,ESPN_PUBLIC_SCOREBOARD_API,TIER_2_MEDIA_AGGREGATOR,https://site.web.api.espn.com/apis/site/v2/sports/football/college-football/scoreboard?dates=20201104&groups=80&limit=400,b97382c940777601b1413b984439b75b9fb4aa4bd395530e6ea1ff40580ea650,CORROBORATED_BY_TIER_1
ESPN-2020-401249860,2020,REGULAR_SEASON,10,2020-11-05T00:00:00Z,1604534400,2117,Central Michigan Chippewas,Central Michigan,195,Ohio Bobcats,Ohio,30,27,3,FBS,FBS,Mid-American Conference,Mid-American Conference,False,False,Kelly/Shorts Stadium,Mount Pleasant,MI,REGULAR_SEASON,True,False,ESPN_PUBLIC_SCOREBOARD_API,TIER_2_MEDIA_AGGREGATOR,https://site.web.api.espn.com/apis/site/v2/sports/football/college-football/scoreboard?dates=20201104&groups=80&limit=400,b97382c940777601b1413b984439b75b9fb4aa4bd395530e6ea1ff40580ea650,CORROBORATED_BY_TIER_1
ESPN-2020-401249889,2020,REGULAR_SEASON,10,2020-11-05T00:00:00Z,1604534400,193,Miami (OH) RedHawks,Miami (OH),2050,Ball State Cardinals,Ball State,38,31,7,FBS,FBS,Mid-American Conference,Mid-American Conference,False,False,Yager Stadium,Oxford,OH,REGULAR_SEASON,True,False,ESPN_PUBLIC_SCOREBOARD_API,TIER_2_MEDIA_AGGREGATOR,https://site.web.api.espn.com/apis/site/v2/sports/football/college-football/scoreboard?dates=20201104&groups=80&limit=400,b97382c940777601b1413b984439b75b9fb4aa4bd395530e6ea1ff40580ea650,CORROBORATED_BY_TIER_1
ESPN-2020-401249858,2020,REGULAR_SEASON,10,2020-11-05T01:00:00Z,1604538000,2649,Toledo Rockets,Toledo,189,Bowling Green Falcons,Bowling Green,38,3,35,FBS,FBS,Mid-American Conference,Mid-American Conference,False,False,Glass Bowl,Toledo,OH,REGULAR_SEASON,True,False,ESPN_PUBLIC_SCOREBOARD_API,TIER_2_MEDIA_AGGREGATOR,https://site.web.api.espn.com/apis/site/v2/sports/football/college-football/scoreboard?dates=20201104&groups=80&limit=400,b97382c940777601b1413b984439b75b9fb4aa4bd395530e6ea1ff40580ea650,CORROBORATED_BY_TIER_1
ESPN-2020-401249009,2020,REGULAR_SEASON,10,2020-11-06T00:00:00Z,1604620800,2440,Nevada Wolf Pack,Nevada,328,Utah State Aggies,Utah State,34,9,25,FBS,FBS,Mountain West Conference,Mountain West Conference,False,False,Mackay Stadium,Reno,NV,REGULAR_SEASON,True,False,ESPN_PUBLIC_SCOREBOARD_API,TIER_2_MEDIA_AGGREGATOR,https://site.web.api.espn.com/apis/site/v2/sports/football/college-football/scoreboard?dates=20201105&groups=80&limit=400,af49383395e7d45f124c4d8e78754785d520a04c9a02a580471bc28ea32d0950,CORROBORATED_BY_TIER_1
ESPN-2020-401249010,2020,REGULAR_SEASON,10,2020-11-06T02:00:00Z,1604628000,36,Colorado State Rams,Colorado State,2751,Wyoming Cowboys,Wyoming,34,24,10,FBS,FBS,Mountain West Conference,Mountain West Conference,False,False,Canvas Stadium,Fort Collins,CO,REGULAR_SEASON,True,False,ESPN_PUBLIC_SCOREBOARD_API,TIER_2_MEDIA_AGGREGATOR,https://site.web.api.espn.com/apis/site/v2/sports/football/college-football/scoreboard?dates=20201105&groups=80&limit=400,af49383395e7d45f124c4d8e78754785d520a04c9a02a580471bc28ea32d0950,CORROBORATED_BY_TIER_1
ESPN-2020-401234630,2020,REGULAR_SEASON,10,2020-11-07T00:30:00Z,1604709000,152,NC State Wolfpack,NC State,2390,Miami Hurricanes,Miami,41,44,-3,FBS,FBS,Atlantic Coast Conference,Atlantic Coast Conference,False,False,Carter-Finley Stadium,Raleigh,NC,REGULAR_SEASON,True,False,ESPN_PUBLIC_SCOREBOARD_API,TIER_2_MEDIA_AGGREGATOR,https://site.web.api.espn.com/apis/site/v2/sports/football/college-football/scoreboard?dates=20201106&groups=80&limit=400,36896a1998d5c82610f1db209b774db5e58eef707ef43e02958bb814c419889d,CORROBORATED_BY_TIER_1
ESPN-2020-401249008,2020,REGULAR_SEASON,10,2020-11-07T02:00:00Z,1604714400,21,San Diego State Aztecs,San Diego State,23,San José State Spartans,San José State,17,28,-11,FBS,FBS,Mountain West Conference,Mountain West Conference,False,False,Dignity Health Sports Park,Carson,CA,REGULAR_SEASON,True,False,ESPN_PUBLIC_SCOREBOARD_API,TIER_2_MEDIA_AGGREGATOR,https://site.web.api.espn.com/apis/site/v2/sports/football/college-football/scoreboard?dates=20201106&groups=80&limit=400,36896a1998d5c82610f1db209b774db5e58eef707ef43e02958bb814c419889d,CORROBORATED_BY_TIER_1
ESPN-2020-401249005,2020,REGULAR_SEASON,10,2020-11-07T02:45:00Z,1604717100,68,Boise State Broncos,Boise State,252,BYU Cougars,BYU,17,51,-34,FBS,FBS,Mountain West Conference,FBS Independents,False,False,Albertsons Stadium,Boise,ID,REGULAR_SEASON,False,False,ESPN_PUBLIC_SCOREBOARD_API,TIER_2_MEDIA_AGGREGATOR,https://site.web.api.espn.com/apis/site/v2/sports/football/college-football/scoreboard?dates=20201106&groups=80&limit=400,36896a1998d5c82610f1db209b774db5e58eef707ef43e02958bb814c419889d,CORROBORATED_BY_TIER_1
ESPN-2020-401212480,2020,REGULAR_SEASON,10,2020-11-07T17:00:00Z,1604768400,235,Memphis Tigers,Memphis,58,South Florida Bulls,South Florida,34,33,1,FBS,FBS,American Conference,American Conference,False,False,Simmons Bank Liberty Stadium,Memphis,TN,REGULAR_SEASON,True,False,ESPN_PUBLIC_SCOREBOARD_API,TIER_2_MEDIA_AGGREGATOR,https://site.web.api.espn.com/apis/site/v2/sports/football/college-football/scoreboard?dates=20201107&groups=80&limit=400,8c8232737096b8f13c7a5c146fc6cdf11f72c911ae9e0006243a1c096600e895,CORROBORATED_BY_TIER_1
ESPN-2020-401212490,2020,REGULAR_SEASON,10,2020-11-07T17:00:00Z,1604768400,218,Temple Owls,Temple,2567,SMU Mustangs,SMU,23,47,-24,FBS,FBS,American Conference,American Conference,False,False,Lincoln Financial Field,Philadelphia,PA,REGULAR_SEASON,True,False,ESPN_PUBLIC_SCOREBOARD_API,TIER_2_MEDIA_AGGREGATOR,https://site.web.api.espn.com/apis/site/v2/sports/football/college-football/scoreboard?dates=20201107&groups=80&limit=400,8c8232737096b8f13c7a5c146fc6cdf11f72c911ae9e0006243a1c096600e895,CORROBORATED_BY_TIER_1
ESPN-2020-401212525,2020,REGULAR_SEASON,10,2020-11-07T17:00:00Z,1604768400,151,East Carolina Pirates,East Carolina,2655,Tulane Green Wave,Tulane,21,38,-17,FBS,FBS,American Conference,American Conference,False,False,Dowdy-Ficklen Stadium,Greenville,NC,REGULAR_SEASON,True,False,ESPN_PUBLIC_SCOREBOARD_API,TIER_2_MEDIA_AGGREGATOR,https://site.web.api.espn.com/apis/site/v2/sports/football/college-football/scoreboard?dates=20201107&groups=80&limit=400,8c8232737096b8f13c7a5c146fc6cdf11f72c911ae9e0006243a1c096600e895,CORROBORATED_BY_TIER_1
ESPN-2020-401215327,2020,REGULAR_SEASON,10,2020-11-07T17:00:00Z,1604768400,2247,Georgia State Panthers,Georgia State,2433,UL Monroe Warhawks,UL Monroe,52,34,18,FBS,FBS,Sun Belt Conference,Sun Belt Conference,False,False,Center Parc Stadium,Atlanta,GA,REGULAR_SEASON,True,False,ESPN_PUBLIC_SCOREBOARD_API,TIER_2_MEDIA_AGGREGATOR,https://site.web.api.espn.com/apis/site/v2/sports/football/college-football/scoreboard?dates=20201107&groups=80&limit=400,8c8232737096b8f13c7a5c146fc6cdf11f72c911ae9e0006243a1c096600e895,CORROBORATED_BY_TIER_1
ESPN-2020-401234633,2020,REGULAR_SEASON,10,2020-11-07T17:00:00Z,1604768400,150,Duke Blue Devils,Duke,153,North Carolina Tar Heels,North Carolina,24,56,-32,FBS,FBS,Atlantic Coast Conference,Atlantic Coast Conference,False,False,Wallace Wade Stadium,Durham,NC,REGULAR_SEASON,True,False,ESPN_PUBLIC_SCOREBOARD_API,TIER_2_MEDIA_AGGREGATOR,https://site.web.api.espn.com/apis/site/v2/sports/football/college-football/scoreboard?dates=20201107&groups=80&limit=400,8c8232737096b8f13c7a5c146fc6cdf11f72c911ae9e0006243a1c096600e895,CORROBORATED_BY_TIER_1
ESPN-2020-401234636,2020,REGULAR_SEASON,10,2020-11-07T17:00:00Z,1604768400,259,Virginia Tech Hokies,Virginia Tech,2335,Liberty Flames,Liberty,35,38,-3,FBS,FBS,Atlantic Coast Conference,FBS Independents,False,False,Lane Stadium,Blacksburg,VA,REGULAR_SEASON,False,False,ESPN_PUBLIC_SCOREBOARD_API,TIER_2_MEDIA_AGGREGATOR,https://site.web.api.espn.com/apis/site/v2/sports/football/college-football/scoreboard?dates=20201107&groups=80&limit=400,8c8232737096b8f13c7a5c146fc6cdf11f72c911ae9e0006243a1c096600e895,CORROBORATED_BY_TIER_1
ESPN-2020-401236022,2020,REGULAR_SEASON,10,2020-11-07T17:00:00Z,1604768400,251,Texas Longhorns,Texas,277,West Virginia Mountaineers,West Virginia,17,13,4,FBS,FBS,Big 12 Conference,Big 12 Conference,False,False,DKR-Texas Memorial Stadium,Austin,TX,REGULAR_SEASON,True,False,ESPN_PUBLIC_SCOREBOARD_API,TIER_2_MEDIA_AGGREGATOR,https://site.web.api.espn.com/apis/site/v2/sports/football/college-football/scoreboard?dates=20201107&groups=80&limit=400,8c8232737096b8f13c7a5c146fc6cdf11f72c911ae9e0006243a1c096600e895,CORROBORATED_BY_TIER_1
ESPN-2020-401247307,2020,REGULAR_SEASON,10,2020-11-07T17:00:00Z,1604768400,77,Northwestern Wildcats,Northwestern,158,Nebraska Cornhuskers,Nebraska,21,13,8,FBS,FBS,Big Ten Conference,Big Ten Conference,False,False,Ryan Field (1926),Evanston,IL,REGULAR_SEASON,True,False,ESPN_PUBLIC_SCOREBOARD_API,TIER_2_MEDIA_AGGREGATOR,https://site.web.api.espn.com/apis/site/v2/sports/football/college-football/scoreboard?dates=20201107&groups=80&limit=400,8c8232737096b8f13c7a5c146fc6cdf11f72c911ae9e0006243a1c096600e895,CORROBORATED_BY_TIER_1
ESPN-2020-401247309,2020,REGULAR_SEASON,10,2020-11-07T17:00:00Z,1604768400,84,Indiana Hoosiers,Indiana,130,Michigan Wolverines,Michigan,38,21,17,FBS,FBS,Big Ten Conference,Big Ten Conference,False,False,"Memorial Stadium (Bloomington, IN)",Bloomington,IN,REGULAR_SEASON,True,False,ESPN_PUBLIC_SCOREBOARD_API,TIER_2_MEDIA_AGGREGATOR,https://site.web.api.espn.com/apis/site/v2/sports/football/college-football/scoreboard?dates=20201107&groups=80&limit=400,8c8232737096b8f13c7a5c146fc6cdf11f72c911ae9e0006243a1c096600e895,CORROBORATED_BY_TIER_1
ESPN-2020-401247313,2020,REGULAR_SEASON,10,2020-11-07T17:00:00Z,1604768400,2294,Iowa Hawkeyes,Iowa,127,Michigan State Spartans,Michigan State,49,7,42,FBS,FBS,Big Ten Conference,Big Ten Conference,False,False,Kinnick Stadium,Iowa City,IA,REGULAR_SEASON,True,False,ESPN_PUBLIC_SCOREBOARD_API,TIER_2_MEDIA_AGGREGATOR,https://site.web.api.espn.com/apis/site/v2/sports/football/college-football/scoreboard?dates=20201107&groups=80&limit=400,8c8232737096b8f13c7a5c146fc6cdf11f72c911ae9e0006243a1c096600e895,CORROBORATED_BY_TIER_1
ESPN-2020-401249400,2020,REGULAR_SEASON,10,2020-11-07T17:00:00Z,1604768400,30,USC Trojans,USC,9,Arizona State Sun Devils,Arizona State,28,27,1,FBS,FBS,Pac-12 Conference,Pac-12 Conference,False,False,Los Angeles Memorial Coliseum,Los Angeles,CA,REGULAR_SEASON,True,False,ESPN_PUBLIC_SCOREBOARD_API,TIER_2_MEDIA_AGGREGATOR,https://site.web.api.espn.com/apis/site/v2/sports/football/college-football/scoreboard?dates=20201107&groups=80&limit=400,8c8232737096b8f13c7a5c146fc6cdf11f72c911ae9e0006243a1c096600e895,CORROBORATED_BY_TIER_1
ESPN-2020-401253924,2020,REGULAR_SEASON,10,2020-11-07T17:00:00Z,1604768400,309,Louisiana Ragin' Cajuns,Louisiana,2032,Arkansas State Red Wolves,Arkansas State,27,20,7,FBS,FBS,Sun Belt Conference,Sun Belt Conference,False,False,Our Lady of Lourdes Stadium,Lafayette,LA,REGULAR_SEASON,True,False,ESPN_PUBLIC_SCOREBOARD_API,TIER_2_MEDIA_AGGREGATOR,https://site.web.api.espn.com/apis/site/v2/sports/football/college-football/scoreboard?dates=20201107&groups=80&limit=400,8c8232737096b8f13c7a5c146fc6cdf11f72c911ae9e0006243a1c096600e895,CORROBORATED_BY_TIER_1
ESPN-2020-401215326,2020,REGULAR_SEASON,10,2020-11-07T18:00:00Z,1604772000,290,Georgia Southern Eagles,Georgia Southern,2653,Troy Trojans,Troy,20,13,7,FBS,FBS,Sun Belt Conference,Sun Belt Conference,False,False,Allen E. Paulson Stadium,Statesboro,GA,REGULAR_SEASON,True,False,ESPN_PUBLIC_SCOREBOARD_API,TIER_2_MEDIA_AGGREGATOR,https://site.web.api.espn.com/apis/site/v2/sports/football/college-football/scoreboard?dates=20201107&groups=80&limit=400,8c8232737096b8f13c7a5c146fc6cdf11f72c911ae9e0006243a1c096600e895,CORROBORATED_BY_TIER_1
ESPN-2020-401234631,2020,REGULAR_SEASON,10,2020-11-07T19:00:00Z,1604775600,183,Syracuse Orange,Syracuse,103,Boston College Eagles,Boston College,13,16,-3,FBS,FBS,Atlantic Coast Conference,Atlantic Coast Conference,False,False,JMA Wireless Dome,Syracuse,NY,REGULAR_SEASON,True,False,ESPN_PUBLIC_SCOREBOARD_API,TIER_2_MEDIA_AGGREGATOR,https://site.web.api.espn.com/apis/site/v2/sports/football/college-football/scoreboard?dates=20201107&groups=80&limit=400,8c8232737096b8f13c7a5c146fc6cdf11f72c911ae9e0006243a1c096600e895,CORROBORATED_BY_TIER_1
ESPN-2020-401251931,2020,REGULAR_SEASON,10,2020-11-07T19:30:00Z,1604777400,276,Marshall Thundering Herd,Marshall,113,Massachusetts Minutemen,Massachusetts,51,10,41,FBS,FBS,Conference USA,FBS Independents,False,False,Joan C. Edwards Stadium,Huntington,WV,REGULAR_SEASON,False,False,ESPN_PUBLIC_SCOREBOARD_API,TIER_2_MEDIA_AGGREGATOR,https://site.web.api.espn.com/apis/site/v2/sports/football/college-football/scoreboard?dates=20201107&groups=80&limit=400,8c8232737096b8f13c7a5c146fc6cdf11f72c911ae9e0006243a1c096600e895,CORROBORATED_BY_TIER_1
ESPN-2020-401215324,2020,REGULAR_SEASON,10,2020-11-07T20:00:00Z,1604779200,326,Texas State Bobcats,Texas State,2026,Appalachian State Mountaineers,Appalachian State,17,38,-21,FBS,FBS,Sun Belt Conference,Sun Belt Conference,False,False,UFCU Stadium,San Marcos,TX,REGULAR_SEASON,True,False,ESPN_PUBLIC_SCOREBOARD_API,TIER_2_MEDIA_AGGREGATOR,https://site.web.api.espn.com/apis/site/v2/sports/football/college-football/scoreboard?dates=20201107&groups=80&limit=400,8c8232737096b8f13c7a5c146fc6cdf11f72c911ae9e0006243a1c096600e895,CORROBORATED_BY_TIER_1
ESPN-2020-401240035,2020,REGULAR_SEASON,10,2020-11-07T20:00:00Z,1604779200,2572,Southern Mississippi Golden Eagles,Southern Mississippi,2453,North Alabama Lions,North Alabama,24,13,11,FBS,FCS,Conference USA,Big South Conference,True,False,M. M. Roberts Stadium,Hattiesburg,MS,REGULAR_SEASON,False,False,ESPN_PUBLIC_SCOREBOARD_API,TIER_2_MEDIA_AGGREGATOR,https://site.web.api.espn.com/apis/site/v2/sports/football/college-football/scoreboard?dates=20201107&groups=80&limit=400,8c8232737096b8f13c7a5c146fc6cdf11f72c911ae9e0006243a1c096600e895,CORROBORATED_BY_TIER_1
ESPN-2020-401212544,2020,REGULAR_SEASON,10,2020-11-07T20:30:00Z,1604781000,2132,Cincinnati Bearcats,Cincinnati,248,Houston Cougars,Houston,38,10,28,FBS,FBS,American Conference,American Conference,False,False,Nippert Stadium,Cincinnati,OH,REGULAR_SEASON,True,False,ESPN_PUBLIC_SCOREBOARD_API,TIER_2_MEDIA_AGGREGATOR,https://site.web.api.espn.com/apis/site/v2/sports/football/college-football/scoreboard?dates=20201107&groups=80&limit=400,8c8232737096b8f13c7a5c146fc6cdf11f72c911ae9e0006243a1c096600e895,CORROBORATED_BY_TIER_1
ESPN-2020-401236019,2020,REGULAR_SEASON,10,2020-11-07T20:30:00Z,1604781000,201,Oklahoma Sooners,Oklahoma,2305,Kansas Jayhawks,Kansas,62,9,53,FBS,FBS,Big 12 Conference,Big 12 Conference,False,False,"Memorial Stadium (Norman, OK)",Norman,OK,REGULAR_SEASON,True,False,ESPN_PUBLIC_SCOREBOARD_API,TIER_2_MEDIA_AGGREGATOR,https://site.web.api.espn.com/apis/site/v2/sports/football/college-football/scoreboard?dates=20201107&groups=80&limit=400,8c8232737096b8f13c7a5c146fc6cdf11f72c911ae9e0006243a1c096600e895,CORROBORATED_BY_TIER_1
ESPN-2020-401236021,2020,REGULAR_SEASON,10,2020-11-07T20:30:00Z,1604781000,2628,TCU Horned Frogs,TCU,2641,Texas Tech Red Raiders,Texas Tech,34,18,16,FBS,FBS,Big 12 Conference,Big 12 Conference,False,False,Amon G. Carter Stadium,Fort Worth,TX,REGULAR_SEASON,True,False,ESPN_PUBLIC_SCOREBOARD_API,TIER_2_MEDIA_AGGREGATOR,https://site.web.api.espn.com/apis/site/v2/sports/football/college-football/scoreboard?dates=20201107&groups=80&limit=400,8c8232737096b8f13c7a5c146fc6cdf11f72c911ae9e0006243a1c096600e895,CORROBORATED_BY_TIER_1
ESPN-2020-401237125,2020,REGULAR_SEASON,10,2020-11-07T20:30:00Z,1604781000,61,Georgia Bulldogs,Georgia,57,Florida Gators,Florida,28,44,-16,FBS,FBS,Southeastern Conference,Southeastern Conference,False,True,EverBank Stadium,Jacksonville,FL,REGULAR_SEASON,True,False,ESPN_PUBLIC_SCOREBOARD_API,TIER_2_MEDIA_AGGREGATOR,https://site.web.api.espn.com/apis/site/v2/sports/football/college-football/scoreboard?dates=20201107&groups=80&limit=400,8c8232737096b8f13c7a5c146fc6cdf11f72c911ae9e0006243a1c096600e895,CORROBORATED_BY_TIER_1
ESPN-2020-401237126,2020,REGULAR_SEASON,10,2020-11-07T20:30:00Z,1604781000,344,Mississippi State Bulldogs,Mississippi State,238,Vanderbilt Commodores,Vanderbilt,24,17,7,FBS,FBS,Southeastern Conference,Southeastern Conference,False,False,Davis Wade Stadium,Starkville,MS,REGULAR_SEASON,True,False,ESPN_PUBLIC_SCOREBOARD_API,TIER_2_MEDIA_AGGREGATOR,https://site.web.api.espn.com/apis/site/v2/sports/football/college-football/scoreboard?dates=20201107&groups=80&limit=400,8c8232737096b8f13c7a5c146fc6cdf11f72c911ae9e0006243a1c096600e895,CORROBORATED_BY_TIER_1
ESPN-2020-401247308,2020,REGULAR_SEASON,10,2020-11-07T20:30:00Z,1604781000,356,Illinois Fighting Illini,Illinois,135,Minnesota Golden Gophers,Minnesota,14,41,-27,FBS,FBS,Big Ten Conference,Big Ten Conference,False,False,Gies Memorial Stadium,Champaign,IL,REGULAR_SEASON,True,False,ESPN_PUBLIC_SCOREBOARD_API,TIER_2_MEDIA_AGGREGATOR,https://site.web.api.espn.com/apis/site/v2/sports/football/college-football/scoreboard?dates=20201107&groups=80&limit=400,8c8232737096b8f13c7a5c146fc6cdf11f72c911ae9e0006243a1c096600e895,CORROBORATED_BY_TIER_1
ESPN-2020-401247312,2020,REGULAR_SEASON,10,2020-11-07T20:30:00Z,1604781000,213,Penn State Nittany Lions,Penn State,120,Maryland Terrapins,Maryland,19,35,-16,FBS,FBS,Big Ten Conference,Big Ten Conference,False,False,Beaver Stadium,University Park,PA,REGULAR_SEASON,True,False,ESPN_PUBLIC_SCOREBOARD_API,TIER_2_MEDIA_AGGREGATOR,https://site.web.api.espn.com/apis/site/v2/sports/football/college-football/scoreboard?dates=20201107&groups=80&limit=400,8c8232737096b8f13c7a5c146fc6cdf11f72c911ae9e0006243a1c096600e895,CORROBORATED_BY_TIER_1
ESPN-2020-401249006,2020,REGULAR_SEASON,10,2020-11-07T20:30:00Z,1604781000,2439,UNLV Rebels,UNLV,278,Fresno State Bulldogs,Fresno State,27,40,-13,FBS,FBS,Mountain West Conference,Mountain West Conference,False,False,Allegiant Stadium,Las Vegas,NV,REGULAR_SEASON,True,False,ESPN_PUBLIC_SCOREBOARD_API,TIER_2_MEDIA_AGGREGATOR,https://site.web.api.espn.com/apis/site/v2/sports/football/college-football/scoreboard?dates=20201107&groups=80&limit=400,8c8232737096b8f13c7a5c146fc6cdf11f72c911ae9e0006243a1c096600e895,CORROBORATED_BY_TIER_1
ESPN-2020-401234634,2020,REGULAR_SEASON,10,2020-11-07T21:00:00Z,1604782800,52,Florida State Seminoles,Florida State,221,Pittsburgh Panthers,Pittsburgh,17,41,-24,FBS,FBS,Atlantic Coast Conference,Atlantic Coast Conference,False,False,Doak Campbell Stadium,Tallahassee,FL,REGULAR_SEASON,True,False,ESPN_PUBLIC_SCOREBOARD_API,TIER_2_MEDIA_AGGREGATOR,https://site.web.api.espn.com/apis/site/v2/sports/football/college-football/scoreboard?dates=20201107&groups=80&limit=400,8c8232737096b8f13c7a5c146fc6cdf11f72c911ae9e0006243a1c096600e895,CORROBORATED_BY_TIER_1
ESPN-2020-401236020,2020,REGULAR_SEASON,10,2020-11-07T21:00:00Z,1604782800,2306,Kansas State Wildcats,Kansas State,197,Oklahoma State Cowboys,Oklahoma State,18,20,-2,FBS,FBS,Big 12 Conference,Big 12 Conference,False,False,Bill Snyder Family Stadium,Manhattan,KS,REGULAR_SEASON,True,False,ESPN_PUBLIC_SCOREBOARD_API,TIER_2_MEDIA_AGGREGATOR,https://site.web.api.espn.com/apis/site/v2/sports/football/college-football/scoreboard?dates=20201107&groups=80&limit=400,8c8232737096b8f13c7a5c146fc6cdf11f72c911ae9e0006243a1c096600e895,CORROBORATED_BY_TIER_1
ESPN-2020-401207169,2020,REGULAR_SEASON,10,2020-11-07T23:00:00Z,1604790000,2226,Florida Atlantic Owls,Florida Atlantic,98,Western Kentucky Hilltoppers,Western Kentucky,10,6,4,FBS,FBS,Conference USA,Conference USA,False,False,Flagler Credit Union Stadium,Boca Raton,FL,REGULAR_SEASON,True,False,ESPN_PUBLIC_SCOREBOARD_API,TIER_2_MEDIA_AGGREGATOR,https://site.web.api.espn.com/apis/site/v2/sports/football/college-football/scoreboard?dates=20201107&groups=80&limit=400,8c8232737096b8f13c7a5c146fc6cdf11f72c911ae9e0006243a1c096600e895,CORROBORATED_BY_TIER_1
ESPN-2020-401236018,2020,REGULAR_SEASON,10,2020-11-08T00:00:00Z,1604793600,66,Iowa State Cyclones,Iowa State,239,Baylor Bears,Baylor,38,31,7,FBS,FBS,Big 12 Conference,Big 12 Conference,False,False,Jack Trice Stadium,Ames,IA,REGULAR_SEASON,True,False,ESPN_PUBLIC_SCOREBOARD_API,TIER_2_MEDIA_AGGREGATOR,https://site.web.api.espn.com/apis/site/v2/sports/football/college-football/scoreboard?dates=20201107&groups=80&limit=400,8c8232737096b8f13c7a5c146fc6cdf11f72c911ae9e0006243a1c096600e895,CORROBORATED_BY_TIER_1
ESPN-2020-401237127,2020,REGULAR_SEASON,10,2020-11-08T00:00:00Z,1604793600,2579,South Carolina Gamecocks,South Carolina,245,Texas A&M Aggies,Texas A&M,3,48,-45,FBS,FBS,Southeastern Conference,Southeastern Conference,False,False,Williams-Brice Stadium,Columbia,SC,REGULAR_SEASON,True,False,ESPN_PUBLIC_SCOREBOARD_API,TIER_2_MEDIA_AGGREGATOR,https://site.web.api.espn.com/apis/site/v2/sports/football/college-football/scoreboard?dates=20201107&groups=80&limit=400,8c8232737096b8f13c7a5c146fc6cdf11f72c911ae9e0006243a1c096600e895,CORROBORATED_BY_TIER_1
ESPN-2020-401249402,2020,REGULAR_SEASON,10,2020-11-08T00:00:00Z,1604793600,38,Colorado Buffaloes,Colorado,26,UCLA Bruins,UCLA,48,42,6,FBS,FBS,Pac-12 Conference,Pac-12 Conference,False,False,Folsom Field,Boulder,CO,REGULAR_SEASON,True,False,ESPN_PUBLIC_SCOREBOARD_API,TIER_2_MEDIA_AGGREGATOR,https://site.web.api.espn.com/apis/site/v2/sports/football/college-football/scoreboard?dates=20201107&groups=80&limit=400,8c8232737096b8f13c7a5c146fc6cdf11f72c911ae9e0006243a1c096600e895,CORROBORATED_BY_TIER_1
ESPN-2020-401234632,2020,REGULAR_SEASON,10,2020-11-08T00:30:00Z,1604795400,87,Notre Dame Fighting Irish,Notre Dame,228,Clemson Tigers,Clemson,47,40,7,FBS,FBS,Atlantic Coast Conference,Atlantic Coast Conference,False,False,Notre Dame Stadium,Notre Dame,IN,REGULAR_SEASON,True,True,ESPN_PUBLIC_SCOREBOARD_API,TIER_2_MEDIA_AGGREGATOR,https://site.web.api.espn.com/apis/site/v2/sports/football/college-football/scoreboard?dates=20201107&groups=80&limit=400,8c8232737096b8f13c7a5c146fc6cdf11f72c911ae9e0006243a1c096600e895,CORROBORATED_BY_TIER_1
ESPN-2020-401237124,2020,REGULAR_SEASON,10,2020-11-08T00:30:00Z,1604795400,8,Arkansas Razorbacks,Arkansas,2633,Tennessee Volunteers,Tennessee,24,13,11,FBS,FBS,Southeastern Conference,Southeastern Conference,False,False,Donald W. Reynolds Razorback Stadium,Fayetteville,AR,REGULAR_SEASON,True,False,ESPN_PUBLIC_SCOREBOARD_API,TIER_2_MEDIA_AGGREGATOR,https://site.web.api.espn.com/apis/site/v2/sports/football/college-football/scoreboard?dates=20201107&groups=80&limit=400,8c8232737096b8f13c7a5c146fc6cdf11f72c911ae9e0006243a1c096600e895,CORROBORATED_BY_TIER_1
ESPN-2020-401247310,2020,REGULAR_SEASON,10,2020-11-08T00:30:00Z,1604795400,194,Ohio State Buckeyes,Ohio State,164,Rutgers Scarlet Knights,Rutgers,49,27,22,FBS,FBS,Big Ten Conference,Big Ten Conference,False,False,Ohio Stadium,Columbus,OH,REGULAR_SEASON,True,False,ESPN_PUBLIC_SCOREBOARD_API,TIER_2_MEDIA_AGGREGATOR,https://site.web.api.espn.com/apis/site/v2/sports/football/college-football/scoreboard?dates=20201107&groups=80&limit=400,8c8232737096b8f13c7a5c146fc6cdf11f72c911ae9e0006243a1c096600e895,CORROBORATED_BY_TIER_1
ESPN-2020-401249399,2020,REGULAR_SEASON,10,2020-11-08T00:30:00Z,1604795400,2483,Oregon Ducks,Oregon,24,Stanford Cardinal,Stanford,35,14,21,FBS,FBS,Pac-12 Conference,Pac-12 Conference,False,False,Autzen Stadium,Eugene,OR,REGULAR_SEASON,True,False,ESPN_PUBLIC_SCOREBOARD_API,TIER_2_MEDIA_AGGREGATOR,https://site.web.api.espn.com/apis/site/v2/sports/football/college-football/scoreboard?dates=20201107&groups=80&limit=400,8c8232737096b8f13c7a5c146fc6cdf11f72c911ae9e0006243a1c096600e895,CORROBORATED_BY_TIER_1
ESPN-2020-401215325,2020,REGULAR_SEASON,10,2020-11-08T01:00:00Z,1604797200,324,Coastal Carolina Chanticleers,Coastal Carolina,6,South Alabama Jaguars,South Alabama,23,6,17,FBS,FBS,Sun Belt Conference,Sun Belt Conference,False,False,Brooks Stadium (SC),Conway,SC,REGULAR_SEASON,True,False,ESPN_PUBLIC_SCOREBOARD_API,TIER_2_MEDIA_AGGREGATOR,https://site.web.api.espn.com/apis/site/v2/sports/football/college-football/scoreboard?dates=20201107&groups=80&limit=400,8c8232737096b8f13c7a5c146fc6cdf11f72c911ae9e0006243a1c096600e895,CORROBORATED_BY_TIER_1
ESPN-2020-401249397,2020,REGULAR_SEASON,10,2020-11-08T03:30:00Z,1604806200,204,Oregon State Beavers,Oregon State,265,Washington State Cougars,Washington State,28,38,-10,FBS,FBS,Pac-12 Conference,Pac-12 Conference,False,False,Reser Stadium,Corvallis,OR,REGULAR_SEASON,True,False,ESPN_PUBLIC_SCOREBOARD_API,TIER_2_MEDIA_AGGREGATOR,https://site.web.api.espn.com/apis/site/v2/sports/football/college-football/scoreboard?dates=20201107&groups=80&limit=400,8c8232737096b8f13c7a5c146fc6cdf11f72c911ae9e0006243a1c096600e895,CORROBORATED_BY_TIER_1
ESPN-2020-401249007,2020,REGULAR_SEASON,10,2020-11-08T04:00:00Z,1604808000,62,Hawai'i Rainbow Warriors,Hawai'i,167,New Mexico Lobos,New Mexico,39,33,6,FBS,FBS,Mountain West Conference,Mountain West Conference,False,False,,,,REGULAR_SEASON,True,False,ESPN_PUBLIC_SCOREBOARD_API,TIER_2_MEDIA_AGGREGATOR,https://site.web.api.espn.com/apis/site/v2/sports/football/college-football/scoreboard?dates=20201107&groups=80&limit=400,8c8232737096b8f13c7a5c146fc6cdf11f72c911ae9e0006243a1c096600e895,CORROBORATED_BY_TIER_1
ESPN-2020-401249861,2020,REGULAR_SEASON,11,2020-11-11T00:00:00Z,1605052800,195,Ohio Bobcats,Ohio,2006,Akron Zips,Akron,24,10,14,FBS,FBS,Mid-American Conference,Mid-American Conference,False,False,Peden Stadium,Athens,OH,REGULAR_SEASON,True,False,ESPN_PUBLIC_SCOREBOARD_API,TIER_2_MEDIA_AGGREGATOR,https://site.web.api.espn.com/apis/site/v2/sports/football/college-football/scoreboard?dates=20201110&groups=80&limit=400,63a5e5d074279e0edfc7d1096ec0946fe4e5fedb405f3382daf71070fb0ce6d1,CORROBORATED_BY_TIER_1
ESPN-2020-401249862,2020,REGULAR_SEASON,11,2020-11-11T00:30:00Z,1605054600,189,Bowling Green Falcons,Bowling Green,2309,Kent State Golden Flashes,Kent State,24,62,-38,FBS,FBS,Mid-American Conference,Mid-American Conference,False,False,Doyt L. Perry Stadium,Bowling Green,OH,REGULAR_SEASON,True,False,ESPN_PUBLIC_SCOREBOARD_API,TIER_2_MEDIA_AGGREGATOR,https://site.web.api.espn.com/apis/site/v2/sports/football/college-football/scoreboard?dates=20201110&groups=80&limit=400,63a5e5d074279e0edfc7d1096ec0946fe4e5fedb405f3382daf71070fb0ce6d1,CORROBORATED_BY_TIER_1
ESPN-2020-401249890,2020,REGULAR_SEASON,11,2020-11-11T01:00:00Z,1605056400,2084,Buffalo Bulls,Buffalo,193,Miami (OH) RedHawks,Miami (OH),42,10,32,FBS,FBS,Mid-American Conference,Mid-American Conference,False,False,Broadview Stadium,Buffalo,NY,REGULAR_SEASON,True,False,ESPN_PUBLIC_SCOREBOARD_API,TIER_2_MEDIA_AGGREGATOR,https://site.web.api.espn.com/apis/site/v2/sports/football/college-football/scoreboard?dates=20201110&groups=80&limit=400,63a5e5d074279e0edfc7d1096ec0946fe4e5fedb405f3382daf71070fb0ce6d1,CORROBORATED_BY_TIER_1
ESPN-2020-401249865,2020,REGULAR_SEASON,11,2020-11-12T00:00:00Z,1605139200,2050,Ball State Cardinals,Ball State,2199,Eastern Michigan Eagles,Eastern Michigan,38,31,7,FBS,FBS,Mid-American Conference,Mid-American Conference,False,False,Scheumann Stadium,Muncie,IN,REGULAR_SEASON,True,False,ESPN_PUBLIC_SCOREBOARD_API,TIER_2_MEDIA_AGGREGATOR,https://site.web.api.espn.com/apis/site/v2/sports/football/college-football/scoreboard?dates=20201111&groups=80&limit=400,9c8c0d17396ed8b3eb094573b01d62f51ebfde8724e60bfa9f0f2ae1c80a0591,CORROBORATED_BY_TIER_1
ESPN-2020-401249864,2020,REGULAR_SEASON,11,2020-11-12T01:00:00Z,1605142800,2459,Northern Illinois Huskies,Northern Illinois,2117,Central Michigan Chippewas,Central Michigan,10,40,-30,FBS,FBS,Mid-American Conference,Mid-American Conference,False,False,Huskie Stadium,Dekalb,IL,REGULAR_SEASON,True,False,ESPN_PUBLIC_SCOREBOARD_API,TIER_2_MEDIA_AGGREGATOR,https://site.web.api.espn.com/apis/site/v2/sports/football/college-football/scoreboard?dates=20201111&groups=80&limit=400,9c8c0d17396ed8b3eb094573b01d62f51ebfde8724e60bfa9f0f2ae1c80a0591,CORROBORATED_BY_TIER_1
ESPN-2020-401249866,2020,REGULAR_SEASON,11,2020-11-12T01:00:00Z,1605142800,2711,Western Michigan Broncos,Western Michigan,2649,Toledo Rockets,Toledo,41,38,3,FBS,FBS,Mid-American Conference,Mid-American Conference,False,False,Waldo Stadium,Kalamazoo,MI,REGULAR_SEASON,True,False,ESPN_PUBLIC_SCOREBOARD_API,TIER_2_MEDIA_AGGREGATOR,https://site.web.api.espn.com/apis/site/v2/sports/football/college-football/scoreboard?dates=20201111&groups=80&limit=400,9c8c0d17396ed8b3eb094573b01d62f51ebfde8724e60bfa9f0f2ae1c80a0591,CORROBORATED_BY_TIER_1
ESPN-2020-401249012,2020,REGULAR_SEASON,11,2020-11-13T01:00:00Z,1605229200,68,Boise State Broncos,Boise State,36,Colorado State Rams,Colorado State,52,21,31,FBS,FBS,Mountain West Conference,Mountain West Conference,False,False,Albertsons Stadium,Boise,ID,REGULAR_SEASON,True,False,ESPN_PUBLIC_SCOREBOARD_API,TIER_2_MEDIA_AGGREGATOR,https://site.web.api.espn.com/apis/site/v2/sports/football/college-football/scoreboard?dates=20201112&groups=80&limit=400,e1a11375f0ee592bec6f291460d4e87073f51a36f8df4cc77ffb7734a5375418,CORROBORATED_BY_TIER_1
ESPN-2020-401207174,2020,REGULAR_SEASON,11,2020-11-14T00:00:00Z,1605312000,2229,Florida International Panthers,Florida International,2226,Florida Atlantic Owls,Florida Atlantic,19,38,-19,FBS,FBS,Conference USA,Conference USA,False,False,Riccardo Silva Stadium,Miami,FL,REGULAR_SEASON,True,False,ESPN_PUBLIC_SCOREBOARD_API,TIER_2_MEDIA_AGGREGATOR,https://site.web.api.espn.com/apis/site/v2/sports/football/college-football/scoreboard?dates=20201113&groups=80&limit=400,a63d95e66e6d20b404744887faa5d4021e10d7eb30a4b3939fae50e5ba9d0edc,CORROBORATED_BY_TIER_1
ESPN-2020-401247317,2020,REGULAR_SEASON,11,2020-11-14T00:00:00Z,1605312000,135,Minnesota Golden Gophers,Minnesota,2294,Iowa Hawkeyes,Iowa,7,35,-28,FBS,FBS,Big Ten Conference,Big Ten Conference,False,False,Huntington Bank Stadium,Minneapolis,MN,REGULAR_SEASON,True,False,ESPN_PUBLIC_SCOREBOARD_API,TIER_2_MEDIA_AGGREGATOR,https://site.web.api.espn.com/apis/site/v2/sports/football/college-football/scoreboard?dates=20201113&groups=80&limit=400,a63d95e66e6d20b404744887faa5d4021e10d7eb30a4b3939fae50e5ba9d0edc,CORROBORATED_BY_TIER_1
ESPN-2020-401212545,2020,REGULAR_SEASON,11,2020-11-14T00:30:00Z,1605313800,2132,Cincinnati Bearcats,Cincinnati,151,East Carolina Pirates,East Carolina,55,17,38,FBS,FBS,American Conference,American Conference,False,False,Nippert Stadium,Cincinnati,OH,REGULAR_SEASON,True,False,ESPN_PUBLIC_SCOREBOARD_API,TIER_2_MEDIA_AGGREGATOR,https://site.web.api.espn.com/apis/site/v2/sports/football/college-football/scoreboard?dates=20201113&groups=80&limit=400,a63d95e66e6d20b404744887faa5d4021e10d7eb30a4b3939fae50e5ba9d0edc,CORROBORATED_BY_TIER_1
ESPN-2020-401207176,2020,REGULAR_SEASON,11,2020-11-14T17:00:00Z,1605373200,276,Marshall Thundering Herd,Marshall,2393,Middle Tennessee Blue Raiders,Middle Tennessee,42,14,28,FBS,FBS,Conference USA,Conference USA,False,False,Joan C. Edwards Stadium,Huntington,WV,REGULAR_SEASON,True,False,ESPN_PUBLIC_SCOREBOARD_API,TIER_2_MEDIA_AGGREGATOR,https://site.web.api.espn.com/apis/site/v2/sports/football/college-football/scoreboard?dates=20201114&groups=80&limit=400,af1c713391fa859b03efae723fce46cd45c985e4f40757c8e011b2bd0e312638,CORROBORATED_BY_TIER_1
ESPN-2020-401207200,2020,REGULAR_SEASON,11,2020-11-14T17:00:00Z,1605373200,2655,Tulane Green Wave,Tulane,349,Army Black Knights,Army,38,12,26,FBS,FBS,American Conference,FBS Independents,False,False,Yulman Stadium,New Orleans,LA,REGULAR_SEASON,False,False,ESPN_PUBLIC_SCOREBOARD_API,TIER_2_MEDIA_AGGREGATOR,https://site.web.api.espn.com/apis/site/v2/sports/football/college-football/scoreboard?dates=20201114&groups=80&limit=400,af1c713391fa859b03efae723fce46cd45c985e4f40757c8e011b2bd0e312638,CORROBORATED_BY_TIER_1
ESPN-2020-401207218,2020,REGULAR_SEASON,11,2020-11-14T17:00:00Z,1605373200,2335,Liberty Flames,Liberty,2717,Western Carolina Catamounts,Western Carolina,58,14,44,FBS,FCS,FBS Independents,Southern Conference,True,False,Williams Stadium (VA),Lynchburg,VA,REGULAR_SEASON,False,False,ESPN_PUBLIC_SCOREBOARD_API,TIER_2_MEDIA_AGGREGATOR,https://site.web.api.espn.com/apis/site/v2/sports/football/college-football/scoreboard?dates=20201114&groups=80&limit=400,af1c713391fa859b03efae723fce46cd45c985e4f40757c8e011b2bd0e312638,NOT_CARRIED_BY_TIER_1_FEED
ESPN-2020-401234641,2020,REGULAR_SEASON,11,2020-11-14T17:00:00Z,1605373200,259,Virginia Tech Hokies,Virginia Tech,2390,Miami Hurricanes,Miami,24,25,-1,FBS,FBS,Atlantic Coast Conference,Atlantic Coast Conference,False,False,Lane Stadium,Blacksburg,VA,REGULAR_SEASON,True,False,ESPN_PUBLIC_SCOREBOARD_API,TIER_2_MEDIA_AGGREGATOR,https://site.web.api.espn.com/apis/site/v2/sports/football/college-football/scoreboard?dates=20201114&groups=80&limit=400,af1c713391fa859b03efae723fce46cd45c985e4f40757c8e011b2bd0e312638,CORROBORATED_BY_TIER_1
ESPN-2020-401234642,2020,REGULAR_SEASON,11,2020-11-14T17:00:00Z,1605373200,153,North Carolina Tar Heels,North Carolina,154,Wake Forest Demon Deacons,Wake Forest,59,53,6,FBS,FBS,Atlantic Coast Conference,Atlantic Coast Conference,False,False,Kenan Stadium,Chapel Hill,NC,REGULAR_SEASON,True,False,ESPN_PUBLIC_SCOREBOARD_API,TIER_2_MEDIA_AGGREGATOR,https://site.web.api.espn.com/apis/site/v2/sports/football/college-football/scoreboard?dates=20201114&groups=80&limit=400,af1c713391fa859b03efae723fce46cd45c985e4f40757c8e011b2bd0e312638,CORROBORATED_BY_TIER_1
ESPN-2020-401236024,2020,REGULAR_SEASON,11,2020-11-14T17:00:00Z,1605373200,277,West Virginia Mountaineers,West Virginia,2628,TCU Horned Frogs,TCU,24,6,18,FBS,FBS,Big 12 Conference,Big 12 Conference,False,False,Milan Puskar Stadium,Morgantown,WV,REGULAR_SEASON,True,False,ESPN_PUBLIC_SCOREBOARD_API,TIER_2_MEDIA_AGGREGATOR,https://site.web.api.espn.com/apis/site/v2/sports/football/college-football/scoreboard?dates=20201114&groups=80&limit=400,af1c713391fa859b03efae723fce46cd45c985e4f40757c8e011b2bd0e312638,CORROBORATED_BY_TIER_1
ESPN-2020-401237132,2020,REGULAR_SEASON,11,2020-11-14T17:00:00Z,1605373200,96,Kentucky Wildcats,Kentucky,238,Vanderbilt Commodores,Vanderbilt,38,35,3,FBS,FBS,Southeastern Conference,Southeastern Conference,False,False,Kroger Field,Lexington,KY,REGULAR_SEASON,True,False,ESPN_PUBLIC_SCOREBOARD_API,TIER_2_MEDIA_AGGREGATOR,https://site.web.api.espn.com/apis/site/v2/sports/football/college-football/scoreboard?dates=20201114&groups=80&limit=400,af1c713391fa859b03efae723fce46cd45c985e4f40757c8e011b2bd0e312638,CORROBORATED_BY_TIER_1
ESPN-2020-401247316,2020,REGULAR_SEASON,11,2020-11-14T17:00:00Z,1605373200,127,Michigan State Spartans,Michigan State,84,Indiana Hoosiers,Indiana,0,24,-24,FBS,FBS,Big Ten Conference,Big Ten Conference,False,False,Spartan Stadium,East Lansing,MI,REGULAR_SEASON,True,False,ESPN_PUBLIC_SCOREBOARD_API,TIER_2_MEDIA_AGGREGATOR,https://site.web.api.espn.com/apis/site/v2/sports/football/college-football/scoreboard?dates=20201114&groups=80&limit=400,af1c713391fa859b03efae723fce46cd45c985e4f40757c8e011b2bd0e312638,CORROBORATED_BY_TIER_1
ESPN-2020-401247320,2020,REGULAR_SEASON,11,2020-11-14T17:00:00Z,1605373200,158,Nebraska Cornhuskers,Nebraska,213,Penn State Nittany Lions,Penn State,30,23,7,FBS,FBS,Big Ten Conference,Big Ten Conference,False,False,"Memorial Stadium (Lincoln, NE)",Lincoln,NE,REGULAR_SEASON,True,False,ESPN_PUBLIC_SCOREBOARD_API,TIER_2_MEDIA_AGGREGATOR,https://site.web.api.espn.com/apis/site/v2/sports/football/college-football/scoreboard?dates=20201114&groups=80&limit=400,af1c713391fa859b03efae723fce46cd45c985e4f40757c8e011b2bd0e312638,CORROBORATED_BY_TIER_1
ESPN-2020-401247314,2020,REGULAR_SEASON,11,2020-11-14T18:00:00Z,1605376800,164,Rutgers Scarlet Knights,Rutgers,356,Illinois Fighting Illini,Illinois,20,23,-3,FBS,FBS,Big Ten Conference,Big Ten Conference,False,False,SHI Stadium,Piscataway,NJ,REGULAR_SEASON,True,False,ESPN_PUBLIC_SCOREBOARD_API,TIER_2_MEDIA_AGGREGATOR,https://site.web.api.espn.com/apis/site/v2/sports/football/college-football/scoreboard?dates=20201114&groups=80&limit=400,af1c713391fa859b03efae723fce46cd45c985e4f40757c8e011b2bd0e312638,CORROBORATED_BY_TIER_1
ESPN-2020-401215332,2020,REGULAR_SEASON,11,2020-11-14T19:00:00Z,1605380400,309,Louisiana Ragin' Cajuns,Louisiana,6,South Alabama Jaguars,South Alabama,38,10,28,FBS,FBS,Sun Belt Conference,Sun Belt Conference,False,False,Our Lady of Lourdes Stadium,Lafayette,LA,REGULAR_SEASON,True,False,ESPN_PUBLIC_SCOREBOARD_API,TIER_2_MEDIA_AGGREGATOR,https://site.web.api.espn.com/apis/site/v2/sports/football/college-football/scoreboard?dates=20201114&groups=80&limit=400,af1c713391fa859b03efae723fce46cd45c985e4f40757c8e011b2bd0e312638,CORROBORATED_BY_TIER_1
ESPN-2020-401215328,2020,REGULAR_SEASON,11,2020-11-14T19:30:00Z,1605382200,2026,Appalachian State Mountaineers,Appalachian State,2247,Georgia State Panthers,Georgia State,17,13,4,FBS,FBS,Sun Belt Conference,Sun Belt Conference,False,False,Kidd Brewer Stadium,Boone,NC,REGULAR_SEASON,True,False,ESPN_PUBLIC_SCOREBOARD_API,TIER_2_MEDIA_AGGREGATOR,https://site.web.api.espn.com/apis/site/v2/sports/football/college-football/scoreboard?dates=20201114&groups=80&limit=400,af1c713391fa859b03efae723fce46cd45c985e4f40757c8e011b2bd0e312638,CORROBORATED_BY_TIER_1
ESPN-2020-401249013,2020,REGULAR_SEASON,11,2020-11-14T19:30:00Z,1605382200,328,Utah State Aggies,Utah State,278,Fresno State Bulldogs,Fresno State,16,35,-19,FBS,FBS,Mountain West Conference,Mountain West Conference,False,False,Maverik Stadium,Logan,UT,REGULAR_SEASON,True,False,ESPN_PUBLIC_SCOREBOARD_API,TIER_2_MEDIA_AGGREGATOR,https://site.web.api.espn.com/apis/site/v2/sports/football/college-football/scoreboard?dates=20201114&groups=80&limit=400,af1c713391fa859b03efae723fce46cd45c985e4f40757c8e011b2bd0e312638,CORROBORATED_BY_TIER_1
ESPN-2020-401207179,2020,REGULAR_SEASON,11,2020-11-14T20:00:00Z,1605384000,2636,UTSA Roadrunners,UTSA,2638,UTEP Miners,UTEP,52,21,31,FBS,FBS,Conference USA,Conference USA,False,False,Alamodome,San Antonio,TX,REGULAR_SEASON,True,False,ESPN_PUBLIC_SCOREBOARD_API,TIER_2_MEDIA_AGGREGATOR,https://site.web.api.espn.com/apis/site/v2/sports/football/college-football/scoreboard?dates=20201114&groups=80&limit=400,af1c713391fa859b03efae723fce46cd45c985e4f40757c8e011b2bd0e312638,CORROBORATED_BY_TIER_1
ESPN-2020-401207178,2020,REGULAR_SEASON,11,2020-11-14T20:30:00Z,1605385800,98,Western Kentucky Hilltoppers,Western Kentucky,2572,Southern Mississippi Golden Eagles,Southern Mississippi,10,7,3,FBS,FBS,Conference USA,Conference USA,False,False,Houchens Industries-L.T. Smith Stadium,Bowling Green,KY,REGULAR_SEASON,True,False,ESPN_PUBLIC_SCOREBOARD_API,TIER_2_MEDIA_AGGREGATOR,https://site.web.api.espn.com/apis/site/v2/sports/football/college-football/scoreboard?dates=20201114&groups=80&limit=400,af1c713391fa859b03efae723fce46cd45c985e4f40757c8e011b2bd0e312638,CORROBORATED_BY_TIER_1
ESPN-2020-401212481,2020,REGULAR_SEASON,11,2020-11-14T20:30:00Z,1605385800,248,Houston Cougars,Houston,58,South Florida Bulls,South Florida,56,21,35,FBS,FBS,American Conference,American Conference,False,False,TDECU Stadium,Houston,TX,REGULAR_SEASON,True,False,ESPN_PUBLIC_SCOREBOARD_API,TIER_2_MEDIA_AGGREGATOR,https://site.web.api.espn.com/apis/site/v2/sports/football/college-football/scoreboard?dates=20201114&groups=80&limit=400,af1c713391fa859b03efae723fce46cd45c985e4f40757c8e011b2bd0e312638,CORROBORATED_BY_TIER_1
ESPN-2020-401215331,2020,REGULAR_SEASON,11,2020-11-14T20:30:00Z,1605385800,290,Georgia Southern Eagles,Georgia Southern,326,Texas State Bobcats,Texas State,40,38,2,FBS,FBS,Sun Belt Conference,Sun Belt Conference,False,False,Allen E. Paulson Stadium,Statesboro,GA,REGULAR_SEASON,True,False,ESPN_PUBLIC_SCOREBOARD_API,TIER_2_MEDIA_AGGREGATOR,https://site.web.api.espn.com/apis/site/v2/sports/football/college-football/scoreboard?dates=20201114&groups=80&limit=400,af1c713391fa859b03efae723fce46cd45c985e4f40757c8e011b2bd0e312638,CORROBORATED_BY_TIER_1
ESPN-2020-401234637,2020,REGULAR_SEASON,11,2020-11-14T20:30:00Z,1605385800,103,Boston College Eagles,Boston College,87,Notre Dame Fighting Irish,Notre Dame,31,45,-14,FBS,FBS,Atlantic Coast Conference,Atlantic Coast Conference,False,False,"Alumni Stadium (Chestnut Hill, MA)",Chestnut Hill,MA,REGULAR_SEASON,True,False,ESPN_PUBLIC_SCOREBOARD_API,TIER_2_MEDIA_AGGREGATOR,https://site.web.api.espn.com/apis/site/v2/sports/football/college-football/scoreboard?dates=20201114&groups=80&limit=400,af1c713391fa859b03efae723fce46cd45c985e4f40757c8e011b2bd0e312638,CORROBORATED_BY_TIER_1
ESPN-2020-401249403,2020,REGULAR_SEASON,11,2020-11-14T20:30:00Z,1605385800,12,Arizona Wildcats,Arizona,30,USC Trojans,USC,30,34,-4,FBS,FBS,Pac-12 Conference,Pac-12 Conference,False,False,Casino Del Sol Stadium,Tucson,AZ,REGULAR_SEASON,True,False,ESPN_PUBLIC_SCOREBOARD_API,TIER_2_MEDIA_AGGREGATOR,https://site.web.api.espn.com/apis/site/v2/sports/football/college-football/scoreboard?dates=20201114&groups=80&limit=400,af1c713391fa859b03efae723fce46cd45c985e4f40757c8e011b2bd0e312638,CORROBORATED_BY_TIER_1
ESPN-2020-401249406,2020,REGULAR_SEASON,11,2020-11-14T20:30:00Z,1605385800,24,Stanford Cardinal,Stanford,38,Colorado Buffaloes,Colorado,32,35,-3,FBS,FBS,Pac-12 Conference,Pac-12 Conference,False,False,Stanford Stadium,Stanford,CA,REGULAR_SEASON,True,False,ESPN_PUBLIC_SCOREBOARD_API,TIER_2_MEDIA_AGGREGATOR,https://site.web.api.espn.com/apis/site/v2/sports/football/college-football/scoreboard?dates=20201114&groups=80&limit=400,af1c713391fa859b03efae723fce46cd45c985e4f40757c8e011b2bd0e312638,CORROBORATED_BY_TIER_1
ESPN-2020-401257934,2020,REGULAR_SEASON,11,2020-11-14T20:30:00Z,1605385800,258,Virginia Cavaliers,Virginia,97,Louisville Cardinals,Louisville,31,17,14,FBS,FBS,Atlantic Coast Conference,Atlantic Coast Conference,False,False,Scott Stadium,Charlottesville,VA,REGULAR_SEASON,True,False,ESPN_PUBLIC_SCOREBOARD_API,TIER_2_MEDIA_AGGREGATOR,https://site.web.api.espn.com/apis/site/v2/sports/football/college-football/scoreboard?dates=20201114&groups=80&limit=400,af1c713391fa859b03efae723fce46cd45c985e4f40757c8e011b2bd0e312638,CORROBORATED_BY_TIER_1
ESPN-2020-401236023,2020,REGULAR_SEASON,11,2020-11-14T21:00:00Z,1605387600,2641,Texas Tech Red Raiders,Texas Tech,239,Baylor Bears,Baylor,24,23,1,FBS,FBS,Big 12 Conference,Big 12 Conference,False,False,Galaxy Stadium,Lubbock,TX,REGULAR_SEASON,True,False,ESPN_PUBLIC_SCOREBOARD_API,TIER_2_MEDIA_AGGREGATOR,https://site.web.api.espn.com/apis/site/v2/sports/football/college-football/scoreboard?dates=20201114&groups=80&limit=400,af1c713391fa859b03efae723fce46cd45c985e4f40757c8e011b2bd0e312638,CORROBORATED_BY_TIER_1
ESPN-2020-401249014,2020,REGULAR_SEASON,11,2020-11-14T21:00:00Z,1605387600,21,San Diego State Aztecs,San Diego State,62,Hawai'i Rainbow Warriors,Hawai'i,34,10,24,FBS,FBS,Mountain West Conference,Mountain West Conference,False,False,Dignity Health Sports Park,Carson,CA,REGULAR_SEASON,True,False,ESPN_PUBLIC_SCOREBOARD_API,TIER_2_MEDIA_AGGREGATOR,https://site.web.api.espn.com/apis/site/v2/sports/football/college-football/scoreboard?dates=20201114&groups=80&limit=400,af1c713391fa859b03efae723fce46cd45c985e4f40757c8e011b2bd0e312638,CORROBORATED_BY_TIER_1
ESPN-2020-401247315,2020,REGULAR_SEASON,11,2020-11-14T22:00:00Z,1605391200,2509,Purdue Boilermakers,Purdue,77,Northwestern Wildcats,Northwestern,20,27,-7,FBS,FBS,Big Ten Conference,Big Ten Conference,False,False,Ross-Ade Stadium,West Lafayette,IN,REGULAR_SEASON,True,False,ESPN_PUBLIC_SCOREBOARD_API,TIER_2_MEDIA_AGGREGATOR,https://site.web.api.espn.com/apis/site/v2/sports/football/college-football/scoreboard?dates=20201114&groups=80&limit=400,af1c713391fa859b03efae723fce46cd45c985e4f40757c8e011b2bd0e312638,CORROBORATED_BY_TIER_1
ESPN-2020-401249015,2020,REGULAR_SEASON,11,2020-11-14T23:30:00Z,1605396600,167,New Mexico Lobos,New Mexico,2440,Nevada Wolf Pack,Nevada,20,27,-7,FBS,FBS,Mountain West Conference,Mountain West Conference,False,True,Sam Boyd Stadium,Las Vegas,NV,REGULAR_SEASON,True,False,ESPN_PUBLIC_SCOREBOARD_API,TIER_2_MEDIA_AGGREGATOR,https://site.web.api.espn.com/apis/site/v2/sports/football/college-football/scoreboard?dates=20201114&groups=80&limit=400,af1c713391fa859b03efae723fce46cd45c985e4f40757c8e011b2bd0e312638,CORROBORATED_BY_TIER_1
ESPN-2020-401212491,2020,REGULAR_SEASON,11,2020-11-15T00:00:00Z,1605398400,202,Tulsa Golden Hurricane,Tulsa,2567,SMU Mustangs,SMU,28,24,4,FBS,FBS,American Conference,American Conference,False,False,H. A. Chapman Stadium,Tulsa,OK,REGULAR_SEASON,True,False,ESPN_PUBLIC_SCOREBOARD_API,TIER_2_MEDIA_AGGREGATOR,https://site.web.api.espn.com/apis/site/v2/sports/football/college-football/scoreboard?dates=20201114&groups=80&limit=400,af1c713391fa859b03efae723fce46cd45c985e4f40757c8e011b2bd0e312638,CORROBORATED_BY_TIER_1
ESPN-2020-401237129,2020,REGULAR_SEASON,11,2020-11-15T00:00:00Z,1605398400,57,Florida Gators,Florida,8,Arkansas Razorbacks,Arkansas,63,35,28,FBS,FBS,Southeastern Conference,Southeastern Conference,False,False,Ben Hill Griffin Stadium,Gainesville,FL,REGULAR_SEASON,True,False,ESPN_PUBLIC_SCOREBOARD_API,TIER_2_MEDIA_AGGREGATOR,https://site.web.api.espn.com/apis/site/v2/sports/football/college-football/scoreboard?dates=20201114&groups=80&limit=400,af1c713391fa859b03efae723fce46cd45c985e4f40757c8e011b2bd0e312638,CORROBORATED_BY_TIER_1
ESPN-2020-401249405,2020,REGULAR_SEASON,11,2020-11-15T00:00:00Z,1605398400,265,Washington State Cougars,Washington State,2483,Oregon Ducks,Oregon,29,43,-14,FBS,FBS,Pac-12 Conference,Pac-12 Conference,False,False,Martin Stadium,Pullman,WA,REGULAR_SEASON,True,False,ESPN_PUBLIC_SCOREBOARD_API,TIER_2_MEDIA_AGGREGATOR,https://site.web.api.espn.com/apis/site/v2/sports/football/college-football/scoreboard?dates=20201114&groups=80&limit=400,af1c713391fa859b03efae723fce46cd45c985e4f40757c8e011b2bd0e312638,CORROBORATED_BY_TIER_1
ESPN-2020-401212518,2020,REGULAR_SEASON,11,2020-11-15T00:30:00Z,1605400200,2116,UCF Knights,UCF,218,Temple Owls,Temple,38,13,25,FBS,FBS,American Conference,American Conference,False,False,Acrisure Bounce House,Orlando,FL,REGULAR_SEASON,True,False,ESPN_PUBLIC_SCOREBOARD_API,TIER_2_MEDIA_AGGREGATOR,https://site.web.api.espn.com/apis/site/v2/sports/football/college-football/scoreboard?dates=20201114&groups=80&limit=400,af1c713391fa859b03efae723fce46cd45c985e4f40757c8e011b2bd0e312638,CORROBORATED_BY_TIER_1
ESPN-2020-401234639,2020,REGULAR_SEASON,11,2020-11-15T00:30:00Z,1605400200,152,NC State Wolfpack,NC State,52,Florida State Seminoles,Florida State,38,22,16,FBS,FBS,Atlantic Coast Conference,Atlantic Coast Conference,False,False,Carter-Finley Stadium,Raleigh,NC,REGULAR_SEASON,True,False,ESPN_PUBLIC_SCOREBOARD_API,TIER_2_MEDIA_AGGREGATOR,https://site.web.api.espn.com/apis/site/v2/sports/football/college-football/scoreboard?dates=20201114&groups=80&limit=400,af1c713391fa859b03efae723fce46cd45c985e4f40757c8e011b2bd0e312638,CORROBORATED_BY_TIER_1
ESPN-2020-401237133,2020,REGULAR_SEASON,11,2020-11-15T00:30:00Z,1605400200,145,Ole Miss Rebels,Ole Miss,2579,South Carolina Gamecocks,South Carolina,59,42,17,FBS,FBS,Southeastern Conference,Southeastern Conference,False,False,Vaught-Hemingway Stadium,Oxford,MS,REGULAR_SEASON,True,False,ESPN_PUBLIC_SCOREBOARD_API,TIER_2_MEDIA_AGGREGATOR,https://site.web.api.espn.com/apis/site/v2/sports/football/college-football/scoreboard?dates=20201114&groups=80&limit=400,af1c713391fa859b03efae723fce46cd45c985e4f40757c8e011b2bd0e312638,CORROBORATED_BY_TIER_1
ESPN-2020-401247319,2020,REGULAR_SEASON,11,2020-11-15T00:30:00Z,1605400200,130,Michigan Wolverines,Michigan,275,Wisconsin Badgers,Wisconsin,11,49,-38,FBS,FBS,Big Ten Conference,Big Ten Conference,False,False,Michigan Stadium,Ann Arbor,MI,REGULAR_SEASON,True,False,ESPN_PUBLIC_SCOREBOARD_API,TIER_2_MEDIA_AGGREGATOR,https://site.web.api.espn.com/apis/site/v2/sports/football/college-football/scoreboard?dates=20201114&groups=80&limit=400,af1c713391fa859b03efae723fce46cd45c985e4f40757c8e011b2bd0e312638,CORROBORATED_BY_TIER_1
ESPN-2020-401249016,2020,REGULAR_SEASON,11,2020-11-15T03:30:00Z,1605411000,23,San José State Spartans,San José State,2439,UNLV Rebels,UNLV,34,17,17,FBS,FBS,Mountain West Conference,Mountain West Conference,False,False,CEFCU Stadium,San Jose,CA,REGULAR_SEASON,True,False,ESPN_PUBLIC_SCOREBOARD_API,TIER_2_MEDIA_AGGREGATOR,https://site.web.api.espn.com/apis/site/v2/sports/football/college-football/scoreboard?dates=20201114&groups=80&limit=400,af1c713391fa859b03efae723fce46cd45c985e4f40757c8e011b2bd0e312638,CORROBORATED_BY_TIER_1
ESPN-2020-401249404,2020,REGULAR_SEASON,11,2020-11-15T04:00:00Z,1605412800,264,Washington Huskies,Washington,204,Oregon State Beavers,Oregon State,27,21,6,FBS,FBS,Pac-12 Conference,Pac-12 Conference,False,False,Husky Stadium,Seattle,WA,REGULAR_SEASON,True,False,ESPN_PUBLIC_SCOREBOARD_API,TIER_2_MEDIA_AGGREGATOR,https://site.web.api.espn.com/apis/site/v2/sports/football/college-football/scoreboard?dates=20201114&groups=80&limit=400,af1c713391fa859b03efae723fce46cd45c985e4f40757c8e011b2bd0e312638,CORROBORATED_BY_TIER_1
ESPN-2020-401261454,2020,REGULAR_SEASON,11,2020-11-15T17:00:00Z,1605459600,26,UCLA Bruins,UCLA,25,California Golden Bears,California,34,10,24,FBS,FBS,Pac-12 Conference,Pac-12 Conference,False,False,Rose Bowl,Pasadena,CA,REGULAR_SEASON,True,False,ESPN_PUBLIC_SCOREBOARD_API,TIER_2_MEDIA_AGGREGATOR,https://site.web.api.espn.com/apis/site/v2/sports/football/college-football/scoreboard?dates=20201115&groups=80&limit=400,7e8b89c59f182821ce970a55cffc438b3e942b09c0003ec629102cd5ed8af5b7,CORROBORATED_BY_TIER_1
ESPN-2020-401249868,2020,REGULAR_SEASON,12,2020-11-18T00:00:00Z,1605657600,189,Bowling Green Falcons,Bowling Green,2084,Buffalo Bulls,Buffalo,17,42,-25,FBS,FBS,Mid-American Conference,Mid-American Conference,False,False,Doyt L. Perry Stadium,Bowling Green,OH,REGULAR_SEASON,True,False,ESPN_PUBLIC_SCOREBOARD_API,TIER_2_MEDIA_AGGREGATOR,https://site.web.api.espn.com/apis/site/v2/sports/football/college-football/scoreboard?dates=20201117&groups=80&limit=400,7fd6c5b017bf54abd75dd5e4e471baee93ae8b6028f0782146508b9f34a138b1,CORROBORATED_BY_TIER_1
ESPN-2020-401249867,2020,REGULAR_SEASON,12,2020-11-18T01:00:00Z,1605661200,2309,Kent State Golden Flashes,Kent State,2006,Akron Zips,Akron,69,35,34,FBS,FBS,Mid-American Conference,Mid-American Conference,False,False,Zoeller Field at Dix Stadium,Kent,OH,REGULAR_SEASON,True,False,ESPN_PUBLIC_SCOREBOARD_API,TIER_2_MEDIA_AGGREGATOR,https://site.web.api.espn.com/apis/site/v2/sports/football/college-football/scoreboard?dates=20201117&groups=80&limit=400,7fd6c5b017bf54abd75dd5e4e471baee93ae8b6028f0782146508b9f34a138b1,CORROBORATED_BY_TIER_1
ESPN-2020-401249870,2020,REGULAR_SEASON,12,2020-11-19T00:00:00Z,1605744000,2050,Ball State Cardinals,Ball State,2459,Northern Illinois Huskies,Northern Illinois,31,25,6,FBS,FBS,Mid-American Conference,Mid-American Conference,False,False,Scheumann Stadium,Muncie,IN,REGULAR_SEASON,True,False,ESPN_PUBLIC_SCOREBOARD_API,TIER_2_MEDIA_AGGREGATOR,https://site.web.api.espn.com/apis/site/v2/sports/football/college-football/scoreboard?dates=20201118&groups=80&limit=400,747a2b922f57de5bad22cb3d25e0e7a0c6fd8bcea1163d6d60af48037050ef54,CORROBORATED_BY_TIER_1
ESPN-2020-401249871,2020,REGULAR_SEASON,12,2020-11-19T00:00:00Z,1605744000,2199,Eastern Michigan Eagles,Eastern Michigan,2649,Toledo Rockets,Toledo,28,45,-17,FBS,FBS,Mid-American Conference,Mid-American Conference,False,False,Rynearson Stadium,Ypsilanti,MI,REGULAR_SEASON,True,False,ESPN_PUBLIC_SCOREBOARD_API,TIER_2_MEDIA_AGGREGATOR,https://site.web.api.espn.com/apis/site/v2/sports/football/college-football/scoreboard?dates=20201118&groups=80&limit=400,747a2b922f57de5bad22cb3d25e0e7a0c6fd8bcea1163d6d60af48037050ef54,CORROBORATED_BY_TIER_1
ESPN-2020-401249872,2020,REGULAR_SEASON,12,2020-11-19T00:00:00Z,1605744000,2117,Central Michigan Chippewas,Central Michigan,2711,Western Michigan Broncos,Western Michigan,44,52,-8,FBS,FBS,Mid-American Conference,Mid-American Conference,False,False,Kelly/Shorts Stadium,Mount Pleasant,MI,REGULAR_SEASON,True,False,ESPN_PUBLIC_SCOREBOARD_API,TIER_2_MEDIA_AGGREGATOR,https://site.web.api.espn.com/apis/site/v2/sports/football/college-football/scoreboard?dates=20201118&groups=80&limit=400,747a2b922f57de5bad22cb3d25e0e7a0c6fd8bcea1163d6d60af48037050ef54,CORROBORATED_BY_TIER_1
ESPN-2020-401212526,2020,REGULAR_SEASON,12,2020-11-20T00:30:00Z,1605832200,202,Tulsa Golden Hurricane,Tulsa,2655,Tulane Green Wave,Tulane,30,24,6,FBS,FBS,American Conference,American Conference,False,False,H. A. Chapman Stadium,Tulsa,OK,REGULAR_SEASON,True,True,ESPN_PUBLIC_SCOREBOARD_API,TIER_2_MEDIA_AGGREGATOR,https://site.web.api.espn.com/apis/site/v2/sports/football/college-football/scoreboard?dates=20201119&groups=80&limit=400,ea62f60d122efea8aaaa4626197f2f433c2d40ac8745ceef51d29cd4ac9ee527,CORROBORATED_BY_TIER_1
ESPN-2020-401234643,2020,REGULAR_SEASON,12,2020-11-21T00:00:00Z,1605916800,97,Louisville Cardinals,Louisville,183,Syracuse Orange,Syracuse,30,0,30,FBS,FBS,Atlantic Coast Conference,Atlantic Coast Conference,False,False,L&N Federal Credit Union Stadium,Louisville,KY,REGULAR_SEASON,True,False,ESPN_PUBLIC_SCOREBOARD_API,TIER_2_MEDIA_AGGREGATOR,https://site.web.api.espn.com/apis/site/v2/sports/football/college-football/scoreboard?dates=20201120&groups=80&limit=400,262cf5405839eeba057e1f4252098bed4aca073b4d91ced68744ec0980a995ed,CORROBORATED_BY_TIER_1
ESPN-2020-401247325,2020,REGULAR_SEASON,12,2020-11-21T00:30:00Z,1605918600,135,Minnesota Golden Gophers,Minnesota,2509,Purdue Boilermakers,Purdue,34,31,3,FBS,FBS,Big Ten Conference,Big Ten Conference,False,False,Huntington Bank Stadium,Minneapolis,MN,REGULAR_SEASON,True,False,ESPN_PUBLIC_SCOREBOARD_API,TIER_2_MEDIA_AGGREGATOR,https://site.web.api.espn.com/apis/site/v2/sports/football/college-football/scoreboard?dates=20201120&groups=80&limit=400,262cf5405839eeba057e1f4252098bed4aca073b4d91ced68744ec0980a995ed,CORROBORATED_BY_TIER_1
ESPN-2020-401261674,2020,REGULAR_SEASON,12,2020-11-21T01:00:00Z,1605920400,2226,Florida Atlantic Owls,Florida Atlantic,113,Massachusetts Minutemen,Massachusetts,24,2,22,FBS,FBS,Conference USA,FBS Independents,False,False,Flagler Credit Union Stadium,Boca Raton,FL,REGULAR_SEASON,False,False,ESPN_PUBLIC_SCOREBOARD_API,TIER_2_MEDIA_AGGREGATOR,https://site.web.api.espn.com/apis/site/v2/sports/football/college-football/scoreboard?dates=20201120&groups=80&limit=400,262cf5405839eeba057e1f4252098bed4aca073b4d91ced68744ec0980a995ed,CORROBORATED_BY_TIER_1
ESPN-2020-401249018,2020,REGULAR_SEASON,12,2020-11-21T02:30:00Z,1605925800,2005,Air Force Falcons,Air Force,167,New Mexico Lobos,New Mexico,28,0,28,FBS,FBS,Mountain West Conference,Mountain West Conference,False,False,Falcon Stadium,USAF Academy,CO,REGULAR_SEASON,True,False,ESPN_PUBLIC_SCOREBOARD_API,TIER_2_MEDIA_AGGREGATOR,https://site.web.api.espn.com/apis/site/v2/sports/football/college-football/scoreboard?dates=20201120&groups=80&limit=400,262cf5405839eeba057e1f4252098bed4aca073b4d91ced68744ec0980a995ed,CORROBORATED_BY_TIER_1
ESPN-2020-401212519,2020,REGULAR_SEASON,12,2020-11-21T17:00:00Z,1605978000,218,Temple Owls,Temple,151,East Carolina Pirates,East Carolina,3,28,-25,FBS,FBS,American Conference,American Conference,False,False,Lincoln Financial Field,Philadelphia,PA,REGULAR_SEASON,True,False,ESPN_PUBLIC_SCOREBOARD_API,TIER_2_MEDIA_AGGREGATOR,https://site.web.api.espn.com/apis/site/v2/sports/football/college-football/scoreboard?dates=20201121&groups=80&limit=400,d98a8a3caefd269d396d667d0924c262b44b3dede7bb51bbed451e34fbd47bfc,CORROBORATED_BY_TIER_1
ESPN-2020-401215333,2020,REGULAR_SEASON,12,2020-11-21T17:00:00Z,1605978000,324,Coastal Carolina Chanticleers,Coastal Carolina,2026,Appalachian State Mountaineers,Appalachian State,34,23,11,FBS,FBS,Sun Belt Conference,Sun Belt Conference,False,False,Brooks Stadium (SC),Conway,SC,REGULAR_SEASON,True,False,ESPN_PUBLIC_SCOREBOARD_API,TIER_2_MEDIA_AGGREGATOR,https://site.web.api.espn.com/apis/site/v2/sports/football/college-football/scoreboard?dates=20201121&groups=80&limit=400,d98a8a3caefd269d396d667d0924c262b44b3dede7bb51bbed451e34fbd47bfc,CORROBORATED_BY_TIER_1
ESPN-2020-401215334,2020,REGULAR_SEASON,12,2020-11-21T17:00:00Z,1605978000,326,Texas State Bobcats,Texas State,2032,Arkansas State Red Wolves,Arkansas State,47,45,2,FBS,FBS,Sun Belt Conference,Sun Belt Conference,False,False,UFCU Stadium,San Marcos,TX,REGULAR_SEASON,True,False,ESPN_PUBLIC_SCOREBOARD_API,TIER_2_MEDIA_AGGREGATOR,https://site.web.api.espn.com/apis/site/v2/sports/football/college-football/scoreboard?dates=20201121&groups=80&limit=400,d98a8a3caefd269d396d667d0924c262b44b3dede7bb51bbed451e34fbd47bfc,CORROBORATED_BY_TIER_1
ESPN-2020-401235975,2020,REGULAR_SEASON,12,2020-11-21T17:00:00Z,1605978000,349,Army Black Knights,Army,290,Georgia Southern Eagles,Georgia Southern,28,27,1,FBS,FBS,FBS Independents,Sun Belt Conference,False,False,Michie Stadium,West Point,NY,REGULAR_SEASON,False,False,ESPN_PUBLIC_SCOREBOARD_API,TIER_2_MEDIA_AGGREGATOR,https://site.web.api.espn.com/apis/site/v2/sports/football/college-football/scoreboard?dates=20201121&groups=80&limit=400,d98a8a3caefd269d396d667d0924c262b44b3dede7bb51bbed451e34fbd47bfc,CORROBORATED_BY_TIER_1
ESPN-2020-401237136,2020,REGULAR_SEASON,12,2020-11-21T17:00:00Z,1605978000,8,Arkansas Razorbacks,Arkansas,99,LSU Tigers,LSU,24,27,-3,FBS,FBS,Southeastern Conference,Southeastern Conference,False,False,Donald W. Reynolds Razorback Stadium,Fayetteville,AR,REGULAR_SEASON,True,False,ESPN_PUBLIC_SCOREBOARD_API,TIER_2_MEDIA_AGGREGATOR,https://site.web.api.espn.com/apis/site/v2/sports/football/college-football/scoreboard?dates=20201121&groups=80&limit=400,d98a8a3caefd269d396d667d0924c262b44b3dede7bb51bbed451e34fbd47bfc,CORROBORATED_BY_TIER_1
ESPN-2020-401237138,2020,REGULAR_SEASON,12,2020-11-21T17:00:00Z,1605978000,238,Vanderbilt Commodores,Vanderbilt,57,Florida Gators,Florida,17,38,-21,FBS,FBS,Southeastern Conference,Southeastern Conference,False,False,FirstBank Stadium,Nashville,TN,REGULAR_SEASON,True,False,ESPN_PUBLIC_SCOREBOARD_API,TIER_2_MEDIA_AGGREGATOR,https://site.web.api.espn.com/apis/site/v2/sports/football/college-football/scoreboard?dates=20201121&groups=80&limit=400,d98a8a3caefd269d396d667d0924c262b44b3dede7bb51bbed451e34fbd47bfc,CORROBORATED_BY_TIER_1
ESPN-2020-401247321,2020,REGULAR_SEASON,12,2020-11-21T17:00:00Z,1605978000,158,Nebraska Cornhuskers,Nebraska,356,Illinois Fighting Illini,Illinois,23,41,-18,FBS,FBS,Big Ten Conference,Big Ten Conference,False,False,"Memorial Stadium (Lincoln, NE)",Lincoln,NE,REGULAR_SEASON,True,False,ESPN_PUBLIC_SCOREBOARD_API,TIER_2_MEDIA_AGGREGATOR,https://site.web.api.espn.com/apis/site/v2/sports/football/college-football/scoreboard?dates=20201121&groups=80&limit=400,d98a8a3caefd269d396d667d0924c262b44b3dede7bb51bbed451e34fbd47bfc,CORROBORATED_BY_TIER_1
ESPN-2020-401247326,2020,REGULAR_SEASON,12,2020-11-21T17:00:00Z,1605978000,194,Ohio State Buckeyes,Ohio State,84,Indiana Hoosiers,Indiana,42,35,7,FBS,FBS,Big Ten Conference,Big Ten Conference,False,False,Ohio Stadium,Columbus,OH,REGULAR_SEASON,True,False,ESPN_PUBLIC_SCOREBOARD_API,TIER_2_MEDIA_AGGREGATOR,https://site.web.api.espn.com/apis/site/v2/sports/football/college-football/scoreboard?dates=20201121&groups=80&limit=400,d98a8a3caefd269d396d667d0924c262b44b3dede7bb51bbed451e34fbd47bfc,CORROBORATED_BY_TIER_1
ESPN-2020-401247374,2020,REGULAR_SEASON,12,2020-11-21T17:00:00Z,1605978000,235,Memphis Tigers,Memphis,2617,Stephen F. Austin Lumberjacks,Stephen F. Austin,56,14,42,FBS,FCS,American Conference,Southland Conference,True,False,Simmons Bank Liberty Stadium,Memphis,TN,REGULAR_SEASON,False,False,ESPN_PUBLIC_SCOREBOARD_API,TIER_2_MEDIA_AGGREGATOR,https://site.web.api.espn.com/apis/site/v2/sports/football/college-football/scoreboard?dates=20201121&groups=80&limit=400,d98a8a3caefd269d396d667d0924c262b44b3dede7bb51bbed451e34fbd47bfc,CORROBORATED_BY_TIER_1
ESPN-2020-401207181,2020,REGULAR_SEASON,12,2020-11-21T19:00:00Z,1605985200,98,Western Kentucky Hilltoppers,Western Kentucky,2229,Florida International Panthers,Florida International,38,21,17,FBS,FBS,Conference USA,Conference USA,False,False,Houchens Industries-L.T. Smith Stadium,Bowling Green,KY,REGULAR_SEASON,True,False,ESPN_PUBLIC_SCOREBOARD_API,TIER_2_MEDIA_AGGREGATOR,https://site.web.api.espn.com/apis/site/v2/sports/football/college-football/scoreboard?dates=20201121&groups=80&limit=400,d98a8a3caefd269d396d667d0924c262b44b3dede7bb51bbed451e34fbd47bfc,CORROBORATED_BY_TIER_1
ESPN-2020-401207184,2020,REGULAR_SEASON,12,2020-11-21T19:00:00Z,1605985200,249,North Texas Mean Green,North Texas,242,Rice Owls,Rice,27,17,10,FBS,FBS,Conference USA,Conference USA,False,False,DATCU Stadium,Denton,TX,REGULAR_SEASON,True,False,ESPN_PUBLIC_SCOREBOARD_API,TIER_2_MEDIA_AGGREGATOR,https://site.web.api.espn.com/apis/site/v2/sports/football/college-football/scoreboard?dates=20201121&groups=80&limit=400,d98a8a3caefd269d396d667d0924c262b44b3dede7bb51bbed451e34fbd47bfc,CORROBORATED_BY_TIER_1
ESPN-2020-401207185,2020,REGULAR_SEASON,12,2020-11-21T20:00:00Z,1605988800,2572,Southern Mississippi Golden Eagles,Southern Mississippi,2636,UTSA Roadrunners,UTSA,20,23,-3,FBS,FBS,Conference USA,Conference USA,False,False,M. M. Roberts Stadium,Hattiesburg,MS,REGULAR_SEASON,True,False,ESPN_PUBLIC_SCOREBOARD_API,TIER_2_MEDIA_AGGREGATOR,https://site.web.api.espn.com/apis/site/v2/sports/football/college-football/scoreboard?dates=20201121&groups=80&limit=400,d98a8a3caefd269d396d667d0924c262b44b3dede7bb51bbed451e34fbd47bfc,CORROBORATED_BY_TIER_1
ESPN-2020-401209818,2020,REGULAR_SEASON,12,2020-11-21T20:00:00Z,1605988800,252,BYU Cougars,BYU,2453,North Alabama Lions,North Alabama,66,14,52,FBS,FCS,FBS Independents,Big South Conference,True,False,LaVell Edwards Stadium,Provo,UT,REGULAR_SEASON,False,False,ESPN_PUBLIC_SCOREBOARD_API,TIER_2_MEDIA_AGGREGATOR,https://site.web.api.espn.com/apis/site/v2/sports/football/college-football/scoreboard?dates=20201121&groups=80&limit=400,d98a8a3caefd269d396d667d0924c262b44b3dede7bb51bbed451e34fbd47bfc,CORROBORATED_BY_TIER_1
ESPN-2020-401212540,2020,REGULAR_SEASON,12,2020-11-21T20:30:00Z,1605990600,2116,UCF Knights,UCF,2132,Cincinnati Bearcats,Cincinnati,33,36,-3,FBS,FBS,American Conference,American Conference,False,False,Acrisure Bounce House,Orlando,FL,REGULAR_SEASON,True,False,ESPN_PUBLIC_SCOREBOARD_API,TIER_2_MEDIA_AGGREGATOR,https://site.web.api.espn.com/apis/site/v2/sports/football/college-football/scoreboard?dates=20201121&groups=80&limit=400,d98a8a3caefd269d396d667d0924c262b44b3dede7bb51bbed451e34fbd47bfc,CORROBORATED_BY_TIER_1
ESPN-2020-401215335,2020,REGULAR_SEASON,12,2020-11-21T20:30:00Z,1605990600,6,South Alabama Jaguars,South Alabama,2247,Georgia State Panthers,Georgia State,14,31,-17,FBS,FBS,Sun Belt Conference,Sun Belt Conference,False,False,Hancock Whitney Stadium,Mobile,AL,REGULAR_SEASON,True,False,ESPN_PUBLIC_SCOREBOARD_API,TIER_2_MEDIA_AGGREGATOR,https://site.web.api.espn.com/apis/site/v2/sports/football/college-football/scoreboard?dates=20201121&groups=80&limit=400,d98a8a3caefd269d396d667d0924c262b44b3dede7bb51bbed451e34fbd47bfc,CORROBORATED_BY_TIER_1
ESPN-2020-401240641,2020,REGULAR_SEASON,12,2020-11-21T20:30:00Z,1605990600,2653,Troy Trojans,Troy,2393,Middle Tennessee Blue Raiders,Middle Tennessee,17,20,-3,FBS,FBS,Sun Belt Conference,Conference USA,False,False,Veterans Memorial Stadium (AL),Troy,AL,REGULAR_SEASON,False,False,ESPN_PUBLIC_SCOREBOARD_API,TIER_2_MEDIA_AGGREGATOR,https://site.web.api.espn.com/apis/site/v2/sports/football/college-football/scoreboard?dates=20201121&groups=80&limit=400,d98a8a3caefd269d396d667d0924c262b44b3dede7bb51bbed451e34fbd47bfc,CORROBORATED_BY_TIER_1
ESPN-2020-401247323,2020,REGULAR_SEASON,12,2020-11-21T20:30:00Z,1605990600,77,Northwestern Wildcats,Northwestern,275,Wisconsin Badgers,Wisconsin,17,7,10,FBS,FBS,Big Ten Conference,Big Ten Conference,False,False,Ryan Field (1926),Evanston,IL,REGULAR_SEASON,True,False,ESPN_PUBLIC_SCOREBOARD_API,TIER_2_MEDIA_AGGREGATOR,https://site.web.api.espn.com/apis/site/v2/sports/football/college-football/scoreboard?dates=20201121&groups=80&limit=400,d98a8a3caefd269d396d667d0924c262b44b3dede7bb51bbed451e34fbd47bfc,CORROBORATED_BY_TIER_1
ESPN-2020-401247327,2020,REGULAR_SEASON,12,2020-11-21T20:30:00Z,1605990600,213,Penn State Nittany Lions,Penn State,2294,Iowa Hawkeyes,Iowa,21,41,-20,FBS,FBS,Big Ten Conference,Big Ten Conference,False,False,Beaver Stadium,University Park,PA,REGULAR_SEASON,True,False,ESPN_PUBLIC_SCOREBOARD_API,TIER_2_MEDIA_AGGREGATOR,https://site.web.api.espn.com/apis/site/v2/sports/football/college-football/scoreboard?dates=20201121&groups=80&limit=400,d98a8a3caefd269d396d667d0924c262b44b3dede7bb51bbed451e34fbd47bfc,CORROBORATED_BY_TIER_1
ESPN-2020-401249019,2020,REGULAR_SEASON,12,2020-11-21T20:30:00Z,1605990600,2440,Nevada Wolf Pack,Nevada,21,San Diego State Aztecs,San Diego State,26,21,5,FBS,FBS,Mountain West Conference,Mountain West Conference,False,False,Mackay Stadium,Reno,NV,REGULAR_SEASON,True,False,ESPN_PUBLIC_SCOREBOARD_API,TIER_2_MEDIA_AGGREGATOR,https://site.web.api.espn.com/apis/site/v2/sports/football/college-football/scoreboard?dates=20201121&groups=80&limit=400,d98a8a3caefd269d396d667d0924c262b44b3dede7bb51bbed451e34fbd47bfc,CORROBORATED_BY_TIER_1
ESPN-2020-401249411,2020,REGULAR_SEASON,12,2020-11-21T20:30:00Z,1605990600,204,Oregon State Beavers,Oregon State,25,California Golden Bears,California,31,27,4,FBS,FBS,Pac-12 Conference,Pac-12 Conference,False,False,Reser Stadium,Corvallis,OR,REGULAR_SEASON,True,False,ESPN_PUBLIC_SCOREBOARD_API,TIER_2_MEDIA_AGGREGATOR,https://site.web.api.espn.com/apis/site/v2/sports/football/college-football/scoreboard?dates=20201121&groups=80&limit=400,d98a8a3caefd269d396d667d0924c262b44b3dede7bb51bbed451e34fbd47bfc,CORROBORATED_BY_TIER_1
ESPN-2020-401249415,2020,REGULAR_SEASON,12,2020-11-21T20:30:00Z,1605990600,2483,Oregon Ducks,Oregon,26,UCLA Bruins,UCLA,38,35,3,FBS,FBS,Pac-12 Conference,Pac-12 Conference,False,False,Autzen Stadium,Eugene,OR,REGULAR_SEASON,True,False,ESPN_PUBLIC_SCOREBOARD_API,TIER_2_MEDIA_AGGREGATOR,https://site.web.api.espn.com/apis/site/v2/sports/football/college-football/scoreboard?dates=20201121&groups=80&limit=400,d98a8a3caefd269d396d667d0924c262b44b3dede7bb51bbed451e34fbd47bfc,CORROBORATED_BY_TIER_1
ESPN-2020-401234648,2020,REGULAR_SEASON,12,2020-11-21T21:00:00Z,1605992400,221,Pittsburgh Panthers,Pittsburgh,259,Virginia Tech Hokies,Virginia Tech,47,14,33,FBS,FBS,Atlantic Coast Conference,Atlantic Coast Conference,False,False,Acrisure Stadium,Pittsburgh,PA,REGULAR_SEASON,True,False,ESPN_PUBLIC_SCOREBOARD_API,TIER_2_MEDIA_AGGREGATOR,https://site.web.api.espn.com/apis/site/v2/sports/football/college-football/scoreboard?dates=20201121&groups=80&limit=400,d98a8a3caefd269d396d667d0924c262b44b3dede7bb51bbed451e34fbd47bfc,CORROBORATED_BY_TIER_1
ESPN-2020-401236025,2020,REGULAR_SEASON,12,2020-11-21T21:00:00Z,1605992400,66,Iowa State Cyclones,Iowa State,2306,Kansas State Wildcats,Kansas State,45,0,45,FBS,FBS,Big 12 Conference,Big 12 Conference,False,False,Jack Trice Stadium,Ames,IA,REGULAR_SEASON,True,False,ESPN_PUBLIC_SCOREBOARD_API,TIER_2_MEDIA_AGGREGATOR,https://site.web.api.espn.com/apis/site/v2/sports/football/college-football/scoreboard?dates=20201121&groups=80&limit=400,d98a8a3caefd269d396d667d0924c262b44b3dede7bb51bbed451e34fbd47bfc,CORROBORATED_BY_TIER_1
ESPN-2020-401237135,2020,REGULAR_SEASON,12,2020-11-21T21:00:00Z,1605992400,333,Alabama Crimson Tide,Alabama,96,Kentucky Wildcats,Kentucky,63,3,60,FBS,FBS,Southeastern Conference,Southeastern Conference,False,False,Bryant-Denny Stadium,Tuscaloosa,AL,REGULAR_SEASON,True,False,ESPN_PUBLIC_SCOREBOARD_API,TIER_2_MEDIA_AGGREGATOR,https://site.web.api.espn.com/apis/site/v2/sports/football/college-football/scoreboard?dates=20201121&groups=80&limit=400,d98a8a3caefd269d396d667d0924c262b44b3dede7bb51bbed451e34fbd47bfc,CORROBORATED_BY_TIER_1
ESPN-2020-401248275,2020,REGULAR_SEASON,12,2020-11-21T21:00:00Z,1605992400,258,Virginia Cavaliers,Virginia,2000,Abilene Christian Wildcats,Abilene Christian,55,15,40,FBS,FCS,Atlantic Coast Conference,Southland Conference,True,False,Scott Stadium,Charlottesville,VA,REGULAR_SEASON,False,False,ESPN_PUBLIC_SCOREBOARD_API,TIER_2_MEDIA_AGGREGATOR,https://site.web.api.espn.com/apis/site/v2/sports/football/college-football/scoreboard?dates=20201121&groups=80&limit=400,d98a8a3caefd269d396d667d0924c262b44b3dede7bb51bbed451e34fbd47bfc,CORROBORATED_BY_TIER_1
ESPN-2020-401237137,2020,REGULAR_SEASON,12,2020-11-22T00:00:00Z,1606003200,2,Auburn Tigers,Auburn,2633,Tennessee Volunteers,Tennessee,30,17,13,FBS,FBS,Southeastern Conference,Southeastern Conference,False,False,Jordan-Hare Stadium,Auburn,AL,REGULAR_SEASON,True,False,ESPN_PUBLIC_SCOREBOARD_API,TIER_2_MEDIA_AGGREGATOR,https://site.web.api.espn.com/apis/site/v2/sports/football/college-football/scoreboard?dates=20201121&groups=80&limit=400,d98a8a3caefd269d396d667d0924c262b44b3dede7bb51bbed451e34fbd47bfc,CORROBORATED_BY_TIER_1
ESPN-2020-401234647,2020,REGULAR_SEASON,12,2020-11-22T00:30:00Z,1606005000,152,NC State Wolfpack,NC State,2335,Liberty Flames,Liberty,15,14,1,FBS,FBS,Atlantic Coast Conference,FBS Independents,False,False,Carter-Finley Stadium,Raleigh,NC,REGULAR_SEASON,False,False,ESPN_PUBLIC_SCOREBOARD_API,TIER_2_MEDIA_AGGREGATOR,https://site.web.api.espn.com/apis/site/v2/sports/football/college-football/scoreboard?dates=20201121&groups=80&limit=400,d98a8a3caefd269d396d667d0924c262b44b3dede7bb51bbed451e34fbd47bfc,CORROBORATED_BY_TIER_1
ESPN-2020-401236027,2020,REGULAR_SEASON,12,2020-11-22T00:30:00Z,1606005000,201,Oklahoma Sooners,Oklahoma,197,Oklahoma State Cowboys,Oklahoma State,41,13,28,FBS,FBS,Big 12 Conference,Big 12 Conference,False,False,"Memorial Stadium (Norman, OK)",Norman,OK,REGULAR_SEASON,True,False,ESPN_PUBLIC_SCOREBOARD_API,TIER_2_MEDIA_AGGREGATOR,https://site.web.api.espn.com/apis/site/v2/sports/football/college-football/scoreboard?dates=20201121&groups=80&limit=400,d98a8a3caefd269d396d667d0924c262b44b3dede7bb51bbed451e34fbd47bfc,CORROBORATED_BY_TIER_1
ESPN-2020-401237139,2020,REGULAR_SEASON,12,2020-11-22T00:30:00Z,1606005000,61,Georgia Bulldogs,Georgia,344,Mississippi State Bulldogs,Mississippi State,31,24,7,FBS,FBS,Southeastern Conference,Southeastern Conference,False,False,Sanford Stadium,Athens,GA,REGULAR_SEASON,True,False,ESPN_PUBLIC_SCOREBOARD_API,TIER_2_MEDIA_AGGREGATOR,https://site.web.api.espn.com/apis/site/v2/sports/football/college-football/scoreboard?dates=20201121&groups=80&limit=400,d98a8a3caefd269d396d667d0924c262b44b3dede7bb51bbed451e34fbd47bfc,CORROBORATED_BY_TIER_1
ESPN-2020-401237141,2020,REGULAR_SEASON,12,2020-11-22T00:30:00Z,1606005000,2579,South Carolina Gamecocks,South Carolina,142,Missouri Tigers,Missouri,10,17,-7,FBS,FBS,Southeastern Conference,Southeastern Conference,False,False,Williams-Brice Stadium,Columbia,SC,REGULAR_SEASON,True,False,ESPN_PUBLIC_SCOREBOARD_API,TIER_2_MEDIA_AGGREGATOR,https://site.web.api.espn.com/apis/site/v2/sports/football/college-football/scoreboard?dates=20201121&groups=80&limit=400,d98a8a3caefd269d396d667d0924c262b44b3dede7bb51bbed451e34fbd47bfc,CORROBORATED_BY_TIER_1
ESPN-2020-401247324,2020,REGULAR_SEASON,12,2020-11-22T00:30:00Z,1606005000,164,Rutgers Scarlet Knights,Rutgers,130,Michigan Wolverines,Michigan,42,48,-6,FBS,FBS,Big Ten Conference,Big Ten Conference,False,False,SHI Stadium,Piscataway,NJ,REGULAR_SEASON,True,True,ESPN_PUBLIC_SCOREBOARD_API,TIER_2_MEDIA_AGGREGATOR,https://site.web.api.espn.com/apis/site/v2/sports/football/college-football/scoreboard?dates=20201121&groups=80&limit=400,d98a8a3caefd269d396d667d0924c262b44b3dede7bb51bbed451e34fbd47bfc,CORROBORATED_BY_TIER_1
ESPN-2020-401249413,2020,REGULAR_SEASON,12,2020-11-22T01:00:00Z,1606006800,264,Washington Huskies,Washington,12,Arizona Wildcats,Arizona,44,27,17,FBS,FBS,Pac-12 Conference,Pac-12 Conference,False,False,Husky Stadium,Seattle,WA,REGULAR_SEASON,True,False,ESPN_PUBLIC_SCOREBOARD_API,TIER_2_MEDIA_AGGREGATOR,https://site.web.api.espn.com/apis/site/v2/sports/football/college-football/scoreboard?dates=20201121&groups=80&limit=400,d98a8a3caefd269d396d667d0924c262b44b3dede7bb51bbed451e34fbd47bfc,CORROBORATED_BY_TIER_1
ESPN-2020-401249410,2020,REGULAR_SEASON,12,2020-11-22T03:30:00Z,1606015800,254,Utah Utes,Utah,30,USC Trojans,USC,17,33,-16,FBS,FBS,Pac-12 Conference,Pac-12 Conference,False,False,Rice-Eccles Stadium,Salt Lake City,UT,REGULAR_SEASON,True,False,ESPN_PUBLIC_SCOREBOARD_API,TIER_2_MEDIA_AGGREGATOR,https://site.web.api.espn.com/apis/site/v2/sports/football/college-football/scoreboard?dates=20201121&groups=80&limit=400,d98a8a3caefd269d396d667d0924c262b44b3dede7bb51bbed451e34fbd47bfc,CORROBORATED_BY_TIER_1
ESPN-2020-401249017,2020,REGULAR_SEASON,12,2020-11-22T04:00:00Z,1606017600,62,Hawai'i Rainbow Warriors,Hawai'i,68,Boise State Broncos,Boise State,32,40,-8,FBS,FBS,Mountain West Conference,Mountain West Conference,False,False,,,,REGULAR_SEASON,True,False,ESPN_PUBLIC_SCOREBOARD_API,TIER_2_MEDIA_AGGREGATOR,https://site.web.api.espn.com/apis/site/v2/sports/football/college-football/scoreboard?dates=20201121&groups=80&limit=400,d98a8a3caefd269d396d667d0924c262b44b3dede7bb51bbed451e34fbd47bfc,CORROBORATED_BY_TIER_1
ESPN-2020-401249025,2020,REGULAR_SEASON,13,2020-11-27T00:00:00Z,1606435200,328,Utah State Aggies,Utah State,167,New Mexico Lobos,New Mexico,41,27,14,FBS,FBS,Mountain West Conference,Mountain West Conference,False,False,Maverik Stadium,Logan,UT,REGULAR_SEASON,True,False,ESPN_PUBLIC_SCOREBOARD_API,TIER_2_MEDIA_AGGREGATOR,https://site.web.api.espn.com/apis/site/v2/sports/football/college-football/scoreboard?dates=20201126&groups=80&limit=400,9e1c0c698202ca80a11f0ccebcb6d3980620ab106173b36f52fba3ed5a9bf0e2,CORROBORATED_BY_TIER_1
ESPN-2020-401236029,2020,REGULAR_SEASON,13,2020-11-27T17:00:00Z,1606496400,251,Texas Longhorns,Texas,66,Iowa State Cyclones,Iowa State,20,23,-3,FBS,FBS,Big 12 Conference,Big 12 Conference,False,False,DKR-Texas Memorial Stadium,Austin,TX,REGULAR_SEASON,True,False,ESPN_PUBLIC_SCOREBOARD_API,TIER_2_MEDIA_AGGREGATOR,https://site.web.api.espn.com/apis/site/v2/sports/football/college-football/scoreboard?dates=20201127&groups=80&limit=400,9dedb4fa2d577303e424d25fbb91eecc6116d4bc618a7be846a0ae56fe8c77c0,CORROBORATED_BY_TIER_1
ESPN-2020-401251926,2020,REGULAR_SEASON,13,2020-11-27T17:00:00Z,1606496400,2335,Liberty Flames,Liberty,113,Massachusetts Minutemen,Massachusetts,45,0,45,FBS,FBS,FBS Independents,FBS Independents,False,False,Williams Stadium (VA),Lynchburg,VA,REGULAR_SEASON,False,False,ESPN_PUBLIC_SCOREBOARD_API,TIER_2_MEDIA_AGGREGATOR,https://site.web.api.espn.com/apis/site/v2/sports/football/college-football/scoreboard?dates=20201127&groups=80&limit=400,9dedb4fa2d577303e424d25fbb91eecc6116d4bc618a7be846a0ae56fe8c77c0,CORROBORATED_BY_TIER_1
ESPN-2020-401247332,2020,REGULAR_SEASON,13,2020-11-27T18:00:00Z,1606500000,2294,Iowa Hawkeyes,Iowa,158,Nebraska Cornhuskers,Nebraska,26,20,6,FBS,FBS,Big Ten Conference,Big Ten Conference,False,False,Kinnick Stadium,Iowa City,IA,REGULAR_SEASON,True,False,ESPN_PUBLIC_SCOREBOARD_API,TIER_2_MEDIA_AGGREGATOR,https://site.web.api.espn.com/apis/site/v2/sports/football/college-football/scoreboard?dates=20201127&groups=80&limit=400,9dedb4fa2d577303e424d25fbb91eecc6116d4bc618a7be846a0ae56fe8c77c0,CORROBORATED_BY_TIER_1
ESPN-2020-401212483,2020,REGULAR_SEASON,13,2020-11-27T20:30:00Z,1606509000,58,South Florida Bulls,South Florida,2116,UCF Knights,UCF,46,58,-12,FBS,FBS,American Conference,American Conference,False,False,Raymond James Stadium,Tampa,FL,REGULAR_SEASON,True,False,ESPN_PUBLIC_SCOREBOARD_API,TIER_2_MEDIA_AGGREGATOR,https://site.web.api.espn.com/apis/site/v2/sports/football/college-football/scoreboard?dates=20201127&groups=80&limit=400,9dedb4fa2d577303e424d25fbb91eecc6116d4bc618a7be846a0ae56fe8c77c0,CORROBORATED_BY_TIER_1
ESPN-2020-401234650,2020,REGULAR_SEASON,13,2020-11-27T20:30:00Z,1606509000,153,North Carolina Tar Heels,North Carolina,87,Notre Dame Fighting Irish,Notre Dame,17,31,-14,FBS,FBS,Atlantic Coast Conference,Atlantic Coast Conference,False,False,Kenan Stadium,Chapel Hill,NC,REGULAR_SEASON,True,False,ESPN_PUBLIC_SCOREBOARD_API,TIER_2_MEDIA_AGGREGATOR,https://site.web.api.espn.com/apis/site/v2/sports/football/college-football/scoreboard?dates=20201127&groups=80&limit=400,9dedb4fa2d577303e424d25fbb91eecc6116d4bc618a7be846a0ae56fe8c77c0,CORROBORATED_BY_TIER_1
ESPN-2020-401249028,2020,REGULAR_SEASON,13,2020-11-27T21:00:00Z,1606510800,2439,UNLV Rebels,UNLV,2751,Wyoming Cowboys,Wyoming,14,45,-31,FBS,FBS,Mountain West Conference,Mountain West Conference,False,False,Allegiant Stadium,Las Vegas,NV,REGULAR_SEASON,True,False,ESPN_PUBLIC_SCOREBOARD_API,TIER_2_MEDIA_AGGREGATOR,https://site.web.api.espn.com/apis/site/v2/sports/football/college-football/scoreboard?dates=20201127&groups=80&limit=400,9dedb4fa2d577303e424d25fbb91eecc6116d4bc618a7be846a0ae56fe8c77c0,CORROBORATED_BY_TIER_1
ESPN-2020-401249874,2020,REGULAR_SEASON,13,2020-11-27T21:00:00Z,1606510800,2199,Eastern Michigan Eagles,Eastern Michigan,2117,Central Michigan Chippewas,Central Michigan,23,31,-8,FBS,FBS,Mid-American Conference,Mid-American Conference,False,False,Rynearson Stadium,Ypsilanti,MI,REGULAR_SEASON,True,False,ESPN_PUBLIC_SCOREBOARD_API,TIER_2_MEDIA_AGGREGATOR,https://site.web.api.espn.com/apis/site/v2/sports/football/college-football/scoreboard?dates=20201127&groups=80&limit=400,9dedb4fa2d577303e424d25fbb91eecc6116d4bc618a7be846a0ae56fe8c77c0,CORROBORATED_BY_TIER_1
ESPN-2020-401249417,2020,REGULAR_SEASON,13,2020-11-27T21:30:00Z,1606512600,25,California Golden Bears,California,24,Stanford Cardinal,Stanford,23,24,-1,FBS,FBS,Pac-12 Conference,Pac-12 Conference,False,False,California Memorial Stadium,Berkeley,CA,REGULAR_SEASON,True,False,ESPN_PUBLIC_SCOREBOARD_API,TIER_2_MEDIA_AGGREGATOR,https://site.web.api.espn.com/apis/site/v2/sports/football/college-football/scoreboard?dates=20201127&groups=80&limit=400,9dedb4fa2d577303e424d25fbb91eecc6116d4bc618a7be846a0ae56fe8c77c0,CORROBORATED_BY_TIER_1
ESPN-2020-401249418,2020,REGULAR_SEASON,13,2020-11-28T00:30:00Z,1606523400,204,Oregon State Beavers,Oregon State,2483,Oregon Ducks,Oregon,41,38,3,FBS,FBS,Pac-12 Conference,Pac-12 Conference,False,False,Reser Stadium,Corvallis,OR,REGULAR_SEASON,True,False,ESPN_PUBLIC_SCOREBOARD_API,TIER_2_MEDIA_AGGREGATOR,https://site.web.api.espn.com/apis/site/v2/sports/football/college-football/scoreboard?dates=20201127&groups=80&limit=400,9dedb4fa2d577303e424d25fbb91eecc6116d4bc618a7be846a0ae56fe8c77c0,CORROBORATED_BY_TIER_1
ESPN-2020-401212513,2020,REGULAR_SEASON,13,2020-11-28T17:00:00Z,1606582800,151,East Carolina Pirates,East Carolina,2567,SMU Mustangs,SMU,52,38,14,FBS,FBS,American Conference,American Conference,False,False,Dowdy-Ficklen Stadium,Greenville,NC,REGULAR_SEASON,True,False,ESPN_PUBLIC_SCOREBOARD_API,TIER_2_MEDIA_AGGREGATOR,https://site.web.api.espn.com/apis/site/v2/sports/football/college-football/scoreboard?dates=20201128&groups=80&limit=400,e824ba9bc48aeb433cf317ff00b0ed3a31272e3dee895687144bdc5a01c07f83,CORROBORATED_BY_TIER_1
ESPN-2020-401215339,2020,REGULAR_SEASON,13,2020-11-28T17:00:00Z,1606582800,2247,Georgia State Panthers,Georgia State,290,Georgia Southern Eagles,Georgia Southern,30,24,6,FBS,FBS,Sun Belt Conference,Sun Belt Conference,False,False,Center Parc Stadium,Atlanta,GA,REGULAR_SEASON,True,False,ESPN_PUBLIC_SCOREBOARD_API,TIER_2_MEDIA_AGGREGATOR,https://site.web.api.espn.com/apis/site/v2/sports/football/college-football/scoreboard?dates=20201128&groups=80&limit=400,e824ba9bc48aeb433cf317ff00b0ed3a31272e3dee895687144bdc5a01c07f83,CORROBORATED_BY_TIER_1
ESPN-2020-401234655,2020,REGULAR_SEASON,13,2020-11-28T17:00:00Z,1606582800,183,Syracuse Orange,Syracuse,152,NC State Wolfpack,NC State,29,36,-7,FBS,FBS,Atlantic Coast Conference,Atlantic Coast Conference,False,False,JMA Wireless Dome,Syracuse,NY,REGULAR_SEASON,True,False,ESPN_PUBLIC_SCOREBOARD_API,TIER_2_MEDIA_AGGREGATOR,https://site.web.api.espn.com/apis/site/v2/sports/football/college-football/scoreboard?dates=20201128&groups=80&limit=400,e824ba9bc48aeb433cf317ff00b0ed3a31272e3dee895687144bdc5a01c07f83,CORROBORATED_BY_TIER_1
ESPN-2020-401236032,2020,REGULAR_SEASON,13,2020-11-28T17:00:00Z,1606582800,197,Oklahoma State Cowboys,Oklahoma State,2641,Texas Tech Red Raiders,Texas Tech,50,44,6,FBS,FBS,Big 12 Conference,Big 12 Conference,False,False,Boone Pickens Stadium,Stillwater,OK,REGULAR_SEASON,True,False,ESPN_PUBLIC_SCOREBOARD_API,TIER_2_MEDIA_AGGREGATOR,https://site.web.api.espn.com/apis/site/v2/sports/football/college-football/scoreboard?dates=20201128&groups=80&limit=400,e824ba9bc48aeb433cf317ff00b0ed3a31272e3dee895687144bdc5a01c07f83,CORROBORATED_BY_TIER_1
ESPN-2020-401237143,2020,REGULAR_SEASON,13,2020-11-28T17:00:00Z,1606582800,142,Missouri Tigers,Missouri,238,Vanderbilt Commodores,Vanderbilt,41,0,41,FBS,FBS,Southeastern Conference,Southeastern Conference,False,False,Memorial Stadium,Columbia,MO,REGULAR_SEASON,True,False,ESPN_PUBLIC_SCOREBOARD_API,TIER_2_MEDIA_AGGREGATOR,https://site.web.api.espn.com/apis/site/v2/sports/football/college-football/scoreboard?dates=20201128&groups=80&limit=400,e824ba9bc48aeb433cf317ff00b0ed3a31272e3dee895687144bdc5a01c07f83,CORROBORATED_BY_TIER_1
ESPN-2020-401237144,2020,REGULAR_SEASON,13,2020-11-28T17:00:00Z,1606582800,57,Florida Gators,Florida,96,Kentucky Wildcats,Kentucky,34,10,24,FBS,FBS,Southeastern Conference,Southeastern Conference,False,False,Ben Hill Griffin Stadium,Gainesville,FL,REGULAR_SEASON,True,False,ESPN_PUBLIC_SCOREBOARD_API,TIER_2_MEDIA_AGGREGATOR,https://site.web.api.espn.com/apis/site/v2/sports/football/college-football/scoreboard?dates=20201128&groups=80&limit=400,e824ba9bc48aeb433cf317ff00b0ed3a31272e3dee895687144bdc5a01c07f83,CORROBORATED_BY_TIER_1
ESPN-2020-401247329,2020,REGULAR_SEASON,13,2020-11-28T17:00:00Z,1606582800,84,Indiana Hoosiers,Indiana,120,Maryland Terrapins,Maryland,27,11,16,FBS,FBS,Big Ten Conference,Big Ten Conference,False,False,"Memorial Stadium (Bloomington, IN)",Bloomington,IN,REGULAR_SEASON,True,False,ESPN_PUBLIC_SCOREBOARD_API,TIER_2_MEDIA_AGGREGATOR,https://site.web.api.espn.com/apis/site/v2/sports/football/college-football/scoreboard?dates=20201128&groups=80&limit=400,e824ba9bc48aeb433cf317ff00b0ed3a31272e3dee895687144bdc5a01c07f83,CORROBORATED_BY_TIER_1
ESPN-2020-401247333,2020,REGULAR_SEASON,13,2020-11-28T17:00:00Z,1606582800,130,Michigan Wolverines,Michigan,213,Penn State Nittany Lions,Penn State,17,27,-10,FBS,FBS,Big Ten Conference,Big Ten Conference,False,False,Michigan Stadium,Ann Arbor,MI,REGULAR_SEASON,True,False,ESPN_PUBLIC_SCOREBOARD_API,TIER_2_MEDIA_AGGREGATOR,https://site.web.api.espn.com/apis/site/v2/sports/football/college-football/scoreboard?dates=20201128&groups=80&limit=400,e824ba9bc48aeb433cf317ff00b0ed3a31272e3dee895687144bdc5a01c07f83,CORROBORATED_BY_TIER_1
ESPN-2020-401249873,2020,REGULAR_SEASON,13,2020-11-28T17:00:00Z,1606582800,2649,Toledo Rockets,Toledo,2050,Ball State Cardinals,Ball State,24,27,-3,FBS,FBS,Mid-American Conference,Mid-American Conference,False,False,Glass Bowl,Toledo,OH,REGULAR_SEASON,True,False,ESPN_PUBLIC_SCOREBOARD_API,TIER_2_MEDIA_AGGREGATOR,https://site.web.api.espn.com/apis/site/v2/sports/football/college-football/scoreboard?dates=20201128&groups=80&limit=400,e824ba9bc48aeb433cf317ff00b0ed3a31272e3dee895687144bdc5a01c07f83,CORROBORATED_BY_TIER_1
ESPN-2020-401249875,2020,REGULAR_SEASON,13,2020-11-28T17:00:00Z,1606582800,2711,Western Michigan Broncos,Western Michigan,2459,Northern Illinois Huskies,Northern Illinois,30,27,3,FBS,FBS,Mid-American Conference,Mid-American Conference,False,False,Waldo Stadium,Kalamazoo,MI,REGULAR_SEASON,True,False,ESPN_PUBLIC_SCOREBOARD_API,TIER_2_MEDIA_AGGREGATOR,https://site.web.api.espn.com/apis/site/v2/sports/football/college-football/scoreboard?dates=20201128&groups=80&limit=400,e824ba9bc48aeb433cf317ff00b0ed3a31272e3dee895687144bdc5a01c07f83,CORROBORATED_BY_TIER_1
ESPN-2020-401249876,2020,REGULAR_SEASON,13,2020-11-28T17:00:00Z,1606582800,195,Ohio Bobcats,Ohio,189,Bowling Green Falcons,Bowling Green,52,10,42,FBS,FBS,Mid-American Conference,Mid-American Conference,False,False,Peden Stadium,Athens,OH,REGULAR_SEASON,True,False,ESPN_PUBLIC_SCOREBOARD_API,TIER_2_MEDIA_AGGREGATOR,https://site.web.api.espn.com/apis/site/v2/sports/football/college-football/scoreboard?dates=20201128&groups=80&limit=400,e824ba9bc48aeb433cf317ff00b0ed3a31272e3dee895687144bdc5a01c07f83,CORROBORATED_BY_TIER_1
ESPN-2020-401249877,2020,REGULAR_SEASON,13,2020-11-28T17:00:00Z,1606582800,2084,Buffalo Bulls,Buffalo,2309,Kent State Golden Flashes,Kent State,70,41,29,FBS,FBS,Mid-American Conference,Mid-American Conference,False,False,Broadview Stadium,Buffalo,NY,REGULAR_SEASON,True,False,ESPN_PUBLIC_SCOREBOARD_API,TIER_2_MEDIA_AGGREGATOR,https://site.web.api.espn.com/apis/site/v2/sports/football/college-football/scoreboard?dates=20201128&groups=80&limit=400,e824ba9bc48aeb433cf317ff00b0ed3a31272e3dee895687144bdc5a01c07f83,CORROBORATED_BY_TIER_1
ESPN-2020-401249892,2020,REGULAR_SEASON,13,2020-11-28T18:00:00Z,1606586400,2006,Akron Zips,Akron,193,Miami (OH) RedHawks,Miami (OH),7,38,-31,FBS,FBS,Mid-American Conference,Mid-American Conference,False,False,InfoCision Stadium,Akron,OH,REGULAR_SEASON,True,False,ESPN_PUBLIC_SCOREBOARD_API,TIER_2_MEDIA_AGGREGATOR,https://site.web.api.espn.com/apis/site/v2/sports/football/college-football/scoreboard?dates=20201128&groups=80&limit=400,e824ba9bc48aeb433cf317ff00b0ed3a31272e3dee895687144bdc5a01c07f83,CORROBORATED_BY_TIER_1
ESPN-2020-401207191,2020,REGULAR_SEASON,13,2020-11-28T20:00:00Z,1606593600,2636,UTSA Roadrunners,UTSA,249,North Texas Mean Green,North Texas,49,17,32,FBS,FBS,Conference USA,Conference USA,False,False,Alamodome,San Antonio,TX,REGULAR_SEASON,True,False,ESPN_PUBLIC_SCOREBOARD_API,TIER_2_MEDIA_AGGREGATOR,https://site.web.api.espn.com/apis/site/v2/sports/football/college-football/scoreboard?dates=20201128&groups=80&limit=400,e824ba9bc48aeb433cf317ff00b0ed3a31272e3dee895687144bdc5a01c07f83,CORROBORATED_BY_TIER_1
ESPN-2020-401215337,2020,REGULAR_SEASON,13,2020-11-28T20:00:00Z,1606593600,2032,Arkansas State Red Wolves,Arkansas State,6,South Alabama Jaguars,South Alabama,31,38,-7,FBS,FBS,Sun Belt Conference,Sun Belt Conference,False,False,Centennial Bank Stadium,Jonesboro,AR,REGULAR_SEASON,True,False,ESPN_PUBLIC_SCOREBOARD_API,TIER_2_MEDIA_AGGREGATOR,https://site.web.api.espn.com/apis/site/v2/sports/football/college-football/scoreboard?dates=20201128&groups=80&limit=400,e824ba9bc48aeb433cf317ff00b0ed3a31272e3dee895687144bdc5a01c07f83,CORROBORATED_BY_TIER_1
ESPN-2020-401215338,2020,REGULAR_SEASON,13,2020-11-28T20:00:00Z,1606593600,326,Texas State Bobcats,Texas State,324,Coastal Carolina Chanticleers,Coastal Carolina,14,49,-35,FBS,FBS,Sun Belt Conference,Sun Belt Conference,False,False,UFCU Stadium,San Marcos,TX,REGULAR_SEASON,True,False,ESPN_PUBLIC_SCOREBOARD_API,TIER_2_MEDIA_AGGREGATOR,https://site.web.api.espn.com/apis/site/v2/sports/football/college-football/scoreboard?dates=20201128&groups=80&limit=400,e824ba9bc48aeb433cf317ff00b0ed3a31272e3dee895687144bdc5a01c07f83,CORROBORATED_BY_TIER_1
ESPN-2020-401215340,2020,REGULAR_SEASON,13,2020-11-28T20:00:00Z,1606593600,2433,UL Monroe Warhawks,UL Monroe,309,Louisiana Ragin' Cajuns,Louisiana,20,70,-50,FBS,FBS,Sun Belt Conference,Sun Belt Conference,False,False,Malone Stadium,Monroe,LA,REGULAR_SEASON,True,False,ESPN_PUBLIC_SCOREBOARD_API,TIER_2_MEDIA_AGGREGATOR,https://site.web.api.espn.com/apis/site/v2/sports/football/college-football/scoreboard?dates=20201128&groups=80&limit=400,e824ba9bc48aeb433cf317ff00b0ed3a31272e3dee895687144bdc5a01c07f83,CORROBORATED_BY_TIER_1
ESPN-2020-401215336,2020,REGULAR_SEASON,13,2020-11-28T20:30:00Z,1606595400,2026,Appalachian State Mountaineers,Appalachian State,2653,Troy Trojans,Troy,47,10,37,FBS,FBS,Sun Belt Conference,Sun Belt Conference,False,False,Kidd Brewer Stadium,Boone,NC,REGULAR_SEASON,True,False,ESPN_PUBLIC_SCOREBOARD_API,TIER_2_MEDIA_AGGREGATOR,https://site.web.api.espn.com/apis/site/v2/sports/football/college-football/scoreboard?dates=20201128&groups=80&limit=400,e824ba9bc48aeb433cf317ff00b0ed3a31272e3dee895687144bdc5a01c07f83,CORROBORATED_BY_TIER_1
ESPN-2020-401234651,2020,REGULAR_SEASON,13,2020-11-28T20:30:00Z,1606595400,228,Clemson Tigers,Clemson,221,Pittsburgh Panthers,Pittsburgh,52,17,35,FBS,FBS,Atlantic Coast Conference,Atlantic Coast Conference,False,False,"Memorial Stadium (Clemson, SC)",Clemson,SC,REGULAR_SEASON,True,False,ESPN_PUBLIC_SCOREBOARD_API,TIER_2_MEDIA_AGGREGATOR,https://site.web.api.espn.com/apis/site/v2/sports/football/college-football/scoreboard?dates=20201128&groups=80&limit=400,e824ba9bc48aeb433cf317ff00b0ed3a31272e3dee895687144bdc5a01c07f83,CORROBORATED_BY_TIER_1
ESPN-2020-401237142,2020,REGULAR_SEASON,13,2020-11-28T20:30:00Z,1606595400,333,Alabama Crimson Tide,Alabama,2,Auburn Tigers,Auburn,42,13,29,FBS,FBS,Southeastern Conference,Southeastern Conference,False,False,Bryant-Denny Stadium,Tuscaloosa,AL,REGULAR_SEASON,True,False,ESPN_PUBLIC_SCOREBOARD_API,TIER_2_MEDIA_AGGREGATOR,https://site.web.api.espn.com/apis/site/v2/sports/football/college-football/scoreboard?dates=20201128&groups=80&limit=400,e824ba9bc48aeb433cf317ff00b0ed3a31272e3dee895687144bdc5a01c07f83,CORROBORATED_BY_TIER_1
ESPN-2020-401247330,2020,REGULAR_SEASON,13,2020-11-28T20:30:00Z,1606595400,127,Michigan State Spartans,Michigan State,77,Northwestern Wildcats,Northwestern,29,20,9,FBS,FBS,Big Ten Conference,Big Ten Conference,False,False,Spartan Stadium,East Lansing,MI,REGULAR_SEASON,True,False,ESPN_PUBLIC_SCOREBOARD_API,TIER_2_MEDIA_AGGREGATOR,https://site.web.api.espn.com/apis/site/v2/sports/football/college-football/scoreboard?dates=20201128&groups=80&limit=400,e824ba9bc48aeb433cf317ff00b0ed3a31272e3dee895687144bdc5a01c07f83,CORROBORATED_BY_TIER_1
ESPN-2020-401234649,2020,REGULAR_SEASON,13,2020-11-28T21:00:00Z,1606597200,103,Boston College Eagles,Boston College,97,Louisville Cardinals,Louisville,34,27,7,FBS,FBS,Atlantic Coast Conference,Atlantic Coast Conference,False,False,"Alumni Stadium (Chestnut Hill, MA)",Chestnut Hill,MA,REGULAR_SEASON,True,False,ESPN_PUBLIC_SCOREBOARD_API,TIER_2_MEDIA_AGGREGATOR,https://site.web.api.espn.com/apis/site/v2/sports/football/college-football/scoreboard?dates=20201128&groups=80&limit=400,e824ba9bc48aeb433cf317ff00b0ed3a31272e3dee895687144bdc5a01c07f83,CORROBORATED_BY_TIER_1
ESPN-2020-401237147,2020,REGULAR_SEASON,13,2020-11-28T21:00:00Z,1606597200,145,Ole Miss Rebels,Ole Miss,344,Mississippi State Bulldogs,Mississippi State,31,24,7,FBS,FBS,Southeastern Conference,Southeastern Conference,False,False,Vaught-Hemingway Stadium,Oxford,MS,REGULAR_SEASON,True,False,ESPN_PUBLIC_SCOREBOARD_API,TIER_2_MEDIA_AGGREGATOR,https://site.web.api.espn.com/apis/site/v2/sports/football/college-football/scoreboard?dates=20201128&groups=80&limit=400,e824ba9bc48aeb433cf317ff00b0ed3a31272e3dee895687144bdc5a01c07f83,CORROBORATED_BY_TIER_1
ESPN-2020-401247328,2020,REGULAR_SEASON,13,2020-11-28T21:00:00Z,1606597200,2509,Purdue Boilermakers,Purdue,164,Rutgers Scarlet Knights,Rutgers,30,37,-7,FBS,FBS,Big Ten Conference,Big Ten Conference,False,False,Ross-Ade Stadium,West Lafayette,IN,REGULAR_SEASON,True,False,ESPN_PUBLIC_SCOREBOARD_API,TIER_2_MEDIA_AGGREGATOR,https://site.web.api.espn.com/apis/site/v2/sports/football/college-football/scoreboard?dates=20201128&groups=80&limit=400,e824ba9bc48aeb433cf317ff00b0ed3a31272e3dee895687144bdc5a01c07f83,CORROBORATED_BY_TIER_1
ESPN-2020-401265734,2020,REGULAR_SEASON,13,2020-11-28T22:37:00Z,1606603020,38,Colorado Buffaloes,Colorado,21,San Diego State Aztecs,San Diego State,20,10,10,FBS,FBS,Pac-12 Conference,Mountain West Conference,False,False,Folsom Field,Boulder,CO,REGULAR_SEASON,False,False,ESPN_PUBLIC_SCOREBOARD_API,TIER_2_MEDIA_AGGREGATOR,https://site.web.api.espn.com/apis/site/v2/sports/football/college-football/scoreboard?dates=20201128&groups=80&limit=400,e824ba9bc48aeb433cf317ff00b0ed3a31272e3dee895687144bdc5a01c07f83,CORROBORATED_BY_TIER_1
ESPN-2020-401234652,2020,REGULAR_SEASON,13,2020-11-29T00:00:00Z,1606608000,59,Georgia Tech Yellow Jackets,Georgia Tech,150,Duke Blue Devils,Duke,56,33,23,FBS,FBS,Atlantic Coast Conference,Atlantic Coast Conference,False,False,Bobby Dodd Stadium,Atlanta,GA,REGULAR_SEASON,True,False,ESPN_PUBLIC_SCOREBOARD_API,TIER_2_MEDIA_AGGREGATOR,https://site.web.api.espn.com/apis/site/v2/sports/football/college-football/scoreboard?dates=20201128&groups=80&limit=400,e824ba9bc48aeb433cf317ff00b0ed3a31272e3dee895687144bdc5a01c07f83,CORROBORATED_BY_TIER_1
ESPN-2020-401236028,2020,REGULAR_SEASON,13,2020-11-29T00:00:00Z,1606608000,239,Baylor Bears,Baylor,2306,Kansas State Wildcats,Kansas State,32,31,1,FBS,FBS,Big 12 Conference,Big 12 Conference,False,False,McLane Stadium,Waco,TX,REGULAR_SEASON,True,False,ESPN_PUBLIC_SCOREBOARD_API,TIER_2_MEDIA_AGGREGATOR,https://site.web.api.espn.com/apis/site/v2/sports/football/college-football/scoreboard?dates=20201128&groups=80&limit=400,e824ba9bc48aeb433cf317ff00b0ed3a31272e3dee895687144bdc5a01c07f83,CORROBORATED_BY_TIER_1
ESPN-2020-401237146,2020,REGULAR_SEASON,13,2020-11-29T00:00:00Z,1606608000,245,Texas A&M Aggies,Texas A&M,99,LSU Tigers,LSU,20,7,13,FBS,FBS,Southeastern Conference,Southeastern Conference,False,False,Kyle Field,College Station,TX,REGULAR_SEASON,True,False,ESPN_PUBLIC_SCOREBOARD_API,TIER_2_MEDIA_AGGREGATOR,https://site.web.api.espn.com/apis/site/v2/sports/football/college-football/scoreboard?dates=20201128&groups=80&limit=400,e824ba9bc48aeb433cf317ff00b0ed3a31272e3dee895687144bdc5a01c07f83,CORROBORATED_BY_TIER_1
ESPN-2020-401264080,2020,REGULAR_SEASON,13,2020-11-29T00:00:00Z,1606608000,2426,Navy Midshipmen,Navy,235,Memphis Tigers,Memphis,7,10,-3,FBS,FBS,American Conference,American Conference,False,False,Navy-Marine Corps Memorial Stadium,Annapolis,MD,REGULAR_SEASON,True,False,ESPN_PUBLIC_SCOREBOARD_API,TIER_2_MEDIA_AGGREGATOR,https://site.web.api.espn.com/apis/site/v2/sports/football/college-football/scoreboard?dates=20201128&groups=80&limit=400,e824ba9bc48aeb433cf317ff00b0ed3a31272e3dee895687144bdc5a01c07f83,CORROBORATED_BY_TIER_1
ESPN-2020-401237145,2020,REGULAR_SEASON,13,2020-11-29T00:30:00Z,1606609800,2579,South Carolina Gamecocks,South Carolina,61,Georgia Bulldogs,Georgia,16,45,-29,FBS,FBS,Southeastern Conference,Southeastern Conference,False,False,Williams-Brice Stadium,Columbia,SC,REGULAR_SEASON,True,False,ESPN_PUBLIC_SCOREBOARD_API,TIER_2_MEDIA_AGGREGATOR,https://site.web.api.espn.com/apis/site/v2/sports/football/college-football/scoreboard?dates=20201128&groups=80&limit=400,e824ba9bc48aeb433cf317ff00b0ed3a31272e3dee895687144bdc5a01c07f83,CORROBORATED_BY_TIER_1
ESPN-2020-401265458,2020,REGULAR_SEASON,13,2020-11-29T00:30:00Z,1606609800,264,Washington Huskies,Washington,254,Utah Utes,Utah,24,21,3,FBS,FBS,Pac-12 Conference,Pac-12 Conference,False,False,Husky Stadium,Seattle,WA,REGULAR_SEASON,True,False,ESPN_PUBLIC_SCOREBOARD_API,TIER_2_MEDIA_AGGREGATOR,https://site.web.api.espn.com/apis/site/v2/sports/football/college-football/scoreboard?dates=20201128&groups=80&limit=400,e824ba9bc48aeb433cf317ff00b0ed3a31272e3dee895687144bdc5a01c07f83,CORROBORATED_BY_TIER_1
ESPN-2020-401236030,2020,REGULAR_SEASON,13,2020-11-29T01:00:00Z,1606611600,2305,Kansas Jayhawks,Kansas,2628,TCU Horned Frogs,TCU,23,59,-36,FBS,FBS,Big 12 Conference,Big 12 Conference,False,False,David Booth Kansas Memorial Stadium,Lawrence,KS,REGULAR_SEASON,True,False,ESPN_PUBLIC_SCOREBOARD_API,TIER_2_MEDIA_AGGREGATOR,https://site.web.api.espn.com/apis/site/v2/sports/football/college-football/scoreboard?dates=20201128&groups=80&limit=400,e824ba9bc48aeb433cf317ff00b0ed3a31272e3dee895687144bdc5a01c07f83,CORROBORATED_BY_TIER_1
ESPN-2020-401249421,2020,REGULAR_SEASON,13,2020-11-29T01:00:00Z,1606611600,26,UCLA Bruins,UCLA,12,Arizona Wildcats,Arizona,27,10,17,FBS,FBS,Pac-12 Conference,Pac-12 Conference,False,False,Rose Bowl,Pasadena,CA,REGULAR_SEASON,True,False,ESPN_PUBLIC_SCOREBOARD_API,TIER_2_MEDIA_AGGREGATOR,https://site.web.api.espn.com/apis/site/v2/sports/football/college-football/scoreboard?dates=20201128&groups=80&limit=400,e824ba9bc48aeb433cf317ff00b0ed3a31272e3dee895687144bdc5a01c07f83,CORROBORATED_BY_TIER_1
ESPN-2020-401249024,2020,REGULAR_SEASON,13,2020-11-29T04:00:00Z,1606622400,62,Hawai'i Rainbow Warriors,Hawai'i,2440,Nevada Wolf Pack,Nevada,24,21,3,FBS,FBS,Mountain West Conference,Mountain West Conference,False,False,,,,REGULAR_SEASON,True,False,ESPN_PUBLIC_SCOREBOARD_API,TIER_2_MEDIA_AGGREGATOR,https://site.web.api.espn.com/apis/site/v2/sports/football/college-football/scoreboard?dates=20201128&groups=80&limit=400,e824ba9bc48aeb433cf317ff00b0ed3a31272e3dee895687144bdc5a01c07f83,CORROBORATED_BY_TIER_1
ESPN-2020-401265703,2020,REGULAR_SEASON,14,2020-12-03T23:00:00Z,1607036400,249,North Texas Mean Green,North Texas,2348,Louisiana Tech Bulldogs,Louisiana Tech,31,42,-11,FBS,FBS,Conference USA,Conference USA,False,False,DATCU Stadium,Denton,TX,REGULAR_SEASON,True,False,ESPN_PUBLIC_SCOREBOARD_API,TIER_2_MEDIA_AGGREGATOR,https://site.web.api.espn.com/apis/site/v2/sports/football/college-football/scoreboard?dates=20201203&groups=80&limit=400,17d83a52fc8f48bee2b0cf112f2253767ecdafd16167b84efbd99b3e53f11d15,CORROBORATED_BY_TIER_1
ESPN-2020-401249029,2020,REGULAR_SEASON,14,2020-12-04T02:30:00Z,1607049000,328,Utah State Aggies,Utah State,2005,Air Force Falcons,Air Force,7,35,-28,FBS,FBS,Mountain West Conference,Mountain West Conference,False,False,Maverik Stadium,Logan,UT,REGULAR_SEASON,True,False,ESPN_PUBLIC_SCOREBOARD_API,TIER_2_MEDIA_AGGREGATOR,https://site.web.api.espn.com/apis/site/v2/sports/football/college-football/scoreboard?dates=20201203&groups=80&limit=400,17d83a52fc8f48bee2b0cf112f2253767ecdafd16167b84efbd99b3e53f11d15,CORROBORATED_BY_TIER_1
ESPN-2020-401252117,2020,REGULAR_SEASON,14,2020-12-05T01:30:00Z,1607131800,2026,Appalachian State Mountaineers,Appalachian State,309,Louisiana Ragin' Cajuns,Louisiana,21,24,-3,FBS,FBS,Sun Belt Conference,Sun Belt Conference,False,False,Kidd Brewer Stadium,Boone,NC,REGULAR_SEASON,True,False,ESPN_PUBLIC_SCOREBOARD_API,TIER_2_MEDIA_AGGREGATOR,https://site.web.api.espn.com/apis/site/v2/sports/football/college-football/scoreboard?dates=20201204&groups=80&limit=400,71f69d759bd84087435399bf0dfbf9194e17ee482d142d88694b6aac1f029a8c,CORROBORATED_BY_TIER_1
ESPN-2020-401236035,2020,REGULAR_SEASON,14,2020-12-05T17:00:00Z,1607187600,2641,Texas Tech Red Raiders,Texas Tech,2305,Kansas Jayhawks,Kansas,16,13,3,FBS,FBS,Big 12 Conference,Big 12 Conference,False,False,Galaxy Stadium,Lubbock,TX,REGULAR_SEASON,True,False,ESPN_PUBLIC_SCOREBOARD_API,TIER_2_MEDIA_AGGREGATOR,https://site.web.api.espn.com/apis/site/v2/sports/football/college-football/scoreboard?dates=20201205&groups=80&limit=400,15a657062689382197090ca3953307454a1acdfaa2d3cafa178efdf96add8154,CORROBORATED_BY_TIER_1
ESPN-2020-401236036,2020,REGULAR_SEASON,14,2020-12-05T17:00:00Z,1607187600,2306,Kansas State Wildcats,Kansas State,251,Texas Longhorns,Texas,31,69,-38,FBS,FBS,Big 12 Conference,Big 12 Conference,False,False,Bill Snyder Family Stadium,Manhattan,KS,REGULAR_SEASON,True,False,ESPN_PUBLIC_SCOREBOARD_API,TIER_2_MEDIA_AGGREGATOR,https://site.web.api.espn.com/apis/site/v2/sports/football/college-football/scoreboard?dates=20201205&groups=80&limit=400,15a657062689382197090ca3953307454a1acdfaa2d3cafa178efdf96add8154,CORROBORATED_BY_TIER_1
ESPN-2020-401236037,2020,REGULAR_SEASON,14,2020-12-05T17:00:00Z,1607187600,2628,TCU Horned Frogs,TCU,197,Oklahoma State Cowboys,Oklahoma State,29,22,7,FBS,FBS,Big 12 Conference,Big 12 Conference,False,False,Amon G. Carter Stadium,Fort Worth,TX,REGULAR_SEASON,True,False,ESPN_PUBLIC_SCOREBOARD_API,TIER_2_MEDIA_AGGREGATOR,https://site.web.api.espn.com/apis/site/v2/sports/football/college-football/scoreboard?dates=20201205&groups=80&limit=400,15a657062689382197090ca3953307454a1acdfaa2d3cafa178efdf96add8154,CORROBORATED_BY_TIER_1
ESPN-2020-401237150,2020,REGULAR_SEASON,14,2020-12-05T17:00:00Z,1607187600,2,Auburn Tigers,Auburn,245,Texas A&M Aggies,Texas A&M,20,31,-11,FBS,FBS,Southeastern Conference,Southeastern Conference,False,False,Jordan-Hare Stadium,Auburn,AL,REGULAR_SEASON,True,False,ESPN_PUBLIC_SCOREBOARD_API,TIER_2_MEDIA_AGGREGATOR,https://site.web.api.espn.com/apis/site/v2/sports/football/college-football/scoreboard?dates=20201205&groups=80&limit=400,15a657062689382197090ca3953307454a1acdfaa2d3cafa178efdf96add8154,CORROBORATED_BY_TIER_1
ESPN-2020-401247335,2020,REGULAR_SEASON,14,2020-12-05T17:00:00Z,1607187600,2509,Purdue Boilermakers,Purdue,158,Nebraska Cornhuskers,Nebraska,27,37,-10,FBS,FBS,Big Ten Conference,Big Ten Conference,False,False,Ross-Ade Stadium,West Lafayette,IN,REGULAR_SEASON,True,False,ESPN_PUBLIC_SCOREBOARD_API,TIER_2_MEDIA_AGGREGATOR,https://site.web.api.espn.com/apis/site/v2/sports/football/college-football/scoreboard?dates=20201205&groups=80&limit=400,15a657062689382197090ca3953307454a1acdfaa2d3cafa178efdf96add8154,CORROBORATED_BY_TIER_1
ESPN-2020-401247336,2020,REGULAR_SEASON,14,2020-12-05T17:00:00Z,1607187600,164,Rutgers Scarlet Knights,Rutgers,213,Penn State Nittany Lions,Penn State,7,23,-16,FBS,FBS,Big Ten Conference,Big Ten Conference,False,False,SHI Stadium,Piscataway,NJ,REGULAR_SEASON,True,False,ESPN_PUBLIC_SCOREBOARD_API,TIER_2_MEDIA_AGGREGATOR,https://site.web.api.espn.com/apis/site/v2/sports/football/college-football/scoreboard?dates=20201205&groups=80&limit=400,15a657062689382197090ca3953307454a1acdfaa2d3cafa178efdf96add8154,CORROBORATED_BY_TIER_1
ESPN-2020-401247340,2020,REGULAR_SEASON,14,2020-12-05T17:00:00Z,1607187600,127,Michigan State Spartans,Michigan State,194,Ohio State Buckeyes,Ohio State,12,52,-40,FBS,FBS,Big Ten Conference,Big Ten Conference,False,False,Spartan Stadium,East Lansing,MI,REGULAR_SEASON,True,False,ESPN_PUBLIC_SCOREBOARD_API,TIER_2_MEDIA_AGGREGATOR,https://site.web.api.espn.com/apis/site/v2/sports/football/college-football/scoreboard?dates=20201205&groups=80&limit=400,15a657062689382197090ca3953307454a1acdfaa2d3cafa178efdf96add8154,CORROBORATED_BY_TIER_1
ESPN-2020-401248781,2020,REGULAR_SEASON,14,2020-12-05T17:00:00Z,1607187600,153,North Carolina Tar Heels,North Carolina,2717,Western Carolina Catamounts,Western Carolina,49,9,40,FBS,FCS,Atlantic Coast Conference,Southern Conference,True,False,Kenan Stadium,Chapel Hill,NC,REGULAR_SEASON,False,False,ESPN_PUBLIC_SCOREBOARD_API,TIER_2_MEDIA_AGGREGATOR,https://site.web.api.espn.com/apis/site/v2/sports/football/college-football/scoreboard?dates=20201205&groups=80&limit=400,15a657062689382197090ca3953307454a1acdfaa2d3cafa178efdf96add8154,NOT_CARRIED_BY_TIER_1_FEED
ESPN-2020-401249880,2020,REGULAR_SEASON,14,2020-12-05T17:00:00Z,1607187600,2459,Northern Illinois Huskies,Northern Illinois,2649,Toledo Rockets,Toledo,24,41,-17,FBS,FBS,Mid-American Conference,Mid-American Conference,False,False,Huskie Stadium,Dekalb,IL,REGULAR_SEASON,True,False,ESPN_PUBLIC_SCOREBOARD_API,TIER_2_MEDIA_AGGREGATOR,https://site.web.api.espn.com/apis/site/v2/sports/football/college-football/scoreboard?dates=20201205&groups=80&limit=400,15a657062689382197090ca3953307454a1acdfaa2d3cafa178efdf96add8154,CORROBORATED_BY_TIER_1
ESPN-2020-401257812,2020,REGULAR_SEASON,14,2020-12-05T17:00:00Z,1607187600,276,Marshall Thundering Herd,Marshall,242,Rice Owls,Rice,0,20,-20,FBS,FBS,Conference USA,Conference USA,False,False,Joan C. Edwards Stadium,Huntington,WV,REGULAR_SEASON,True,False,ESPN_PUBLIC_SCOREBOARD_API,TIER_2_MEDIA_AGGREGATOR,https://site.web.api.espn.com/apis/site/v2/sports/football/college-football/scoreboard?dates=20201205&groups=80&limit=400,15a657062689382197090ca3953307454a1acdfaa2d3cafa178efdf96add8154,CORROBORATED_BY_TIER_1
ESPN-2020-401264082,2020,REGULAR_SEASON,14,2020-12-05T17:00:00Z,1607187600,2655,Tulane Green Wave,Tulane,235,Memphis Tigers,Memphis,35,21,14,FBS,FBS,American Conference,American Conference,False,False,Yulman Stadium,New Orleans,LA,REGULAR_SEASON,True,False,ESPN_PUBLIC_SCOREBOARD_API,TIER_2_MEDIA_AGGREGATOR,https://site.web.api.espn.com/apis/site/v2/sports/football/college-football/scoreboard?dates=20201205&groups=80&limit=400,15a657062689382197090ca3953307454a1acdfaa2d3cafa178efdf96add8154,CORROBORATED_BY_TIER_1
ESPN-2020-401265818,2020,REGULAR_SEASON,14,2020-12-05T17:00:00Z,1607187600,142,Missouri Tigers,Missouri,8,Arkansas Razorbacks,Arkansas,50,48,2,FBS,FBS,Southeastern Conference,Southeastern Conference,False,False,Memorial Stadium,Columbia,MO,REGULAR_SEASON,True,False,ESPN_PUBLIC_SCOREBOARD_API,TIER_2_MEDIA_AGGREGATOR,https://site.web.api.espn.com/apis/site/v2/sports/football/college-football/scoreboard?dates=20201205&groups=80&limit=400,15a657062689382197090ca3953307454a1acdfaa2d3cafa178efdf96add8154,CORROBORATED_BY_TIER_1
ESPN-2020-401249878,2020,REGULAR_SEASON,14,2020-12-05T19:00:00Z,1607194800,2117,Central Michigan Chippewas,Central Michigan,2050,Ball State Cardinals,Ball State,20,45,-25,FBS,FBS,Mid-American Conference,Mid-American Conference,False,False,Kelly/Shorts Stadium,Mount Pleasant,MI,REGULAR_SEASON,True,False,ESPN_PUBLIC_SCOREBOARD_API,TIER_2_MEDIA_AGGREGATOR,https://site.web.api.espn.com/apis/site/v2/sports/football/college-football/scoreboard?dates=20201205&groups=80&limit=400,15a657062689382197090ca3953307454a1acdfaa2d3cafa178efdf96add8154,CORROBORATED_BY_TIER_1
ESPN-2020-401249879,2020,REGULAR_SEASON,14,2020-12-05T19:00:00Z,1607194800,2711,Western Michigan Broncos,Western Michigan,2199,Eastern Michigan Eagles,Eastern Michigan,42,53,-11,FBS,FBS,Mid-American Conference,Mid-American Conference,False,False,Waldo Stadium,Kalamazoo,MI,REGULAR_SEASON,True,False,ESPN_PUBLIC_SCOREBOARD_API,TIER_2_MEDIA_AGGREGATOR,https://site.web.api.espn.com/apis/site/v2/sports/football/college-football/scoreboard?dates=20201205&groups=80&limit=400,15a657062689382197090ca3953307454a1acdfaa2d3cafa178efdf96add8154,CORROBORATED_BY_TIER_1
ESPN-2020-401249881,2020,REGULAR_SEASON,14,2020-12-05T19:00:00Z,1607194800,2006,Akron Zips,Akron,189,Bowling Green Falcons,Bowling Green,31,3,28,FBS,FBS,Mid-American Conference,Mid-American Conference,False,False,InfoCision Stadium,Akron,OH,REGULAR_SEASON,True,False,ESPN_PUBLIC_SCOREBOARD_API,TIER_2_MEDIA_AGGREGATOR,https://site.web.api.espn.com/apis/site/v2/sports/football/college-football/scoreboard?dates=20201205&groups=80&limit=400,15a657062689382197090ca3953307454a1acdfaa2d3cafa178efdf96add8154,CORROBORATED_BY_TIER_1
ESPN-2020-401262494,2020,REGULAR_SEASON,14,2020-12-05T19:00:00Z,1607194800,6,South Alabama Jaguars,South Alabama,2653,Troy Trojans,Troy,0,29,-29,FBS,FBS,Sun Belt Conference,Sun Belt Conference,False,False,Hancock Whitney Stadium,Mobile,AL,REGULAR_SEASON,True,False,ESPN_PUBLIC_SCOREBOARD_API,TIER_2_MEDIA_AGGREGATOR,https://site.web.api.espn.com/apis/site/v2/sports/football/college-football/scoreboard?dates=20201205&groups=80&limit=400,15a657062689382197090ca3953307454a1acdfaa2d3cafa178efdf96add8154,CORROBORATED_BY_TIER_1
ESPN-2020-401234662,2020,REGULAR_SEASON,14,2020-12-05T19:30:00Z,1607196600,87,Notre Dame Fighting Irish,Notre Dame,183,Syracuse Orange,Syracuse,45,21,24,FBS,FBS,Atlantic Coast Conference,Atlantic Coast Conference,False,False,Notre Dame Stadium,Notre Dame,IN,REGULAR_SEASON,True,False,ESPN_PUBLIC_SCOREBOARD_API,TIER_2_MEDIA_AGGREGATOR,https://site.web.api.espn.com/apis/site/v2/sports/football/college-football/scoreboard?dates=20201205&groups=80&limit=400,15a657062689382197090ca3953307454a1acdfaa2d3cafa178efdf96add8154,CORROBORATED_BY_TIER_1
ESPN-2020-401262493,2020,REGULAR_SEASON,14,2020-12-05T20:00:00Z,1607198400,2032,Arkansas State Red Wolves,Arkansas State,2433,UL Monroe Warhawks,UL Monroe,48,15,33,FBS,FBS,Sun Belt Conference,Sun Belt Conference,False,False,Centennial Bank Stadium,Jonesboro,AR,REGULAR_SEASON,True,False,ESPN_PUBLIC_SCOREBOARD_API,TIER_2_MEDIA_AGGREGATOR,https://site.web.api.espn.com/apis/site/v2/sports/football/college-football/scoreboard?dates=20201205&groups=80&limit=400,15a657062689382197090ca3953307454a1acdfaa2d3cafa178efdf96add8154,CORROBORATED_BY_TIER_1
ESPN-2020-401234656,2020,REGULAR_SEASON,14,2020-12-05T20:30:00Z,1607200200,258,Virginia Cavaliers,Virginia,103,Boston College Eagles,Boston College,43,32,11,FBS,FBS,Atlantic Coast Conference,Atlantic Coast Conference,False,False,Scott Stadium,Charlottesville,VA,REGULAR_SEASON,True,False,ESPN_PUBLIC_SCOREBOARD_API,TIER_2_MEDIA_AGGREGATOR,https://site.web.api.espn.com/apis/site/v2/sports/football/college-football/scoreboard?dates=20201205&groups=80&limit=400,15a657062689382197090ca3953307454a1acdfaa2d3cafa178efdf96add8154,CORROBORATED_BY_TIER_1
ESPN-2020-401236034,2020,REGULAR_SEASON,14,2020-12-05T20:30:00Z,1607200200,66,Iowa State Cyclones,Iowa State,277,West Virginia Mountaineers,West Virginia,42,6,36,FBS,FBS,Big 12 Conference,Big 12 Conference,False,False,Jack Trice Stadium,Ames,IA,REGULAR_SEASON,True,False,ESPN_PUBLIC_SCOREBOARD_API,TIER_2_MEDIA_AGGREGATOR,https://site.web.api.espn.com/apis/site/v2/sports/football/college-football/scoreboard?dates=20201205&groups=80&limit=400,15a657062689382197090ca3953307454a1acdfaa2d3cafa178efdf96add8154,CORROBORATED_BY_TIER_1
ESPN-2020-401237151,2020,REGULAR_SEASON,14,2020-12-05T20:30:00Z,1607200200,2633,Tennessee Volunteers,Tennessee,57,Florida Gators,Florida,19,31,-12,FBS,FBS,Southeastern Conference,Southeastern Conference,False,False,Neyland Stadium,Knoxville,TN,REGULAR_SEASON,True,False,ESPN_PUBLIC_SCOREBOARD_API,TIER_2_MEDIA_AGGREGATOR,https://site.web.api.espn.com/apis/site/v2/sports/football/college-football/scoreboard?dates=20201205&groups=80&limit=400,15a657062689382197090ca3953307454a1acdfaa2d3cafa178efdf96add8154,CORROBORATED_BY_TIER_1
ESPN-2020-401247337,2020,REGULAR_SEASON,14,2020-12-05T20:30:00Z,1607200200,356,Illinois Fighting Illini,Illinois,2294,Iowa Hawkeyes,Iowa,21,35,-14,FBS,FBS,Big Ten Conference,Big Ten Conference,False,False,Gies Memorial Stadium,Champaign,IL,REGULAR_SEASON,True,False,ESPN_PUBLIC_SCOREBOARD_API,TIER_2_MEDIA_AGGREGATOR,https://site.web.api.espn.com/apis/site/v2/sports/football/college-football/scoreboard?dates=20201205&groups=80&limit=400,15a657062689382197090ca3953307454a1acdfaa2d3cafa178efdf96add8154,CORROBORATED_BY_TIER_1
ESPN-2020-401247338,2020,REGULAR_SEASON,14,2020-12-05T20:30:00Z,1607200200,275,Wisconsin Badgers,Wisconsin,84,Indiana Hoosiers,Indiana,6,14,-8,FBS,FBS,Big Ten Conference,Big Ten Conference,False,False,Camp Randall Stadium,Madison,WI,REGULAR_SEASON,True,False,ESPN_PUBLIC_SCOREBOARD_API,TIER_2_MEDIA_AGGREGATOR,https://site.web.api.espn.com/apis/site/v2/sports/football/college-football/scoreboard?dates=20201205&groups=80&limit=400,15a657062689382197090ca3953307454a1acdfaa2d3cafa178efdf96add8154,CORROBORATED_BY_TIER_1
ESPN-2020-401264083,2020,REGULAR_SEASON,14,2020-12-05T20:30:00Z,1607200200,2426,Navy Midshipmen,Navy,202,Tulsa Golden Hurricane,Tulsa,6,19,-13,FBS,FBS,American Conference,American Conference,False,False,Navy-Marine Corps Memorial Stadium,Annapolis,MD,REGULAR_SEASON,True,False,ESPN_PUBLIC_SCOREBOARD_API,TIER_2_MEDIA_AGGREGATOR,https://site.web.api.espn.com/apis/site/v2/sports/football/college-football/scoreboard?dates=20201205&groups=80&limit=400,15a657062689382197090ca3953307454a1acdfaa2d3cafa178efdf96add8154,CORROBORATED_BY_TIER_1
ESPN-2020-401234659,2020,REGULAR_SEASON,14,2020-12-05T21:00:00Z,1607202000,152,NC State Wolfpack,NC State,59,Georgia Tech Yellow Jackets,Georgia Tech,23,13,10,FBS,FBS,Atlantic Coast Conference,Atlantic Coast Conference,False,False,Carter-Finley Stadium,Raleigh,NC,REGULAR_SEASON,True,False,ESPN_PUBLIC_SCOREBOARD_API,TIER_2_MEDIA_AGGREGATOR,https://site.web.api.espn.com/apis/site/v2/sports/football/college-football/scoreboard?dates=20201205&groups=80&limit=400,15a657062689382197090ca3953307454a1acdfaa2d3cafa178efdf96add8154,CORROBORATED_BY_TIER_1
ESPN-2020-401249424,2020,REGULAR_SEASON,14,2020-12-05T21:00:00Z,1607202000,264,Washington Huskies,Washington,24,Stanford Cardinal,Stanford,26,31,-5,FBS,FBS,Pac-12 Conference,Pac-12 Conference,False,False,Husky Stadium,Seattle,WA,REGULAR_SEASON,True,False,ESPN_PUBLIC_SCOREBOARD_API,TIER_2_MEDIA_AGGREGATOR,https://site.web.api.espn.com/apis/site/v2/sports/football/college-football/scoreboard?dates=20201205&groups=80&limit=400,15a657062689382197090ca3953307454a1acdfaa2d3cafa178efdf96add8154,CORROBORATED_BY_TIER_1
ESPN-2020-401237514,2020,REGULAR_SEASON,14,2020-12-05T22:30:00Z,1607207400,324,Coastal Carolina Chanticleers,Coastal Carolina,252,BYU Cougars,BYU,22,17,5,FBS,FBS,Sun Belt Conference,FBS Independents,False,False,Brooks Stadium (SC),Conway,SC,REGULAR_SEASON,False,False,ESPN_PUBLIC_SCOREBOARD_API,TIER_2_MEDIA_AGGREGATOR,https://site.web.api.espn.com/apis/site/v2/sports/football/college-football/scoreboard?dates=20201205&groups=80&limit=400,15a657062689382197090ca3953307454a1acdfaa2d3cafa178efdf96add8154,CORROBORATED_BY_TIER_1
ESPN-2020-401249033,2020,REGULAR_SEASON,14,2020-12-05T23:00:00Z,1607209200,62,Hawai'i Rainbow Warriors,Hawai'i,23,San José State Spartans,San José State,24,35,-11,FBS,FBS,Mountain West Conference,Mountain West Conference,False,False,,,,REGULAR_SEASON,True,False,ESPN_PUBLIC_SCOREBOARD_API,TIER_2_MEDIA_AGGREGATOR,https://site.web.api.espn.com/apis/site/v2/sports/football/college-football/scoreboard?dates=20201205&groups=80&limit=400,15a657062689382197090ca3953307454a1acdfaa2d3cafa178efdf96add8154,CORROBORATED_BY_TIER_1
ESPN-2020-401261675,2020,REGULAR_SEASON,14,2020-12-05T23:00:00Z,1607209200,290,Georgia Southern Eagles,Georgia Southern,2226,Florida Atlantic Owls,Florida Atlantic,20,3,17,FBS,FBS,Sun Belt Conference,Conference USA,False,False,Allen E. Paulson Stadium,Statesboro,GA,REGULAR_SEASON,False,False,ESPN_PUBLIC_SCOREBOARD_API,TIER_2_MEDIA_AGGREGATOR,https://site.web.api.espn.com/apis/site/v2/sports/football/college-football/scoreboard?dates=20201205&groups=80&limit=400,15a657062689382197090ca3953307454a1acdfaa2d3cafa178efdf96add8154,CORROBORATED_BY_TIER_1
ESPN-2020-401249031,2020,REGULAR_SEASON,14,2020-12-06T00:00:00Z,1607212800,21,San Diego State Aztecs,San Diego State,36,Colorado State Rams,Colorado State,29,17,12,FBS,FBS,Mountain West Conference,Mountain West Conference,False,False,Dignity Health Sports Park,Carson,CA,REGULAR_SEASON,True,False,ESPN_PUBLIC_SCOREBOARD_API,TIER_2_MEDIA_AGGREGATOR,https://site.web.api.espn.com/apis/site/v2/sports/football/college-football/scoreboard?dates=20201205&groups=80&limit=400,15a657062689382197090ca3953307454a1acdfaa2d3cafa178efdf96add8154,CORROBORATED_BY_TIER_1
ESPN-2020-401249423,2020,REGULAR_SEASON,14,2020-12-06T00:00:00Z,1607212800,25,California Golden Bears,California,2483,Oregon Ducks,Oregon,21,17,4,FBS,FBS,Pac-12 Conference,Pac-12 Conference,False,False,California Memorial Stadium,Berkeley,CA,REGULAR_SEASON,True,False,ESPN_PUBLIC_SCOREBOARD_API,TIER_2_MEDIA_AGGREGATOR,https://site.web.api.espn.com/apis/site/v2/sports/football/college-football/scoreboard?dates=20201205&groups=80&limit=400,15a657062689382197090ca3953307454a1acdfaa2d3cafa178efdf96add8154,CORROBORATED_BY_TIER_1
ESPN-2020-401249426,2020,REGULAR_SEASON,14,2020-12-06T00:00:00Z,1607212800,12,Arizona Wildcats,Arizona,38,Colorado Buffaloes,Colorado,13,24,-11,FBS,FBS,Pac-12 Conference,Pac-12 Conference,False,False,Casino Del Sol Stadium,Tucson,AZ,REGULAR_SEASON,True,False,ESPN_PUBLIC_SCOREBOARD_API,TIER_2_MEDIA_AGGREGATOR,https://site.web.api.espn.com/apis/site/v2/sports/football/college-football/scoreboard?dates=20201205&groups=80&limit=400,15a657062689382197090ca3953307454a1acdfaa2d3cafa178efdf96add8154,CORROBORATED_BY_TIER_1
ESPN-2020-401234657,2020,REGULAR_SEASON,14,2020-12-06T00:30:00Z,1607214600,259,Virginia Tech Hokies,Virginia Tech,228,Clemson Tigers,Clemson,10,45,-35,FBS,FBS,Atlantic Coast Conference,Atlantic Coast Conference,False,False,Lane Stadium,Blacksburg,VA,REGULAR_SEASON,True,False,ESPN_PUBLIC_SCOREBOARD_API,TIER_2_MEDIA_AGGREGATOR,https://site.web.api.espn.com/apis/site/v2/sports/football/college-football/scoreboard?dates=20201205&groups=80&limit=400,15a657062689382197090ca3953307454a1acdfaa2d3cafa178efdf96add8154,CORROBORATED_BY_TIER_1
ESPN-2020-401237153,2020,REGULAR_SEASON,14,2020-12-06T00:30:00Z,1607214600,96,Kentucky Wildcats,Kentucky,2579,South Carolina Gamecocks,South Carolina,41,18,23,FBS,FBS,Southeastern Conference,Southeastern Conference,False,False,Kroger Field,Lexington,KY,REGULAR_SEASON,True,False,ESPN_PUBLIC_SCOREBOARD_API,TIER_2_MEDIA_AGGREGATOR,https://site.web.api.espn.com/apis/site/v2/sports/football/college-football/scoreboard?dates=20201205&groups=80&limit=400,15a657062689382197090ca3953307454a1acdfaa2d3cafa178efdf96add8154,CORROBORATED_BY_TIER_1
ESPN-2020-401236033,2020,REGULAR_SEASON,14,2020-12-06T01:00:00Z,1607216400,201,Oklahoma Sooners,Oklahoma,239,Baylor Bears,Baylor,27,14,13,FBS,FBS,Big 12 Conference,Big 12 Conference,False,False,"Memorial Stadium (Norman, OK)",Norman,OK,REGULAR_SEASON,True,False,ESPN_PUBLIC_SCOREBOARD_API,TIER_2_MEDIA_AGGREGATOR,https://site.web.api.espn.com/apis/site/v2/sports/football/college-football/scoreboard?dates=20201205&groups=80&limit=400,15a657062689382197090ca3953307454a1acdfaa2d3cafa178efdf96add8154,CORROBORATED_BY_TIER_1
ESPN-2020-401265817,2020,REGULAR_SEASON,14,2020-12-06T01:00:00Z,1607216400,99,LSU Tigers,LSU,333,Alabama Crimson Tide,Alabama,17,55,-38,FBS,FBS,Southeastern Conference,Southeastern Conference,False,False,Tiger Stadium (LA),Baton Rouge,LA,REGULAR_SEASON,True,False,ESPN_PUBLIC_SCOREBOARD_API,TIER_2_MEDIA_AGGREGATOR,https://site.web.api.espn.com/apis/site/v2/sports/football/college-football/scoreboard?dates=20201205&groups=80&limit=400,15a657062689382197090ca3953307454a1acdfaa2d3cafa178efdf96add8154,CORROBORATED_BY_TIER_1
ESPN-2020-401266134,2020,REGULAR_SEASON,14,2020-12-06T01:00:00Z,1607216400,150,Duke Blue Devils,Duke,2390,Miami Hurricanes,Miami,0,48,-48,FBS,FBS,Atlantic Coast Conference,Atlantic Coast Conference,False,False,Wallace Wade Stadium,Durham,NC,REGULAR_SEASON,True,False,ESPN_PUBLIC_SCOREBOARD_API,TIER_2_MEDIA_AGGREGATOR,https://site.web.api.espn.com/apis/site/v2/sports/football/college-football/scoreboard?dates=20201205&groups=80&limit=400,15a657062689382197090ca3953307454a1acdfaa2d3cafa178efdf96add8154,CORROBORATED_BY_TIER_1
ESPN-2020-401249032,2020,REGULAR_SEASON,14,2020-12-06T02:00:00Z,1607220000,2440,Nevada Wolf Pack,Nevada,278,Fresno State Bulldogs,Fresno State,37,26,11,FBS,FBS,Mountain West Conference,Mountain West Conference,False,False,Mackay Stadium,Reno,NV,REGULAR_SEASON,True,False,ESPN_PUBLIC_SCOREBOARD_API,TIER_2_MEDIA_AGGREGATOR,https://site.web.api.espn.com/apis/site/v2/sports/football/college-football/scoreboard?dates=20201205&groups=80&limit=400,15a657062689382197090ca3953307454a1acdfaa2d3cafa178efdf96add8154,CORROBORATED_BY_TIER_1
ESPN-2020-401249034,2020,REGULAR_SEASON,14,2020-12-06T03:30:00Z,1607225400,167,New Mexico Lobos,New Mexico,2751,Wyoming Cowboys,Wyoming,17,16,1,FBS,FBS,Mountain West Conference,Mountain West Conference,False,True,Sam Boyd Stadium,Las Vegas,NV,REGULAR_SEASON,True,False,ESPN_PUBLIC_SCOREBOARD_API,TIER_2_MEDIA_AGGREGATOR,https://site.web.api.espn.com/apis/site/v2/sports/football/college-football/scoreboard?dates=20201205&groups=80&limit=400,15a657062689382197090ca3953307454a1acdfaa2d3cafa178efdf96add8154,CORROBORATED_BY_TIER_1
ESPN-2020-401249422,2020,REGULAR_SEASON,14,2020-12-06T03:30:00Z,1607225400,254,Utah Utes,Utah,204,Oregon State Beavers,Oregon State,30,24,6,FBS,FBS,Pac-12 Conference,Pac-12 Conference,False,False,Rice-Eccles Stadium,Salt Lake City,UT,REGULAR_SEASON,True,False,ESPN_PUBLIC_SCOREBOARD_API,TIER_2_MEDIA_AGGREGATOR,https://site.web.api.espn.com/apis/site/v2/sports/football/college-football/scoreboard?dates=20201205&groups=80&limit=400,15a657062689382197090ca3953307454a1acdfaa2d3cafa178efdf96add8154,CORROBORATED_BY_TIER_1
ESPN-2020-401249425,2020,REGULAR_SEASON,14,2020-12-06T03:30:00Z,1607225400,9,Arizona State Sun Devils,Arizona State,26,UCLA Bruins,UCLA,18,25,-7,FBS,FBS,Pac-12 Conference,Pac-12 Conference,False,False,Mountain America Stadium,Tempe,AZ,REGULAR_SEASON,True,False,ESPN_PUBLIC_SCOREBOARD_API,TIER_2_MEDIA_AGGREGATOR,https://site.web.api.espn.com/apis/site/v2/sports/football/college-football/scoreboard?dates=20201205&groups=80&limit=400,15a657062689382197090ca3953307454a1acdfaa2d3cafa178efdf96add8154,CORROBORATED_BY_TIER_1
ESPN-2020-401266789,2020,REGULAR_SEASON,14,2020-12-06T17:00:00Z,1607274000,2429,Charlotte 49ers,Charlotte,98,Western Kentucky Hilltoppers,Western Kentucky,19,37,-18,FBS,FBS,Conference USA,Conference USA,False,False,Jerry Richardson Stadium,Charlotte,NC,REGULAR_SEASON,True,False,ESPN_PUBLIC_SCOREBOARD_API,TIER_2_MEDIA_AGGREGATOR,https://site.web.api.espn.com/apis/site/v2/sports/football/college-football/scoreboard?dates=20201206&groups=80&limit=400,6c1979c128cc8b60b29ada87e48f41c1ee4df4b1e9e15a881bdee844e48ec4c0,CORROBORATED_BY_TIER_1
ESPN-2020-401249427,2020,REGULAR_SEASON,14,2020-12-07T00:30:00Z,1607301000,30,USC Trojans,USC,265,Washington State Cougars,Washington State,38,13,25,FBS,FBS,Pac-12 Conference,Pac-12 Conference,False,False,Los Angeles Memorial Coliseum,Los Angeles,CA,REGULAR_SEASON,True,False,ESPN_PUBLIC_SCOREBOARD_API,TIER_2_MEDIA_AGGREGATOR,https://site.web.api.espn.com/apis/site/v2/sports/football/college-football/scoreboard?dates=20201206&groups=80&limit=400,6c1979c128cc8b60b29ada87e48f41c1ee4df4b1e9e15a881bdee844e48ec4c0,CORROBORATED_BY_TIER_1
ESPN-2020-401257813,2020,REGULAR_SEASON,15,2020-12-10T23:30:00Z,1607643000,2572,Southern Mississippi Golden Eagles,Southern Mississippi,2226,Florida Atlantic Owls,Florida Atlantic,45,31,14,FBS,FBS,Conference USA,Conference USA,False,False,M. M. Roberts Stadium,Hattiesburg,MS,REGULAR_SEASON,True,False,ESPN_PUBLIC_SCOREBOARD_API,TIER_2_MEDIA_AGGREGATOR,https://site.web.api.espn.com/apis/site/v2/sports/football/college-football/scoreboard?dates=20201210&groups=80&limit=400,e6d2a54bf85d51fb0221ba958a15d122c302767f0601c391d1714dbe132b150d,CORROBORATED_BY_TIER_1
ESPN-2020-401261245,2020,REGULAR_SEASON,15,2020-12-11T00:00:00Z,1607644800,59,Georgia Tech Yellow Jackets,Georgia Tech,221,Pittsburgh Panthers,Pittsburgh,20,34,-14,FBS,FBS,Atlantic Coast Conference,Atlantic Coast Conference,False,False,Bobby Dodd Stadium,Atlanta,GA,REGULAR_SEASON,True,False,ESPN_PUBLIC_SCOREBOARD_API,TIER_2_MEDIA_AGGREGATOR,https://site.web.api.espn.com/apis/site/v2/sports/football/college-football/scoreboard?dates=20201210&groups=80&limit=400,e6d2a54bf85d51fb0221ba958a15d122c302767f0601c391d1714dbe132b150d,CORROBORATED_BY_TIER_1
ESPN-2020-401257816,2020,REGULAR_SEASON,15,2020-12-11T23:00:00Z,1607727600,2638,UTEP Miners,UTEP,249,North Texas Mean Green,North Texas,43,45,-2,FBS,FBS,Conference USA,Conference USA,False,False,DATCU Stadium,Denton,TX,REGULAR_SEASON,True,False,ESPN_PUBLIC_SCOREBOARD_API,TIER_2_MEDIA_AGGREGATOR,https://site.web.api.espn.com/apis/site/v2/sports/football/college-football/scoreboard?dates=20201211&groups=80&limit=400,42ca5c0522b7755e1b531039fd64faaf8314146271c71a97a2cdf3ecb1f494d7,CORROBORATED_BY_TIER_1
ESPN-2020-401249429,2020,REGULAR_SEASON,15,2020-12-12T00:00:00Z,1607731200,12,Arizona Wildcats,Arizona,9,Arizona State Sun Devils,Arizona State,7,70,-63,FBS,FBS,Pac-12 Conference,Pac-12 Conference,False,False,Casino Del Sol Stadium,Tucson,AZ,REGULAR_SEASON,True,False,ESPN_PUBLIC_SCOREBOARD_API,TIER_2_MEDIA_AGGREGATOR,https://site.web.api.espn.com/apis/site/v2/sports/football/college-football/scoreboard?dates=20201211&groups=80&limit=400,42ca5c0522b7755e1b531039fd64faaf8314146271c71a97a2cdf3ecb1f494d7,CORROBORATED_BY_TIER_1
ESPN-2020-401249037,2020,REGULAR_SEASON,15,2020-12-12T03:00:00Z,1607742000,23,San José State Spartans,San José State,2440,Nevada Wolf Pack,Nevada,30,20,10,FBS,FBS,Mountain West Conference,Mountain West Conference,False,True,Sam Boyd Stadium,Las Vegas,NV,REGULAR_SEASON,True,False,ESPN_PUBLIC_SCOREBOARD_API,TIER_2_MEDIA_AGGREGATOR,https://site.web.api.espn.com/apis/site/v2/sports/football/college-football/scoreboard?dates=20201211&groups=80&limit=400,42ca5c0522b7755e1b531039fd64faaf8314146271c71a97a2cdf3ecb1f494d7,CORROBORATED_BY_TIER_1
ESPN-2020-401247342,2020,REGULAR_SEASON,15,2020-12-12T17:00:00Z,1607792400,120,Maryland Terrapins,Maryland,164,Rutgers Scarlet Knights,Rutgers,24,27,-3,FBS,FBS,Big Ten Conference,Big Ten Conference,False,False,SECU Stadium,College Park,MD,REGULAR_SEASON,True,True,ESPN_PUBLIC_SCOREBOARD_API,TIER_2_MEDIA_AGGREGATOR,https://site.web.api.espn.com/apis/site/v2/sports/football/college-football/scoreboard?dates=20201212&groups=80&limit=400,4f57172d8a594eb03560df1fb85cd728811dc1ff16b8cc359cf298dfdca3e092,CORROBORATED_BY_TIER_1
ESPN-2020-401247344,2020,REGULAR_SEASON,15,2020-12-12T17:00:00Z,1607792400,77,Northwestern Wildcats,Northwestern,356,Illinois Fighting Illini,Illinois,28,10,18,FBS,FBS,Big Ten Conference,Big Ten Conference,False,False,Ryan Field (1926),Evanston,IL,REGULAR_SEASON,True,False,ESPN_PUBLIC_SCOREBOARD_API,TIER_2_MEDIA_AGGREGATOR,https://site.web.api.espn.com/apis/site/v2/sports/football/college-football/scoreboard?dates=20201212&groups=80&limit=400,4f57172d8a594eb03560df1fb85cd728811dc1ff16b8cc359cf298dfdca3e092,CORROBORATED_BY_TIER_1
ESPN-2020-401247345,2020,REGULAR_SEASON,15,2020-12-12T17:00:00Z,1607792400,158,Nebraska Cornhuskers,Nebraska,135,Minnesota Golden Gophers,Minnesota,17,24,-7,FBS,FBS,Big Ten Conference,Big Ten Conference,False,False,"Memorial Stadium (Lincoln, NE)",Lincoln,NE,REGULAR_SEASON,True,False,ESPN_PUBLIC_SCOREBOARD_API,TIER_2_MEDIA_AGGREGATOR,https://site.web.api.espn.com/apis/site/v2/sports/football/college-football/scoreboard?dates=20201212&groups=80&limit=400,4f57172d8a594eb03560df1fb85cd728811dc1ff16b8cc359cf298dfdca3e092,CORROBORATED_BY_TIER_1
ESPN-2020-401247346,2020,REGULAR_SEASON,15,2020-12-12T17:00:00Z,1607792400,213,Penn State Nittany Lions,Penn State,127,Michigan State Spartans,Michigan State,39,24,15,FBS,FBS,Big Ten Conference,Big Ten Conference,False,False,Beaver Stadium,University Park,PA,REGULAR_SEASON,True,False,ESPN_PUBLIC_SCOREBOARD_API,TIER_2_MEDIA_AGGREGATOR,https://site.web.api.espn.com/apis/site/v2/sports/football/college-football/scoreboard?dates=20201212&groups=80&limit=400,4f57172d8a594eb03560df1fb85cd728811dc1ff16b8cc359cf298dfdca3e092,CORROBORATED_BY_TIER_1
ESPN-2020-401249428,2020,REGULAR_SEASON,15,2020-12-12T17:00:00Z,1607792400,38,Colorado Buffaloes,Colorado,254,Utah Utes,Utah,21,38,-17,FBS,FBS,Pac-12 Conference,Pac-12 Conference,False,False,Folsom Field,Boulder,CO,REGULAR_SEASON,True,False,ESPN_PUBLIC_SCOREBOARD_API,TIER_2_MEDIA_AGGREGATOR,https://site.web.api.espn.com/apis/site/v2/sports/football/college-football/scoreboard?dates=20201212&groups=80&limit=400,4f57172d8a594eb03560df1fb85cd728811dc1ff16b8cc359cf298dfdca3e092,CORROBORATED_BY_TIER_1
ESPN-2020-401249884,2020,REGULAR_SEASON,15,2020-12-12T17:00:00Z,1607792400,2199,Eastern Michigan Eagles,Eastern Michigan,2459,Northern Illinois Huskies,Northern Illinois,41,33,8,FBS,FBS,Mid-American Conference,Mid-American Conference,False,False,Rynearson Stadium,Ypsilanti,MI,REGULAR_SEASON,True,False,ESPN_PUBLIC_SCOREBOARD_API,TIER_2_MEDIA_AGGREGATOR,https://site.web.api.espn.com/apis/site/v2/sports/football/college-football/scoreboard?dates=20201212&groups=80&limit=400,4f57172d8a594eb03560df1fb85cd728811dc1ff16b8cc359cf298dfdca3e092,CORROBORATED_BY_TIER_1
ESPN-2020-401249885,2020,REGULAR_SEASON,15,2020-12-12T17:00:00Z,1607792400,2050,Ball State Cardinals,Ball State,2711,Western Michigan Broncos,Western Michigan,30,27,3,FBS,FBS,Mid-American Conference,Mid-American Conference,False,False,Scheumann Stadium,Muncie,IN,REGULAR_SEASON,True,False,ESPN_PUBLIC_SCOREBOARD_API,TIER_2_MEDIA_AGGREGATOR,https://site.web.api.espn.com/apis/site/v2/sports/football/college-football/scoreboard?dates=20201212&groups=80&limit=400,4f57172d8a594eb03560df1fb85cd728811dc1ff16b8cc359cf298dfdca3e092,CORROBORATED_BY_TIER_1
ESPN-2020-401266696,2020,REGULAR_SEASON,15,2020-12-12T17:00:00Z,1607792400,97,Louisville Cardinals,Louisville,154,Wake Forest Demon Deacons,Wake Forest,45,21,24,FBS,FBS,Atlantic Coast Conference,Atlantic Coast Conference,False,False,L&N Federal Credit Union Stadium,Louisville,KY,REGULAR_SEASON,True,False,ESPN_PUBLIC_SCOREBOARD_API,TIER_2_MEDIA_AGGREGATOR,https://site.web.api.espn.com/apis/site/v2/sports/football/college-football/scoreboard?dates=20201212&groups=80&limit=400,4f57172d8a594eb03560df1fb85cd728811dc1ff16b8cc359cf298dfdca3e092,CORROBORATED_BY_TIER_1
ESPN-2020-401267161,2020,REGULAR_SEASON,15,2020-12-12T17:00:00Z,1607792400,142,Missouri Tigers,Missouri,61,Georgia Bulldogs,Georgia,14,49,-35,FBS,FBS,Southeastern Conference,Southeastern Conference,False,False,Memorial Stadium,Columbia,MO,REGULAR_SEASON,True,False,ESPN_PUBLIC_SCOREBOARD_API,TIER_2_MEDIA_AGGREGATOR,https://site.web.api.espn.com/apis/site/v2/sports/football/college-football/scoreboard?dates=20201212&groups=80&limit=400,4f57172d8a594eb03560df1fb85cd728811dc1ff16b8cc359cf298dfdca3e092,CORROBORATED_BY_TIER_1
ESPN-2020-401267164,2020,REGULAR_SEASON,15,2020-12-12T17:00:00Z,1607792400,8,Arkansas Razorbacks,Arkansas,333,Alabama Crimson Tide,Alabama,3,52,-49,FBS,FBS,Southeastern Conference,Southeastern Conference,False,False,Donald W. Reynolds Razorback Stadium,Fayetteville,AR,REGULAR_SEASON,True,False,ESPN_PUBLIC_SCOREBOARD_API,TIER_2_MEDIA_AGGREGATOR,https://site.web.api.espn.com/apis/site/v2/sports/football/college-football/scoreboard?dates=20201212&groups=80&limit=400,4f57172d8a594eb03560df1fb85cd728811dc1ff16b8cc359cf298dfdca3e092,CORROBORATED_BY_TIER_1
ESPN-2020-401257815,2020,REGULAR_SEASON,15,2020-12-12T18:00:00Z,1607796000,242,Rice Owls,Rice,5,UAB Blazers,UAB,16,21,-5,FBS,FBS,Conference USA,Conference USA,False,False,Rice Stadium,Houston,TX,REGULAR_SEASON,True,False,ESPN_PUBLIC_SCOREBOARD_API,TIER_2_MEDIA_AGGREGATOR,https://site.web.api.espn.com/apis/site/v2/sports/football/college-football/scoreboard?dates=20201212&groups=80&limit=400,4f57172d8a594eb03560df1fb85cd728811dc1ff16b8cc359cf298dfdca3e092,CORROBORATED_BY_TIER_1
ESPN-2020-401249886,2020,REGULAR_SEASON,15,2020-12-12T19:30:00Z,1607801400,2084,Buffalo Bulls,Buffalo,2006,Akron Zips,Akron,56,7,49,FBS,FBS,Mid-American Conference,Mid-American Conference,False,False,Broadview Stadium,Buffalo,NY,REGULAR_SEASON,True,False,ESPN_PUBLIC_SCOREBOARD_API,TIER_2_MEDIA_AGGREGATOR,https://site.web.api.espn.com/apis/site/v2/sports/football/college-football/scoreboard?dates=20201212&groups=80&limit=400,4f57172d8a594eb03560df1fb85cd728811dc1ff16b8cc359cf298dfdca3e092,CORROBORATED_BY_TIER_1
ESPN-2020-401207203,2020,REGULAR_SEASON,15,2020-12-12T20:00:00Z,1607803200,349,Army Black Knights,Army,2426,Navy Midshipmen,Navy,15,0,15,FBS,FBS,FBS Independents,American Conference,False,False,Michie Stadium,West Point,NY,REGULAR_SEASON,False,False,ESPN_PUBLIC_SCOREBOARD_API,TIER_2_MEDIA_AGGREGATOR,https://site.web.api.espn.com/apis/site/v2/sports/football/college-football/scoreboard?dates=20201212&groups=80&limit=400,4f57172d8a594eb03560df1fb85cd728811dc1ff16b8cc359cf298dfdca3e092,CORROBORATED_BY_TIER_1
ESPN-2020-401249883,2020,REGULAR_SEASON,15,2020-12-12T20:00:00Z,1607803200,2649,Toledo Rockets,Toledo,2117,Central Michigan Chippewas,Central Michigan,24,23,1,FBS,FBS,Mid-American Conference,Mid-American Conference,False,False,Glass Bowl,Toledo,OH,REGULAR_SEASON,True,False,ESPN_PUBLIC_SCOREBOARD_API,TIER_2_MEDIA_AGGREGATOR,https://site.web.api.espn.com/apis/site/v2/sports/football/college-football/scoreboard?dates=20201212&groups=80&limit=400,4f57172d8a594eb03560df1fb85cd728811dc1ff16b8cc359cf298dfdca3e092,CORROBORATED_BY_TIER_1
ESPN-2020-401259671,2020,REGULAR_SEASON,15,2020-12-12T20:00:00Z,1607803200,2653,Troy Trojans,Troy,324,Coastal Carolina Chanticleers,Coastal Carolina,38,42,-4,FBS,FBS,Sun Belt Conference,Sun Belt Conference,False,False,Veterans Memorial Stadium (AL),Troy,AL,REGULAR_SEASON,True,False,ESPN_PUBLIC_SCOREBOARD_API,TIER_2_MEDIA_AGGREGATOR,https://site.web.api.espn.com/apis/site/v2/sports/football/college-football/scoreboard?dates=20201212&groups=80&limit=400,4f57172d8a594eb03560df1fb85cd728811dc1ff16b8cc359cf298dfdca3e092,CORROBORATED_BY_TIER_1
ESPN-2020-401234661,2020,REGULAR_SEASON,15,2020-12-12T20:30:00Z,1607805000,2390,Miami Hurricanes,Miami,153,North Carolina Tar Heels,North Carolina,26,62,-36,FBS,FBS,Atlantic Coast Conference,Atlantic Coast Conference,False,False,Hard Rock Stadium,Miami Gardens,FL,REGULAR_SEASON,True,False,ESPN_PUBLIC_SCOREBOARD_API,TIER_2_MEDIA_AGGREGATOR,https://site.web.api.espn.com/apis/site/v2/sports/football/college-football/scoreboard?dates=20201212&groups=80&limit=400,4f57172d8a594eb03560df1fb85cd728811dc1ff16b8cc359cf298dfdca3e092,CORROBORATED_BY_TIER_1
ESPN-2020-401247347,2020,REGULAR_SEASON,15,2020-12-12T20:30:00Z,1607805000,2294,Iowa Hawkeyes,Iowa,275,Wisconsin Badgers,Wisconsin,28,7,21,FBS,FBS,Big Ten Conference,Big Ten Conference,False,False,Kinnick Stadium,Iowa City,IA,REGULAR_SEASON,True,False,ESPN_PUBLIC_SCOREBOARD_API,TIER_2_MEDIA_AGGREGATOR,https://site.web.api.espn.com/apis/site/v2/sports/football/college-football/scoreboard?dates=20201212&groups=80&limit=400,4f57172d8a594eb03560df1fb85cd728811dc1ff16b8cc359cf298dfdca3e092,CORROBORATED_BY_TIER_1
ESPN-2020-401250713,2020,REGULAR_SEASON,15,2020-12-12T20:30:00Z,1607805000,239,Baylor Bears,Baylor,197,Oklahoma State Cowboys,Oklahoma State,3,42,-39,FBS,FBS,Big 12 Conference,Big 12 Conference,False,False,McLane Stadium,Waco,TX,REGULAR_SEASON,True,False,ESPN_PUBLIC_SCOREBOARD_API,TIER_2_MEDIA_AGGREGATOR,https://site.web.api.espn.com/apis/site/v2/sports/football/college-football/scoreboard?dates=20201212&groups=80&limit=400,4f57172d8a594eb03560df1fb85cd728811dc1ff16b8cc359cf298dfdca3e092,CORROBORATED_BY_TIER_1
ESPN-2020-401264084,2020,REGULAR_SEASON,15,2020-12-12T20:30:00Z,1607805000,235,Memphis Tigers,Memphis,248,Houston Cougars,Houston,30,27,3,FBS,FBS,American Conference,American Conference,False,False,Simmons Bank Liberty Stadium,Memphis,TN,REGULAR_SEASON,True,False,ESPN_PUBLIC_SCOREBOARD_API,TIER_2_MEDIA_AGGREGATOR,https://site.web.api.espn.com/apis/site/v2/sports/football/college-football/scoreboard?dates=20201212&groups=80&limit=400,4f57172d8a594eb03560df1fb85cd728811dc1ff16b8cc359cf298dfdca3e092,CORROBORATED_BY_TIER_1
ESPN-2020-401266694,2020,REGULAR_SEASON,15,2020-12-12T21:00:00Z,1607806800,52,Florida State Seminoles,Florida State,150,Duke Blue Devils,Duke,56,35,21,FBS,FBS,Atlantic Coast Conference,Atlantic Coast Conference,False,False,Doak Campbell Stadium,Tallahassee,FL,REGULAR_SEASON,True,False,ESPN_PUBLIC_SCOREBOARD_API,TIER_2_MEDIA_AGGREGATOR,https://site.web.api.espn.com/apis/site/v2/sports/football/college-football/scoreboard?dates=20201212&groups=80&limit=400,4f57172d8a594eb03560df1fb85cd728811dc1ff16b8cc359cf298dfdca3e092,CORROBORATED_BY_TIER_1
ESPN-2020-401267163,2020,REGULAR_SEASON,15,2020-12-12T21:00:00Z,1607806800,238,Vanderbilt Commodores,Vanderbilt,2633,Tennessee Volunteers,Tennessee,17,42,-25,FBS,FBS,Southeastern Conference,Southeastern Conference,False,False,FirstBank Stadium,Nashville,TN,REGULAR_SEASON,True,False,ESPN_PUBLIC_SCOREBOARD_API,TIER_2_MEDIA_AGGREGATOR,https://site.web.api.espn.com/apis/site/v2/sports/football/college-football/scoreboard?dates=20201212&groups=80&limit=400,4f57172d8a594eb03560df1fb85cd728811dc1ff16b8cc359cf298dfdca3e092,CORROBORATED_BY_TIER_1
ESPN-2020-401215309,2020,REGULAR_SEASON,15,2020-12-12T23:00:00Z,1607814000,290,Georgia Southern Eagles,Georgia Southern,2026,Appalachian State Mountaineers,Appalachian State,26,34,-8,FBS,FBS,Sun Belt Conference,Sun Belt Conference,False,False,Allen E. Paulson Stadium,Statesboro,GA,REGULAR_SEASON,True,False,ESPN_PUBLIC_SCOREBOARD_API,TIER_2_MEDIA_AGGREGATOR,https://site.web.api.espn.com/apis/site/v2/sports/football/college-football/scoreboard?dates=20201212&groups=80&limit=400,4f57172d8a594eb03560df1fb85cd728811dc1ff16b8cc359cf298dfdca3e092,CORROBORATED_BY_TIER_1
ESPN-2020-401249035,2020,REGULAR_SEASON,15,2020-12-12T23:00:00Z,1607814000,2751,Wyoming Cowboys,Wyoming,68,Boise State Broncos,Boise State,9,17,-8,FBS,FBS,Mountain West Conference,Mountain West Conference,False,False,War Memorial Stadium,Laramie,WY,REGULAR_SEASON,True,False,ESPN_PUBLIC_SCOREBOARD_API,TIER_2_MEDIA_AGGREGATOR,https://site.web.api.espn.com/apis/site/v2/sports/football/college-football/scoreboard?dates=20201212&groups=80&limit=400,4f57172d8a594eb03560df1fb85cd728811dc1ff16b8cc359cf298dfdca3e092,CORROBORATED_BY_TIER_1
ESPN-2020-401251100,2020,REGULAR_SEASON,15,2020-12-13T00:00:00Z,1607817600,57,Florida Gators,Florida,99,LSU Tigers,LSU,34,37,-3,FBS,FBS,Southeastern Conference,Southeastern Conference,False,False,Ben Hill Griffin Stadium,Gainesville,FL,REGULAR_SEASON,True,False,ESPN_PUBLIC_SCOREBOARD_API,TIER_2_MEDIA_AGGREGATOR,https://site.web.api.espn.com/apis/site/v2/sports/football/college-football/scoreboard?dates=20201212&groups=80&limit=400,4f57172d8a594eb03560df1fb85cd728811dc1ff16b8cc359cf298dfdca3e092,CORROBORATED_BY_TIER_1
ESPN-2020-401266711,2020,REGULAR_SEASON,15,2020-12-13T00:00:00Z,1607817600,2628,TCU Horned Frogs,TCU,2348,Louisiana Tech Bulldogs,Louisiana Tech,52,10,42,FBS,FBS,Big 12 Conference,Conference USA,False,False,Amon G. Carter Stadium,Fort Worth,TX,REGULAR_SEASON,False,False,ESPN_PUBLIC_SCOREBOARD_API,TIER_2_MEDIA_AGGREGATOR,https://site.web.api.espn.com/apis/site/v2/sports/football/college-football/scoreboard?dates=20201212&groups=80&limit=400,4f57172d8a594eb03560df1fb85cd728811dc1ff16b8cc359cf298dfdca3e092,CORROBORATED_BY_TIER_1
ESPN-2020-401249431,2020,REGULAR_SEASON,15,2020-12-13T00:30:00Z,1607819400,26,UCLA Bruins,UCLA,30,USC Trojans,USC,38,43,-5,FBS,FBS,Pac-12 Conference,Pac-12 Conference,False,False,Rose Bowl,Pasadena,CA,REGULAR_SEASON,True,False,ESPN_PUBLIC_SCOREBOARD_API,TIER_2_MEDIA_AGGREGATOR,https://site.web.api.espn.com/apis/site/v2/sports/football/college-football/scoreboard?dates=20201212&groups=80&limit=400,4f57172d8a594eb03560df1fb85cd728811dc1ff16b8cc359cf298dfdca3e092,CORROBORATED_BY_TIER_1
ESPN-2020-401260157,2020,REGULAR_SEASON,15,2020-12-13T00:30:00Z,1607819400,344,Mississippi State Bulldogs,Mississippi State,2,Auburn Tigers,Auburn,10,24,-14,FBS,FBS,Southeastern Conference,Southeastern Conference,False,False,Davis Wade Stadium,Starkville,MS,REGULAR_SEASON,True,False,ESPN_PUBLIC_SCOREBOARD_API,TIER_2_MEDIA_AGGREGATOR,https://site.web.api.espn.com/apis/site/v2/sports/football/college-football/scoreboard?dates=20201212&groups=80&limit=400,4f57172d8a594eb03560df1fb85cd728811dc1ff16b8cc359cf298dfdca3e092,CORROBORATED_BY_TIER_1
ESPN-2020-401234572,2020,REGULAR_SEASON,15,2020-12-13T01:00:00Z,1607821200,259,Virginia Tech Hokies,Virginia Tech,258,Virginia Cavaliers,Virginia,33,15,18,FBS,FBS,Atlantic Coast Conference,Atlantic Coast Conference,False,False,Lane Stadium,Blacksburg,VA,REGULAR_SEASON,True,False,ESPN_PUBLIC_SCOREBOARD_API,TIER_2_MEDIA_AGGREGATOR,https://site.web.api.espn.com/apis/site/v2/sports/football/college-football/scoreboard?dates=20201212&groups=80&limit=400,4f57172d8a594eb03560df1fb85cd728811dc1ff16b8cc359cf298dfdca3e092,CORROBORATED_BY_TIER_1
ESPN-2020-401249432,2020,REGULAR_SEASON,15,2020-12-13T03:00:00Z,1607828400,204,Oregon State Beavers,Oregon State,24,Stanford Cardinal,Stanford,24,27,-3,FBS,FBS,Pac-12 Conference,Pac-12 Conference,False,False,Reser Stadium,Corvallis,OR,REGULAR_SEASON,True,False,ESPN_PUBLIC_SCOREBOARD_API,TIER_2_MEDIA_AGGREGATOR,https://site.web.api.espn.com/apis/site/v2/sports/football/college-football/scoreboard?dates=20201212&groups=80&limit=400,4f57172d8a594eb03560df1fb85cd728811dc1ff16b8cc359cf298dfdca3e092,CORROBORATED_BY_TIER_1
ESPN-2020-401249435,2020,REGULAR_SEASON,15,2020-12-13T03:00:00Z,1607828400,252,BYU Cougars,BYU,21,San Diego State Aztecs,San Diego State,28,14,14,FBS,FBS,FBS Independents,Mountain West Conference,False,False,LaVell Edwards Stadium,Provo,UT,REGULAR_SEASON,False,False,ESPN_PUBLIC_SCOREBOARD_API,TIER_2_MEDIA_AGGREGATOR,https://site.web.api.espn.com/apis/site/v2/sports/football/college-football/scoreboard?dates=20201212&groups=80&limit=400,4f57172d8a594eb03560df1fb85cd728811dc1ff16b8cc359cf298dfdca3e092,CORROBORATED_BY_TIER_1
ESPN-2020-401249036,2020,REGULAR_SEASON,15,2020-12-13T03:30:00Z,1607830200,167,New Mexico Lobos,New Mexico,278,Fresno State Bulldogs,Fresno State,49,39,10,FBS,FBS,Mountain West Conference,Mountain West Conference,False,True,Sam Boyd Stadium,Las Vegas,NV,REGULAR_SEASON,True,False,ESPN_PUBLIC_SCOREBOARD_API,TIER_2_MEDIA_AGGREGATOR,https://site.web.api.espn.com/apis/site/v2/sports/football/college-football/scoreboard?dates=20201212&groups=80&limit=400,4f57172d8a594eb03560df1fb85cd728811dc1ff16b8cc359cf298dfdca3e092,CORROBORATED_BY_TIER_1
ESPN-2020-401249038,2020,REGULAR_SEASON,15,2020-12-13T04:00:00Z,1607832000,62,Hawai'i Rainbow Warriors,Hawai'i,2439,UNLV Rebels,UNLV,38,21,17,FBS,FBS,Mountain West Conference,Mountain West Conference,False,False,,,,REGULAR_SEASON,True,False,ESPN_PUBLIC_SCOREBOARD_API,TIER_2_MEDIA_AGGREGATOR,https://site.web.api.espn.com/apis/site/v2/sports/football/college-football/scoreboard?dates=20201212&groups=80&limit=400,4f57172d8a594eb03560df1fb85cd728811dc1ff16b8cc359cf298dfdca3e092,CORROBORATED_BY_TIER_1
ESPN-2020-401240101,2020,REGULAR_SEASON,16,2020-12-19T00:00:00Z,1608336000,276,Marshall Thundering Herd,Marshall,5,UAB Blazers,UAB,13,22,-9,FBS,FBS,Conference USA,Conference USA,False,False,Joan C. Edwards Stadium,Huntington,WV,REGULAR_SEASON:Ryan Conference USA Championship,False,False,ESPN_PUBLIC_SCOREBOARD_API,TIER_2_MEDIA_AGGREGATOR,https://site.web.api.espn.com/apis/site/v2/sports/football/college-football/scoreboard?dates=20201218&groups=80&limit=400,f8016258fc8781b6ddd4c8fef44f76ccba8e6621e612cc4d68bee0f76dbb32a4,NOT_CARRIED_BY_TIER_1_FEED
ESPN-2020-401249854,2020,REGULAR_SEASON,16,2020-12-19T00:30:00Z,1608337800,2084,Buffalo Bulls,Buffalo,2050,Ball State Cardinals,Ball State,28,38,-10,FBS,FBS,Mid-American Conference,Mid-American Conference,False,True,Ford Field,Detroit,MI,REGULAR_SEASON:MAC Championship Game,False,False,ESPN_PUBLIC_SCOREBOARD_API,TIER_2_MEDIA_AGGREGATOR,https://site.web.api.espn.com/apis/site/v2/sports/football/college-football/scoreboard?dates=20201218&groups=80&limit=400,f8016258fc8781b6ddd4c8fef44f76ccba8e6621e612cc4d68bee0f76dbb32a4,NOT_CARRIED_BY_TIER_1_FEED
ESPN-2020-401269382,2020,REGULAR_SEASON,16,2020-12-19T00:30:00Z,1608337800,164,Rutgers Scarlet Knights,Rutgers,158,Nebraska Cornhuskers,Nebraska,21,28,-7,FBS,FBS,Big Ten Conference,Big Ten Conference,False,False,SHI Stadium,Piscataway,NJ,REGULAR_SEASON,True,False,ESPN_PUBLIC_SCOREBOARD_API,TIER_2_MEDIA_AGGREGATOR,https://site.web.api.espn.com/apis/site/v2/sports/football/college-football/scoreboard?dates=20201218&groups=80&limit=400,f8016258fc8781b6ddd4c8fef44f76ccba8e6621e612cc4d68bee0f76dbb32a4,NOT_CARRIED_BY_TIER_1_FEED
ESPN-2020-401249434,2020,REGULAR_SEASON,16,2020-12-19T01:00:00Z,1608339600,30,USC Trojans,USC,2483,Oregon Ducks,Oregon,24,31,-7,FBS,FBS,Pac-12 Conference,Pac-12 Conference,False,False,Los Angeles Memorial Coliseum,Los Angeles,CA,REGULAR_SEASON:Pac-12 Championship Game,False,False,ESPN_PUBLIC_SCOREBOARD_API,TIER_2_MEDIA_AGGREGATOR,https://site.web.api.espn.com/apis/site/v2/sports/football/college-football/scoreboard?dates=20201218&groups=80&limit=400,f8016258fc8781b6ddd4c8fef44f76ccba8e6621e612cc4d68bee0f76dbb32a4,NOT_CARRIED_BY_TIER_1_FEED
ESPN-2020-401247349,2020,REGULAR_SEASON,16,2020-12-19T17:00:00Z,1608397200,194,Ohio State Buckeyes,Ohio State,77,Northwestern Wildcats,Northwestern,22,10,12,FBS,FBS,Big Ten Conference,Big Ten Conference,False,True,Lucas Oil Stadium,Indianapolis,IN,REGULAR_SEASON:Big Ten Championship Game,False,False,ESPN_PUBLIC_SCOREBOARD_API,TIER_2_MEDIA_AGGREGATOR,https://site.web.api.espn.com/apis/site/v2/sports/football/college-football/scoreboard?dates=20201219&groups=80&limit=400,8031b76936c2b118b9ad1ce54c0f5a18ce610f0d59a82859b3b8fae8cf06226a,NOT_CARRIED_BY_TIER_1_FEED
ESPN-2020-401260158,2020,REGULAR_SEASON,16,2020-12-19T17:00:00Z,1608397200,2633,Tennessee Volunteers,Tennessee,245,Texas A&M Aggies,Texas A&M,13,34,-21,FBS,FBS,Southeastern Conference,Southeastern Conference,False,False,Neyland Stadium,Knoxville,TN,REGULAR_SEASON,True,False,ESPN_PUBLIC_SCOREBOARD_API,TIER_2_MEDIA_AGGREGATOR,https://site.web.api.espn.com/apis/site/v2/sports/football/college-football/scoreboard?dates=20201219&groups=80&limit=400,8031b76936c2b118b9ad1ce54c0f5a18ce610f0d59a82859b3b8fae8cf06226a,NOT_CARRIED_BY_TIER_1_FEED
ESPN-2020-401262060,2020,REGULAR_SEASON,16,2020-12-19T17:00:00Z,1608397200,66,Iowa State Cyclones,Iowa State,201,Oklahoma Sooners,Oklahoma,21,27,-6,FBS,FBS,Big 12 Conference,Big 12 Conference,False,True,AT&T Stadium,Arlington,TX,REGULAR_SEASON:Dr Pepper Big 12 Championship,False,False,ESPN_PUBLIC_SCOREBOARD_API,TIER_2_MEDIA_AGGREGATOR,https://site.web.api.espn.com/apis/site/v2/sports/football/college-football/scoreboard?dates=20201219&groups=80&limit=400,8031b76936c2b118b9ad1ce54c0f5a18ce610f0d59a82859b3b8fae8cf06226a,NOT_CARRIED_BY_TIER_1_FEED
ESPN-2020-401269375,2020,REGULAR_SEASON,16,2020-12-19T18:30:00Z,1608402600,254,Utah Utes,Utah,265,Washington State Cougars,Washington State,45,28,17,FBS,FBS,Pac-12 Conference,Pac-12 Conference,False,False,Rice-Eccles Stadium,Salt Lake City,UT,REGULAR_SEASON,True,False,ESPN_PUBLIC_SCOREBOARD_API,TIER_2_MEDIA_AGGREGATOR,https://site.web.api.espn.com/apis/site/v2/sports/football/college-football/scoreboard?dates=20201219&groups=80&limit=400,8031b76936c2b118b9ad1ce54c0f5a18ce610f0d59a82859b3b8fae8cf06226a,NOT_CARRIED_BY_TIER_1_FEED
ESPN-2020-401265699,2020,REGULAR_SEASON,16,2020-12-19T20:00:00Z,1608408000,349,Army Black Knights,Army,2005,Air Force Falcons,Air Force,10,7,3,FBS,FBS,FBS Independents,Mountain West Conference,False,False,Michie Stadium,West Point,NY,REGULAR_SEASON,False,False,ESPN_PUBLIC_SCOREBOARD_API,TIER_2_MEDIA_AGGREGATOR,https://site.web.api.espn.com/apis/site/v2/sports/football/college-football/scoreboard?dates=20201219&groups=80&limit=400,8031b76936c2b118b9ad1ce54c0f5a18ce610f0d59a82859b3b8fae8cf06226a,NOT_CARRIED_BY_TIER_1_FEED
ESPN-2020-401267165,2020,REGULAR_SEASON,16,2020-12-19T20:30:00Z,1608409800,99,LSU Tigers,LSU,145,Ole Miss Rebels,Ole Miss,53,48,5,FBS,FBS,Southeastern Conference,Southeastern Conference,False,False,Tiger Stadium (LA),Baton Rouge,LA,REGULAR_SEASON,True,False,ESPN_PUBLIC_SCOREBOARD_API,TIER_2_MEDIA_AGGREGATOR,https://site.web.api.espn.com/apis/site/v2/sports/football/college-football/scoreboard?dates=20201219&groups=80&limit=400,8031b76936c2b118b9ad1ce54c0f5a18ce610f0d59a82859b3b8fae8cf06226a,NOT_CARRIED_BY_TIER_1_FEED
ESPN-2020-401267166,2020,REGULAR_SEASON,16,2020-12-19T20:30:00Z,1608409800,344,Mississippi State Bulldogs,Mississippi State,142,Missouri Tigers,Missouri,51,32,19,FBS,FBS,Southeastern Conference,Southeastern Conference,False,False,Davis Wade Stadium,Starkville,MS,REGULAR_SEASON,True,False,ESPN_PUBLIC_SCOREBOARD_API,TIER_2_MEDIA_AGGREGATOR,https://site.web.api.espn.com/apis/site/v2/sports/football/college-football/scoreboard?dates=20201219&groups=80&limit=400,8031b76936c2b118b9ad1ce54c0f5a18ce610f0d59a82859b3b8fae8cf06226a,NOT_CARRIED_BY_TIER_1_FEED
ESPN-2020-401256001,2020,REGULAR_SEASON,16,2020-12-19T21:00:00Z,1608411600,87,Notre Dame Fighting Irish,Notre Dame,228,Clemson Tigers,Clemson,10,34,-24,FBS,FBS,Atlantic Coast Conference,Atlantic Coast Conference,False,True,Bank of America Stadium,Charlotte,NC,REGULAR_SEASON:ACC Championship Game,False,False,ESPN_PUBLIC_SCOREBOARD_API,TIER_2_MEDIA_AGGREGATOR,https://site.web.api.espn.com/apis/site/v2/sports/football/college-football/scoreboard?dates=20201219&groups=80&limit=400,8031b76936c2b118b9ad1ce54c0f5a18ce610f0d59a82859b3b8fae8cf06226a,NOT_CARRIED_BY_TIER_1_FEED
ESPN-2020-401269384,2020,REGULAR_SEASON,16,2020-12-19T21:00:00Z,1608411600,275,Wisconsin Badgers,Wisconsin,135,Minnesota Golden Gophers,Minnesota,20,17,3,FBS,FBS,Big Ten Conference,Big Ten Conference,False,False,Camp Randall Stadium,Madison,WI,REGULAR_SEASON,True,True,ESPN_PUBLIC_SCOREBOARD_API,TIER_2_MEDIA_AGGREGATOR,https://site.web.api.espn.com/apis/site/v2/sports/football/college-football/scoreboard?dates=20201219&groups=80&limit=400,8031b76936c2b118b9ad1ce54c0f5a18ce610f0d59a82859b3b8fae8cf06226a,NOT_CARRIED_BY_TIER_1_FEED
ESPN-2020-401249043,2020,REGULAR_SEASON,16,2020-12-19T21:40:00Z,1608414000,23,San José State Spartans,San José State,68,Boise State Broncos,Boise State,34,20,14,FBS,FBS,Mountain West Conference,Mountain West Conference,False,True,Sam Boyd Stadium,Las Vegas,NV,REGULAR_SEASON:Mountain West Championship Game,False,False,ESPN_PUBLIC_SCOREBOARD_API,TIER_2_MEDIA_AGGREGATOR,https://site.web.api.espn.com/apis/site/v2/sports/football/college-football/scoreboard?dates=20201219&groups=80&limit=400,8031b76936c2b118b9ad1ce54c0f5a18ce610f0d59a82859b3b8fae8cf06226a,NOT_CARRIED_BY_TIER_1_FEED
ESPN-2020-401269381,2020,REGULAR_SEASON,16,2020-12-19T22:30:00Z,1608417000,213,Penn State Nittany Lions,Penn State,356,Illinois Fighting Illini,Illinois,56,21,35,FBS,FBS,Big Ten Conference,Big Ten Conference,False,False,Beaver Stadium,University Park,PA,REGULAR_SEASON,True,False,ESPN_PUBLIC_SCOREBOARD_API,TIER_2_MEDIA_AGGREGATOR,https://site.web.api.espn.com/apis/site/v2/sports/football/college-football/scoreboard?dates=20201219&groups=80&limit=400,8031b76936c2b118b9ad1ce54c0f5a18ce610f0d59a82859b3b8fae8cf06226a,NOT_CARRIED_BY_TIER_1_FEED
ESPN-2020-401269376,2020,REGULAR_SEASON,16,2020-12-20T00:00:00Z,1608422400,26,UCLA Bruins,UCLA,24,Stanford Cardinal,Stanford,47,48,-1,FBS,FBS,Pac-12 Conference,Pac-12 Conference,False,False,Rose Bowl,Pasadena,CA,REGULAR_SEASON,True,True,ESPN_PUBLIC_SCOREBOARD_API,TIER_2_MEDIA_AGGREGATOR,https://site.web.api.espn.com/apis/site/v2/sports/football/college-football/scoreboard?dates=20201219&groups=80&limit=400,8031b76936c2b118b9ad1ce54c0f5a18ce610f0d59a82859b3b8fae8cf06226a,NOT_CARRIED_BY_TIER_1_FEED
ESPN-2020-401237074,2020,REGULAR_SEASON,16,2020-12-20T01:00:00Z,1608426000,57,Florida Gators,Florida,333,Alabama Crimson Tide,Alabama,46,52,-6,FBS,FBS,Southeastern Conference,Southeastern Conference,False,True,Mercedes-Benz Stadium,Atlanta,GA,REGULAR_SEASON:SEC Championship Game,False,False,ESPN_PUBLIC_SCOREBOARD_API,TIER_2_MEDIA_AGGREGATOR,https://site.web.api.espn.com/apis/site/v2/sports/football/college-football/scoreboard?dates=20201219&groups=80&limit=400,8031b76936c2b118b9ad1ce54c0f5a18ce610f0d59a82859b3b8fae8cf06226a,NOT_CARRIED_BY_TIER_1_FEED
ESPN-2020-401264085,2020,REGULAR_SEASON,16,2020-12-20T01:00:00Z,1608426000,2132,Cincinnati Bearcats,Cincinnati,202,Tulsa Golden Hurricane,Tulsa,27,24,3,FBS,FBS,American Conference,American Conference,False,False,Nippert Stadium,Cincinnati,OH,REGULAR_SEASON:American Athletic Conference Championship Game,False,False,ESPN_PUBLIC_SCOREBOARD_API,TIER_2_MEDIA_AGGREGATOR,https://site.web.api.espn.com/apis/site/v2/sports/football/college-football/scoreboard?dates=20201219&groups=80&limit=400,8031b76936c2b118b9ad1ce54c0f5a18ce610f0d59a82859b3b8fae8cf06226a,NOT_CARRIED_BY_TIER_1_FEED
ESPN-2020-401269378,2020,REGULAR_SEASON,16,2020-12-20T03:30:00Z,1608435000,204,Oregon State Beavers,Oregon State,9,Arizona State Sun Devils,Arizona State,33,46,-13,FBS,FBS,Pac-12 Conference,Pac-12 Conference,False,False,Reser Stadium,Corvallis,OR,REGULAR_SEASON,True,False,ESPN_PUBLIC_SCOREBOARD_API,TIER_2_MEDIA_AGGREGATOR,https://site.web.api.espn.com/apis/site/v2/sports/football/college-football/scoreboard?dates=20201219&groups=80&limit=400,8031b76936c2b118b9ad1ce54c0f5a18ce610f0d59a82859b3b8fae8cf06226a,NOT_CARRIED_BY_TIER_1_FEED
ESPN-2020-401256135,2020,POSTSEASON,1,2020-12-21T19:30:00Z,1608579000,249,North Texas Mean Green,North Texas,2026,Appalachian State Mountaineers,Appalachian State,28,56,-28,FBS,FBS,Conference USA,Sun Belt Conference,False,True,Brooks Stadium (SC),Conway,SC,POSTSEASON:Myrtle Beach Bowl,False,False,ESPN_PUBLIC_SCOREBOARD_API,TIER_2_MEDIA_AGGREGATOR,https://site.web.api.espn.com/apis/site/v2/sports/football/college-football/scoreboard?dates=20201221&groups=80&limit=400,032af8f3136b99617d2ae90f834ef79ef20328ce055670b1dcd8a649d3bbde2f,NOT_CARRIED_BY_TIER_1_FEED
ESPN-2020-401256136,2020,POSTSEASON,1,2020-12-22T20:30:00Z,1608669000,2440,Nevada Wolf Pack,Nevada,2655,Tulane Green Wave,Tulane,38,27,11,FBS,FBS,Mountain West Conference,American Conference,False,True,Albertsons Stadium,Boise,ID,POSTSEASON:Famous Idaho Potato Bowl,False,False,ESPN_PUBLIC_SCOREBOARD_API,TIER_2_MEDIA_AGGREGATOR,https://site.web.api.espn.com/apis/site/v2/sports/football/college-football/scoreboard?dates=20201222&groups=80&limit=400,c517c21565ee11f85f634013bed458fc523c8f6770b334fad6e1426721c3a0fb,NOT_CARRIED_BY_TIER_1_FEED
ESPN-2020-401256137,2020,POSTSEASON,1,2020-12-23T00:00:00Z,1608681600,252,BYU Cougars,BYU,2116,UCF Knights,UCF,49,23,26,FBS,FBS,FBS Independents,American Conference,False,True,Flagler Credit Union Stadium,Boca Raton,FL,POSTSEASON:RoofClaim.com Boca Raton Bowl,False,False,ESPN_PUBLIC_SCOREBOARD_API,TIER_2_MEDIA_AGGREGATOR,https://site.web.api.espn.com/apis/site/v2/sports/football/college-football/scoreboard?dates=20201222&groups=80&limit=400,c517c21565ee11f85f634013bed458fc523c8f6770b334fad6e1426721c3a0fb,NOT_CARRIED_BY_TIER_1_FEED
ESPN-2020-401256138,2020,POSTSEASON,1,2020-12-23T20:00:00Z,1608753600,290,Georgia Southern Eagles,Georgia Southern,2348,Louisiana Tech Bulldogs,Louisiana Tech,38,3,35,FBS,FBS,Sun Belt Conference,Conference USA,False,True,Caesars Superdome,New Orleans,LA,POSTSEASON:R+L Carriers New Orleans Bowl,False,False,ESPN_PUBLIC_SCOREBOARD_API,TIER_2_MEDIA_AGGREGATOR,https://site.web.api.espn.com/apis/site/v2/sports/football/college-football/scoreboard?dates=20201223&groups=80&limit=400,06c230f1e9cd5e520f7869af90f0dd2a302f893d4bf0452cdbb135c21177ee62,NOT_CARRIED_BY_TIER_1_FEED
ESPN-2020-401256139,2020,POSTSEASON,1,2020-12-24T00:00:00Z,1608768000,2226,Florida Atlantic Owls,Florida Atlantic,235,Memphis Tigers,Memphis,10,25,-15,FBS,FBS,Conference USA,American Conference,False,True,Cramton Bowl,Montgomery,AL,POSTSEASON:Montgomery Bowl,False,False,ESPN_PUBLIC_SCOREBOARD_API,TIER_2_MEDIA_AGGREGATOR,https://site.web.api.espn.com/apis/site/v2/sports/football/college-football/scoreboard?dates=20201223&groups=80&limit=400,06c230f1e9cd5e520f7869af90f0dd2a302f893d4bf0452cdbb135c21177ee62,NOT_CARRIED_BY_TIER_1_FEED
ESPN-2020-401256140,2020,POSTSEASON,1,2020-12-24T20:30:00Z,1608841800,248,Houston Cougars,Houston,62,Hawai'i Rainbow Warriors,Hawai'i,14,28,-14,FBS,FBS,American Conference,Mountain West Conference,False,True,Toyota Stadium,Frisco,TX,POSTSEASON:New Mexico Bowl,False,False,ESPN_PUBLIC_SCOREBOARD_API,TIER_2_MEDIA_AGGREGATOR,https://site.web.api.espn.com/apis/site/v2/sports/football/college-football/scoreboard?dates=20201224&groups=80&limit=400,f7418cc29f0caf679a1d05c40646f30153cb760474fd32967bc2fa6efc81b95b,NOT_CARRIED_BY_TIER_1_FEED
ESPN-2020-401256141,2020,POSTSEASON,1,2020-12-25T19:30:00Z,1608924600,2084,Buffalo Bulls,Buffalo,276,Marshall Thundering Herd,Marshall,17,10,7,FBS,FBS,Mid-American Conference,Conference USA,False,True,Cramton Bowl,Montgomery,AL,POSTSEASON:Camellia Bowl,False,False,ESPN_PUBLIC_SCOREBOARD_API,TIER_2_MEDIA_AGGREGATOR,https://site.web.api.espn.com/apis/site/v2/sports/football/college-football/scoreboard?dates=20201225&groups=80&limit=400,af10b891f411a995b34a665aadd7bc85d13e13083a5ff3576663e795c216d5b0,NOT_CARRIED_BY_TIER_1_FEED
ESPN-2020-401256144,2020,POSTSEASON,1,2020-12-26T20:30:00Z,1609014600,2636,UTSA Roadrunners,UTSA,309,Louisiana Ragin' Cajuns,Louisiana,24,31,-7,FBS,FBS,Conference USA,Sun Belt Conference,False,True,Gerald J. Ford Stadium,Dallas,TX,POSTSEASON:SERVPRO First Responder Bowl,False,False,ESPN_PUBLIC_SCOREBOARD_API,TIER_2_MEDIA_AGGREGATOR,https://site.web.api.espn.com/apis/site/v2/sports/football/college-football/scoreboard?dates=20201226&groups=80&limit=400,48eaec04069fb6b929795d58753556ddaf7780dcc8e1ca1d9493e82edd6301b9,NOT_CARRIED_BY_TIER_1_FEED
ESPN-2020-401256145,2020,POSTSEASON,1,2020-12-26T20:30:00Z,1609014600,2247,Georgia State Panthers,Georgia State,98,Western Kentucky Hilltoppers,Western Kentucky,39,21,18,FBS,FBS,Sun Belt Conference,Conference USA,False,True,Ladd-Peebles Stadium,Mobile,AL,POSTSEASON:LendingTree Bowl,False,False,ESPN_PUBLIC_SCOREBOARD_API,TIER_2_MEDIA_AGGREGATOR,https://site.web.api.espn.com/apis/site/v2/sports/football/college-football/scoreboard?dates=20201226&groups=80&limit=400,48eaec04069fb6b929795d58753556ddaf7780dcc8e1ca1d9493e82edd6301b9,NOT_CARRIED_BY_TIER_1_FEED
ESPN-2020-401256143,2020,POSTSEASON,1,2020-12-27T00:30:00Z,1609029000,324,Coastal Carolina Chanticleers,Coastal Carolina,2335,Liberty Flames,Liberty,34,37,-3,FBS,FBS,Sun Belt Conference,FBS Independents,False,True,Camping World Stadium,Orlando,FL,POSTSEASON:FBC Mortgage Cure Bowl,False,True,ESPN_PUBLIC_SCOREBOARD_API,TIER_2_MEDIA_AGGREGATOR,https://site.web.api.espn.com/apis/site/v2/sports/football/college-football/scoreboard?dates=20201226&groups=80&limit=400,48eaec04069fb6b929795d58753556ddaf7780dcc8e1ca1d9493e82edd6301b9,NOT_CARRIED_BY_TIER_1_FEED
ESPN-2020-401256150,2020,POSTSEASON,1,2020-12-29T22:30:00Z,1609281000,2390,Miami Hurricanes,Miami,197,Oklahoma State Cowboys,Oklahoma State,34,37,-3,FBS,FBS,Atlantic Coast Conference,Big 12 Conference,False,True,Camping World Stadium,Orlando,FL,POSTSEASON:Cheez-It Bowl,False,False,ESPN_PUBLIC_SCOREBOARD_API,TIER_2_MEDIA_AGGREGATOR,https://site.web.api.espn.com/apis/site/v2/sports/football/college-football/scoreboard?dates=20201229&groups=80&limit=400,ce7b6a8855e5c4e8fb6339b0f2a081ac223763ba114419f823bf01c121abfc9e,NOT_CARRIED_BY_TIER_1_FEED
ESPN-2020-401256151,2020,POSTSEASON,1,2020-12-30T02:00:00Z,1609293600,38,Colorado Buffaloes,Colorado,251,Texas Longhorns,Texas,23,55,-32,FBS,FBS,Pac-12 Conference,Big 12 Conference,False,True,Alamodome,San Antonio,TX,POSTSEASON:Valero Alamo Bowl,False,False,ESPN_PUBLIC_SCOREBOARD_API,TIER_2_MEDIA_AGGREGATOR,https://site.web.api.espn.com/apis/site/v2/sports/football/college-football/scoreboard?dates=20201229&groups=80&limit=400,ce7b6a8855e5c4e8fb6339b0f2a081ac223763ba114419f823bf01c121abfc9e,NOT_CARRIED_BY_TIER_1_FEED
ESPN-2020-401256152,2020,POSTSEASON,1,2020-12-30T17:00:00Z,1609347600,275,Wisconsin Badgers,Wisconsin,154,Wake Forest Demon Deacons,Wake Forest,42,28,14,FBS,FBS,Big Ten Conference,Atlantic Coast Conference,False,True,Bank of America Stadium,Charlotte,NC,POSTSEASON:Duke's Mayo Bowl,False,False,ESPN_PUBLIC_SCOREBOARD_API,TIER_2_MEDIA_AGGREGATOR,https://site.web.api.espn.com/apis/site/v2/sports/football/college-football/scoreboard?dates=20201230&groups=80&limit=400,7ff6ec790650422cce22a6011301d6c713f5ddfaeadc8ec2f3dd99e5ccea8fbf,NOT_CARRIED_BY_TIER_1_FEED
ESPN-2020-401256194,2020,POSTSEASON,1,2020-12-31T01:00:00Z,1609376400,201,Oklahoma Sooners,Oklahoma,57,Florida Gators,Florida,55,20,35,FBS,FBS,Big 12 Conference,Southeastern Conference,False,True,AT&T Stadium,Arlington,TX,POSTSEASON:Goodyear Cotton Bowl Classic,False,False,ESPN_PUBLIC_SCOREBOARD_API,TIER_2_MEDIA_AGGREGATOR,https://site.web.api.espn.com/apis/site/v2/sports/football/college-football/scoreboard?dates=20201230&groups=80&limit=400,7ff6ec790650422cce22a6011301d6c713f5ddfaeadc8ec2f3dd99e5ccea8fbf,NOT_CARRIED_BY_TIER_1_FEED
ESPN-2020-401256196,2020,POSTSEASON,1,2020-12-31T17:00:00Z,1609434000,344,Mississippi State Bulldogs,Mississippi State,202,Tulsa Golden Hurricane,Tulsa,28,26,2,FBS,FBS,Southeastern Conference,American Conference,False,True,Amon G. Carter Stadium,Fort Worth,TX,POSTSEASON:Lockheed Martin Armed Forces Bowl,False,False,ESPN_PUBLIC_SCOREBOARD_API,TIER_2_MEDIA_AGGREGATOR,https://site.web.api.espn.com/apis/site/v2/sports/football/college-football/scoreboard?dates=20201231&groups=80&limit=400,3a118ad50ab68318d19f30893acad26cfe1630956a55dbef6c5e3f62885c99c1,NOT_CARRIED_BY_TIER_1_FEED
ESPN-2020-401268773,2020,POSTSEASON,1,2020-12-31T19:00:00Z,1609441200,23,San José State Spartans,San José State,2050,Ball State Cardinals,Ball State,13,34,-21,FBS,FBS,Mountain West Conference,Mid-American Conference,False,True,Casino Del Sol Stadium,Tucson,AZ,POSTSEASON:Offerpad Arizona Bowl,False,False,ESPN_PUBLIC_SCOREBOARD_API,TIER_2_MEDIA_AGGREGATOR,https://site.web.api.espn.com/apis/site/v2/sports/football/college-football/scoreboard?dates=20201231&groups=80&limit=400,3a118ad50ab68318d19f30893acad26cfe1630956a55dbef6c5e3f62885c99c1,NOT_CARRIED_BY_TIER_1_FEED
ESPN-2020-401256197,2020,POSTSEASON,1,2020-12-31T21:00:00Z,1609448400,349,Army Black Knights,Army,277,West Virginia Mountaineers,West Virginia,21,24,-3,FBS,FBS,FBS Independents,Big 12 Conference,False,True,Simmons Bank Liberty Stadium,Memphis,TN,POSTSEASON:AutoZone Liberty Bowl,False,False,ESPN_PUBLIC_SCOREBOARD_API,TIER_2_MEDIA_AGGREGATOR,https://site.web.api.espn.com/apis/site/v2/sports/football/college-football/scoreboard?dates=20201231&groups=80&limit=400,3a118ad50ab68318d19f30893acad26cfe1630956a55dbef6c5e3f62885c99c1,NOT_CARRIED_BY_TIER_1_FEED
ESPN-2020-401256108,2020,POSTSEASON,1,2021-01-01T17:00:00Z,1609520400,2132,Cincinnati Bearcats,Cincinnati,61,Georgia Bulldogs,Georgia,21,24,-3,FBS,FBS,American Conference,Southeastern Conference,False,True,Mercedes-Benz Stadium,Atlanta,GA,POSTSEASON:Chick-fil-A Peach Bowl,False,False,ESPN_PUBLIC_SCOREBOARD_API,TIER_2_MEDIA_AGGREGATOR,https://site.web.api.espn.com/apis/site/v2/sports/football/college-football/scoreboard?dates=20210101&groups=80&limit=400,8d95267f329c44b2785937037425651eba80ff15dd66974fbba9a285b1268853,NOT_CARRIED_BY_TIER_1_FEED
ESPN-2020-401256199,2020,POSTSEASON,1,2021-01-01T18:00:00Z,1609524000,77,Northwestern Wildcats,Northwestern,2,Auburn Tigers,Auburn,35,19,16,FBS,FBS,Big Ten Conference,Southeastern Conference,False,True,Camping World Stadium,Orlando,FL,POSTSEASON:Vrbo Citrus Bowl,False,False,ESPN_PUBLIC_SCOREBOARD_API,TIER_2_MEDIA_AGGREGATOR,https://site.web.api.espn.com/apis/site/v2/sports/football/college-football/scoreboard?dates=20210101&groups=80&limit=400,8d95267f329c44b2785937037425651eba80ff15dd66974fbba9a285b1268853,NOT_CARRIED_BY_TIER_1_FEED
ESPN-2020-401240152,2020,POSTSEASON,1,2021-01-01T21:00:00Z,1609534800,333,Alabama Crimson Tide,Alabama,87,Notre Dame Fighting Irish,Notre Dame,31,14,17,FBS,FBS,Southeastern Conference,Atlantic Coast Conference,False,True,AT&T Stadium,Arlington,TX,POSTSEASON:Rose Bowl Game Presented by Capital One - CFP Semifinal,False,False,ESPN_PUBLIC_SCOREBOARD_API,TIER_2_MEDIA_AGGREGATOR,https://site.web.api.espn.com/apis/site/v2/sports/football/college-football/scoreboard?dates=20210101&groups=80&limit=400,8d95267f329c44b2785937037425651eba80ff15dd66974fbba9a285b1268853,NOT_CARRIED_BY_TIER_1_FEED
ESPN-2020-401240173,2020,POSTSEASON,1,2021-01-02T01:00:00Z,1609549200,228,Clemson Tigers,Clemson,194,Ohio State Buckeyes,Ohio State,28,49,-21,FBS,FBS,Atlantic Coast Conference,Big Ten Conference,False,True,Caesars Superdome,New Orleans,LA,POSTSEASON:Allstate Sugar Bowl - CFP Semifinal,False,False,ESPN_PUBLIC_SCOREBOARD_API,TIER_2_MEDIA_AGGREGATOR,https://site.web.api.espn.com/apis/site/v2/sports/football/college-football/scoreboard?dates=20210101&groups=80&limit=400,8d95267f329c44b2785937037425651eba80ff15dd66974fbba9a285b1268853,NOT_CARRIED_BY_TIER_1_FEED
ESPN-2020-401256109,2020,POSTSEASON,1,2021-01-02T17:00:00Z,1609606800,96,Kentucky Wildcats,Kentucky,152,NC State Wolfpack,NC State,23,21,2,FBS,FBS,Southeastern Conference,Atlantic Coast Conference,False,True,EverBank Stadium,Jacksonville,FL,POSTSEASON:TaxSlayer Gator Bowl,False,False,ESPN_PUBLIC_SCOREBOARD_API,TIER_2_MEDIA_AGGREGATOR,https://site.web.api.espn.com/apis/site/v2/sports/football/college-football/scoreboard?dates=20210102&groups=80&limit=400,ef4337f08da2dae564380923cb87878e6d1946d4250a4c6fca8c01c905b50f08,NOT_CARRIED_BY_TIER_1_FEED
ESPN-2020-401256110,2020,POSTSEASON,1,2021-01-02T17:30:00Z,1609608600,84,Indiana Hoosiers,Indiana,145,Ole Miss Rebels,Ole Miss,20,26,-6,FBS,FBS,Big Ten Conference,Southeastern Conference,False,True,Raymond James Stadium,Tampa,FL,POSTSEASON:Outback Bowl,False,False,ESPN_PUBLIC_SCOREBOARD_API,TIER_2_MEDIA_AGGREGATOR,https://site.web.api.espn.com/apis/site/v2/sports/football/college-football/scoreboard?dates=20210102&groups=80&limit=400,ef4337f08da2dae564380923cb87878e6d1946d4250a4c6fca8c01c905b50f08,NOT_CARRIED_BY_TIER_1_FEED
ESPN-2020-401256111,2020,POSTSEASON,1,2021-01-02T21:00:00Z,1609621200,66,Iowa State Cyclones,Iowa State,2483,Oregon Ducks,Oregon,34,17,17,FBS,FBS,Big 12 Conference,Pac-12 Conference,False,True,State Farm Stadium,Glendale,AZ,POSTSEASON:PlayStation Fiesta Bowl,False,False,ESPN_PUBLIC_SCOREBOARD_API,TIER_2_MEDIA_AGGREGATOR,https://site.web.api.espn.com/apis/site/v2/sports/football/college-football/scoreboard?dates=20210102&groups=80&limit=400,ef4337f08da2dae564380923cb87878e6d1946d4250a4c6fca8c01c905b50f08,NOT_CARRIED_BY_TIER_1_FEED
ESPN-2020-401256112,2020,POSTSEASON,1,2021-01-03T01:00:00Z,1609635600,153,North Carolina Tar Heels,North Carolina,245,Texas A&M Aggies,Texas A&M,27,41,-14,FBS,FBS,Atlantic Coast Conference,Southeastern Conference,False,True,Hard Rock Stadium,Miami Gardens,FL,POSTSEASON:Capital One Orange Bowl,False,False,ESPN_PUBLIC_SCOREBOARD_API,TIER_2_MEDIA_AGGREGATOR,https://site.web.api.espn.com/apis/site/v2/sports/football/college-football/scoreboard?dates=20210102&groups=80&limit=400,ef4337f08da2dae564380923cb87878e6d1946d4250a4c6fca8c01c905b50f08,NOT_CARRIED_BY_TIER_1_FEED
ESPN-2020-401240174,2020,POSTSEASON,1,2021-01-12T01:00:00Z,1610413200,333,Alabama Crimson Tide,Alabama,194,Ohio State Buckeyes,Ohio State,52,24,28,FBS,FBS,Southeastern Conference,Big Ten Conference,False,True,Hard Rock Stadium,Miami Gardens,FL,POSTSEASON:CFP National Championship pres. by AT&T,False,False,ESPN_PUBLIC_SCOREBOARD_API,TIER_2_MEDIA_AGGREGATOR,https://site.web.api.espn.com/apis/site/v2/sports/football/college-football/scoreboard?dates=20210111&groups=80&limit=400,6461b964506292f4c94f8e314a357b75bbdfd1e27c03e10528ded29bf87cc396,NOT_CARRIED_BY_TIER_1_FEED
