game_id,season,season_type,week,kickoff_utc,kickoff_epoch,home_team_id,home_team_name,home_team_school,away_team_id,away_team_name,away_team_school,home_points,away_points,home_margin,home_division,away_division,home_conference,away_conference,cross_division,neutral_site,venue_name,venue_city,venue_state,competition_type,conference_competition,overtime,source_authority,source_authority_tier,source_url,source_raw_sha256,tier_1_corroboration
ESPN-2025-401756846,2025,REGULAR_SEASON,1,2025-08-23T16:00:00Z,1755964800,2306,Kansas State Wildcats,Kansas State,66,Iowa State Cyclones,Iowa State,21,24,-3,FBS,FBS,Big 12 Conference,Big 12 Conference,False,True,Aviva Stadium,Dublin,,REGULAR_SEASON:Aer Lingus College Football Classic,True,False,ESPN_PUBLIC_SCOREBOARD_API,TIER_2_MEDIA_AGGREGATOR,https://site.web.api.espn.com/apis/site/v2/sports/football/college-football/scoreboard?dates=20250823&groups=80&limit=400,a91dfaa30a8c71363aa67b2e4af660e6ec88a2aa1b1b3bc735ea1f99fddff13d,TIER_1_SOURCE_STALE_FOR_SEASON
ESPN-2025-401760371,2025,REGULAR_SEASON,1,2025-08-23T20:00:00Z,1755979200,2439,UNLV Rebels,UNLV,304,Idaho State Bengals,Idaho State,38,31,7,FBS,FCS,Mountain West Conference,Big Sky Conference,True,False,Allegiant Stadium,Las Vegas,NV,REGULAR_SEASON,False,False,ESPN_PUBLIC_SCOREBOARD_API,TIER_2_MEDIA_AGGREGATOR,https://site.web.api.espn.com/apis/site/v2/sports/football/college-football/scoreboard?dates=20250823&groups=80&limit=400,a91dfaa30a8c71363aa67b2e4af660e6ec88a2aa1b1b3bc735ea1f99fddff13d,TIER_1_SOURCE_STALE_FOR_SEASON
ESPN-2025-401756847,2025,REGULAR_SEASON,1,2025-08-23T22:30:00Z,1755988200,2305,Kansas Jayhawks,Kansas,278,Fresno State Bulldogs,Fresno State,31,7,24,FBS,FBS,Big 12 Conference,Mountain West Conference,False,False,David Booth Kansas Memorial Stadium,Lawrence,KS,REGULAR_SEASON,False,False,ESPN_PUBLIC_SCOREBOARD_API,TIER_2_MEDIA_AGGREGATOR,https://site.web.api.espn.com/apis/site/v2/sports/football/college-football/scoreboard?dates=20250823&groups=80&limit=400,a91dfaa30a8c71363aa67b2e4af660e6ec88a2aa1b1b3bc735ea1f99fddff13d,TIER_1_SOURCE_STALE_FOR_SEASON
ESPN-2025-401757218,2025,REGULAR_SEASON,1,2025-08-23T23:00:00Z,1755990000,98,Western Kentucky Hilltoppers,Western Kentucky,2534,Sam Houston Bearkats,Sam Houston,41,24,17,FBS,FBS,Conference USA,Conference USA,False,False,Houchens Industries-L.T. Smith Stadium,Bowling Green,KY,REGULAR_SEASON,True,False,ESPN_PUBLIC_SCOREBOARD_API,TIER_2_MEDIA_AGGREGATOR,https://site.web.api.espn.com/apis/site/v2/sports/football/college-football/scoreboard?dates=20250823&groups=80&limit=400,a91dfaa30a8c71363aa67b2e4af660e6ec88a2aa1b1b3bc735ea1f99fddff13d,TIER_1_SOURCE_STALE_FOR_SEASON
ESPN-2025-401754516,2025,REGULAR_SEASON,1,2025-08-23T23:30:00Z,1755991800,62,Hawai'i Rainbow Warriors,Hawai'i,24,Stanford Cardinal,Stanford,23,20,3,FBS,FBS,Mountain West Conference,Atlantic Coast Conference,False,False,Clarence T.C. Ching Athletics Complex,Honolulu,HI,REGULAR_SEASON,False,False,ESPN_PUBLIC_SCOREBOARD_API,TIER_2_MEDIA_AGGREGATOR,https://site.web.api.espn.com/apis/site/v2/sports/football/college-football/scoreboard?dates=20250823&groups=80&limit=400,a91dfaa30a8c71363aa67b2e4af660e6ec88a2aa1b1b3bc735ea1f99fddff13d,TIER_1_SOURCE_STALE_FOR_SEASON
ESPN-2025-401762522,2025,REGULAR_SEASON,1,2025-08-28T21:30:00Z,1756416600,58,South Florida Bulls,South Florida,68,Boise State Broncos,Boise State,34,7,27,FBS,FBS,American Conference,Mountain West Conference,False,False,Raymond James Stadium,Tampa,FL,REGULAR_SEASON,False,False,ESPN_PUBLIC_SCOREBOARD_API,TIER_2_MEDIA_AGGREGATOR,https://site.web.api.espn.com/apis/site/v2/sports/football/college-football/scoreboard?dates=20250828&groups=80&limit=400,560d7d1cda012acfe95f1e98ded748fbf77560cb5e912c321d923c75ab7aef79,TIER_1_SOURCE_STALE_FOR_SEASON
ESPN-2025-401752794,2025,REGULAR_SEASON,1,2025-08-28T22:00:00Z,1756418400,164,Rutgers Scarlet Knights,Rutgers,195,Ohio Bobcats,Ohio,34,31,3,FBS,FBS,Big Ten Conference,Mid-American Conference,False,False,SHI Stadium,Piscataway,NJ,REGULAR_SEASON,False,False,ESPN_PUBLIC_SCOREBOARD_API,TIER_2_MEDIA_AGGREGATOR,https://site.web.api.espn.com/apis/site/v2/sports/football/college-football/scoreboard?dates=20250828&groups=80&limit=400,560d7d1cda012acfe95f1e98ded748fbf77560cb5e912c321d923c75ab7aef79,TIER_1_SOURCE_STALE_FOR_SEASON
ESPN-2025-401762790,2025,REGULAR_SEASON,1,2025-08-28T22:00:00Z,1756418400,189,Bowling Green Falcons,Bowling Green,322,Lafayette Leopards,Lafayette,26,7,19,FBS,FCS,Mid-American Conference,Patriot League,True,False,Doyt L. Perry Stadium,Bowling Green,OH,REGULAR_SEASON,False,False,ESPN_PUBLIC_SCOREBOARD_API,TIER_2_MEDIA_AGGREGATOR,https://site.web.api.espn.com/apis/site/v2/sports/football/college-football/scoreboard?dates=20250828&groups=80&limit=400,560d7d1cda012acfe95f1e98ded748fbf77560cb5e912c321d923c75ab7aef79,TIER_1_SOURCE_STALE_FOR_SEASON
ESPN-2025-401754373,2025,REGULAR_SEASON,1,2025-08-28T23:00:00Z,1756422000,152,NC State Wolfpack,NC State,151,East Carolina Pirates,East Carolina,24,17,7,FBS,FBS,Atlantic Coast Conference,American Conference,False,False,Carter-Finley Stadium,Raleigh,NC,REGULAR_SEASON,False,False,ESPN_PUBLIC_SCOREBOARD_API,TIER_2_MEDIA_AGGREGATOR,https://site.web.api.espn.com/apis/site/v2/sports/football/college-football/scoreboard?dates=20250828&groups=80&limit=400,560d7d1cda012acfe95f1e98ded748fbf77560cb5e912c321d923c75ab7aef79,TIER_1_SOURCE_STALE_FOR_SEASON
ESPN-2025-401756848,2025,REGULAR_SEASON,1,2025-08-28T23:00:00Z,1756422000,2116,UCF Knights,UCF,55,Jacksonville State Gamecocks,Jacksonville State,17,10,7,FBS,FBS,Big 12 Conference,Conference USA,False,False,Acrisure Bounce House,Orlando,FL,REGULAR_SEASON,False,False,ESPN_PUBLIC_SCOREBOARD_API,TIER_2_MEDIA_AGGREGATOR,https://site.web.api.espn.com/apis/site/v2/sports/football/college-football/scoreboard?dates=20250828&groups=80&limit=400,560d7d1cda012acfe95f1e98ded748fbf77560cb5e912c321d923c75ab7aef79,TIER_1_SOURCE_STALE_FOR_SEASON
ESPN-2025-401757219,2025,REGULAR_SEASON,1,2025-08-28T23:00:00Z,1756422000,48,Delaware Blue Hens,Delaware,2169,Delaware State Hornets,Delaware State,35,17,18,FBS,FCS,Conference USA,Mid-Eastern Athletic Conference,True,False,Delaware Stadium,Newark,DE,REGULAR_SEASON,False,False,ESPN_PUBLIC_SCOREBOARD_API,TIER_2_MEDIA_AGGREGATOR,https://site.web.api.espn.com/apis/site/v2/sports/football/college-football/scoreboard?dates=20250828&groups=80&limit=400,560d7d1cda012acfe95f1e98ded748fbf77560cb5e912c321d923c75ab7aef79,TIER_1_SOURCE_STALE_FOR_SEASON
ESPN-2025-401761588,2025,REGULAR_SEASON,1,2025-08-28T23:00:00Z,1756422000,2433,UL Monroe Warhawks,UL Monroe,2598,Saint Francis Red Flash,Saint Francis,29,0,29,FBS,FCS,Sun Belt Conference,Northeast Conference,True,False,Malone Stadium,Monroe,LA,REGULAR_SEASON,False,False,ESPN_PUBLIC_SCOREBOARD_API,TIER_2_MEDIA_AGGREGATOR,https://site.web.api.espn.com/apis/site/v2/sports/football/college-football/scoreboard?dates=20250828&groups=80&limit=400,560d7d1cda012acfe95f1e98ded748fbf77560cb5e912c321d923c75ab7aef79,TIER_1_SOURCE_STALE_FOR_SEASON
ESPN-2025-401762789,2025,REGULAR_SEASON,1,2025-08-28T23:00:00Z,1756422000,2006,Akron Zips,Akron,2751,Wyoming Cowboys,Wyoming,0,10,-10,FBS,FBS,Mid-American Conference,Mountain West Conference,False,False,InfoCision Stadium,Akron,OH,REGULAR_SEASON,False,False,ESPN_PUBLIC_SCOREBOARD_API,TIER_2_MEDIA_AGGREGATOR,https://site.web.api.espn.com/apis/site/v2/sports/football/college-football/scoreboard?dates=20250828&groups=80&limit=400,560d7d1cda012acfe95f1e98ded748fbf77560cb5e912c321d923c75ab7aef79,TIER_1_SOURCE_STALE_FOR_SEASON
ESPN-2025-401752674,2025,REGULAR_SEASON,1,2025-08-28T23:30:00Z,1756423800,142,Missouri Tigers,Missouri,2110,Central Arkansas Bears,Central Arkansas,61,6,55,FBS,FCS,Southeastern Conference,United Athletic Conference,True,False,Memorial Stadium,Columbia,MO,REGULAR_SEASON,False,False,ESPN_PUBLIC_SCOREBOARD_API,TIER_2_MEDIA_AGGREGATOR,https://site.web.api.espn.com/apis/site/v2/sports/football/college-football/scoreboard?dates=20250828&groups=80&limit=400,560d7d1cda012acfe95f1e98ded748fbf77560cb5e912c321d923c75ab7aef79,TIER_1_SOURCE_STALE_FOR_SEASON
ESPN-2025-401754517,2025,REGULAR_SEASON,1,2025-08-28T23:30:00Z,1756423800,150,Duke Blue Devils,Duke,2210,Elon Phoenix,Elon,45,17,28,FBS,FCS,Atlantic Coast Conference,Coastal Athletic Association,True,False,Wallace Wade Stadium,Durham,NC,REGULAR_SEASON,False,False,ESPN_PUBLIC_SCOREBOARD_API,TIER_2_MEDIA_AGGREGATOR,https://site.web.api.espn.com/apis/site/v2/sports/football/college-football/scoreboard?dates=20250828&groups=80&limit=400,560d7d1cda012acfe95f1e98ded748fbf77560cb5e912c321d923c75ab7aef79,TIER_1_SOURCE_STALE_FOR_SEASON
ESPN-2025-401756876,2025,REGULAR_SEASON,1,2025-08-28T23:30:00Z,1756423800,197,Oklahoma State Cowboys,Oklahoma State,2630,UT Martin Skyhawks,UT Martin,27,7,20,FBS,FCS,Big 12 Conference,Ohio Valley Conference,True,False,Boone Pickens Stadium,Stillwater,OK,REGULAR_SEASON,False,False,ESPN_PUBLIC_SCOREBOARD_API,TIER_2_MEDIA_AGGREGATOR,https://site.web.api.espn.com/apis/site/v2/sports/football/college-football/scoreboard?dates=20250828&groups=80&limit=400,560d7d1cda012acfe95f1e98ded748fbf77560cb5e912c321d923c75ab7aef79,TIER_1_SOURCE_STALE_FOR_SEASON
ESPN-2025-401752793,2025,REGULAR_SEASON,1,2025-08-29T00:00:00Z,1756425600,135,Minnesota Golden Gophers,Minnesota,2084,Buffalo Bulls,Buffalo,23,10,13,FBS,FBS,Big Ten Conference,Mid-American Conference,False,False,Huntington Bank Stadium,Minneapolis,MN,REGULAR_SEASON,False,False,ESPN_PUBLIC_SCOREBOARD_API,TIER_2_MEDIA_AGGREGATOR,https://site.web.api.espn.com/apis/site/v2/sports/football/college-football/scoreboard?dates=20250828&groups=80&limit=400,560d7d1cda012acfe95f1e98ded748fbf77560cb5e912c321d923c75ab7aef79,TIER_1_SOURCE_STALE_FOR_SEASON
ESPN-2025-401756852,2025,REGULAR_SEASON,1,2025-08-29T00:00:00Z,1756425600,248,Houston Cougars,Houston,2617,Stephen F. Austin Lumberjacks,Stephen F. Austin,27,0,27,FBS,FCS,Big 12 Conference,Southland Conference,True,False,TDECU Stadium,Houston,TX,REGULAR_SEASON,False,False,ESPN_PUBLIC_SCOREBOARD_API,TIER_2_MEDIA_AGGREGATOR,https://site.web.api.espn.com/apis/site/v2/sports/football/college-football/scoreboard?dates=20250828&groups=80&limit=400,560d7d1cda012acfe95f1e98ded748fbf77560cb5e912c321d923c75ab7aef79,TIER_1_SOURCE_STALE_FOR_SEASON
ESPN-2025-401762430,2025,REGULAR_SEASON,1,2025-08-29T00:30:00Z,1756427400,5,UAB Blazers,UAB,2011,Alabama State Hornets,Alabama State,52,42,10,FBS,FCS,American Conference,Southwestern Athletic Conference,True,False,Protective Stadium,Birmingham,AL,REGULAR_SEASON,False,False,ESPN_PUBLIC_SCOREBOARD_API,TIER_2_MEDIA_AGGREGATOR,https://site.web.api.espn.com/apis/site/v2/sports/football/college-football/scoreboard?dates=20250828&groups=80&limit=400,560d7d1cda012acfe95f1e98ded748fbf77560cb5e912c321d923c75ab7aef79,TIER_1_SOURCE_STALE_FOR_SEASON
ESPN-2025-401752796,2025,REGULAR_SEASON,1,2025-08-29T01:00:00Z,1756429200,2132,Cincinnati Bearcats,Cincinnati,158,Nebraska Cornhuskers,Nebraska,17,20,-3,FBS,FBS,Big 12 Conference,Big Ten Conference,False,True,Arrowhead Stadium,Kansas City,MO,REGULAR_SEASON,False,False,ESPN_PUBLIC_SCOREBOARD_API,TIER_2_MEDIA_AGGREGATOR,https://site.web.api.espn.com/apis/site/v2/sports/football/college-football/scoreboard?dates=20250828&groups=80&limit=400,560d7d1cda012acfe95f1e98ded748fbf77560cb5e912c321d923c75ab7aef79,TIER_1_SOURCE_STALE_FOR_SEASON
ESPN-2025-401762791,2025,REGULAR_SEASON,1,2025-08-29T01:00:00Z,1756429200,275,Wisconsin Badgers,Wisconsin,193,Miami (OH) RedHawks,Miami (OH),17,0,17,FBS,FBS,Big Ten Conference,Mid-American Conference,False,False,Camp Randall Stadium,Madison,WI,REGULAR_SEASON,False,False,ESPN_PUBLIC_SCOREBOARD_API,TIER_2_MEDIA_AGGREGATOR,https://site.web.api.espn.com/apis/site/v2/sports/football/college-football/scoreboard?dates=20250828&groups=80&limit=400,560d7d1cda012acfe95f1e98ded748fbf77560cb5e912c321d923c75ab7aef79,TIER_1_SOURCE_STALE_FOR_SEASON
ESPN-2025-401760357,2025,REGULAR_SEASON,1,2025-08-29T02:00:00Z,1756432800,21,San Diego State Aztecs,San Diego State,2619,Stony Brook Seawolves,Stony Brook,42,0,42,FBS,FCS,Mountain West Conference,Coastal Athletic Association,True,False,Snapdragon Stadium,San Diego,CA,REGULAR_SEASON,False,False,ESPN_PUBLIC_SCOREBOARD_API,TIER_2_MEDIA_AGGREGATOR,https://site.web.api.espn.com/apis/site/v2/sports/football/college-football/scoreboard?dates=20250828&groups=80&limit=400,560d7d1cda012acfe95f1e98ded748fbf77560cb5e912c321d923c75ab7aef79,TIER_1_SOURCE_STALE_FOR_SEASON
ESPN-2025-401762432,2025,REGULAR_SEASON,1,2025-08-29T22:00:00Z,1756504800,349,Army Black Knights,Army,2627,Tarleton State Texans,Tarleton State,27,30,-3,FBS,FCS,American Conference,United Athletic Conference,True,False,Michie Stadium,West Point,NY,REGULAR_SEASON,False,True,ESPN_PUBLIC_SCOREBOARD_API,TIER_2_MEDIA_AGGREGATOR,https://site.web.api.espn.com/apis/site/v2/sports/football/college-football/scoreboard?dates=20250829&groups=80&limit=400,e0fa252e2640defdcaffe76eba7985cc3d002db82505373d0b483da2b500087a,TIER_1_SOURCE_STALE_FOR_SEASON
ESPN-2025-401752802,2025,REGULAR_SEASON,1,2025-08-29T23:00:00Z,1756508400,127,Michigan State Spartans,Michigan State,2711,Western Michigan Broncos,Western Michigan,23,6,17,FBS,FBS,Big Ten Conference,Mid-American Conference,False,False,Spartan Stadium,East Lansing,MI,REGULAR_SEASON,False,False,ESPN_PUBLIC_SCOREBOARD_API,TIER_2_MEDIA_AGGREGATOR,https://site.web.api.espn.com/apis/site/v2/sports/football/college-football/scoreboard?dates=20250829&groups=80&limit=400,e0fa252e2640defdcaffe76eba7985cc3d002db82505373d0b483da2b500087a,TIER_1_SOURCE_STALE_FOR_SEASON
ESPN-2025-401754374,2025,REGULAR_SEASON,1,2025-08-29T23:00:00Z,1756508400,154,Wake Forest Demon Deacons,Wake Forest,338,Kennesaw State Owls,Kennesaw State,10,9,1,FBS,FBS,Atlantic Coast Conference,Conference USA,False,False,Allegacy Federal Credit Union Stadium,Winston-Salem,NC,REGULAR_SEASON,False,False,ESPN_PUBLIC_SCOREBOARD_API,TIER_2_MEDIA_AGGREGATOR,https://site.web.api.espn.com/apis/site/v2/sports/football/college-football/scoreboard?dates=20250829&groups=80&limit=400,e0fa252e2640defdcaffe76eba7985cc3d002db82505373d0b483da2b500087a,TIER_1_SOURCE_STALE_FOR_SEASON
ESPN-2025-401761589,2025,REGULAR_SEASON,1,2025-08-29T23:00:00Z,1756508400,2429,Charlotte 49ers,Charlotte,2026,App State Mountaineers,App State,11,34,-23,FBS,FBS,American Conference,Sun Belt Conference,False,True,Bank of America Stadium,Charlotte,NC,REGULAR_SEASON:Duke’s Mayo Classic,False,False,ESPN_PUBLIC_SCOREBOARD_API,TIER_2_MEDIA_AGGREGATOR,https://site.web.api.espn.com/apis/site/v2/sports/football/college-football/scoreboard?dates=20250829&groups=80&limit=400,e0fa252e2640defdcaffe76eba7985cc3d002db82505373d0b483da2b500087a,TIER_1_SOURCE_STALE_FOR_SEASON
ESPN-2025-401752795,2025,REGULAR_SEASON,1,2025-08-29T23:30:00Z,1756510200,356,Illinois Fighting Illini,Illinois,2710,Western Illinois Leathernecks,Western Illinois,52,3,49,FBS,FCS,Big Ten Conference,Ohio Valley Conference,True,False,Gies Memorial Stadium,Champaign,IL,REGULAR_SEASON,False,False,ESPN_PUBLIC_SCOREBOARD_API,TIER_2_MEDIA_AGGREGATOR,https://site.web.api.espn.com/apis/site/v2/sports/football/college-football/scoreboard?dates=20250829&groups=80&limit=400,e0fa252e2640defdcaffe76eba7985cc3d002db82505373d0b483da2b500087a,TIER_1_SOURCE_STALE_FOR_SEASON
ESPN-2025-401756854,2025,REGULAR_SEASON,1,2025-08-29T23:30:00Z,1756510200,2305,Kansas Jayhawks,Kansas,2681,Wagner Seahawks,Wagner,46,7,39,FBS,FCS,Big 12 Conference,Northeast Conference,True,False,David Booth Kansas Memorial Stadium,Lawrence,KS,REGULAR_SEASON,False,False,ESPN_PUBLIC_SCOREBOARD_API,TIER_2_MEDIA_AGGREGATOR,https://site.web.api.espn.com/apis/site/v2/sports/football/college-football/scoreboard?dates=20250829&groups=80&limit=400,e0fa252e2640defdcaffe76eba7985cc3d002db82505373d0b483da2b500087a,TIER_1_SOURCE_STALE_FOR_SEASON
ESPN-2025-401752667,2025,REGULAR_SEASON,1,2025-08-30T00:00:00Z,1756512000,239,Baylor Bears,Baylor,2,Auburn Tigers,Auburn,24,38,-14,FBS,FBS,Big 12 Conference,Southeastern Conference,False,False,McLane Stadium,Waco,TX,REGULAR_SEASON,False,False,ESPN_PUBLIC_SCOREBOARD_API,TIER_2_MEDIA_AGGREGATOR,https://site.web.api.espn.com/apis/site/v2/sports/football/college-football/scoreboard?dates=20250829&groups=80&limit=400,e0fa252e2640defdcaffe76eba7985cc3d002db82505373d0b483da2b500087a,TIER_1_SOURCE_STALE_FOR_SEASON
ESPN-2025-401754375,2025,REGULAR_SEASON,1,2025-08-30T00:00:00Z,1756512000,38,Colorado Buffaloes,Colorado,59,Georgia Tech Yellow Jackets,Georgia Tech,20,27,-7,FBS,FBS,Big 12 Conference,Atlantic Coast Conference,False,False,Folsom Field,Boulder,CO,REGULAR_SEASON,False,False,ESPN_PUBLIC_SCOREBOARD_API,TIER_2_MEDIA_AGGREGATOR,https://site.web.api.espn.com/apis/site/v2/sports/football/college-football/scoreboard?dates=20250829&groups=80&limit=400,e0fa252e2640defdcaffe76eba7985cc3d002db82505373d0b483da2b500087a,TIER_1_SOURCE_STALE_FOR_SEASON
ESPN-2025-401766898,2025,REGULAR_SEASON,1,2025-08-30T00:15:00Z,1756512900,2229,Florida International Panthers,Florida International,2065,Bethune-Cookman Wildcats,Bethune-Cookman,42,9,33,FBS,FCS,Conference USA,Southwestern Athletic Conference,True,False,Pitbull Stadium,Miami,FL,REGULAR_SEASON,False,False,ESPN_PUBLIC_SCOREBOARD_API,TIER_2_MEDIA_AGGREGATOR,https://site.web.api.espn.com/apis/site/v2/sports/football/college-football/scoreboard?dates=20250829&groups=80&limit=400,e0fa252e2640defdcaffe76eba7985cc3d002db82505373d0b483da2b500087a,TIER_1_SOURCE_STALE_FOR_SEASON
ESPN-2025-401757224,2025,REGULAR_SEASON,1,2025-08-30T01:30:00Z,1756517400,2534,Sam Houston Bearkats,Sam Houston,2439,UNLV Rebels,UNLV,21,38,-17,FBS,FBS,Conference USA,Mountain West Conference,False,False,Shell Energy Stadium,Houston,TX,REGULAR_SEASON,False,False,ESPN_PUBLIC_SCOREBOARD_API,TIER_2_MEDIA_AGGREGATOR,https://site.web.api.espn.com/apis/site/v2/sports/football/college-football/scoreboard?dates=20250829&groups=80&limit=400,e0fa252e2640defdcaffe76eba7985cc3d002db82505373d0b483da2b500087a,TIER_1_SOURCE_STALE_FOR_SEASON
ESPN-2025-401760358,2025,REGULAR_SEASON,1,2025-08-30T02:30:00Z,1756521000,23,San José State Spartans,San José State,2117,Central Michigan Chippewas,Central Michigan,14,16,-2,FBS,FBS,Mountain West Conference,Mid-American Conference,False,False,CEFCU Stadium,San Jose,CA,REGULAR_SEASON,False,False,ESPN_PUBLIC_SCOREBOARD_API,TIER_2_MEDIA_AGGREGATOR,https://site.web.api.espn.com/apis/site/v2/sports/football/college-football/scoreboard?dates=20250829&groups=80&limit=400,e0fa252e2640defdcaffe76eba7985cc3d002db82505373d0b483da2b500087a,TIER_1_SOURCE_STALE_FOR_SEASON
ESPN-2025-401752673,2025,REGULAR_SEASON,1,2025-08-30T16:00:00Z,1756569600,2572,Southern Miss Golden Eagles,Southern Miss,344,Mississippi State Bulldogs,Mississippi State,17,34,-17,FBS,FBS,Sun Belt Conference,Southeastern Conference,False,False,M. M. Roberts Stadium,Hattiesburg,MS,REGULAR_SEASON,False,False,ESPN_PUBLIC_SCOREBOARD_API,TIER_2_MEDIA_AGGREGATOR,https://site.web.api.espn.com/apis/site/v2/sports/football/college-football/scoreboard?dates=20250830&groups=80&limit=400,79394d11a57f6bb07c663ef0d2ec6ca3177b28154fcd19e3c7f1a7d84d779b45,TIER_1_SOURCE_STALE_FOR_SEASON
ESPN-2025-401752676,2025,REGULAR_SEASON,1,2025-08-30T16:00:00Z,1756569600,2633,Tennessee Volunteers,Tennessee,183,Syracuse Orange,Syracuse,45,26,19,FBS,FBS,Southeastern Conference,Atlantic Coast Conference,False,True,Mercedes-Benz Stadium,Atlanta,GA,REGULAR_SEASON:Aflac Kickoff,False,False,ESPN_PUBLIC_SCOREBOARD_API,TIER_2_MEDIA_AGGREGATOR,https://site.web.api.espn.com/apis/site/v2/sports/football/college-football/scoreboard?dates=20250830&groups=80&limit=400,79394d11a57f6bb07c663ef0d2ec6ca3177b28154fcd19e3c7f1a7d84d779b45,TIER_1_SOURCE_STALE_FOR_SEASON
ESPN-2025-401752677,2025,REGULAR_SEASON,1,2025-08-30T16:00:00Z,1756569600,194,Ohio State Buckeyes,Ohio State,251,Texas Longhorns,Texas,14,7,7,FBS,FBS,Big Ten Conference,Southeastern Conference,False,False,Ohio Stadium,Columbus,OH,REGULAR_SEASON,False,False,ESPN_PUBLIC_SCOREBOARD_API,TIER_2_MEDIA_AGGREGATOR,https://site.web.api.espn.com/apis/site/v2/sports/football/college-football/scoreboard?dates=20250830&groups=80&limit=400,79394d11a57f6bb07c663ef0d2ec6ca3177b28154fcd19e3c7f1a7d84d779b45,TIER_1_SOURCE_STALE_FOR_SEASON
ESPN-2025-401752797,2025,REGULAR_SEASON,1,2025-08-30T16:00:00Z,1756569600,120,Maryland Terrapins,Maryland,2226,Florida Atlantic Owls,Florida Atlantic,39,7,32,FBS,FBS,Big Ten Conference,American Conference,False,False,SECU Stadium,College Park,MD,REGULAR_SEASON,False,False,ESPN_PUBLIC_SCOREBOARD_API,TIER_2_MEDIA_AGGREGATOR,https://site.web.api.espn.com/apis/site/v2/sports/football/college-football/scoreboard?dates=20250830&groups=80&limit=400,79394d11a57f6bb07c663ef0d2ec6ca3177b28154fcd19e3c7f1a7d84d779b45,TIER_1_SOURCE_STALE_FOR_SEASON
ESPN-2025-401752801,2025,REGULAR_SEASON,1,2025-08-30T16:00:00Z,1756569600,2509,Purdue Boilermakers,Purdue,2050,Ball State Cardinals,Ball State,31,0,31,FBS,FBS,Big Ten Conference,Mid-American Conference,False,False,Ross-Ade Stadium,West Lafayette,IN,REGULAR_SEASON,False,False,ESPN_PUBLIC_SCOREBOARD_API,TIER_2_MEDIA_AGGREGATOR,https://site.web.api.espn.com/apis/site/v2/sports/football/college-football/scoreboard?dates=20250830&groups=80&limit=400,79394d11a57f6bb07c663ef0d2ec6ca3177b28154fcd19e3c7f1a7d84d779b45,TIER_1_SOURCE_STALE_FOR_SEASON
ESPN-2025-401752803,2025,REGULAR_SEASON,1,2025-08-30T16:00:00Z,1756569600,2655,Tulane Green Wave,Tulane,77,Northwestern Wildcats,Northwestern,23,3,20,FBS,FBS,American Conference,Big Ten Conference,False,False,Yulman Stadium,New Orleans,LA,REGULAR_SEASON,False,False,ESPN_PUBLIC_SCOREBOARD_API,TIER_2_MEDIA_AGGREGATOR,https://site.web.api.espn.com/apis/site/v2/sports/football/college-football/scoreboard?dates=20250830&groups=80&limit=400,79394d11a57f6bb07c663ef0d2ec6ca3177b28154fcd19e3c7f1a7d84d779b45,TIER_1_SOURCE_STALE_FOR_SEASON
ESPN-2025-401754520,2025,REGULAR_SEASON,1,2025-08-30T16:00:00Z,1756569600,221,Pittsburgh Panthers,Pittsburgh,2184,Duquesne Dukes,Duquesne,61,9,52,FBS,FCS,Atlantic Coast Conference,Northeast Conference,True,False,Acrisure Stadium,Pittsburgh,PA,REGULAR_SEASON,False,False,ESPN_PUBLIC_SCOREBOARD_API,TIER_2_MEDIA_AGGREGATOR,https://site.web.api.espn.com/apis/site/v2/sports/football/college-football/scoreboard?dates=20250830&groups=80&limit=400,79394d11a57f6bb07c663ef0d2ec6ca3177b28154fcd19e3c7f1a7d84d779b45,TIER_1_SOURCE_STALE_FOR_SEASON
ESPN-2025-401762434,2025,REGULAR_SEASON,1,2025-08-30T16:00:00Z,1756569600,2426,Navy Midshipmen,Navy,2678,VMI Keydets,VMI,52,7,45,FBS,FCS,American Conference,Southern Conference,True,False,Navy-Marine Corps Memorial Stadium,Annapolis,MD,REGULAR_SEASON,False,False,ESPN_PUBLIC_SCOREBOARD_API,TIER_2_MEDIA_AGGREGATOR,https://site.web.api.espn.com/apis/site/v2/sports/football/college-football/scoreboard?dates=20250830&groups=80&limit=400,79394d11a57f6bb07c663ef0d2ec6ca3177b28154fcd19e3c7f1a7d84d779b45,TIER_1_SOURCE_STALE_FOR_SEASON
ESPN-2025-401762792,2025,REGULAR_SEASON,1,2025-08-30T16:00:00Z,1756569600,2309,Kent State Golden Flashes,Kent State,2771,Merrimack Warriors,Merrimack,21,17,4,FBS,FCS,Mid-American Conference,FCS Independents,True,False,Zoeller Field at Dix Stadium,Kent,OH,REGULAR_SEASON,False,False,ESPN_PUBLIC_SCOREBOARD_API,TIER_2_MEDIA_AGGREGATOR,https://site.web.api.espn.com/apis/site/v2/sports/football/college-football/scoreboard?dates=20250830&groups=80&limit=400,79394d11a57f6bb07c663ef0d2ec6ca3177b28154fcd19e3c7f1a7d84d779b45,TIER_1_SOURCE_STALE_FOR_SEASON
ESPN-2025-401752670,2025,REGULAR_SEASON,1,2025-08-30T16:45:00Z,1756572300,96,Kentucky Wildcats,Kentucky,2649,Toledo Rockets,Toledo,24,16,8,FBS,FBS,Southeastern Conference,Mid-American Conference,False,False,Kroger Field,Lexington,KY,REGULAR_SEASON,False,False,ESPN_PUBLIC_SCOREBOARD_API,TIER_2_MEDIA_AGGREGATOR,https://site.web.api.espn.com/apis/site/v2/sports/football/college-football/scoreboard?dates=20250830&groups=80&limit=400,79394d11a57f6bb07c663ef0d2ec6ca3177b28154fcd19e3c7f1a7d84d779b45,TIER_1_SOURCE_STALE_FOR_SEASON
ESPN-2025-401754518,2025,REGULAR_SEASON,1,2025-08-30T18:00:00Z,1756576800,103,Boston College Eagles,Boston College,2230,Fordham Rams,Fordham,66,10,56,FBS,FCS,Atlantic Coast Conference,Patriot League,True,False,"Alumni Stadium (Chestnut Hill, MA)",Chestnut Hill,MA,REGULAR_SEASON,False,False,ESPN_PUBLIC_SCOREBOARD_API,TIER_2_MEDIA_AGGREGATOR,https://site.web.api.espn.com/apis/site/v2/sports/football/college-football/scoreboard?dates=20250830&groups=80&limit=400,79394d11a57f6bb07c663ef0d2ec6ca3177b28154fcd19e3c7f1a7d84d779b45,TIER_1_SOURCE_STALE_FOR_SEASON
ESPN-2025-401756878,2025,REGULAR_SEASON,1,2025-08-30T18:00:00Z,1756576800,277,West Virginia Mountaineers,West Virginia,2523,Robert Morris Colonials,Robert Morris,45,3,42,FBS,FCS,Big 12 Conference,Northeast Conference,True,False,Milan Puskar Stadium,Morgantown,WV,REGULAR_SEASON,False,False,ESPN_PUBLIC_SCOREBOARD_API,TIER_2_MEDIA_AGGREGATOR,https://site.web.api.espn.com/apis/site/v2/sports/football/college-football/scoreboard?dates=20250830&groups=80&limit=400,79394d11a57f6bb07c663ef0d2ec6ca3177b28154fcd19e3c7f1a7d84d779b45,TIER_1_SOURCE_STALE_FOR_SEASON
ESPN-2025-401757167,2025,REGULAR_SEASON,1,2025-08-30T18:00:00Z,1756576800,41,UConn Huskies,UConn,2115,Central Connecticut Blue Devils,Central Connecticut,59,13,46,FBS,FCS,FBS Independents,Northeast Conference,True,False,Pratt & Whitney Stadium,East Hartford,CT,REGULAR_SEASON,False,False,ESPN_PUBLIC_SCOREBOARD_API,TIER_2_MEDIA_AGGREGATOR,https://site.web.api.espn.com/apis/site/v2/sports/football/college-football/scoreboard?dates=20250830&groups=80&limit=400,79394d11a57f6bb07c663ef0d2ec6ca3177b28154fcd19e3c7f1a7d84d779b45,TIER_1_SOURCE_STALE_FOR_SEASON
ESPN-2025-401752806,2025,REGULAR_SEASON,1,2025-08-30T18:30:00Z,1756578600,84,Indiana Hoosiers,Indiana,295,Old Dominion Monarchs,Old Dominion,27,14,13,FBS,FBS,Big Ten Conference,Sun Belt Conference,False,False,"Memorial Stadium (Bloomington, IN)",Bloomington,IN,REGULAR_SEASON,False,False,ESPN_PUBLIC_SCOREBOARD_API,TIER_2_MEDIA_AGGREGATOR,https://site.web.api.espn.com/apis/site/v2/sports/football/college-football/scoreboard?dates=20250830&groups=80&limit=400,79394d11a57f6bb07c663ef0d2ec6ca3177b28154fcd19e3c7f1a7d84d779b45,TIER_1_SOURCE_STALE_FOR_SEASON
ESPN-2025-401754519,2025,REGULAR_SEASON,1,2025-08-30T19:00:00Z,1756580400,97,Louisville Cardinals,Louisville,2198,Eastern Kentucky Colonels,Eastern Kentucky,51,17,34,FBS,FCS,Atlantic Coast Conference,United Athletic Conference,True,False,L&N Federal Credit Union Stadium,Louisville,KY,REGULAR_SEASON,False,False,ESPN_PUBLIC_SCOREBOARD_API,TIER_2_MEDIA_AGGREGATOR,https://site.web.api.espn.com/apis/site/v2/sports/football/college-football/scoreboard?dates=20250830&groups=80&limit=400,79394d11a57f6bb07c663ef0d2ec6ca3177b28154fcd19e3c7f1a7d84d779b45,TIER_1_SOURCE_STALE_FOR_SEASON
ESPN-2025-401752665,2025,REGULAR_SEASON,1,2025-08-30T19:30:00Z,1756582200,52,Florida State Seminoles,Florida State,333,Alabama Crimson Tide,Alabama,31,17,14,FBS,FBS,Atlantic Coast Conference,Southeastern Conference,False,False,Doak Campbell Stadium,Tallahassee,FL,REGULAR_SEASON,False,False,ESPN_PUBLIC_SCOREBOARD_API,TIER_2_MEDIA_AGGREGATOR,https://site.web.api.espn.com/apis/site/v2/sports/football/college-football/scoreboard?dates=20250830&groups=80&limit=400,79394d11a57f6bb07c663ef0d2ec6ca3177b28154fcd19e3c7f1a7d84d779b45,TIER_1_SOURCE_STALE_FOR_SEASON
ESPN-2025-401752669,2025,REGULAR_SEASON,1,2025-08-30T19:30:00Z,1756582200,61,Georgia Bulldogs,Georgia,276,Marshall Thundering Herd,Marshall,45,7,38,FBS,FBS,Southeastern Conference,Sun Belt Conference,False,False,Sanford Stadium,Athens,GA,REGULAR_SEASON,False,False,ESPN_PUBLIC_SCOREBOARD_API,TIER_2_MEDIA_AGGREGATOR,https://site.web.api.espn.com/apis/site/v2/sports/football/college-football/scoreboard?dates=20250830&groups=80&limit=400,79394d11a57f6bb07c663ef0d2ec6ca3177b28154fcd19e3c7f1a7d84d779b45,TIER_1_SOURCE_STALE_FOR_SEASON
ESPN-2025-401752807,2025,REGULAR_SEASON,1,2025-08-30T19:30:00Z,1756582200,213,Penn State Nittany Lions,Penn State,2440,Nevada Wolf Pack,Nevada,46,11,35,FBS,FBS,Big Ten Conference,Mountain West Conference,False,False,Beaver Stadium,University Park,PA,REGULAR_SEASON,False,False,ESPN_PUBLIC_SCOREBOARD_API,TIER_2_MEDIA_AGGREGATOR,https://site.web.api.espn.com/apis/site/v2/sports/football/college-football/scoreboard?dates=20250830&groups=80&limit=400,79394d11a57f6bb07c663ef0d2ec6ca3177b28154fcd19e3c7f1a7d84d779b45,TIER_1_SOURCE_STALE_FOR_SEASON
ESPN-2025-401756853,2025,REGULAR_SEASON,1,2025-08-30T19:30:00Z,1756582200,66,Iowa State Cyclones,Iowa State,233,South Dakota Coyotes,South Dakota,55,7,48,FBS,FCS,Big 12 Conference,Missouri Valley Football Conference,True,False,Jack Trice Stadium,Ames,IA,REGULAR_SEASON,False,False,ESPN_PUBLIC_SCOREBOARD_API,TIER_2_MEDIA_AGGREGATOR,https://site.web.api.espn.com/apis/site/v2/sports/football/college-football/scoreboard?dates=20250830&groups=80&limit=400,79394d11a57f6bb07c663ef0d2ec6ca3177b28154fcd19e3c7f1a7d84d779b45,TIER_1_SOURCE_STALE_FOR_SEASON
ESPN-2025-401760359,2025,REGULAR_SEASON,1,2025-08-30T19:30:00Z,1756582200,2005,Air Force Falcons,Air Force,2083,Bucknell Bison,Bucknell,49,13,36,FBS,FCS,Mountain West Conference,Patriot League,True,False,Falcon Stadium,USAF Academy,CO,REGULAR_SEASON,False,False,ESPN_PUBLIC_SCOREBOARD_API,TIER_2_MEDIA_AGGREGATOR,https://site.web.api.espn.com/apis/site/v2/sports/football/college-football/scoreboard?dates=20250830&groups=80&limit=400,79394d11a57f6bb07c663ef0d2ec6ca3177b28154fcd19e3c7f1a7d84d779b45,TIER_1_SOURCE_STALE_FOR_SEASON
ESPN-2025-401762456,2025,REGULAR_SEASON,1,2025-08-30T19:30:00Z,1756582200,113,Massachusetts Minutemen,Massachusetts,218,Temple Owls,Temple,10,42,-32,FBS,FBS,Mid-American Conference,American Conference,False,False,Warren McGuirk Alumni Stadium,Amherst,MA,REGULAR_SEASON,False,False,ESPN_PUBLIC_SCOREBOARD_API,TIER_2_MEDIA_AGGREGATOR,https://site.web.api.espn.com/apis/site/v2/sports/football/college-football/scoreboard?dates=20250830&groups=80&limit=400,79394d11a57f6bb07c663ef0d2ec6ca3177b28154fcd19e3c7f1a7d84d779b45,TIER_1_SOURCE_STALE_FOR_SEASON
ESPN-2025-401762793,2025,REGULAR_SEASON,1,2025-08-30T19:30:00Z,1756582200,2459,Northern Illinois Huskies,Northern Illinois,107,Holy Cross Crusaders,Holy Cross,19,17,2,FBS,FCS,Mid-American Conference,Patriot League,True,False,Huskie Stadium,Dekalb,IL,REGULAR_SEASON,False,False,ESPN_PUBLIC_SCOREBOARD_API,TIER_2_MEDIA_AGGREGATOR,https://site.web.api.espn.com/apis/site/v2/sports/football/college-football/scoreboard?dates=20250830&groups=80&limit=400,79394d11a57f6bb07c663ef0d2ec6ca3177b28154fcd19e3c7f1a7d84d779b45,TIER_1_SOURCE_STALE_FOR_SEASON
ESPN-2025-401752804,2025,REGULAR_SEASON,1,2025-08-30T20:00:00Z,1756584000,2483,Oregon Ducks,Oregon,147,Montana State Bobcats,Montana State,59,13,46,FBS,FCS,Big Ten Conference,Big Sky Conference,True,False,Autzen Stadium,Eugene,OR,REGULAR_SEASON,False,False,ESPN_PUBLIC_SCOREBOARD_API,TIER_2_MEDIA_AGGREGATOR,https://site.web.api.espn.com/apis/site/v2/sports/football/college-football/scoreboard?dates=20250830&groups=80&limit=400,79394d11a57f6bb07c663ef0d2ec6ca3177b28154fcd19e3c7f1a7d84d779b45,TIER_1_SOURCE_STALE_FOR_SEASON
ESPN-2025-401757220,2025,REGULAR_SEASON,1,2025-08-30T20:00:00Z,1756584000,2335,Liberty Flames,Liberty,311,Maine Black Bears,Maine,28,7,21,FBS,FCS,Conference USA,Coastal Athletic Association,True,False,Williams Stadium (VA),Lynchburg,VA,REGULAR_SEASON,False,False,ESPN_PUBLIC_SCOREBOARD_API,TIER_2_MEDIA_AGGREGATOR,https://site.web.api.espn.com/apis/site/v2/sports/football/college-football/scoreboard?dates=20250830&groups=80&limit=400,79394d11a57f6bb07c663ef0d2ec6ca3177b28154fcd19e3c7f1a7d84d779b45,TIER_1_SOURCE_STALE_FOR_SEASON
ESPN-2025-401752666,2025,REGULAR_SEASON,1,2025-08-30T20:15:00Z,1756584900,8,Arkansas Razorbacks,Arkansas,2010,Alabama A&M Bulldogs,Alabama A&M,52,7,45,FBS,FCS,Southeastern Conference,Southwestern Athletic Conference,True,False,Donald W. Reynolds Razorback Stadium,Fayetteville,AR,REGULAR_SEASON,False,False,ESPN_PUBLIC_SCOREBOARD_API,TIER_2_MEDIA_AGGREGATOR,https://site.web.api.espn.com/apis/site/v2/sports/football/college-football/scoreboard?dates=20250830&groups=80&limit=400,79394d11a57f6bb07c663ef0d2ec6ca3177b28154fcd19e3c7f1a7d84d779b45,TIER_1_SOURCE_STALE_FOR_SEASON
ESPN-2025-401762433,2025,REGULAR_SEASON,1,2025-08-30T20:30:00Z,1756585800,235,Memphis Tigers,Memphis,236,Chattanooga Mocs,Chattanooga,45,10,35,FBS,FCS,American Conference,Southern Conference,True,False,Simmons Bank Liberty Stadium,Memphis,TN,REGULAR_SEASON,False,False,ESPN_PUBLIC_SCOREBOARD_API,TIER_2_MEDIA_AGGREGATOR,https://site.web.api.espn.com/apis/site/v2/sports/football/college-football/scoreboard?dates=20250830&groups=80&limit=400,79394d11a57f6bb07c663ef0d2ec6ca3177b28154fcd19e3c7f1a7d84d779b45,TIER_1_SOURCE_STALE_FOR_SEASON
ESPN-2025-401752675,2025,REGULAR_SEASON,1,2025-08-30T22:00:00Z,1756591200,201,Oklahoma Sooners,Oklahoma,2287,Illinois State Redbirds,Illinois State,35,3,32,FBS,FCS,Southeastern Conference,Missouri Valley Football Conference,True,False,"Memorial Stadium (Norman, OK)",Norman,OK,REGULAR_SEASON,False,False,ESPN_PUBLIC_SCOREBOARD_API,TIER_2_MEDIA_AGGREGATOR,https://site.web.api.espn.com/apis/site/v2/sports/football/college-football/scoreboard?dates=20250830&groups=80&limit=400,79394d11a57f6bb07c663ef0d2ec6ca3177b28154fcd19e3c7f1a7d84d779b45,TIER_1_SOURCE_STALE_FOR_SEASON
ESPN-2025-401752799,2025,REGULAR_SEASON,1,2025-08-30T22:00:00Z,1756591200,2294,Iowa Hawkeyes,Iowa,399,UAlbany Great Danes,UAlbany,34,7,27,FBS,FCS,Big Ten Conference,Coastal Athletic Association,True,False,Kinnick Stadium,Iowa City,IA,REGULAR_SEASON,False,False,ESPN_PUBLIC_SCOREBOARD_API,TIER_2_MEDIA_AGGREGATOR,https://site.web.api.espn.com/apis/site/v2/sports/football/college-football/scoreboard?dates=20250830&groups=80&limit=400,79394d11a57f6bb07c663ef0d2ec6ca3177b28154fcd19e3c7f1a7d84d779b45,TIER_1_SOURCE_STALE_FOR_SEASON
ESPN-2025-401754616,2025,REGULAR_SEASON,1,2025-08-30T22:00:00Z,1756591200,258,Virginia Cavaliers,Virginia,324,Coastal Carolina Chanticleers,Coastal Carolina,48,7,41,FBS,FBS,Atlantic Coast Conference,Sun Belt Conference,False,False,Scott Stadium,Charlottesville,VA,REGULAR_SEASON,False,False,ESPN_PUBLIC_SCOREBOARD_API,TIER_2_MEDIA_AGGREGATOR,https://site.web.api.espn.com/apis/site/v2/sports/football/college-football/scoreboard?dates=20250830&groups=80&limit=400,79394d11a57f6bb07c663ef0d2ec6ca3177b28154fcd19e3c7f1a7d84d779b45,TIER_1_SOURCE_STALE_FOR_SEASON
ESPN-2025-401761590,2025,REGULAR_SEASON,1,2025-08-30T22:00:00Z,1756591200,256,James Madison Dukes,James Madison,2692,Weber State Wildcats,Weber State,45,10,35,FBS,FCS,Sun Belt Conference,Big Sky Conference,True,False,Bridgeforth Stadium,Harrisonburg,VA,REGULAR_SEASON,False,False,ESPN_PUBLIC_SCOREBOARD_API,TIER_2_MEDIA_AGGREGATOR,https://site.web.api.espn.com/apis/site/v2/sports/football/college-football/scoreboard?dates=20250830&groups=80&limit=400,79394d11a57f6bb07c663ef0d2ec6ca3177b28154fcd19e3c7f1a7d84d779b45,TIER_1_SOURCE_STALE_FOR_SEASON
ESPN-2025-401752668,2025,REGULAR_SEASON,1,2025-08-30T23:00:00Z,1756594800,57,Florida Gators,Florida,2341,Long Island University Sharks,Long Island University,55,0,55,FBS,FCS,Southeastern Conference,Northeast Conference,True,False,Ben Hill Griffin Stadium,Gainesville,FL,REGULAR_SEASON,False,False,ESPN_PUBLIC_SCOREBOARD_API,TIER_2_MEDIA_AGGREGATOR,https://site.web.api.espn.com/apis/site/v2/sports/football/college-football/scoreboard?dates=20250830&groups=80&limit=400,79394d11a57f6bb07c663ef0d2ec6ca3177b28154fcd19e3c7f1a7d84d779b45,TIER_1_SOURCE_STALE_FOR_SEASON
ESPN-2025-401752678,2025,REGULAR_SEASON,1,2025-08-30T23:00:00Z,1756594800,245,Texas A&M Aggies,Texas A&M,2636,UTSA Roadrunners,UTSA,42,24,18,FBS,FBS,Southeastern Conference,American Conference,False,False,Kyle Field,College Station,TX,REGULAR_SEASON,False,False,ESPN_PUBLIC_SCOREBOARD_API,TIER_2_MEDIA_AGGREGATOR,https://site.web.api.espn.com/apis/site/v2/sports/football/college-football/scoreboard?dates=20250830&groups=80&limit=400,79394d11a57f6bb07c663ef0d2ec6ca3177b28154fcd19e3c7f1a7d84d779b45,TIER_1_SOURCE_STALE_FOR_SEASON
ESPN-2025-401752679,2025,REGULAR_SEASON,1,2025-08-30T23:00:00Z,1756594800,238,Vanderbilt Commodores,Vanderbilt,2127,Charleston Southern Buccaneers,Charleston Southern,45,3,42,FBS,FCS,Southeastern Conference,Ohio Valley Conference,True,False,FirstBank Stadium,Nashville,TN,REGULAR_SEASON,False,False,ESPN_PUBLIC_SCOREBOARD_API,TIER_2_MEDIA_AGGREGATOR,https://site.web.api.espn.com/apis/site/v2/sports/football/college-football/scoreboard?dates=20250830&groups=80&limit=400,79394d11a57f6bb07c663ef0d2ec6ca3177b28154fcd19e3c7f1a7d84d779b45,TIER_1_SOURCE_STALE_FOR_SEASON
ESPN-2025-401756855,2025,REGULAR_SEASON,1,2025-08-30T23:00:00Z,1756594800,2306,Kansas State Wildcats,Kansas State,155,North Dakota Fighting Hawks,North Dakota,38,35,3,FBS,FCS,Big 12 Conference,Missouri Valley Football Conference,True,False,Bill Snyder Family Stadium,Manhattan,KS,REGULAR_SEASON,False,False,ESPN_PUBLIC_SCOREBOARD_API,TIER_2_MEDIA_AGGREGATOR,https://site.web.api.espn.com/apis/site/v2/sports/football/college-football/scoreboard?dates=20250830&groups=80&limit=400,79394d11a57f6bb07c663ef0d2ec6ca3177b28154fcd19e3c7f1a7d84d779b45,TIER_1_SOURCE_STALE_FOR_SEASON
ESPN-2025-401757222,2025,REGULAR_SEASON,1,2025-08-30T23:00:00Z,1756594800,2393,Middle Tennessee Blue Raiders,Middle Tennessee,2046,Austin Peay Governors,Austin Peay,14,34,-20,FBS,FCS,Conference USA,United Athletic Conference,True,False,"Johnny ""Red"" Floyd Stadium",Murfreesboro,TN,REGULAR_SEASON,False,False,ESPN_PUBLIC_SCOREBOARD_API,TIER_2_MEDIA_AGGREGATOR,https://site.web.api.espn.com/apis/site/v2/sports/football/college-football/scoreboard?dates=20250830&groups=80&limit=400,79394d11a57f6bb07c663ef0d2ec6ca3177b28154fcd19e3c7f1a7d84d779b45,TIER_1_SOURCE_STALE_FOR_SEASON
ESPN-2025-401757226,2025,REGULAR_SEASON,1,2025-08-30T23:00:00Z,1756594800,98,Western Kentucky Hilltoppers,Western Kentucky,2453,North Alabama Lions,North Alabama,55,6,49,FBS,FCS,Conference USA,United Athletic Conference,True,False,Houchens Industries-L.T. Smith Stadium,Bowling Green,KY,REGULAR_SEASON,False,False,ESPN_PUBLIC_SCOREBOARD_API,TIER_2_MEDIA_AGGREGATOR,https://site.web.api.espn.com/apis/site/v2/sports/football/college-football/scoreboard?dates=20250830&groups=80&limit=400,79394d11a57f6bb07c663ef0d2ec6ca3177b28154fcd19e3c7f1a7d84d779b45,TIER_1_SOURCE_STALE_FOR_SEASON
ESPN-2025-401761591,2025,REGULAR_SEASON,1,2025-08-30T23:00:00Z,1756594800,2032,Arkansas State Red Wolves,Arkansas State,2546,Southeast Missouri State Redhawks,Southeast Missouri State,42,24,18,FBS,FCS,Sun Belt Conference,Ohio Valley Conference,True,False,Centennial Bank Stadium,Jonesboro,AR,REGULAR_SEASON,False,False,ESPN_PUBLIC_SCOREBOARD_API,TIER_2_MEDIA_AGGREGATOR,https://site.web.api.espn.com/apis/site/v2/sports/football/college-football/scoreboard?dates=20250830&groups=80&limit=400,79394d11a57f6bb07c663ef0d2ec6ca3177b28154fcd19e3c7f1a7d84d779b45,TIER_1_SOURCE_STALE_FOR_SEASON
ESPN-2025-401761593,2025,REGULAR_SEASON,1,2025-08-30T23:00:00Z,1756594800,6,South Alabama Jaguars,South Alabama,2415,Morgan State Bears,Morgan State,38,21,17,FBS,FCS,Sun Belt Conference,Mid-Eastern Athletic Conference,True,False,Hancock Whitney Stadium,Mobile,AL,REGULAR_SEASON,False,False,ESPN_PUBLIC_SCOREBOARD_API,TIER_2_MEDIA_AGGREGATOR,https://site.web.api.espn.com/apis/site/v2/sports/football/college-football/scoreboard?dates=20250830&groups=80&limit=400,79394d11a57f6bb07c663ef0d2ec6ca3177b28154fcd19e3c7f1a7d84d779b45,TIER_1_SOURCE_STALE_FOR_SEASON
ESPN-2025-401761595,2025,REGULAR_SEASON,1,2025-08-30T23:00:00Z,1756594800,2653,Troy Trojans,Troy,2447,Nicholls Colonels,Nicholls,38,20,18,FBS,FCS,Sun Belt Conference,Southland Conference,True,False,Veterans Memorial Stadium (AL),Troy,AL,REGULAR_SEASON,False,False,ESPN_PUBLIC_SCOREBOARD_API,TIER_2_MEDIA_AGGREGATOR,https://site.web.api.espn.com/apis/site/v2/sports/football/college-football/scoreboard?dates=20250830&groups=80&limit=400,79394d11a57f6bb07c663ef0d2ec6ca3177b28154fcd19e3c7f1a7d84d779b45,TIER_1_SOURCE_STALE_FOR_SEASON
ESPN-2025-401752671,2025,REGULAR_SEASON,1,2025-08-30T23:30:00Z,1756596600,228,Clemson Tigers,Clemson,99,LSU Tigers,LSU,10,17,-7,FBS,FBS,Atlantic Coast Conference,Southeastern Conference,False,False,"Memorial Stadium (Clemson, SC)",Clemson,SC,REGULAR_SEASON,False,False,ESPN_PUBLIC_SCOREBOARD_API,TIER_2_MEDIA_AGGREGATOR,https://site.web.api.espn.com/apis/site/v2/sports/football/college-football/scoreboard?dates=20250830&groups=80&limit=400,79394d11a57f6bb07c663ef0d2ec6ca3177b28154fcd19e3c7f1a7d84d779b45,TIER_1_SOURCE_STALE_FOR_SEASON
ESPN-2025-401752798,2025,REGULAR_SEASON,1,2025-08-30T23:30:00Z,1756596600,30,USC Trojans,USC,2623,Missouri State Bears,Missouri State,73,13,60,FBS,FBS,Big Ten Conference,Conference USA,False,False,Los Angeles Memorial Coliseum,Los Angeles,CA,REGULAR_SEASON,False,False,ESPN_PUBLIC_SCOREBOARD_API,TIER_2_MEDIA_AGGREGATOR,https://site.web.api.espn.com/apis/site/v2/sports/football/college-football/scoreboard?dates=20250830&groups=80&limit=400,79394d11a57f6bb07c663ef0d2ec6ca3177b28154fcd19e3c7f1a7d84d779b45,TIER_1_SOURCE_STALE_FOR_SEASON
ESPN-2025-401752808,2025,REGULAR_SEASON,1,2025-08-30T23:30:00Z,1756596600,130,Michigan Wolverines,Michigan,167,New Mexico Lobos,New Mexico,34,17,17,FBS,FBS,Big Ten Conference,Mountain West Conference,False,False,Michigan Stadium,Ann Arbor,MI,REGULAR_SEASON,False,False,ESPN_PUBLIC_SCOREBOARD_API,TIER_2_MEDIA_AGGREGATOR,https://site.web.api.espn.com/apis/site/v2/sports/football/college-football/scoreboard?dates=20250830&groups=80&limit=400,79394d11a57f6bb07c663ef0d2ec6ca3177b28154fcd19e3c7f1a7d84d779b45,TIER_1_SOURCE_STALE_FOR_SEASON
ESPN-2025-401756877,2025,REGULAR_SEASON,1,2025-08-30T23:30:00Z,1756596600,2641,Texas Tech Red Raiders,Texas Tech,2029,Arkansas-Pine Bluff Golden Lions,Arkansas-Pine Bluff,67,7,60,FBS,FCS,Big 12 Conference,Southwestern Athletic Conference,True,False,Galaxy Stadium,Lubbock,TX,REGULAR_SEASON,False,False,ESPN_PUBLIC_SCOREBOARD_API,TIER_2_MEDIA_AGGREGATOR,https://site.web.api.espn.com/apis/site/v2/sports/football/college-football/scoreboard?dates=20250830&groups=80&limit=400,79394d11a57f6bb07c663ef0d2ec6ca3177b28154fcd19e3c7f1a7d84d779b45,TIER_1_SOURCE_STALE_FOR_SEASON
ESPN-2025-401757221,2025,REGULAR_SEASON,1,2025-08-30T23:30:00Z,1756596600,2348,Louisiana Tech Bulldogs,Louisiana Tech,2545,SE Louisiana Lions,SE Louisiana,24,0,24,FBS,FCS,Conference USA,Southland Conference,True,False,Joe Aillet Stadium,Ruston,LA,REGULAR_SEASON,False,False,ESPN_PUBLIC_SCOREBOARD_API,TIER_2_MEDIA_AGGREGATOR,https://site.web.api.espn.com/apis/site/v2/sports/football/college-football/scoreboard?dates=20250830&groups=80&limit=400,79394d11a57f6bb07c663ef0d2ec6ca3177b28154fcd19e3c7f1a7d84d779b45,TIER_1_SOURCE_STALE_FOR_SEASON
ESPN-2025-401757225,2025,REGULAR_SEASON,1,2025-08-30T23:30:00Z,1756596600,328,Utah State Aggies,Utah State,2638,UTEP Miners,UTEP,28,16,12,FBS,FBS,Mountain West Conference,Conference USA,False,False,Maverik Stadium,Logan,UT,REGULAR_SEASON,False,False,ESPN_PUBLIC_SCOREBOARD_API,TIER_2_MEDIA_AGGREGATOR,https://site.web.api.espn.com/apis/site/v2/sports/football/college-football/scoreboard?dates=20250830&groups=80&limit=400,79394d11a57f6bb07c663ef0d2ec6ca3177b28154fcd19e3c7f1a7d84d779b45,TIER_1_SOURCE_STALE_FOR_SEASON
ESPN-2025-401752672,2025,REGULAR_SEASON,1,2025-08-30T23:45:00Z,1756597500,145,Ole Miss Rebels,Ole Miss,2247,Georgia State Panthers,Georgia State,63,7,56,FBS,FBS,Southeastern Conference,Sun Belt Conference,False,False,Vaught-Hemingway Stadium,Oxford,MS,REGULAR_SEASON,False,False,ESPN_PUBLIC_SCOREBOARD_API,TIER_2_MEDIA_AGGREGATOR,https://site.web.api.espn.com/apis/site/v2/sports/football/college-football/scoreboard?dates=20250830&groups=80&limit=400,79394d11a57f6bb07c663ef0d2ec6ca3177b28154fcd19e3c7f1a7d84d779b45,TIER_1_SOURCE_STALE_FOR_SEASON
ESPN-2025-401756851,2025,REGULAR_SEASON,1,2025-08-31T00:00:00Z,1756598400,252,BYU Cougars,BYU,2502,Portland State Vikings,Portland State,69,0,69,FBS,FCS,Big 12 Conference,Big Sky Conference,True,False,LaVell Edwards Stadium,Provo,UT,REGULAR_SEASON,False,False,ESPN_PUBLIC_SCOREBOARD_API,TIER_2_MEDIA_AGGREGATOR,https://site.web.api.espn.com/apis/site/v2/sports/football/college-football/scoreboard?dates=20250830&groups=80&limit=400,79394d11a57f6bb07c663ef0d2ec6ca3177b28154fcd19e3c7f1a7d84d779b45,TIER_1_SOURCE_STALE_FOR_SEASON
ESPN-2025-401761592,2025,REGULAR_SEASON,1,2025-08-31T00:00:00Z,1756598400,309,Louisiana Ragin' Cajuns,Louisiana,242,Rice Owls,Rice,12,14,-2,FBS,FBS,Sun Belt Conference,American Conference,False,False,Our Lady of Lourdes Stadium,Lafayette,LA,REGULAR_SEASON,False,False,ESPN_PUBLIC_SCOREBOARD_API,TIER_2_MEDIA_AGGREGATOR,https://site.web.api.espn.com/apis/site/v2/sports/football/college-football/scoreboard?dates=20250830&groups=80&limit=400,79394d11a57f6bb07c663ef0d2ec6ca3177b28154fcd19e3c7f1a7d84d779b45,TIER_1_SOURCE_STALE_FOR_SEASON
ESPN-2025-401761594,2025,REGULAR_SEASON,1,2025-08-31T00:00:00Z,1756598400,326,Texas State Bobcats,Texas State,2199,Eastern Michigan Eagles,Eastern Michigan,52,27,25,FBS,FBS,Sun Belt Conference,Mid-American Conference,False,False,UFCU Stadium,San Marcos,TX,REGULAR_SEASON,False,False,ESPN_PUBLIC_SCOREBOARD_API,TIER_2_MEDIA_AGGREGATOR,https://site.web.api.espn.com/apis/site/v2/sports/football/college-football/scoreboard?dates=20250830&groups=80&limit=400,79394d11a57f6bb07c663ef0d2ec6ca3177b28154fcd19e3c7f1a7d84d779b45,TIER_1_SOURCE_STALE_FOR_SEASON
ESPN-2025-401762435,2025,REGULAR_SEASON,1,2025-08-31T00:00:00Z,1756598400,249,North Texas Mean Green,North Texas,2320,Lamar Cardinals,Lamar,51,0,51,FBS,FCS,American Conference,Southland Conference,True,False,DATCU Stadium,Denton,TX,REGULAR_SEASON,False,False,ESPN_PUBLIC_SCOREBOARD_API,TIER_2_MEDIA_AGGREGATOR,https://site.web.api.espn.com/apis/site/v2/sports/football/college-football/scoreboard?dates=20250830&groups=80&limit=400,79394d11a57f6bb07c663ef0d2ec6ca3177b28154fcd19e3c7f1a7d84d779b45,TIER_1_SOURCE_STALE_FOR_SEASON
ESPN-2025-401762457,2025,REGULAR_SEASON,1,2025-08-31T00:00:00Z,1756598400,202,Tulsa Golden Hurricane,Tulsa,2000,Abilene Christian Wildcats,Abilene Christian,35,7,28,FBS,FCS,American Conference,United Athletic Conference,True,False,H. A. Chapman Stadium,Tulsa,OK,REGULAR_SEASON,False,False,ESPN_PUBLIC_SCOREBOARD_API,TIER_2_MEDIA_AGGREGATOR,https://site.web.api.espn.com/apis/site/v2/sports/football/college-football/scoreboard?dates=20250830&groups=80&limit=400,79394d11a57f6bb07c663ef0d2ec6ca3177b28154fcd19e3c7f1a7d84d779b45,TIER_1_SOURCE_STALE_FOR_SEASON
ESPN-2025-401757223,2025,REGULAR_SEASON,1,2025-08-31T01:00:00Z,1756602000,166,New Mexico State Aggies,New Mexico State,2803,Bryant Bulldogs,Bryant,19,3,16,FBS,FCS,Conference USA,Coastal Athletic Association,True,False,Aggie Memorial Stadium,Las Cruces,NM,REGULAR_SEASON,False,False,ESPN_PUBLIC_SCOREBOARD_API,TIER_2_MEDIA_AGGREGATOR,https://site.web.api.espn.com/apis/site/v2/sports/football/college-football/scoreboard?dates=20250830&groups=80&limit=400,79394d11a57f6bb07c663ef0d2ec6ca3177b28154fcd19e3c7f1a7d84d779b45,TIER_1_SOURCE_STALE_FOR_SEASON
ESPN-2025-401754521,2025,REGULAR_SEASON,1,2025-08-31T01:15:00Z,1756602900,2567,SMU Mustangs,SMU,2837,East Texas A&M Lions,East Texas A&M,42,13,29,FBS,FCS,Atlantic Coast Conference,Southland Conference,True,False,Gerald J. Ford Stadium,Dallas,TX,REGULAR_SEASON,False,False,ESPN_PUBLIC_SCOREBOARD_API,TIER_2_MEDIA_AGGREGATOR,https://site.web.api.espn.com/apis/site/v2/sports/football/college-football/scoreboard?dates=20250830&groups=80&limit=400,79394d11a57f6bb07c663ef0d2ec6ca3177b28154fcd19e3c7f1a7d84d779b45,TIER_1_SOURCE_STALE_FOR_SEASON
ESPN-2025-401760361,2025,REGULAR_SEASON,1,2025-08-31T01:30:00Z,1756603800,278,Fresno State Bulldogs,Fresno State,290,Georgia Southern Eagles,Georgia Southern,42,14,28,FBS,FBS,Mountain West Conference,Sun Belt Conference,False,False,Valley Children's Stadium,Fresno,CA,REGULAR_SEASON,False,False,ESPN_PUBLIC_SCOREBOARD_API,TIER_2_MEDIA_AGGREGATOR,https://site.web.api.espn.com/apis/site/v2/sports/football/college-football/scoreboard?dates=20250830&groups=80&limit=400,79394d11a57f6bb07c663ef0d2ec6ca3177b28154fcd19e3c7f1a7d84d779b45,TIER_1_SOURCE_STALE_FOR_SEASON
ESPN-2025-401752947,2025,REGULAR_SEASON,1,2025-08-31T02:00:00Z,1756605600,265,Washington State Cougars,Washington State,70,Idaho Vandals,Idaho,13,10,3,FBS,FCS,Pac-12 Conference,Big Sky Conference,True,False,Martin Stadium,Pullman,WA,REGULAR_SEASON,False,False,ESPN_PUBLIC_SCOREBOARD_API,TIER_2_MEDIA_AGGREGATOR,https://site.web.api.espn.com/apis/site/v2/sports/football/college-football/scoreboard?dates=20250830&groups=80&limit=400,79394d11a57f6bb07c663ef0d2ec6ca3177b28154fcd19e3c7f1a7d84d779b45,TIER_1_SOURCE_STALE_FOR_SEASON
ESPN-2025-401756850,2025,REGULAR_SEASON,1,2025-08-31T02:00:00Z,1756605600,9,Arizona State Sun Devils,Arizona State,2464,Northern Arizona Lumberjacks,Northern Arizona,38,19,19,FBS,FCS,Big 12 Conference,Big Sky Conference,True,False,Mountain America Stadium,Tempe,AZ,REGULAR_SEASON,False,False,ESPN_PUBLIC_SCOREBOARD_API,TIER_2_MEDIA_AGGREGATOR,https://site.web.api.espn.com/apis/site/v2/sports/football/college-football/scoreboard?dates=20250830&groups=80&limit=400,79394d11a57f6bb07c663ef0d2ec6ca3177b28154fcd19e3c7f1a7d84d779b45,TIER_1_SOURCE_STALE_FOR_SEASON
ESPN-2025-401752936,2025,REGULAR_SEASON,1,2025-08-31T02:30:00Z,1756607400,204,Oregon State Beavers,Oregon State,25,California Golden Bears,California,15,34,-19,FBS,FBS,Pac-12 Conference,Atlantic Coast Conference,False,False,Reser Stadium,Corvallis,OR,REGULAR_SEASON,False,False,ESPN_PUBLIC_SCOREBOARD_API,TIER_2_MEDIA_AGGREGATOR,https://site.web.api.espn.com/apis/site/v2/sports/football/college-football/scoreboard?dates=20250830&groups=80&limit=400,79394d11a57f6bb07c663ef0d2ec6ca3177b28154fcd19e3c7f1a7d84d779b45,TIER_1_SOURCE_STALE_FOR_SEASON
ESPN-2025-401756849,2025,REGULAR_SEASON,1,2025-08-31T02:30:00Z,1756607400,12,Arizona Wildcats,Arizona,62,Hawai'i Rainbow Warriors,Hawai'i,40,6,34,FBS,FBS,Big 12 Conference,Mountain West Conference,False,False,Casino Del Sol Stadium,Tucson,AZ,REGULAR_SEASON,False,False,ESPN_PUBLIC_SCOREBOARD_API,TIER_2_MEDIA_AGGREGATOR,https://site.web.api.espn.com/apis/site/v2/sports/football/college-football/scoreboard?dates=20250830&groups=80&limit=400,79394d11a57f6bb07c663ef0d2ec6ca3177b28154fcd19e3c7f1a7d84d779b45,TIER_1_SOURCE_STALE_FOR_SEASON
ESPN-2025-401752800,2025,REGULAR_SEASON,1,2025-08-31T03:00:00Z,1756609200,26,UCLA Bruins,UCLA,254,Utah Utes,Utah,10,43,-33,FBS,FBS,Big Ten Conference,Big 12 Conference,False,False,Rose Bowl,Pasadena,CA,REGULAR_SEASON,False,False,ESPN_PUBLIC_SCOREBOARD_API,TIER_2_MEDIA_AGGREGATOR,https://site.web.api.espn.com/apis/site/v2/sports/football/college-football/scoreboard?dates=20250830&groups=80&limit=400,79394d11a57f6bb07c663ef0d2ec6ca3177b28154fcd19e3c7f1a7d84d779b45,TIER_1_SOURCE_STALE_FOR_SEASON
ESPN-2025-401752805,2025,REGULAR_SEASON,1,2025-08-31T03:00:00Z,1756609200,264,Washington Huskies,Washington,36,Colorado State Rams,Colorado State,38,21,17,FBS,FBS,Big Ten Conference,Mountain West Conference,False,False,Husky Stadium,Seattle,WA,REGULAR_SEASON,False,False,ESPN_PUBLIC_SCOREBOARD_API,TIER_2_MEDIA_AGGREGATOR,https://site.web.api.espn.com/apis/site/v2/sports/football/college-football/scoreboard?dates=20250830&groups=80&limit=400,79394d11a57f6bb07c663ef0d2ec6ca3177b28154fcd19e3c7f1a7d84d779b45,TIER_1_SOURCE_STALE_FOR_SEASON
ESPN-2025-401752680,2025,REGULAR_SEASON,1,2025-08-31T19:00:00Z,1756666800,2579,South Carolina Gamecocks,South Carolina,259,Virginia Tech Hokies,Virginia Tech,24,11,13,FBS,FBS,Southeastern Conference,Atlantic Coast Conference,False,True,Mercedes-Benz Stadium,Atlanta,GA,REGULAR_SEASON:Aflac Kickoff,False,False,ESPN_PUBLIC_SCOREBOARD_API,TIER_2_MEDIA_AGGREGATOR,https://site.web.api.espn.com/apis/site/v2/sports/football/college-football/scoreboard?dates=20250831&groups=80&limit=400,a43b8db6fde29d4e099f94e1d53f907500ca084e84a81c596ae6c0790ef6a032,TIER_1_SOURCE_STALE_FOR_SEASON
ESPN-2025-401754522,2025,REGULAR_SEASON,1,2025-08-31T23:30:00Z,1756683000,2390,Miami Hurricanes,Miami,87,Notre Dame Fighting Irish,Notre Dame,27,24,3,FBS,FBS,Atlantic Coast Conference,FBS Independents,False,False,Hard Rock Stadium,Miami Gardens,FL,REGULAR_SEASON,False,False,ESPN_PUBLIC_SCOREBOARD_API,TIER_2_MEDIA_AGGREGATOR,https://site.web.api.espn.com/apis/site/v2/sports/football/college-football/scoreboard?dates=20250831&groups=80&limit=400,a43b8db6fde29d4e099f94e1d53f907500ca084e84a81c596ae6c0790ef6a032,TIER_1_SOURCE_STALE_FOR_SEASON
ESPN-2025-401754523,2025,REGULAR_SEASON,1,2025-09-02T00:00:00Z,1756771200,153,North Carolina Tar Heels,North Carolina,2628,TCU Horned Frogs,TCU,14,48,-34,FBS,FBS,Atlantic Coast Conference,Big 12 Conference,False,False,Kenan Stadium,Chapel Hill,NC,REGULAR_SEASON,False,False,ESPN_PUBLIC_SCOREBOARD_API,TIER_2_MEDIA_AGGREGATOR,https://site.web.api.espn.com/apis/site/v2/sports/football/college-football/scoreboard?dates=20250901&groups=80&limit=400,fd307cb7ca380e29b603b5208e3945e2730f43ec97ef16283817a86bc37f9ca1,TIER_1_SOURCE_STALE_FOR_SEASON
ESPN-2025-401754528,2025,REGULAR_SEASON,2,2025-09-05T23:00:00Z,1757113200,97,Louisville Cardinals,Louisville,256,James Madison Dukes,James Madison,28,14,14,FBS,FBS,Atlantic Coast Conference,Sun Belt Conference,False,False,L&N Federal Credit Union Stadium,Louisville,KY,REGULAR_SEASON,False,False,ESPN_PUBLIC_SCOREBOARD_API,TIER_2_MEDIA_AGGREGATOR,https://site.web.api.espn.com/apis/site/v2/sports/football/college-football/scoreboard?dates=20250905&groups=80&limit=400,3a46bccda3cd83d978245c353a01abff56d7289db89d0f393a75dc8766761319,TIER_1_SOURCE_STALE_FOR_SEASON
ESPN-2025-401752817,2025,REGULAR_SEASON,2,2025-09-05T23:30:00Z,1757115000,77,Northwestern Wildcats,Northwestern,2710,Western Illinois Leathernecks,Western Illinois,42,7,35,FBS,FCS,Big Ten Conference,Ohio Valley Conference,True,False,Northwestern Medicine Field at Martin Stadium,Evanston,IL,REGULAR_SEASON,False,False,ESPN_PUBLIC_SCOREBOARD_API,TIER_2_MEDIA_AGGREGATOR,https://site.web.api.espn.com/apis/site/v2/sports/football/college-football/scoreboard?dates=20250905&groups=80&limit=400,3a46bccda3cd83d978245c353a01abff56d7289db89d0f393a75dc8766761319,TIER_1_SOURCE_STALE_FOR_SEASON
ESPN-2025-401752826,2025,REGULAR_SEASON,2,2025-09-05T23:30:00Z,1757115000,120,Maryland Terrapins,Maryland,2459,Northern Illinois Huskies,Northern Illinois,20,9,11,FBS,FBS,Big Ten Conference,Mid-American Conference,False,False,SECU Stadium,College Park,MD,REGULAR_SEASON,False,False,ESPN_PUBLIC_SCOREBOARD_API,TIER_2_MEDIA_AGGREGATOR,https://site.web.api.espn.com/apis/site/v2/sports/football/college-football/scoreboard?dates=20250905&groups=80&limit=400,3a46bccda3cd83d978245c353a01abff56d7289db89d0f393a75dc8766761319,TIER_1_SOURCE_STALE_FOR_SEASON
ESPN-2025-401760363,2025,REGULAR_SEASON,2,2025-09-06T01:00:00Z,1757120400,68,Boise State Broncos,Boise State,331,Eastern Washington Eagles,Eastern Washington,51,14,37,FBS,FCS,Mountain West Conference,Big Sky Conference,True,False,Albertsons Stadium,Boise,ID,REGULAR_SEASON,False,False,ESPN_PUBLIC_SCOREBOARD_API,TIER_2_MEDIA_AGGREGATOR,https://site.web.api.espn.com/apis/site/v2/sports/football/college-football/scoreboard?dates=20250905&groups=80&limit=400,3a46bccda3cd83d978245c353a01abff56d7289db89d0f393a75dc8766761319,TIER_1_SOURCE_STALE_FOR_SEASON
ESPN-2025-401752693,2025,REGULAR_SEASON,2,2025-09-06T16:00:00Z,1757174400,251,Texas Longhorns,Texas,23,San José State Spartans,San José State,38,7,31,FBS,FBS,Southeastern Conference,Mountain West Conference,False,False,DKR-Texas Memorial Stadium,Austin,TX,REGULAR_SEASON,False,False,ESPN_PUBLIC_SCOREBOARD_API,TIER_2_MEDIA_AGGREGATOR,https://site.web.api.espn.com/apis/site/v2/sports/football/college-football/scoreboard?dates=20250906&groups=80&limit=400,8d0b34685ad3d57d363290160eb4f778c3696c3f306caae5450e731187159c74,TIER_1_SOURCE_STALE_FOR_SEASON
ESPN-2025-401752811,2025,REGULAR_SEASON,2,2025-09-06T16:00:00Z,1757174400,213,Penn State Nittany Lions,Penn State,2229,Florida International Panthers,Florida International,34,0,34,FBS,FBS,Big Ten Conference,Conference USA,False,False,Beaver Stadium,University Park,PA,REGULAR_SEASON,False,False,ESPN_PUBLIC_SCOREBOARD_API,TIER_2_MEDIA_AGGREGATOR,https://site.web.api.espn.com/apis/site/v2/sports/football/college-football/scoreboard?dates=20250906&groups=80&limit=400,8d0b34685ad3d57d363290160eb4f778c3696c3f306caae5450e731187159c74,TIER_1_SOURCE_STALE_FOR_SEASON
ESPN-2025-401752812,2025,REGULAR_SEASON,2,2025-09-06T16:00:00Z,1757174400,84,Indiana Hoosiers,Indiana,338,Kennesaw State Owls,Kennesaw State,56,9,47,FBS,FBS,Big Ten Conference,Conference USA,False,False,"Memorial Stadium (Bloomington, IN)",Bloomington,IN,REGULAR_SEASON,False,False,ESPN_PUBLIC_SCOREBOARD_API,TIER_2_MEDIA_AGGREGATOR,https://site.web.api.espn.com/apis/site/v2/sports/football/college-football/scoreboard?dates=20250906&groups=80&limit=400,8d0b34685ad3d57d363290160eb4f778c3696c3f306caae5450e731187159c74,TIER_1_SOURCE_STALE_FOR_SEASON
ESPN-2025-401752813,2025,REGULAR_SEASON,2,2025-09-06T16:00:00Z,1757174400,135,Minnesota Golden Gophers,Minnesota,2466,Northwestern State Demons,Northwestern State,66,0,66,FBS,FCS,Big Ten Conference,Southland Conference,True,False,Huntington Bank Stadium,Minneapolis,MN,REGULAR_SEASON,False,False,ESPN_PUBLIC_SCOREBOARD_API,TIER_2_MEDIA_AGGREGATOR,https://site.web.api.espn.com/apis/site/v2/sports/football/college-football/scoreboard?dates=20250906&groups=80&limit=400,8d0b34685ad3d57d363290160eb4f778c3696c3f306caae5450e731187159c74,TIER_1_SOURCE_STALE_FOR_SEASON
ESPN-2025-401752822,2025,REGULAR_SEASON,2,2025-09-06T16:00:00Z,1757174400,66,Iowa State Cyclones,Iowa State,2294,Iowa Hawkeyes,Iowa,16,13,3,FBS,FBS,Big 12 Conference,Big Ten Conference,False,False,Jack Trice Stadium,Ames,IA,REGULAR_SEASON,False,False,ESPN_PUBLIC_SCOREBOARD_API,TIER_2_MEDIA_AGGREGATOR,https://site.web.api.espn.com/apis/site/v2/sports/football/college-football/scoreboard?dates=20250906&groups=80&limit=400,8d0b34685ad3d57d363290160eb4f778c3696c3f306caae5450e731187159c74,TIER_1_SOURCE_STALE_FOR_SEASON
ESPN-2025-401752825,2025,REGULAR_SEASON,2,2025-09-06T16:00:00Z,1757174400,150,Duke Blue Devils,Duke,356,Illinois Fighting Illini,Illinois,19,45,-26,FBS,FBS,Atlantic Coast Conference,Big Ten Conference,False,False,Wallace Wade Stadium,Durham,NC,REGULAR_SEASON,False,False,ESPN_PUBLIC_SCOREBOARD_API,TIER_2_MEDIA_AGGREGATOR,https://site.web.api.espn.com/apis/site/v2/sports/football/college-football/scoreboard?dates=20250906&groups=80&limit=400,8d0b34685ad3d57d363290160eb4f778c3696c3f306caae5450e731187159c74,TIER_1_SOURCE_STALE_FOR_SEASON
ESPN-2025-401754524,2025,REGULAR_SEASON,2,2025-09-06T16:00:00Z,1757174400,152,NC State Wolfpack,NC State,258,Virginia Cavaliers,Virginia,35,31,4,FBS,FBS,Atlantic Coast Conference,Atlantic Coast Conference,False,False,Carter-Finley Stadium,Raleigh,NC,REGULAR_SEASON,False,False,ESPN_PUBLIC_SCOREBOARD_API,TIER_2_MEDIA_AGGREGATOR,https://site.web.api.espn.com/apis/site/v2/sports/football/college-football/scoreboard?dates=20250906&groups=80&limit=400,8d0b34685ad3d57d363290160eb4f778c3696c3f306caae5450e731187159c74,TIER_1_SOURCE_STALE_FOR_SEASON
ESPN-2025-401754525,2025,REGULAR_SEASON,2,2025-09-06T16:00:00Z,1757174400,2567,SMU Mustangs,SMU,239,Baylor Bears,Baylor,45,48,-3,FBS,FBS,Atlantic Coast Conference,Big 12 Conference,False,False,Gerald J. Ford Stadium,Dallas,TX,REGULAR_SEASON,False,True,ESPN_PUBLIC_SCOREBOARD_API,TIER_2_MEDIA_AGGREGATOR,https://site.web.api.espn.com/apis/site/v2/sports/football/college-football/scoreboard?dates=20250906&groups=80&limit=400,8d0b34685ad3d57d363290160eb4f778c3696c3f306caae5450e731187159c74,TIER_1_SOURCE_STALE_FOR_SEASON
ESPN-2025-401754529,2025,REGULAR_SEASON,2,2025-09-06T16:00:00Z,1757174400,221,Pittsburgh Panthers,Pittsburgh,2117,Central Michigan Chippewas,Central Michigan,45,17,28,FBS,FBS,Atlantic Coast Conference,Mid-American Conference,False,False,Acrisure Stadium,Pittsburgh,PA,REGULAR_SEASON,False,False,ESPN_PUBLIC_SCOREBOARD_API,TIER_2_MEDIA_AGGREGATOR,https://site.web.api.espn.com/apis/site/v2/sports/football/college-football/scoreboard?dates=20250906&groups=80&limit=400,8d0b34685ad3d57d363290160eb4f778c3696c3f306caae5450e731187159c74,TIER_1_SOURCE_STALE_FOR_SEASON
ESPN-2025-401754618,2025,REGULAR_SEASON,2,2025-09-06T16:00:00Z,1757174400,183,Syracuse Orange,Syracuse,41,UConn Huskies,UConn,27,20,7,FBS,FBS,Atlantic Coast Conference,FBS Independents,False,False,JMA Wireless Dome,Syracuse,NY,REGULAR_SEASON,False,True,ESPN_PUBLIC_SCOREBOARD_API,TIER_2_MEDIA_AGGREGATOR,https://site.web.api.espn.com/apis/site/v2/sports/football/college-football/scoreboard?dates=20250906&groups=80&limit=400,8d0b34685ad3d57d363290160eb4f778c3696c3f306caae5450e731187159c74,TIER_1_SOURCE_STALE_FOR_SEASON
ESPN-2025-401754621,2025,REGULAR_SEASON,2,2025-09-06T16:00:00Z,1757174400,52,Florida State Seminoles,Florida State,2837,East Texas A&M Lions,East Texas A&M,77,3,74,FBS,FCS,Atlantic Coast Conference,Southland Conference,True,False,Doak Campbell Stadium,Tallahassee,FL,REGULAR_SEASON,False,False,ESPN_PUBLIC_SCOREBOARD_API,TIER_2_MEDIA_AGGREGATOR,https://site.web.api.espn.com/apis/site/v2/sports/football/college-football/scoreboard?dates=20250906&groups=80&limit=400,8d0b34685ad3d57d363290160eb4f778c3696c3f306caae5450e731187159c74,TIER_1_SOURCE_STALE_FOR_SEASON
ESPN-2025-401756885,2025,REGULAR_SEASON,2,2025-09-06T16:00:00Z,1757174400,2641,Texas Tech Red Raiders,Texas Tech,2309,Kent State Golden Flashes,Kent State,62,14,48,FBS,FBS,Big 12 Conference,Mid-American Conference,False,False,Galaxy Stadium,Lubbock,TX,REGULAR_SEASON,False,False,ESPN_PUBLIC_SCOREBOARD_API,TIER_2_MEDIA_AGGREGATOR,https://site.web.api.espn.com/apis/site/v2/sports/football/college-football/scoreboard?dates=20250906&groups=80&limit=400,8d0b34685ad3d57d363290160eb4f778c3696c3f306caae5450e731187159c74,TIER_1_SOURCE_STALE_FOR_SEASON
ESPN-2025-401757227,2025,REGULAR_SEASON,2,2025-09-06T16:00:00Z,1757174400,55,Jacksonville State Gamecocks,Jacksonville State,2335,Liberty Flames,Liberty,34,24,10,FBS,FBS,Conference USA,Conference USA,False,False,AmFirst Stadium,Jacksonville,AL,REGULAR_SEASON,True,False,ESPN_PUBLIC_SCOREBOARD_API,TIER_2_MEDIA_AGGREGATOR,https://site.web.api.espn.com/apis/site/v2/sports/football/college-football/scoreboard?dates=20250906&groups=80&limit=400,8d0b34685ad3d57d363290160eb4f778c3696c3f306caae5450e731187159c74,TIER_1_SOURCE_STALE_FOR_SEASON
ESPN-2025-401752694,2025,REGULAR_SEASON,2,2025-09-06T16:45:00Z,1757177100,245,Texas A&M Aggies,Texas A&M,328,Utah State Aggies,Utah State,44,22,22,FBS,FBS,Southeastern Conference,Mountain West Conference,False,False,Kyle Field,College Station,TX,REGULAR_SEASON,False,False,ESPN_PUBLIC_SCOREBOARD_API,TIER_2_MEDIA_AGGREGATOR,https://site.web.api.espn.com/apis/site/v2/sports/football/college-football/scoreboard?dates=20250906&groups=80&limit=400,8d0b34685ad3d57d363290160eb4f778c3696c3f306caae5450e731187159c74,TIER_1_SOURCE_STALE_FOR_SEASON
ESPN-2025-401762462,2025,REGULAR_SEASON,2,2025-09-06T18:00:00Z,1757181600,218,Temple Owls,Temple,47,Howard Bison,Howard,55,7,48,FBS,FCS,American Conference,Mid-Eastern Athletic Conference,True,False,Lincoln Financial Field,Philadelphia,PA,REGULAR_SEASON,False,False,ESPN_PUBLIC_SCOREBOARD_API,TIER_2_MEDIA_AGGREGATOR,https://site.web.api.espn.com/apis/site/v2/sports/football/college-football/scoreboard?dates=20250906&groups=80&limit=400,8d0b34685ad3d57d363290160eb4f778c3696c3f306caae5450e731187159c74,TIER_1_SOURCE_STALE_FOR_SEASON
ESPN-2025-401752685,2025,REGULAR_SEASON,2,2025-09-06T18:28:00Z,1757183280,61,Georgia Bulldogs,Georgia,2046,Austin Peay Governors,Austin Peay,28,6,22,FBS,FCS,Southeastern Conference,United Athletic Conference,True,False,Sanford Stadium,Athens,GA,REGULAR_SEASON,False,False,ESPN_PUBLIC_SCOREBOARD_API,TIER_2_MEDIA_AGGREGATOR,https://site.web.api.espn.com/apis/site/v2/sports/football/college-football/scoreboard?dates=20250906&groups=80&limit=400,8d0b34685ad3d57d363290160eb4f778c3696c3f306caae5450e731187159c74,TIER_1_SOURCE_STALE_FOR_SEASON
ESPN-2025-401760366,2025,REGULAR_SEASON,2,2025-09-06T19:00:00Z,1757185200,167,New Mexico Lobos,New Mexico,304,Idaho State Bengals,Idaho State,32,22,10,FBS,FCS,Mountain West Conference,Big Sky Conference,True,False,University Stadium (NM),Albuquerque,NM,REGULAR_SEASON,False,False,ESPN_PUBLIC_SCOREBOARD_API,TIER_2_MEDIA_AGGREGATOR,https://site.web.api.espn.com/apis/site/v2/sports/football/college-football/scoreboard?dates=20250906&groups=80&limit=400,8d0b34685ad3d57d363290160eb4f778c3696c3f306caae5450e731187159c74,TIER_1_SOURCE_STALE_FOR_SEASON
ESPN-2025-401752686,2025,REGULAR_SEASON,2,2025-09-06T19:30:00Z,1757187000,96,Kentucky Wildcats,Kentucky,145,Ole Miss Rebels,Ole Miss,23,30,-7,FBS,FBS,Southeastern Conference,Southeastern Conference,False,False,Kroger Field,Lexington,KY,REGULAR_SEASON,True,False,ESPN_PUBLIC_SCOREBOARD_API,TIER_2_MEDIA_AGGREGATOR,https://site.web.api.espn.com/apis/site/v2/sports/football/college-football/scoreboard?dates=20250906&groups=80&limit=400,8d0b34685ad3d57d363290160eb4f778c3696c3f306caae5450e731187159c74,TIER_1_SOURCE_STALE_FOR_SEASON
ESPN-2025-401752689,2025,REGULAR_SEASON,2,2025-09-06T19:30:00Z,1757187000,142,Missouri Tigers,Missouri,2305,Kansas Jayhawks,Kansas,42,31,11,FBS,FBS,Southeastern Conference,Big 12 Conference,False,False,Memorial Stadium,Columbia,MO,REGULAR_SEASON,False,False,ESPN_PUBLIC_SCOREBOARD_API,TIER_2_MEDIA_AGGREGATOR,https://site.web.api.espn.com/apis/site/v2/sports/football/college-football/scoreboard?dates=20250906&groups=80&limit=400,8d0b34685ad3d57d363290160eb4f778c3696c3f306caae5450e731187159c74,TIER_1_SOURCE_STALE_FOR_SEASON
ESPN-2025-401752692,2025,REGULAR_SEASON,2,2025-09-06T19:30:00Z,1757187000,2633,Tennessee Volunteers,Tennessee,2193,East Tennessee State Buccaneers,East Tennessee State,72,17,55,FBS,FCS,Southeastern Conference,Southern Conference,True,False,Neyland Stadium,Knoxville,TN,REGULAR_SEASON,False,False,ESPN_PUBLIC_SCOREBOARD_API,TIER_2_MEDIA_AGGREGATOR,https://site.web.api.espn.com/apis/site/v2/sports/football/college-football/scoreboard?dates=20250906&groups=80&limit=400,8d0b34685ad3d57d363290160eb4f778c3696c3f306caae5450e731187159c74,TIER_1_SOURCE_STALE_FOR_SEASON
ESPN-2025-401752815,2025,REGULAR_SEASON,2,2025-09-06T19:30:00Z,1757187000,194,Ohio State Buckeyes,Ohio State,2755,Grambling Tigers,Grambling,70,0,70,FBS,FCS,Big Ten Conference,Southwestern Athletic Conference,True,False,Ohio Stadium,Columbus,OH,REGULAR_SEASON,False,False,ESPN_PUBLIC_SCOREBOARD_API,TIER_2_MEDIA_AGGREGATOR,https://site.web.api.espn.com/apis/site/v2/sports/football/college-football/scoreboard?dates=20250906&groups=80&limit=400,8d0b34685ad3d57d363290160eb4f778c3696c3f306caae5450e731187159c74,TIER_1_SOURCE_STALE_FOR_SEASON
ESPN-2025-401752824,2025,REGULAR_SEASON,2,2025-09-06T19:30:00Z,1757187000,2483,Oregon Ducks,Oregon,197,Oklahoma State Cowboys,Oklahoma State,69,3,66,FBS,FBS,Big Ten Conference,Big 12 Conference,False,False,Autzen Stadium,Eugene,OR,REGULAR_SEASON,False,False,ESPN_PUBLIC_SCOREBOARD_API,TIER_2_MEDIA_AGGREGATOR,https://site.web.api.espn.com/apis/site/v2/sports/football/college-football/scoreboard?dates=20250906&groups=80&limit=400,8d0b34685ad3d57d363290160eb4f778c3696c3f306caae5450e731187159c74,TIER_1_SOURCE_STALE_FOR_SEASON
ESPN-2025-401752937,2025,REGULAR_SEASON,2,2025-09-06T19:30:00Z,1757187000,204,Oregon State Beavers,Oregon State,278,Fresno State Bulldogs,Fresno State,27,36,-9,FBS,FBS,Pac-12 Conference,Mountain West Conference,False,False,Reser Stadium,Corvallis,OR,REGULAR_SEASON,False,False,ESPN_PUBLIC_SCOREBOARD_API,TIER_2_MEDIA_AGGREGATOR,https://site.web.api.espn.com/apis/site/v2/sports/football/college-football/scoreboard?dates=20250906&groups=80&limit=400,8d0b34685ad3d57d363290160eb4f778c3696c3f306caae5450e731187159c74,TIER_1_SOURCE_STALE_FOR_SEASON
ESPN-2025-401754622,2025,REGULAR_SEASON,2,2025-09-06T19:30:00Z,1757187000,59,Georgia Tech Yellow Jackets,Georgia Tech,2241,Gardner-Webb Runnin' Bulldogs,Gardner-Webb,59,12,47,FBS,FCS,Atlantic Coast Conference,Ohio Valley Conference,True,False,Bobby Dodd Stadium,Atlanta,GA,REGULAR_SEASON,False,False,ESPN_PUBLIC_SCOREBOARD_API,TIER_2_MEDIA_AGGREGATOR,https://site.web.api.espn.com/apis/site/v2/sports/football/college-football/scoreboard?dates=20250906&groups=80&limit=400,8d0b34685ad3d57d363290160eb4f778c3696c3f306caae5450e731187159c74,TIER_1_SOURCE_STALE_FOR_SEASON
ESPN-2025-401754637,2025,REGULAR_SEASON,2,2025-09-06T19:30:00Z,1757187000,228,Clemson Tigers,Clemson,2653,Troy Trojans,Troy,27,16,11,FBS,FBS,Atlantic Coast Conference,Sun Belt Conference,False,False,"Memorial Stadium (Clemson, SC)",Clemson,SC,REGULAR_SEASON,False,False,ESPN_PUBLIC_SCOREBOARD_API,TIER_2_MEDIA_AGGREGATOR,https://site.web.api.espn.com/apis/site/v2/sports/football/college-football/scoreboard?dates=20250906&groups=80&limit=400,8d0b34685ad3d57d363290160eb4f778c3696c3f306caae5450e731187159c74,TIER_1_SOURCE_STALE_FOR_SEASON
ESPN-2025-401756880,2025,REGULAR_SEASON,2,2025-09-06T19:30:00Z,1757187000,2132,Cincinnati Bearcats,Cincinnati,189,Bowling Green Falcons,Bowling Green,34,20,14,FBS,FBS,Big 12 Conference,Mid-American Conference,False,False,Nippert Stadium,Cincinnati,OH,REGULAR_SEASON,False,False,ESPN_PUBLIC_SCOREBOARD_API,TIER_2_MEDIA_AGGREGATOR,https://site.web.api.espn.com/apis/site/v2/sports/football/college-football/scoreboard?dates=20250906&groups=80&limit=400,8d0b34685ad3d57d363290160eb4f778c3696c3f306caae5450e731187159c74,TIER_1_SOURCE_STALE_FOR_SEASON
ESPN-2025-401756881,2025,REGULAR_SEASON,2,2025-09-06T19:30:00Z,1757187000,38,Colorado Buffaloes,Colorado,48,Delaware Blue Hens,Delaware,31,7,24,FBS,FBS,Big 12 Conference,Conference USA,False,False,Folsom Field,Boulder,CO,REGULAR_SEASON,False,False,ESPN_PUBLIC_SCOREBOARD_API,TIER_2_MEDIA_AGGREGATOR,https://site.web.api.espn.com/apis/site/v2/sports/football/college-football/scoreboard?dates=20250906&groups=80&limit=400,8d0b34685ad3d57d363290160eb4f778c3696c3f306caae5450e731187159c74,TIER_1_SOURCE_STALE_FOR_SEASON
ESPN-2025-401761596,2025,REGULAR_SEASON,2,2025-09-06T19:30:00Z,1757187000,2026,App State Mountaineers,App State,2815,Lindenwood Lions,Lindenwood,20,13,7,FBS,FCS,Sun Belt Conference,Ohio Valley Conference,True,False,Kidd Brewer Stadium,Boone,NC,REGULAR_SEASON,False,False,ESPN_PUBLIC_SCOREBOARD_API,TIER_2_MEDIA_AGGREGATOR,https://site.web.api.espn.com/apis/site/v2/sports/football/college-football/scoreboard?dates=20250906&groups=80&limit=400,8d0b34685ad3d57d363290160eb4f778c3696c3f306caae5450e731187159c74,TIER_1_SOURCE_STALE_FOR_SEASON
ESPN-2025-401761603,2025,REGULAR_SEASON,2,2025-09-06T19:30:00Z,1757187000,2636,UTSA Roadrunners,UTSA,326,Texas State Bobcats,Texas State,36,43,-7,FBS,FBS,American Conference,Sun Belt Conference,False,False,Alamodome,San Antonio,TX,REGULAR_SEASON,False,False,ESPN_PUBLIC_SCOREBOARD_API,TIER_2_MEDIA_AGGREGATOR,https://site.web.api.espn.com/apis/site/v2/sports/football/college-football/scoreboard?dates=20250906&groups=80&limit=400,8d0b34685ad3d57d363290160eb4f778c3696c3f306caae5450e731187159c74,TIER_1_SOURCE_STALE_FOR_SEASON
ESPN-2025-401762458,2025,REGULAR_SEASON,2,2025-09-06T19:30:00Z,1757187000,2426,Navy Midshipmen,Navy,5,UAB Blazers,UAB,38,24,14,FBS,FBS,American Conference,American Conference,False,False,Navy-Marine Corps Memorial Stadium,Annapolis,MD,REGULAR_SEASON,True,False,ESPN_PUBLIC_SCOREBOARD_API,TIER_2_MEDIA_AGGREGATOR,https://site.web.api.espn.com/apis/site/v2/sports/football/college-football/scoreboard?dates=20250906&groups=80&limit=400,8d0b34685ad3d57d363290160eb4f778c3696c3f306caae5450e731187159c74,TIER_1_SOURCE_STALE_FOR_SEASON
ESPN-2025-401762461,2025,REGULAR_SEASON,2,2025-09-06T19:30:00Z,1757187000,2711,Western Michigan Broncos,Western Michigan,249,North Texas Mean Green,North Texas,30,33,-3,FBS,FBS,Mid-American Conference,American Conference,False,False,Waldo Stadium,Kalamazoo,MI,REGULAR_SEASON,False,True,ESPN_PUBLIC_SCOREBOARD_API,TIER_2_MEDIA_AGGREGATOR,https://site.web.api.espn.com/apis/site/v2/sports/football/college-football/scoreboard?dates=20250906&groups=80&limit=400,8d0b34685ad3d57d363290160eb4f778c3696c3f306caae5450e731187159c74,TIER_1_SOURCE_STALE_FOR_SEASON
ESPN-2025-401762794,2025,REGULAR_SEASON,2,2025-09-06T19:30:00Z,1757187000,2084,Buffalo Bulls,Buffalo,2598,Saint Francis Red Flash,Saint Francis,45,6,39,FBS,FCS,Mid-American Conference,Northeast Conference,True,False,Broadview Stadium,Buffalo,NY,REGULAR_SEASON,False,False,ESPN_PUBLIC_SCOREBOARD_API,TIER_2_MEDIA_AGGREGATOR,https://site.web.api.espn.com/apis/site/v2/sports/football/college-football/scoreboard?dates=20250906&groups=80&limit=400,8d0b34685ad3d57d363290160eb4f778c3696c3f306caae5450e731187159c74,TIER_1_SOURCE_STALE_FOR_SEASON
ESPN-2025-401752820,2025,REGULAR_SEASON,2,2025-09-06T20:00:00Z,1757188800,275,Wisconsin Badgers,Wisconsin,2393,Middle Tennessee Blue Raiders,Middle Tennessee,42,10,32,FBS,FBS,Big Ten Conference,Conference USA,False,False,Camp Randall Stadium,Madison,WI,REGULAR_SEASON,False,False,ESPN_PUBLIC_SCOREBOARD_API,TIER_2_MEDIA_AGGREGATOR,https://site.web.api.espn.com/apis/site/v2/sports/football/college-football/scoreboard?dates=20250906&groups=80&limit=400,8d0b34685ad3d57d363290160eb4f778c3696c3f306caae5450e731187159c74,TIER_1_SOURCE_STALE_FOR_SEASON
ESPN-2025-401756883,2025,REGULAR_SEASON,2,2025-09-06T20:00:00Z,1757188800,195,Ohio Bobcats,Ohio,277,West Virginia Mountaineers,West Virginia,17,10,7,FBS,FBS,Mid-American Conference,Big 12 Conference,False,False,Peden Stadium,Athens,OH,REGULAR_SEASON,False,False,ESPN_PUBLIC_SCOREBOARD_API,TIER_2_MEDIA_AGGREGATOR,https://site.web.api.espn.com/apis/site/v2/sports/football/college-football/scoreboard?dates=20250906&groups=80&limit=400,8d0b34685ad3d57d363290160eb4f778c3696c3f306caae5450e731187159c74,TIER_1_SOURCE_STALE_FOR_SEASON
ESPN-2025-401760367,2025,REGULAR_SEASON,2,2025-09-06T20:00:00Z,1757188800,2751,Wyoming Cowboys,Wyoming,2460,Northern Iowa Panthers,Northern Iowa,31,7,24,FBS,FCS,Mountain West Conference,Missouri Valley Football Conference,True,False,War Memorial Stadium,Laramie,WY,REGULAR_SEASON,False,False,ESPN_PUBLIC_SCOREBOARD_API,TIER_2_MEDIA_AGGREGATOR,https://site.web.api.espn.com/apis/site/v2/sports/football/college-football/scoreboard?dates=20250906&groups=80&limit=400,8d0b34685ad3d57d363290160eb4f778c3696c3f306caae5450e731187159c74,TIER_1_SOURCE_STALE_FOR_SEASON
ESPN-2025-401752684,2025,REGULAR_SEASON,2,2025-09-06T20:15:00Z,1757189700,57,Florida Gators,Florida,58,South Florida Bulls,South Florida,16,18,-2,FBS,FBS,Southeastern Conference,American Conference,False,False,Ben Hill Griffin Stadium,Gainesville,FL,REGULAR_SEASON,False,False,ESPN_PUBLIC_SCOREBOARD_API,TIER_2_MEDIA_AGGREGATOR,https://site.web.api.espn.com/apis/site/v2/sports/football/college-football/scoreboard?dates=20250906&groups=80&limit=400,8d0b34685ad3d57d363290160eb4f778c3696c3f306caae5450e731187159c74,TIER_1_SOURCE_STALE_FOR_SEASON
ESPN-2025-401754620,2025,REGULAR_SEASON,2,2025-09-06T20:25:00Z,1757190300,154,Wake Forest Demon Deacons,Wake Forest,2717,Western Carolina Catamounts,Western Carolina,42,10,32,FBS,FCS,Atlantic Coast Conference,Southern Conference,True,False,Allegacy Federal Credit Union Stadium,Winston-Salem,NC,REGULAR_SEASON,False,False,ESPN_PUBLIC_SCOREBOARD_API,TIER_2_MEDIA_AGGREGATOR,https://site.web.api.espn.com/apis/site/v2/sports/football/college-football/scoreboard?dates=20250906&groups=80&limit=400,8d0b34685ad3d57d363290160eb4f778c3696c3f306caae5450e731187159c74,TIER_1_SOURCE_STALE_FOR_SEASON
ESPN-2025-401752818,2025,REGULAR_SEASON,2,2025-09-06T20:30:00Z,1757190600,164,Rutgers Scarlet Knights,Rutgers,193,Miami (OH) RedHawks,Miami (OH),45,17,28,FBS,FBS,Big Ten Conference,Mid-American Conference,False,False,SHI Stadium,Piscataway,NJ,REGULAR_SEASON,False,False,ESPN_PUBLIC_SCOREBOARD_API,TIER_2_MEDIA_AGGREGATOR,https://site.web.api.espn.com/apis/site/v2/sports/football/college-football/scoreboard?dates=20250906&groups=80&limit=400,8d0b34685ad3d57d363290160eb4f778c3696c3f306caae5450e731187159c74,TIER_1_SOURCE_STALE_FOR_SEASON
ESPN-2025-401752682,2025,REGULAR_SEASON,2,2025-09-06T21:00:00Z,1757192400,8,Arkansas Razorbacks,Arkansas,2032,Arkansas State Red Wolves,Arkansas State,56,14,42,FBS,FBS,Southeastern Conference,Sun Belt Conference,False,False,War Memorial Stadium (AR),Little Rock,AR,REGULAR_SEASON,False,False,ESPN_PUBLIC_SCOREBOARD_API,TIER_2_MEDIA_AGGREGATOR,https://site.web.api.espn.com/apis/site/v2/sports/football/college-football/scoreboard?dates=20250906&groups=80&limit=400,8d0b34685ad3d57d363290160eb4f778c3696c3f306caae5450e731187159c74,TIER_1_SOURCE_STALE_FOR_SEASON
ESPN-2025-401760365,2025,REGULAR_SEASON,2,2025-09-06T21:00:00Z,1757192400,2440,Nevada Wolf Pack,Nevada,16,Sacramento State Hornets,Sacramento State,20,17,3,FBS,FCS,Mountain West Conference,Big Sky Conference,True,False,Mackay Stadium,Reno,NV,REGULAR_SEASON,False,False,ESPN_PUBLIC_SCOREBOARD_API,TIER_2_MEDIA_AGGREGATOR,https://site.web.api.espn.com/apis/site/v2/sports/football/college-football/scoreboard?dates=20250906&groups=80&limit=400,8d0b34685ad3d57d363290160eb4f778c3696c3f306caae5450e731187159c74,TIER_1_SOURCE_STALE_FOR_SEASON
ESPN-2025-401761602,2025,REGULAR_SEASON,2,2025-09-06T21:00:00Z,1757192400,2572,Southern Miss Golden Eagles,Southern Miss,2296,Jackson State Tigers,Jackson State,38,20,18,FBS,FCS,Sun Belt Conference,Southwestern Athletic Conference,True,False,M. M. Roberts Stadium,Hattiesburg,MS,REGULAR_SEASON,False,False,ESPN_PUBLIC_SCOREBOARD_API,TIER_2_MEDIA_AGGREGATOR,https://site.web.api.espn.com/apis/site/v2/sports/football/college-football/scoreboard?dates=20250906&groups=80&limit=400,8d0b34685ad3d57d363290160eb4f778c3696c3f306caae5450e731187159c74,TIER_1_SOURCE_STALE_FOR_SEASON
ESPN-2025-401762816,2025,REGULAR_SEASON,2,2025-09-06T21:30:00Z,1757194200,113,Massachusetts Minutemen,Massachusetts,2803,Bryant Bulldogs,Bryant,26,27,-1,FBS,FCS,Mid-American Conference,Coastal Athletic Association,True,False,Warren McGuirk Alumni Stadium,Amherst,MA,REGULAR_SEASON,False,False,ESPN_PUBLIC_SCOREBOARD_API,TIER_2_MEDIA_AGGREGATOR,https://site.web.api.espn.com/apis/site/v2/sports/football/college-football/scoreboard?dates=20250906&groups=80&limit=400,8d0b34685ad3d57d363290160eb4f778c3696c3f306caae5450e731187159c74,TIER_1_SOURCE_STALE_FOR_SEASON
ESPN-2025-401754530,2025,REGULAR_SEASON,2,2025-09-06T22:00:00Z,1757196000,25,California Golden Bears,California,2640,Texas Southern Tigers,Texas Southern,35,3,32,FBS,FCS,Atlantic Coast Conference,Southwestern Athletic Conference,True,False,California Memorial Stadium,Berkeley,CA,REGULAR_SEASON,False,False,ESPN_PUBLIC_SCOREBOARD_API,TIER_2_MEDIA_AGGREGATOR,https://site.web.api.espn.com/apis/site/v2/sports/football/college-football/scoreboard?dates=20250906&groups=80&limit=400,8d0b34685ad3d57d363290160eb4f778c3696c3f306caae5450e731187159c74,TIER_1_SOURCE_STALE_FOR_SEASON
ESPN-2025-401756887,2025,REGULAR_SEASON,2,2025-09-06T22:00:00Z,1757196000,254,Utah Utes,Utah,13,Cal Poly Mustangs,Cal Poly,63,9,54,FBS,FCS,Big 12 Conference,Big Sky Conference,True,False,Rice-Eccles Stadium,Salt Lake City,UT,REGULAR_SEASON,False,False,ESPN_PUBLIC_SCOREBOARD_API,TIER_2_MEDIA_AGGREGATOR,https://site.web.api.espn.com/apis/site/v2/sports/football/college-football/scoreboard?dates=20250906&groups=80&limit=400,8d0b34685ad3d57d363290160eb4f778c3696c3f306caae5450e731187159c74,TIER_1_SOURCE_STALE_FOR_SEASON
ESPN-2025-401757228,2025,REGULAR_SEASON,2,2025-09-06T22:00:00Z,1757196000,276,Marshall Thundering Herd,Marshall,2623,Missouri State Bears,Missouri State,20,21,-1,FBS,FBS,Sun Belt Conference,Conference USA,False,False,Joan C. Edwards Stadium,Huntington,WV,REGULAR_SEASON,False,False,ESPN_PUBLIC_SCOREBOARD_API,TIER_2_MEDIA_AGGREGATOR,https://site.web.api.espn.com/apis/site/v2/sports/football/college-football/scoreboard?dates=20250906&groups=80&limit=400,8d0b34685ad3d57d363290160eb4f778c3696c3f306caae5450e731187159c74,TIER_1_SOURCE_STALE_FOR_SEASON
ESPN-2025-401761599,2025,REGULAR_SEASON,2,2025-09-06T22:00:00Z,1757196000,295,Old Dominion Monarchs,Old Dominion,2428,North Carolina Central Eagles,North Carolina Central,54,6,48,FBS,FCS,Sun Belt Conference,Mid-Eastern Athletic Conference,True,False,S.B. Ballard Stadium,Norfolk,VA,REGULAR_SEASON,False,False,ESPN_PUBLIC_SCOREBOARD_API,TIER_2_MEDIA_AGGREGATOR,https://site.web.api.espn.com/apis/site/v2/sports/football/college-football/scoreboard?dates=20250906&groups=80&limit=400,8d0b34685ad3d57d363290160eb4f778c3696c3f306caae5450e731187159c74,TIER_1_SOURCE_STALE_FOR_SEASON
ESPN-2025-401762459,2025,REGULAR_SEASON,2,2025-09-06T22:00:00Z,1757196000,151,East Carolina Pirates,East Carolina,2097,Campbell Fighting Camels,Campbell,56,3,53,FBS,FCS,American Conference,Coastal Athletic Association,True,False,Dowdy-Ficklen Stadium,Greenville,NC,REGULAR_SEASON,False,False,ESPN_PUBLIC_SCOREBOARD_API,TIER_2_MEDIA_AGGREGATOR,https://site.web.api.espn.com/apis/site/v2/sports/football/college-football/scoreboard?dates=20250906&groups=80&limit=400,8d0b34685ad3d57d363290160eb4f778c3696c3f306caae5450e731187159c74,TIER_1_SOURCE_STALE_FOR_SEASON
ESPN-2025-401762460,2025,REGULAR_SEASON,2,2025-09-06T22:00:00Z,1757196000,2226,Florida Atlantic Owls,Florida Atlantic,50,Florida A&M Rattlers,Florida A&M,56,14,42,FBS,FCS,American Conference,Southwestern Athletic Conference,True,False,Flagler Credit Union Stadium,Boca Raton,FL,REGULAR_SEASON,False,False,ESPN_PUBLIC_SCOREBOARD_API,TIER_2_MEDIA_AGGREGATOR,https://site.web.api.espn.com/apis/site/v2/sports/football/college-football/scoreboard?dates=20250906&groups=80&limit=400,8d0b34685ad3d57d363290160eb4f778c3696c3f306caae5450e731187159c74,TIER_1_SOURCE_STALE_FOR_SEASON
ESPN-2025-401752691,2025,REGULAR_SEASON,2,2025-09-06T23:00:00Z,1757199600,2579,South Carolina Gamecocks,South Carolina,2569,South Carolina State Bulldogs,South Carolina State,38,10,28,FBS,FCS,Southeastern Conference,Mid-Eastern Athletic Conference,True,False,Williams-Brice Stadium,Columbia,SC,REGULAR_SEASON,False,False,ESPN_PUBLIC_SCOREBOARD_API,TIER_2_MEDIA_AGGREGATOR,https://site.web.api.espn.com/apis/site/v2/sports/football/college-football/scoreboard?dates=20250906&groups=80&limit=400,8d0b34685ad3d57d363290160eb4f778c3696c3f306caae5450e731187159c74,TIER_1_SOURCE_STALE_FOR_SEASON
ESPN-2025-401754527,2025,REGULAR_SEASON,2,2025-09-06T23:00:00Z,1757199600,2429,Charlotte 49ers,Charlotte,153,North Carolina Tar Heels,North Carolina,3,20,-17,FBS,FBS,American Conference,Atlantic Coast Conference,False,False,Jerry Richardson Stadium,Charlotte,NC,REGULAR_SEASON,False,False,ESPN_PUBLIC_SCOREBOARD_API,TIER_2_MEDIA_AGGREGATOR,https://site.web.api.espn.com/apis/site/v2/sports/football/college-football/scoreboard?dates=20250906&groups=80&limit=400,8d0b34685ad3d57d363290160eb4f778c3696c3f306caae5450e731187159c74,TIER_1_SOURCE_STALE_FOR_SEASON
ESPN-2025-401754641,2025,REGULAR_SEASON,2,2025-09-06T23:00:00Z,1757199600,2390,Miami Hurricanes,Miami,2065,Bethune-Cookman Wildcats,Bethune-Cookman,45,3,42,FBS,FCS,Atlantic Coast Conference,Southwestern Athletic Conference,True,False,Hard Rock Stadium,Miami Gardens,FL,REGULAR_SEASON,False,False,ESPN_PUBLIC_SCOREBOARD_API,TIER_2_MEDIA_AGGREGATOR,https://site.web.api.espn.com/apis/site/v2/sports/football/college-football/scoreboard?dates=20250906&groups=80&limit=400,8d0b34685ad3d57d363290160eb4f778c3696c3f306caae5450e731187159c74,TIER_1_SOURCE_STALE_FOR_SEASON
ESPN-2025-401756882,2025,REGULAR_SEASON,2,2025-09-06T23:00:00Z,1757199600,2306,Kansas State Wildcats,Kansas State,349,Army Black Knights,Army,21,24,-3,FBS,FBS,Big 12 Conference,American Conference,False,False,Bill Snyder Family Stadium,Manhattan,KS,REGULAR_SEASON,False,False,ESPN_PUBLIC_SCOREBOARD_API,TIER_2_MEDIA_AGGREGATOR,https://site.web.api.espn.com/apis/site/v2/sports/football/college-football/scoreboard?dates=20250906&groups=80&limit=400,8d0b34685ad3d57d363290160eb4f778c3696c3f306caae5450e731187159c74,TIER_1_SOURCE_STALE_FOR_SEASON
ESPN-2025-401756884,2025,REGULAR_SEASON,2,2025-09-06T23:00:00Z,1757199600,242,Rice Owls,Rice,248,Houston Cougars,Houston,9,35,-26,FBS,FBS,American Conference,Big 12 Conference,False,False,Rice Stadium,Houston,TX,REGULAR_SEASON,False,False,ESPN_PUBLIC_SCOREBOARD_API,TIER_2_MEDIA_AGGREGATOR,https://site.web.api.espn.com/apis/site/v2/sports/football/college-football/scoreboard?dates=20250906&groups=80&limit=400,8d0b34685ad3d57d363290160eb4f778c3696c3f306caae5450e731187159c74,TIER_1_SOURCE_STALE_FOR_SEASON
ESPN-2025-401756886,2025,REGULAR_SEASON,2,2025-09-06T23:00:00Z,1757199600,2116,UCF Knights,UCF,2448,North Carolina A&T Aggies,North Carolina A&T,68,7,61,FBS,FCS,Big 12 Conference,Coastal Athletic Association,True,False,Acrisure Bounce House,Orlando,FL,REGULAR_SEASON,False,False,ESPN_PUBLIC_SCOREBOARD_API,TIER_2_MEDIA_AGGREGATOR,https://site.web.api.espn.com/apis/site/v2/sports/football/college-football/scoreboard?dates=20250906&groups=80&limit=400,8d0b34685ad3d57d363290160eb4f778c3696c3f306caae5450e731187159c74,TIER_1_SOURCE_STALE_FOR_SEASON
ESPN-2025-401757232,2025,REGULAR_SEASON,2,2025-09-06T23:00:00Z,1757199600,2649,Toledo Rockets,Toledo,98,Western Kentucky Hilltoppers,Western Kentucky,45,21,24,FBS,FBS,Mid-American Conference,Conference USA,False,False,Glass Bowl,Toledo,OH,REGULAR_SEASON,False,False,ESPN_PUBLIC_SCOREBOARD_API,TIER_2_MEDIA_AGGREGATOR,https://site.web.api.espn.com/apis/site/v2/sports/football/college-football/scoreboard?dates=20250906&groups=80&limit=400,8d0b34685ad3d57d363290160eb4f778c3696c3f306caae5450e731187159c74,TIER_1_SOURCE_STALE_FOR_SEASON
ESPN-2025-401760364,2025,REGULAR_SEASON,2,2025-09-06T23:00:00Z,1757199600,36,Colorado State Rams,Colorado State,2458,Northern Colorado Bears,Northern Colorado,21,17,4,FBS,FCS,Mountain West Conference,Big Sky Conference,True,False,Canvas Stadium,Fort Collins,CO,REGULAR_SEASON,False,False,ESPN_PUBLIC_SCOREBOARD_API,TIER_2_MEDIA_AGGREGATOR,https://site.web.api.espn.com/apis/site/v2/sports/football/college-football/scoreboard?dates=20250906&groups=80&limit=400,8d0b34685ad3d57d363290160eb4f778c3696c3f306caae5450e731187159c74,TIER_1_SOURCE_STALE_FOR_SEASON
ESPN-2025-401761598,2025,REGULAR_SEASON,2,2025-09-06T23:00:00Z,1757199600,2247,Georgia State Panthers,Georgia State,235,Memphis Tigers,Memphis,16,38,-22,FBS,FBS,Sun Belt Conference,American Conference,False,False,Center Parc Stadium,Atlanta,GA,REGULAR_SEASON,False,False,ESPN_PUBLIC_SCOREBOARD_API,TIER_2_MEDIA_AGGREGATOR,https://site.web.api.espn.com/apis/site/v2/sports/football/college-football/scoreboard?dates=20250906&groups=80&limit=400,8d0b34685ad3d57d363290160eb4f778c3696c3f306caae5450e731187159c74,TIER_1_SOURCE_STALE_FOR_SEASON
ESPN-2025-401761601,2025,REGULAR_SEASON,2,2025-09-06T23:00:00Z,1757199600,6,South Alabama Jaguars,South Alabama,2655,Tulane Green Wave,Tulane,31,33,-2,FBS,FBS,Sun Belt Conference,American Conference,False,False,Hancock Whitney Stadium,Mobile,AL,REGULAR_SEASON,False,False,ESPN_PUBLIC_SCOREBOARD_API,TIER_2_MEDIA_AGGREGATOR,https://site.web.api.espn.com/apis/site/v2/sports/football/college-football/scoreboard?dates=20250906&groups=80&limit=400,8d0b34685ad3d57d363290160eb4f778c3696c3f306caae5450e731187159c74,TIER_1_SOURCE_STALE_FOR_SEASON
ESPN-2025-401762795,2025,REGULAR_SEASON,2,2025-09-06T23:00:00Z,1757199600,2199,Eastern Michigan Eagles,Eastern Michigan,2341,Long Island University Sharks,Long Island University,23,28,-5,FBS,FCS,Mid-American Conference,Northeast Conference,True,False,Rynearson Stadium,Ypsilanti,MI,REGULAR_SEASON,False,False,ESPN_PUBLIC_SCOREBOARD_API,TIER_2_MEDIA_AGGREGATOR,https://site.web.api.espn.com/apis/site/v2/sports/football/college-football/scoreboard?dates=20250906&groups=80&limit=400,8d0b34685ad3d57d363290160eb4f778c3696c3f306caae5450e731187159c74,TIER_1_SOURCE_STALE_FOR_SEASON
ESPN-2025-401752683,2025,REGULAR_SEASON,2,2025-09-06T23:30:00Z,1757201400,2,Auburn Tigers,Auburn,2050,Ball State Cardinals,Ball State,42,3,39,FBS,FBS,Southeastern Conference,Mid-American Conference,False,False,Jordan-Hare Stadium,Auburn,AL,REGULAR_SEASON,False,False,ESPN_PUBLIC_SCOREBOARD_API,TIER_2_MEDIA_AGGREGATOR,https://site.web.api.espn.com/apis/site/v2/sports/football/college-football/scoreboard?dates=20250906&groups=80&limit=400,8d0b34685ad3d57d363290160eb4f778c3696c3f306caae5450e731187159c74,TIER_1_SOURCE_STALE_FOR_SEASON
ESPN-2025-401752687,2025,REGULAR_SEASON,2,2025-09-06T23:30:00Z,1757201400,99,LSU Tigers,LSU,2348,Louisiana Tech Bulldogs,Louisiana Tech,23,7,16,FBS,FBS,Southeastern Conference,Conference USA,False,False,Tiger Stadium (LA),Baton Rouge,LA,REGULAR_SEASON,False,False,ESPN_PUBLIC_SCOREBOARD_API,TIER_2_MEDIA_AGGREGATOR,https://site.web.api.espn.com/apis/site/v2/sports/football/college-football/scoreboard?dates=20250906&groups=80&limit=400,8d0b34685ad3d57d363290160eb4f778c3696c3f306caae5450e731187159c74,TIER_1_SOURCE_STALE_FOR_SEASON
ESPN-2025-401752688,2025,REGULAR_SEASON,2,2025-09-06T23:30:00Z,1757201400,344,Mississippi State Bulldogs,Mississippi State,9,Arizona State Sun Devils,Arizona State,24,20,4,FBS,FBS,Southeastern Conference,Big 12 Conference,False,False,Davis Wade Stadium,Starkville,MS,REGULAR_SEASON,False,False,ESPN_PUBLIC_SCOREBOARD_API,TIER_2_MEDIA_AGGREGATOR,https://site.web.api.espn.com/apis/site/v2/sports/football/college-football/scoreboard?dates=20250906&groups=80&limit=400,8d0b34685ad3d57d363290160eb4f778c3696c3f306caae5450e731187159c74,TIER_1_SOURCE_STALE_FOR_SEASON
ESPN-2025-401752690,2025,REGULAR_SEASON,2,2025-09-06T23:30:00Z,1757201400,201,Oklahoma Sooners,Oklahoma,130,Michigan Wolverines,Michigan,24,13,11,FBS,FBS,Southeastern Conference,Big Ten Conference,False,False,"Memorial Stadium (Norman, OK)",Norman,OK,REGULAR_SEASON,False,False,ESPN_PUBLIC_SCOREBOARD_API,TIER_2_MEDIA_AGGREGATOR,https://site.web.api.espn.com/apis/site/v2/sports/football/college-football/scoreboard?dates=20250906&groups=80&limit=400,8d0b34685ad3d57d363290160eb4f778c3696c3f306caae5450e731187159c74,TIER_1_SOURCE_STALE_FOR_SEASON
ESPN-2025-401752695,2025,REGULAR_SEASON,2,2025-09-06T23:30:00Z,1757201400,259,Virginia Tech Hokies,Virginia Tech,238,Vanderbilt Commodores,Vanderbilt,20,44,-24,FBS,FBS,Atlantic Coast Conference,Southeastern Conference,False,False,Lane Stadium,Blacksburg,VA,REGULAR_SEASON,False,False,ESPN_PUBLIC_SCOREBOARD_API,TIER_2_MEDIA_AGGREGATOR,https://site.web.api.espn.com/apis/site/v2/sports/football/college-football/scoreboard?dates=20250906&groups=80&limit=400,8d0b34685ad3d57d363290160eb4f778c3696c3f306caae5450e731187159c74,TIER_1_SOURCE_STALE_FOR_SEASON
ESPN-2025-401752810,2025,REGULAR_SEASON,2,2025-09-06T23:30:00Z,1757201400,158,Nebraska Cornhuskers,Nebraska,2006,Akron Zips,Akron,68,0,68,FBS,FBS,Big Ten Conference,Mid-American Conference,False,False,"Memorial Stadium (Lincoln, NE)",Lincoln,NE,REGULAR_SEASON,False,False,ESPN_PUBLIC_SCOREBOARD_API,TIER_2_MEDIA_AGGREGATOR,https://site.web.api.espn.com/apis/site/v2/sports/football/college-football/scoreboard?dates=20250906&groups=80&limit=400,8d0b34685ad3d57d363290160eb4f778c3696c3f306caae5450e731187159c74,TIER_1_SOURCE_STALE_FOR_SEASON
ESPN-2025-401752814,2025,REGULAR_SEASON,2,2025-09-06T23:30:00Z,1757201400,30,USC Trojans,USC,290,Georgia Southern Eagles,Georgia Southern,59,20,39,FBS,FBS,Big Ten Conference,Sun Belt Conference,False,False,Los Angeles Memorial Coliseum,Los Angeles,CA,REGULAR_SEASON,False,False,ESPN_PUBLIC_SCOREBOARD_API,TIER_2_MEDIA_AGGREGATOR,https://site.web.api.espn.com/apis/site/v2/sports/football/college-football/scoreboard?dates=20250906&groups=80&limit=400,8d0b34685ad3d57d363290160eb4f778c3696c3f306caae5450e731187159c74,TIER_1_SOURCE_STALE_FOR_SEASON
ESPN-2025-401752816,2025,REGULAR_SEASON,2,2025-09-06T23:30:00Z,1757201400,127,Michigan State Spartans,Michigan State,103,Boston College Eagles,Boston College,42,40,2,FBS,FBS,Big Ten Conference,Atlantic Coast Conference,False,False,Spartan Stadium,East Lansing,MI,REGULAR_SEASON,False,True,ESPN_PUBLIC_SCOREBOARD_API,TIER_2_MEDIA_AGGREGATOR,https://site.web.api.espn.com/apis/site/v2/sports/football/college-football/scoreboard?dates=20250906&groups=80&limit=400,8d0b34685ad3d57d363290160eb4f778c3696c3f306caae5450e731187159c74,TIER_1_SOURCE_STALE_FOR_SEASON
ESPN-2025-401752819,2025,REGULAR_SEASON,2,2025-09-06T23:30:00Z,1757201400,2509,Purdue Boilermakers,Purdue,79,Southern Illinois Salukis,Southern Illinois,34,17,17,FBS,FCS,Big Ten Conference,Missouri Valley Football Conference,True,False,Ross-Ade Stadium,West Lafayette,IN,REGULAR_SEASON,False,False,ESPN_PUBLIC_SCOREBOARD_API,TIER_2_MEDIA_AGGREGATOR,https://site.web.api.espn.com/apis/site/v2/sports/football/college-football/scoreboard?dates=20250906&groups=80&limit=400,8d0b34685ad3d57d363290160eb4f778c3696c3f306caae5450e731187159c74,TIER_1_SOURCE_STALE_FOR_SEASON
ESPN-2025-401761597,2025,REGULAR_SEASON,2,2025-09-06T23:30:00Z,1757201400,324,Coastal Carolina Chanticleers,Coastal Carolina,2127,Charleston Southern Buccaneers,Charleston Southern,13,0,13,FBS,FCS,Sun Belt Conference,Ohio Valley Conference,True,False,Brooks Stadium (SC),Conway,SC,REGULAR_SEASON,False,False,ESPN_PUBLIC_SCOREBOARD_API,TIER_2_MEDIA_AGGREGATOR,https://site.web.api.espn.com/apis/site/v2/sports/football/college-football/scoreboard?dates=20250906&groups=80&limit=400,8d0b34685ad3d57d363290160eb4f778c3696c3f306caae5450e731187159c74,TIER_1_SOURCE_STALE_FOR_SEASON
ESPN-2025-401752681,2025,REGULAR_SEASON,2,2025-09-06T23:45:00Z,1757202300,333,Alabama Crimson Tide,Alabama,2433,UL Monroe Warhawks,UL Monroe,73,0,73,FBS,FBS,Southeastern Conference,Sun Belt Conference,False,False,Bryant-Denny Stadium,Tuscaloosa,AL,REGULAR_SEASON,False,False,ESPN_PUBLIC_SCOREBOARD_API,TIER_2_MEDIA_AGGREGATOR,https://site.web.api.espn.com/apis/site/v2/sports/football/college-football/scoreboard?dates=20250906&groups=80&limit=400,8d0b34685ad3d57d363290160eb4f778c3696c3f306caae5450e731187159c74,TIER_1_SOURCE_STALE_FOR_SEASON
ESPN-2025-401752823,2025,REGULAR_SEASON,2,2025-09-07T00:00:00Z,1757203200,2439,UNLV Rebels,UNLV,26,UCLA Bruins,UCLA,30,23,7,FBS,FBS,Mountain West Conference,Big Ten Conference,False,False,Allegiant Stadium,Las Vegas,NV,REGULAR_SEASON,False,False,ESPN_PUBLIC_SCOREBOARD_API,TIER_2_MEDIA_AGGREGATOR,https://site.web.api.espn.com/apis/site/v2/sports/football/college-football/scoreboard?dates=20250906&groups=80&limit=400,8d0b34685ad3d57d363290160eb4f778c3696c3f306caae5450e731187159c74,TIER_1_SOURCE_STALE_FOR_SEASON
ESPN-2025-401761600,2025,REGULAR_SEASON,2,2025-09-07T00:00:00Z,1757203200,309,Louisiana Ragin' Cajuns,Louisiana,2377,McNeese Cowboys,McNeese,34,10,24,FBS,FCS,Sun Belt Conference,Southland Conference,True,False,Our Lady of Lourdes Stadium,Lafayette,LA,REGULAR_SEASON,False,False,ESPN_PUBLIC_SCOREBOARD_API,TIER_2_MEDIA_AGGREGATOR,https://site.web.api.espn.com/apis/site/v2/sports/football/college-football/scoreboard?dates=20250906&groups=80&limit=400,8d0b34685ad3d57d363290160eb4f778c3696c3f306caae5450e731187159c74,TIER_1_SOURCE_STALE_FOR_SEASON
ESPN-2025-401757229,2025,REGULAR_SEASON,2,2025-09-07T01:00:00Z,1757206800,166,New Mexico State Aggies,New Mexico State,202,Tulsa Golden Hurricane,Tulsa,21,14,7,FBS,FBS,Conference USA,American Conference,False,False,Aggie Memorial Stadium,Las Cruces,NM,REGULAR_SEASON,False,False,ESPN_PUBLIC_SCOREBOARD_API,TIER_2_MEDIA_AGGREGATOR,https://site.web.api.espn.com/apis/site/v2/sports/football/college-football/scoreboard?dates=20250906&groups=80&limit=400,8d0b34685ad3d57d363290160eb4f778c3696c3f306caae5450e731187159c74,TIER_1_SOURCE_STALE_FOR_SEASON
ESPN-2025-401757231,2025,REGULAR_SEASON,2,2025-09-07T01:00:00Z,1757206800,2638,UTEP Miners,UTEP,2630,UT Martin Skyhawks,UT Martin,42,17,25,FBS,FCS,Conference USA,Ohio Valley Conference,True,False,Sun Bowl,El Paso,TX,REGULAR_SEASON,False,False,ESPN_PUBLIC_SCOREBOARD_API,TIER_2_MEDIA_AGGREGATOR,https://site.web.api.espn.com/apis/site/v2/sports/football/college-football/scoreboard?dates=20250906&groups=80&limit=400,8d0b34685ad3d57d363290160eb4f778c3696c3f306caae5450e731187159c74,TIER_1_SOURCE_STALE_FOR_SEASON
ESPN-2025-401756879,2025,REGULAR_SEASON,2,2025-09-07T02:00:00Z,1757210400,12,Arizona Wildcats,Arizona,2692,Weber State Wildcats,Weber State,48,3,45,FBS,FCS,Big 12 Conference,Big Sky Conference,True,False,Casino Del Sol Stadium,Tucson,AZ,REGULAR_SEASON,False,False,ESPN_PUBLIC_SCOREBOARD_API,TIER_2_MEDIA_AGGREGATOR,https://site.web.api.espn.com/apis/site/v2/sports/football/college-football/scoreboard?dates=20250906&groups=80&limit=400,8d0b34685ad3d57d363290160eb4f778c3696c3f306caae5450e731187159c74,TIER_1_SOURCE_STALE_FOR_SEASON
ESPN-2025-401752948,2025,REGULAR_SEASON,2,2025-09-07T02:15:00Z,1757211300,265,Washington State Cougars,Washington State,21,San Diego State Aztecs,San Diego State,36,13,23,FBS,FBS,Pac-12 Conference,Mountain West Conference,False,False,Martin Stadium,Pullman,WA,REGULAR_SEASON,False,False,ESPN_PUBLIC_SCOREBOARD_API,TIER_2_MEDIA_AGGREGATOR,https://site.web.api.espn.com/apis/site/v2/sports/football/college-football/scoreboard?dates=20250906&groups=80&limit=400,8d0b34685ad3d57d363290160eb4f778c3696c3f306caae5450e731187159c74,TIER_1_SOURCE_STALE_FOR_SEASON
ESPN-2025-401754526,2025,REGULAR_SEASON,2,2025-09-07T02:15:00Z,1757211300,252,BYU Cougars,BYU,24,Stanford Cardinal,Stanford,27,3,24,FBS,FBS,Big 12 Conference,Atlantic Coast Conference,False,False,LaVell Edwards Stadium,Provo,UT,REGULAR_SEASON,False,False,ESPN_PUBLIC_SCOREBOARD_API,TIER_2_MEDIA_AGGREGATOR,https://site.web.api.espn.com/apis/site/v2/sports/football/college-football/scoreboard?dates=20250906&groups=80&limit=400,8d0b34685ad3d57d363290160eb4f778c3696c3f306caae5450e731187159c74,TIER_1_SOURCE_STALE_FOR_SEASON
ESPN-2025-401752821,2025,REGULAR_SEASON,2,2025-09-07T03:00:00Z,1757214000,264,Washington Huskies,Washington,302,UC Davis Aggies,UC Davis,70,10,60,FBS,FCS,Big Ten Conference,Big Sky Conference,True,False,Husky Stadium,Seattle,WA,REGULAR_SEASON,False,False,ESPN_PUBLIC_SCOREBOARD_API,TIER_2_MEDIA_AGGREGATOR,https://site.web.api.espn.com/apis/site/v2/sports/football/college-football/scoreboard?dates=20250906&groups=80&limit=400,8d0b34685ad3d57d363290160eb4f778c3696c3f306caae5450e731187159c74,TIER_1_SOURCE_STALE_FOR_SEASON
ESPN-2025-401757230,2025,REGULAR_SEASON,2,2025-09-07T03:59:00Z,1757217540,62,Hawai'i Rainbow Warriors,Hawai'i,2534,Sam Houston Bearkats,Sam Houston,37,20,17,FBS,FBS,Mountain West Conference,Conference USA,False,False,Clarence T.C. Ching Athletics Complex,Honolulu,HI,REGULAR_SEASON,False,False,ESPN_PUBLIC_SCOREBOARD_API,TIER_2_MEDIA_AGGREGATOR,https://site.web.api.espn.com/apis/site/v2/sports/football/college-football/scoreboard?dates=20250906&groups=80&limit=400,8d0b34685ad3d57d363290160eb4f778c3696c3f306caae5450e731187159c74,TIER_1_SOURCE_STALE_FOR_SEASON
ESPN-2025-401754531,2025,REGULAR_SEASON,3,2025-09-11T23:30:00Z,1757633400,154,Wake Forest Demon Deacons,Wake Forest,152,NC State Wolfpack,NC State,24,34,-10,FBS,FBS,Atlantic Coast Conference,Atlantic Coast Conference,False,False,Allegacy Federal Credit Union Stadium,Winston-Salem,NC,REGULAR_SEASON,True,False,ESPN_PUBLIC_SCOREBOARD_API,TIER_2_MEDIA_AGGREGATOR,https://site.web.api.espn.com/apis/site/v2/sports/football/college-football/scoreboard?dates=20250911&groups=80&limit=400,283b451557f77b190a51aa99d4f8311f14921c543fda8b79c90b0737a62a2026,TIER_1_SOURCE_STALE_FOR_SEASON
ESPN-2025-401752836,2025,REGULAR_SEASON,3,2025-09-12T22:30:00Z,1757716200,84,Indiana Hoosiers,Indiana,282,Indiana State Sycamores,Indiana State,73,0,73,FBS,FCS,Big Ten Conference,Missouri Valley Football Conference,True,False,"Memorial Stadium (Bloomington, IN)",Bloomington,IN,REGULAR_SEASON,False,False,ESPN_PUBLIC_SCOREBOARD_API,TIER_2_MEDIA_AGGREGATOR,https://site.web.api.espn.com/apis/site/v2/sports/football/college-football/scoreboard?dates=20250912&groups=80&limit=400,c8927359e22b215756ed8dbb3e8329cfeb6d37f4f806269fdf97987d10232f3a,TIER_1_SOURCE_STALE_FOR_SEASON
ESPN-2025-401754532,2025,REGULAR_SEASON,3,2025-09-12T23:00:00Z,1757718000,183,Syracuse Orange,Syracuse,2142,Colgate Raiders,Colgate,66,24,42,FBS,FCS,Atlantic Coast Conference,Patriot League,True,False,JMA Wireless Dome,Syracuse,NY,REGULAR_SEASON,False,False,ESPN_PUBLIC_SCOREBOARD_API,TIER_2_MEDIA_AGGREGATOR,https://site.web.api.espn.com/apis/site/v2/sports/football/college-football/scoreboard?dates=20250912&groups=80&limit=400,c8927359e22b215756ed8dbb3e8329cfeb6d37f4f806269fdf97987d10232f3a,TIER_1_SOURCE_STALE_FOR_SEASON
ESPN-2025-401756893,2025,REGULAR_SEASON,3,2025-09-12T23:30:00Z,1757719800,248,Houston Cougars,Houston,38,Colorado Buffaloes,Colorado,36,20,16,FBS,FBS,Big 12 Conference,Big 12 Conference,False,False,TDECU Stadium,Houston,TX,REGULAR_SEASON,True,False,ESPN_PUBLIC_SCOREBOARD_API,TIER_2_MEDIA_AGGREGATOR,https://site.web.api.espn.com/apis/site/v2/sports/football/college-football/scoreboard?dates=20250912&groups=80&limit=400,c8927359e22b215756ed8dbb3e8329cfeb6d37f4f806269fdf97987d10232f3a,TIER_1_SOURCE_STALE_FOR_SEASON
ESPN-2025-401756888,2025,REGULAR_SEASON,3,2025-09-13T01:00:00Z,1757725200,12,Arizona Wildcats,Arizona,2306,Kansas State Wildcats,Kansas State,23,17,6,FBS,FBS,Big 12 Conference,Big 12 Conference,False,False,Casino Del Sol Stadium,Tucson,AZ,REGULAR_SEASON,False,False,ESPN_PUBLIC_SCOREBOARD_API,TIER_2_MEDIA_AGGREGATOR,https://site.web.api.espn.com/apis/site/v2/sports/football/college-football/scoreboard?dates=20250912&groups=80&limit=400,c8927359e22b215756ed8dbb3e8329cfeb6d37f4f806269fdf97987d10232f3a,TIER_1_SOURCE_STALE_FOR_SEASON
ESPN-2025-401752837,2025,REGULAR_SEASON,3,2025-09-13T02:00:00Z,1757728800,26,UCLA Bruins,UCLA,167,New Mexico Lobos,New Mexico,10,35,-25,FBS,FBS,Big Ten Conference,Mountain West Conference,False,False,Rose Bowl,Pasadena,CA,REGULAR_SEASON,False,False,ESPN_PUBLIC_SCOREBOARD_API,TIER_2_MEDIA_AGGREGATOR,https://site.web.api.espn.com/apis/site/v2/sports/football/college-football/scoreboard?dates=20250912&groups=80&limit=400,c8927359e22b215756ed8dbb3e8329cfeb6d37f4f806269fdf97987d10232f3a,TIER_1_SOURCE_STALE_FOR_SEASON
ESPN-2025-401752696,2025,REGULAR_SEASON,3,2025-09-13T16:00:00Z,1757779200,333,Alabama Crimson Tide,Alabama,275,Wisconsin Badgers,Wisconsin,38,14,24,FBS,FBS,Southeastern Conference,Big Ten Conference,False,False,Bryant-Denny Stadium,Tuscaloosa,AL,REGULAR_SEASON,False,False,ESPN_PUBLIC_SCOREBOARD_API,TIER_2_MEDIA_AGGREGATOR,https://site.web.api.espn.com/apis/site/v2/sports/football/college-football/scoreboard?dates=20250913&groups=80&limit=400,d6e7ede8cf627c3c280f21fd367c979f742491b77dba9060e6724b729b89d486,TIER_1_SOURCE_STALE_FOR_SEASON
ESPN-2025-401752703,2025,REGULAR_SEASON,3,2025-09-13T16:00:00Z,1757779200,218,Temple Owls,Temple,201,Oklahoma Sooners,Oklahoma,3,42,-39,FBS,FBS,American Conference,Southeastern Conference,False,False,Lincoln Financial Field,Philadelphia,PA,REGULAR_SEASON,False,False,ESPN_PUBLIC_SCOREBOARD_API,TIER_2_MEDIA_AGGREGATOR,https://site.web.api.espn.com/apis/site/v2/sports/football/college-football/scoreboard?dates=20250913&groups=80&limit=400,d6e7ede8cf627c3c280f21fd367c979f742491b77dba9060e6724b729b89d486,TIER_1_SOURCE_STALE_FOR_SEASON
ESPN-2025-401752828,2025,REGULAR_SEASON,3,2025-09-13T16:00:00Z,1757779200,158,Nebraska Cornhuskers,Nebraska,2277,Houston Christian Huskies,Houston Christian,59,7,52,FBS,FCS,Big Ten Conference,Southland Conference,True,False,"Memorial Stadium (Lincoln, NE)",Lincoln,NE,REGULAR_SEASON,False,False,ESPN_PUBLIC_SCOREBOARD_API,TIER_2_MEDIA_AGGREGATOR,https://site.web.api.espn.com/apis/site/v2/sports/football/college-football/scoreboard?dates=20250913&groups=80&limit=400,d6e7ede8cf627c3c280f21fd367c979f742491b77dba9060e6724b729b89d486,TIER_1_SOURCE_STALE_FOR_SEASON
ESPN-2025-401752831,2025,REGULAR_SEASON,3,2025-09-13T16:00:00Z,1757779200,77,Northwestern Wildcats,Northwestern,2483,Oregon Ducks,Oregon,14,34,-20,FBS,FBS,Big Ten Conference,Big Ten Conference,False,False,Northwestern Medicine Field at Martin Stadium,Evanston,IL,REGULAR_SEASON,True,False,ESPN_PUBLIC_SCOREBOARD_API,TIER_2_MEDIA_AGGREGATOR,https://site.web.api.espn.com/apis/site/v2/sports/football/college-football/scoreboard?dates=20250913&groups=80&limit=400,d6e7ede8cf627c3c280f21fd367c979f742491b77dba9060e6724b729b89d486,TIER_1_SOURCE_STALE_FOR_SEASON
ESPN-2025-401752838,2025,REGULAR_SEASON,3,2025-09-13T16:00:00Z,1757779200,120,Maryland Terrapins,Maryland,119,Towson Tigers,Towson,44,17,27,FBS,FCS,Big Ten Conference,Coastal Athletic Association,True,False,SECU Stadium,College Park,MD,REGULAR_SEASON,False,False,ESPN_PUBLIC_SCOREBOARD_API,TIER_2_MEDIA_AGGREGATOR,https://site.web.api.espn.com/apis/site/v2/sports/football/college-football/scoreboard?dates=20250913&groups=80&limit=400,d6e7ede8cf627c3c280f21fd367c979f742491b77dba9060e6724b729b89d486,TIER_1_SOURCE_STALE_FOR_SEASON
ESPN-2025-401752839,2025,REGULAR_SEASON,3,2025-09-13T16:00:00Z,1757779200,130,Michigan Wolverines,Michigan,2117,Central Michigan Chippewas,Central Michigan,63,3,60,FBS,FBS,Big Ten Conference,Mid-American Conference,False,False,Michigan Stadium,Ann Arbor,MI,REGULAR_SEASON,False,False,ESPN_PUBLIC_SCOREBOARD_API,TIER_2_MEDIA_AGGREGATOR,https://site.web.api.espn.com/apis/site/v2/sports/football/college-football/scoreboard?dates=20250913&groups=80&limit=400,d6e7ede8cf627c3c280f21fd367c979f742491b77dba9060e6724b729b89d486,TIER_1_SOURCE_STALE_FOR_SEASON
ESPN-2025-401754619,2025,REGULAR_SEASON,3,2025-09-13T16:00:00Z,1757779200,258,Virginia Cavaliers,Virginia,2729,William & Mary Tribe,William & Mary,55,16,39,FBS,FCS,Atlantic Coast Conference,Coastal Athletic Association,True,False,Scott Stadium,Charlottesville,VA,REGULAR_SEASON,False,False,ESPN_PUBLIC_SCOREBOARD_API,TIER_2_MEDIA_AGGREGATOR,https://site.web.api.espn.com/apis/site/v2/sports/football/college-football/scoreboard?dates=20250913&groups=80&limit=400,d6e7ede8cf627c3c280f21fd367c979f742491b77dba9060e6724b729b89d486,TIER_1_SOURCE_STALE_FOR_SEASON
ESPN-2025-401754623,2025,REGULAR_SEASON,3,2025-09-13T16:00:00Z,1757779200,59,Georgia Tech Yellow Jackets,Georgia Tech,228,Clemson Tigers,Clemson,24,21,3,FBS,FBS,Atlantic Coast Conference,Atlantic Coast Conference,False,False,Bobby Dodd Stadium,Atlanta,GA,REGULAR_SEASON,True,False,ESPN_PUBLIC_SCOREBOARD_API,TIER_2_MEDIA_AGGREGATOR,https://site.web.api.espn.com/apis/site/v2/sports/football/college-football/scoreboard?dates=20250913&groups=80&limit=400,d6e7ede8cf627c3c280f21fd367c979f742491b77dba9060e6724b729b89d486,TIER_1_SOURCE_STALE_FOR_SEASON
ESPN-2025-401756891,2025,REGULAR_SEASON,3,2025-09-13T16:00:00Z,1757779200,239,Baylor Bears,Baylor,2535,Samford Bulldogs,Samford,42,7,35,FBS,FCS,Big 12 Conference,Southern Conference,True,False,McLane Stadium,Waco,TX,REGULAR_SEASON,False,False,ESPN_PUBLIC_SCOREBOARD_API,TIER_2_MEDIA_AGGREGATOR,https://site.web.api.espn.com/apis/site/v2/sports/football/college-football/scoreboard?dates=20250913&groups=80&limit=400,d6e7ede8cf627c3c280f21fd367c979f742491b77dba9060e6724b729b89d486,TIER_1_SOURCE_STALE_FOR_SEASON
ESPN-2025-401761608,2025,REGULAR_SEASON,3,2025-09-13T16:00:00Z,1757779200,2653,Troy Trojans,Troy,235,Memphis Tigers,Memphis,7,28,-21,FBS,FBS,Sun Belt Conference,American Conference,False,False,Veterans Memorial Stadium (AL),Troy,AL,REGULAR_SEASON,False,False,ESPN_PUBLIC_SCOREBOARD_API,TIER_2_MEDIA_AGGREGATOR,https://site.web.api.espn.com/apis/site/v2/sports/football/college-football/scoreboard?dates=20250913&groups=80&limit=400,d6e7ede8cf627c3c280f21fd367c979f742491b77dba9060e6724b729b89d486,TIER_1_SOURCE_STALE_FOR_SEASON
ESPN-2025-401762817,2025,REGULAR_SEASON,3,2025-09-13T16:00:00Z,1757779200,2309,Kent State Golden Flashes,Kent State,2084,Buffalo Bulls,Buffalo,28,31,-3,FBS,FBS,Mid-American Conference,Mid-American Conference,False,False,Zoeller Field at Dix Stadium,Kent,OH,REGULAR_SEASON,True,False,ESPN_PUBLIC_SCOREBOARD_API,TIER_2_MEDIA_AGGREGATOR,https://site.web.api.espn.com/apis/site/v2/sports/football/college-football/scoreboard?dates=20250913&groups=80&limit=400,d6e7ede8cf627c3c280f21fd367c979f742491b77dba9060e6724b729b89d486,TIER_1_SOURCE_STALE_FOR_SEASON
ESPN-2025-401752697,2025,REGULAR_SEASON,3,2025-09-13T16:45:00Z,1757781900,2,Auburn Tigers,Auburn,6,South Alabama Jaguars,South Alabama,31,15,16,FBS,FBS,Southeastern Conference,Sun Belt Conference,False,False,Jordan-Hare Stadium,Auburn,AL,REGULAR_SEASON,False,False,ESPN_PUBLIC_SCOREBOARD_API,TIER_2_MEDIA_AGGREGATOR,https://site.web.api.espn.com/apis/site/v2/sports/football/college-football/scoreboard?dates=20250913&groups=80&limit=400,d6e7ede8cf627c3c280f21fd367c979f742491b77dba9060e6724b729b89d486,TIER_1_SOURCE_STALE_FOR_SEASON
ESPN-2025-401752702,2025,REGULAR_SEASON,3,2025-09-13T17:00:00Z,1757782800,142,Missouri Tigers,Missouri,309,Louisiana Ragin' Cajuns,Louisiana,52,10,42,FBS,FBS,Southeastern Conference,Sun Belt Conference,False,False,Memorial Stadium,Columbia,MO,REGULAR_SEASON,False,False,ESPN_PUBLIC_SCOREBOARD_API,TIER_2_MEDIA_AGGREGATOR,https://site.web.api.espn.com/apis/site/v2/sports/football/college-football/scoreboard?dates=20250913&groups=80&limit=400,d6e7ede8cf627c3c280f21fd367c979f742491b77dba9060e6724b729b89d486,TIER_1_SOURCE_STALE_FOR_SEASON
ESPN-2025-401762818,2025,REGULAR_SEASON,3,2025-09-13T18:00:00Z,1757786400,2050,Ball State Cardinals,Ball State,160,New Hampshire Wildcats,New Hampshire,34,29,5,FBS,FCS,Mid-American Conference,Coastal Athletic Association,True,False,Scheumann Stadium,Muncie,IN,REGULAR_SEASON,False,False,ESPN_PUBLIC_SCOREBOARD_API,TIER_2_MEDIA_AGGREGATOR,https://site.web.api.espn.com/apis/site/v2/sports/football/college-football/scoreboard?dates=20250913&groups=80&limit=400,d6e7ede8cf627c3c280f21fd367c979f742491b77dba9060e6724b729b89d486,TIER_1_SOURCE_STALE_FOR_SEASON
ESPN-2025-401757168,2025,REGULAR_SEASON,3,2025-09-13T19:00:00Z,1757790000,48,Delaware Blue Hens,Delaware,41,UConn Huskies,UConn,44,41,3,FBS,FBS,Conference USA,FBS Independents,False,False,Delaware Stadium,Newark,DE,REGULAR_SEASON,False,True,ESPN_PUBLIC_SCOREBOARD_API,TIER_2_MEDIA_AGGREGATOR,https://site.web.api.espn.com/apis/site/v2/sports/football/college-football/scoreboard?dates=20250913&groups=80&limit=400,d6e7ede8cf627c3c280f21fd367c979f742491b77dba9060e6724b729b89d486,TIER_1_SOURCE_STALE_FOR_SEASON
ESPN-2025-401752705,2025,REGULAR_SEASON,3,2025-09-13T19:30:00Z,1757791800,2633,Tennessee Volunteers,Tennessee,61,Georgia Bulldogs,Georgia,41,44,-3,FBS,FBS,Southeastern Conference,Southeastern Conference,False,False,Neyland Stadium,Knoxville,TN,REGULAR_SEASON,True,True,ESPN_PUBLIC_SCOREBOARD_API,TIER_2_MEDIA_AGGREGATOR,https://site.web.api.espn.com/apis/site/v2/sports/football/college-football/scoreboard?dates=20250913&groups=80&limit=400,d6e7ede8cf627c3c280f21fd367c979f742491b77dba9060e6724b729b89d486,TIER_1_SOURCE_STALE_FOR_SEASON
ESPN-2025-401752833,2025,REGULAR_SEASON,3,2025-09-13T19:30:00Z,1757791800,164,Rutgers Scarlet Knights,Rutgers,2450,Norfolk State Spartans,Norfolk State,60,10,50,FBS,FCS,Big Ten Conference,Mid-Eastern Athletic Conference,True,False,SHI Stadium,Piscataway,NJ,REGULAR_SEASON,False,False,ESPN_PUBLIC_SCOREBOARD_API,TIER_2_MEDIA_AGGREGATOR,https://site.web.api.espn.com/apis/site/v2/sports/football/college-football/scoreboard?dates=20250913&groups=80&limit=400,d6e7ede8cf627c3c280f21fd367c979f742491b77dba9060e6724b729b89d486,TIER_1_SOURCE_STALE_FOR_SEASON
ESPN-2025-401752834,2025,REGULAR_SEASON,3,2025-09-13T19:30:00Z,1757791800,127,Michigan State Spartans,Michigan State,2754,Youngstown State Penguins,Youngstown State,41,24,17,FBS,FCS,Big Ten Conference,Missouri Valley Football Conference,True,False,Spartan Stadium,East Lansing,MI,REGULAR_SEASON,False,False,ESPN_PUBLIC_SCOREBOARD_API,TIER_2_MEDIA_AGGREGATOR,https://site.web.api.espn.com/apis/site/v2/sports/football/college-football/scoreboard?dates=20250913&groups=80&limit=400,d6e7ede8cf627c3c280f21fd367c979f742491b77dba9060e6724b729b89d486,TIER_1_SOURCE_STALE_FOR_SEASON
ESPN-2025-401752835,2025,REGULAR_SEASON,3,2025-09-13T19:30:00Z,1757791800,213,Penn State Nittany Lions,Penn State,222,Villanova Wildcats,Villanova,52,6,46,FBS,FCS,Big Ten Conference,Coastal Athletic Association,True,False,Beaver Stadium,University Park,PA,REGULAR_SEASON,False,False,ESPN_PUBLIC_SCOREBOARD_API,TIER_2_MEDIA_AGGREGATOR,https://site.web.api.espn.com/apis/site/v2/sports/football/college-football/scoreboard?dates=20250913&groups=80&limit=400,d6e7ede8cf627c3c280f21fd367c979f742491b77dba9060e6724b729b89d486,TIER_1_SOURCE_STALE_FOR_SEASON
ESPN-2025-401752938,2025,REGULAR_SEASON,3,2025-09-13T19:30:00Z,1757791800,2641,Texas Tech Red Raiders,Texas Tech,204,Oregon State Beavers,Oregon State,45,14,31,FBS,FBS,Big 12 Conference,Pac-12 Conference,False,False,Galaxy Stadium,Lubbock,TX,REGULAR_SEASON,False,False,ESPN_PUBLIC_SCOREBOARD_API,TIER_2_MEDIA_AGGREGATOR,https://site.web.api.espn.com/apis/site/v2/sports/football/college-football/scoreboard?dates=20250913&groups=80&limit=400,d6e7ede8cf627c3c280f21fd367c979f742491b77dba9060e6724b729b89d486,TIER_1_SOURCE_STALE_FOR_SEASON
ESPN-2025-401752949,2025,REGULAR_SEASON,3,2025-09-13T19:30:00Z,1757791800,249,North Texas Mean Green,North Texas,265,Washington State Cougars,Washington State,59,10,49,FBS,FBS,American Conference,Pac-12 Conference,False,False,DATCU Stadium,Denton,TX,REGULAR_SEASON,False,False,ESPN_PUBLIC_SCOREBOARD_API,TIER_2_MEDIA_AGGREGATOR,https://site.web.api.espn.com/apis/site/v2/sports/football/college-football/scoreboard?dates=20250913&groups=80&limit=400,d6e7ede8cf627c3c280f21fd367c979f742491b77dba9060e6724b729b89d486,TIER_1_SOURCE_STALE_FOR_SEASON
ESPN-2025-401754615,2025,REGULAR_SEASON,3,2025-09-13T19:30:00Z,1757791800,2623,Missouri State Bears,Missouri State,2567,SMU Mustangs,SMU,10,28,-18,FBS,FBS,Conference USA,Atlantic Coast Conference,False,False,Robert W. Plaster Stadium,Springfield,MO,REGULAR_SEASON,False,False,ESPN_PUBLIC_SCOREBOARD_API,TIER_2_MEDIA_AGGREGATOR,https://site.web.api.espn.com/apis/site/v2/sports/football/college-football/scoreboard?dates=20250913&groups=80&limit=400,d6e7ede8cf627c3c280f21fd367c979f742491b77dba9060e6724b729b89d486,TIER_1_SOURCE_STALE_FOR_SEASON
ESPN-2025-401754638,2025,REGULAR_SEASON,3,2025-09-13T19:30:00Z,1757791800,277,West Virginia Mountaineers,West Virginia,221,Pittsburgh Panthers,Pittsburgh,31,24,7,FBS,FBS,Big 12 Conference,Atlantic Coast Conference,False,False,Milan Puskar Stadium,Morgantown,WV,REGULAR_SEASON,False,True,ESPN_PUBLIC_SCOREBOARD_API,TIER_2_MEDIA_AGGREGATOR,https://site.web.api.espn.com/apis/site/v2/sports/football/college-football/scoreboard?dates=20250913&groups=80&limit=400,d6e7ede8cf627c3c280f21fd367c979f742491b77dba9060e6724b729b89d486,TIER_1_SOURCE_STALE_FOR_SEASON
ESPN-2025-401754639,2025,REGULAR_SEASON,3,2025-09-13T19:30:00Z,1757791800,153,North Carolina Tar Heels,North Carolina,257,Richmond Spiders,Richmond,41,6,35,FBS,FCS,Atlantic Coast Conference,Patriot League,True,False,Kenan Stadium,Chapel Hill,NC,REGULAR_SEASON,False,False,ESPN_PUBLIC_SCOREBOARD_API,TIER_2_MEDIA_AGGREGATOR,https://site.web.api.espn.com/apis/site/v2/sports/football/college-football/scoreboard?dates=20250913&groups=80&limit=400,d6e7ede8cf627c3c280f21fd367c979f742491b77dba9060e6724b729b89d486,TIER_1_SOURCE_STALE_FOR_SEASON
ESPN-2025-401756892,2025,REGULAR_SEASON,3,2025-09-13T19:30:00Z,1757791800,2132,Cincinnati Bearcats,Cincinnati,2466,Northwestern State Demons,Northwestern State,70,0,70,FBS,FCS,Big 12 Conference,Southland Conference,True,False,Nippert Stadium,Cincinnati,OH,REGULAR_SEASON,False,False,ESPN_PUBLIC_SCOREBOARD_API,TIER_2_MEDIA_AGGREGATOR,https://site.web.api.espn.com/apis/site/v2/sports/football/college-football/scoreboard?dates=20250913&groups=80&limit=400,d6e7ede8cf627c3c280f21fd367c979f742491b77dba9060e6724b729b89d486,TIER_1_SOURCE_STALE_FOR_SEASON
ESPN-2025-401762467,2025,REGULAR_SEASON,3,2025-09-13T19:30:00Z,1757791800,2636,UTSA Roadrunners,UTSA,2916,Incarnate Word Cardinals,Incarnate Word,48,20,28,FBS,FCS,American Conference,Southland Conference,True,False,Alamodome,San Antonio,TX,REGULAR_SEASON,False,False,ESPN_PUBLIC_SCOREBOARD_API,TIER_2_MEDIA_AGGREGATOR,https://site.web.api.espn.com/apis/site/v2/sports/football/college-football/scoreboard?dates=20250913&groups=80&limit=400,d6e7ede8cf627c3c280f21fd367c979f742491b77dba9060e6724b729b89d486,TIER_1_SOURCE_STALE_FOR_SEASON
ESPN-2025-401762819,2025,REGULAR_SEASON,3,2025-09-13T19:30:00Z,1757791800,2649,Toledo Rockets,Toledo,2415,Morgan State Bears,Morgan State,60,0,60,FBS,FCS,Mid-American Conference,Mid-Eastern Athletic Conference,True,False,Glass Bowl,Toledo,OH,REGULAR_SEASON,False,False,ESPN_PUBLIC_SCOREBOARD_API,TIER_2_MEDIA_AGGREGATOR,https://site.web.api.espn.com/apis/site/v2/sports/football/college-football/scoreboard?dates=20250913&groups=80&limit=400,d6e7ede8cf627c3c280f21fd367c979f742491b77dba9060e6724b729b89d486,TIER_1_SOURCE_STALE_FOR_SEASON
ESPN-2025-401756890,2025,REGULAR_SEASON,3,2025-09-13T20:00:00Z,1757793600,2032,Arkansas State Red Wolves,Arkansas State,66,Iowa State Cyclones,Iowa State,16,24,-8,FBS,FBS,Sun Belt Conference,Big 12 Conference,False,False,Centennial Bank Stadium,Jonesboro,AR,REGULAR_SEASON,False,False,ESPN_PUBLIC_SCOREBOARD_API,TIER_2_MEDIA_AGGREGATOR,https://site.web.api.espn.com/apis/site/v2/sports/football/college-football/scoreboard?dates=20250913&groups=80&limit=400,d6e7ede8cf627c3c280f21fd367c979f742491b77dba9060e6724b729b89d486,TIER_1_SOURCE_STALE_FOR_SEASON
ESPN-2025-401752706,2025,REGULAR_SEASON,3,2025-09-13T20:15:00Z,1757794500,251,Texas Longhorns,Texas,2638,UTEP Miners,UTEP,27,10,17,FBS,FBS,Southeastern Conference,Conference USA,False,False,DKR-Texas Memorial Stadium,Austin,TX,REGULAR_SEASON,False,False,ESPN_PUBLIC_SCOREBOARD_API,TIER_2_MEDIA_AGGREGATOR,https://site.web.api.espn.com/apis/site/v2/sports/football/college-football/scoreboard?dates=20250913&groups=80&limit=400,d6e7ede8cf627c3c280f21fd367c979f742491b77dba9060e6724b729b89d486,TIER_1_SOURCE_STALE_FOR_SEASON
ESPN-2025-401754535,2025,REGULAR_SEASON,3,2025-09-13T20:30:00Z,1757795400,2390,Miami Hurricanes,Miami,58,South Florida Bulls,South Florida,49,12,37,FBS,FBS,Atlantic Coast Conference,American Conference,False,False,Hard Rock Stadium,Miami Gardens,FL,REGULAR_SEASON,False,False,ESPN_PUBLIC_SCOREBOARD_API,TIER_2_MEDIA_AGGREGATOR,https://site.web.api.espn.com/apis/site/v2/sports/football/college-football/scoreboard?dates=20250913&groups=80&limit=400,d6e7ede8cf627c3c280f21fd367c979f742491b77dba9060e6724b729b89d486,TIER_1_SOURCE_STALE_FOR_SEASON
ESPN-2025-401757256,2025,REGULAR_SEASON,3,2025-09-13T21:00:00Z,1757797200,189,Bowling Green Falcons,Bowling Green,2335,Liberty Flames,Liberty,23,13,10,FBS,FBS,Mid-American Conference,Conference USA,False,False,Doyt L. Perry Stadium,Bowling Green,OH,REGULAR_SEASON,False,False,ESPN_PUBLIC_SCOREBOARD_API,TIER_2_MEDIA_AGGREGATOR,https://site.web.api.espn.com/apis/site/v2/sports/football/college-football/scoreboard?dates=20250913&groups=80&limit=400,d6e7ede8cf627c3c280f21fd367c979f742491b77dba9060e6724b729b89d486,TIER_1_SOURCE_STALE_FOR_SEASON
ESPN-2025-401757258,2025,REGULAR_SEASON,3,2025-09-13T21:00:00Z,1757797200,2440,Nevada Wolf Pack,Nevada,2393,Middle Tennessee Blue Raiders,Middle Tennessee,13,14,-1,FBS,FBS,Mountain West Conference,Conference USA,False,False,Mackay Stadium,Reno,NV,REGULAR_SEASON,False,False,ESPN_PUBLIC_SCOREBOARD_API,TIER_2_MEDIA_AGGREGATOR,https://site.web.api.espn.com/apis/site/v2/sports/football/college-football/scoreboard?dates=20250913&groups=80&limit=400,d6e7ede8cf627c3c280f21fd367c979f742491b77dba9060e6724b729b89d486,TIER_1_SOURCE_STALE_FOR_SEASON
ESPN-2025-401752701,2025,REGULAR_SEASON,3,2025-09-13T22:00:00Z,1757800800,344,Mississippi State Bulldogs,Mississippi State,2016,Alcorn State Braves,Alcorn State,63,0,63,FBS,FCS,Southeastern Conference,Southwestern Athletic Conference,True,False,Davis Wade Stadium,Starkville,MS,REGULAR_SEASON,False,False,ESPN_PUBLIC_SCOREBOARD_API,TIER_2_MEDIA_AGGREGATOR,https://site.web.api.espn.com/apis/site/v2/sports/football/college-football/scoreboard?dates=20250913&groups=80&limit=400,d6e7ede8cf627c3c280f21fd367c979f742491b77dba9060e6724b729b89d486,TIER_1_SOURCE_STALE_FOR_SEASON
ESPN-2025-401757235,2025,REGULAR_SEASON,3,2025-09-13T22:00:00Z,1757800800,338,Kennesaw State Owls,Kennesaw State,2771,Merrimack Warriors,Merrimack,27,13,14,FBS,FCS,Conference USA,FCS Independents,True,False,Walens Family Field at Fifth Third Stadium,Kennesaw,GA,REGULAR_SEASON,False,False,ESPN_PUBLIC_SCOREBOARD_API,TIER_2_MEDIA_AGGREGATOR,https://site.web.api.espn.com/apis/site/v2/sports/football/college-football/scoreboard?dates=20250913&groups=80&limit=400,d6e7ede8cf627c3c280f21fd367c979f742491b77dba9060e6724b729b89d486,TIER_1_SOURCE_STALE_FOR_SEASON
ESPN-2025-401761606,2025,REGULAR_SEASON,3,2025-09-13T22:00:00Z,1757800800,276,Marshall Thundering Herd,Marshall,2198,Eastern Kentucky Colonels,Eastern Kentucky,38,7,31,FBS,FCS,Sun Belt Conference,United Athletic Conference,True,False,Joan C. Edwards Stadium,Huntington,WV,REGULAR_SEASON,False,False,ESPN_PUBLIC_SCOREBOARD_API,TIER_2_MEDIA_AGGREGATOR,https://site.web.api.espn.com/apis/site/v2/sports/football/college-football/scoreboard?dates=20250913&groups=80&limit=400,d6e7ede8cf627c3c280f21fd367c979f742491b77dba9060e6724b729b89d486,TIER_1_SOURCE_STALE_FOR_SEASON
ESPN-2025-401762464,2025,REGULAR_SEASON,3,2025-09-13T22:00:00Z,1757800800,2429,Charlotte 49ers,Charlotte,2405,Monmouth Hawks,Monmouth,42,35,7,FBS,FCS,American Conference,Coastal Athletic Association,True,False,Jerry Richardson Stadium,Charlotte,NC,REGULAR_SEASON,False,False,ESPN_PUBLIC_SCOREBOARD_API,TIER_2_MEDIA_AGGREGATOR,https://site.web.api.espn.com/apis/site/v2/sports/football/college-football/scoreboard?dates=20250913&groups=80&limit=400,d6e7ede8cf627c3c280f21fd367c979f742491b77dba9060e6724b729b89d486,TIER_1_SOURCE_STALE_FOR_SEASON
ESPN-2025-401752832,2025,REGULAR_SEASON,3,2025-09-13T22:45:00Z,1757803500,2509,Purdue Boilermakers,Purdue,30,USC Trojans,USC,17,33,-16,FBS,FBS,Big Ten Conference,Big Ten Conference,False,False,Ross-Ade Stadium,West Lafayette,IN,REGULAR_SEASON,True,False,ESPN_PUBLIC_SCOREBOARD_API,TIER_2_MEDIA_AGGREGATOR,https://site.web.api.espn.com/apis/site/v2/sports/football/college-football/scoreboard?dates=20250913&groups=80&limit=400,d6e7ede8cf627c3c280f21fd367c979f742491b77dba9060e6724b729b89d486,TIER_1_SOURCE_STALE_FOR_SEASON
ESPN-2025-401752700,2025,REGULAR_SEASON,3,2025-09-13T23:00:00Z,1757804400,145,Ole Miss Rebels,Ole Miss,8,Arkansas Razorbacks,Arkansas,41,35,6,FBS,FBS,Southeastern Conference,Southeastern Conference,False,False,Vaught-Hemingway Stadium,Oxford,MS,REGULAR_SEASON,True,False,ESPN_PUBLIC_SCOREBOARD_API,TIER_2_MEDIA_AGGREGATOR,https://site.web.api.espn.com/apis/site/v2/sports/football/college-football/scoreboard?dates=20250913&groups=80&limit=400,d6e7ede8cf627c3c280f21fd367c979f742491b77dba9060e6724b729b89d486,TIER_1_SOURCE_STALE_FOR_SEASON
ESPN-2025-401752827,2025,REGULAR_SEASON,3,2025-09-13T23:00:00Z,1757804400,194,Ohio State Buckeyes,Ohio State,195,Ohio Bobcats,Ohio,37,9,28,FBS,FBS,Big Ten Conference,Mid-American Conference,False,False,Ohio Stadium,Columbus,OH,REGULAR_SEASON,False,False,ESPN_PUBLIC_SCOREBOARD_API,TIER_2_MEDIA_AGGREGATOR,https://site.web.api.espn.com/apis/site/v2/sports/football/college-football/scoreboard?dates=20250913&groups=80&limit=400,d6e7ede8cf627c3c280f21fd367c979f742491b77dba9060e6724b729b89d486,TIER_1_SOURCE_STALE_FOR_SEASON
ESPN-2025-401752829,2025,REGULAR_SEASON,3,2025-09-13T23:00:00Z,1757804400,356,Illinois Fighting Illini,Illinois,2711,Western Michigan Broncos,Western Michigan,38,0,38,FBS,FBS,Big Ten Conference,Mid-American Conference,False,False,Gies Memorial Stadium,Champaign,IL,REGULAR_SEASON,False,False,ESPN_PUBLIC_SCOREBOARD_API,TIER_2_MEDIA_AGGREGATOR,https://site.web.api.espn.com/apis/site/v2/sports/football/college-football/scoreboard?dates=20250913&groups=80&limit=400,d6e7ede8cf627c3c280f21fd367c979f742491b77dba9060e6724b729b89d486,TIER_1_SOURCE_STALE_FOR_SEASON
ESPN-2025-401754536,2025,REGULAR_SEASON,3,2025-09-13T23:00:00Z,1757804400,259,Virginia Tech Hokies,Virginia Tech,295,Old Dominion Monarchs,Old Dominion,26,45,-19,FBS,FBS,Atlantic Coast Conference,Sun Belt Conference,False,False,Lane Stadium,Blacksburg,VA,REGULAR_SEASON,False,False,ESPN_PUBLIC_SCOREBOARD_API,TIER_2_MEDIA_AGGREGATOR,https://site.web.api.espn.com/apis/site/v2/sports/football/college-football/scoreboard?dates=20250913&groups=80&limit=400,d6e7ede8cf627c3c280f21fd367c979f742491b77dba9060e6724b729b89d486,TIER_1_SOURCE_STALE_FOR_SEASON
ESPN-2025-401757234,2025,REGULAR_SEASON,3,2025-09-13T23:00:00Z,1757804400,290,Georgia Southern Eagles,Georgia Southern,55,Jacksonville State Gamecocks,Jacksonville State,41,34,7,FBS,FBS,Sun Belt Conference,Conference USA,False,False,Allen E. Paulson Stadium,Statesboro,GA,REGULAR_SEASON,False,False,ESPN_PUBLIC_SCOREBOARD_API,TIER_2_MEDIA_AGGREGATOR,https://site.web.api.espn.com/apis/site/v2/sports/football/college-football/scoreboard?dates=20250913&groups=80&limit=400,d6e7ede8cf627c3c280f21fd367c979f742491b77dba9060e6724b729b89d486,TIER_1_SOURCE_STALE_FOR_SEASON
ESPN-2025-401761605,2025,REGULAR_SEASON,3,2025-09-13T23:00:00Z,1757804400,2247,Georgia State Panthers,Georgia State,93,Murray State Racers,Murray State,37,21,16,FBS,FCS,Sun Belt Conference,Missouri Valley Football Conference,True,False,Center Parc Stadium,Atlanta,GA,REGULAR_SEASON,False,False,ESPN_PUBLIC_SCOREBOARD_API,TIER_2_MEDIA_AGGREGATOR,https://site.web.api.espn.com/apis/site/v2/sports/football/college-football/scoreboard?dates=20250913&groups=80&limit=400,d6e7ede8cf627c3c280f21fd367c979f742491b77dba9060e6724b729b89d486,TIER_1_SOURCE_STALE_FOR_SEASON
ESPN-2025-401761607,2025,REGULAR_SEASON,3,2025-09-13T23:00:00Z,1757804400,2572,Southern Miss Golden Eagles,Southern Miss,2026,App State Mountaineers,App State,38,22,16,FBS,FBS,Sun Belt Conference,Sun Belt Conference,False,False,M. M. Roberts Stadium,Hattiesburg,MS,REGULAR_SEASON,True,False,ESPN_PUBLIC_SCOREBOARD_API,TIER_2_MEDIA_AGGREGATOR,https://site.web.api.espn.com/apis/site/v2/sports/football/college-football/scoreboard?dates=20250913&groups=80&limit=400,d6e7ede8cf627c3c280f21fd367c979f742491b77dba9060e6724b729b89d486,TIER_1_SOURCE_STALE_FOR_SEASON
ESPN-2025-401762466,2025,REGULAR_SEASON,3,2025-09-13T23:00:00Z,1757804400,242,Rice Owls,Rice,2504,Prairie View A&M Panthers,Prairie View A&M,38,17,21,FBS,FCS,American Conference,Southwestern Athletic Conference,True,False,Rice Stadium,Houston,TX,REGULAR_SEASON,False,False,ESPN_PUBLIC_SCOREBOARD_API,TIER_2_MEDIA_AGGREGATOR,https://site.web.api.espn.com/apis/site/v2/sports/football/college-football/scoreboard?dates=20250913&groups=80&limit=400,d6e7ede8cf627c3c280f21fd367c979f742491b77dba9060e6724b729b89d486,TIER_1_SOURCE_STALE_FOR_SEASON
ESPN-2025-401752698,2025,REGULAR_SEASON,3,2025-09-13T23:30:00Z,1757806200,96,Kentucky Wildcats,Kentucky,2199,Eastern Michigan Eagles,Eastern Michigan,48,23,25,FBS,FBS,Southeastern Conference,Mid-American Conference,False,False,Kroger Field,Lexington,KY,REGULAR_SEASON,False,False,ESPN_PUBLIC_SCOREBOARD_API,TIER_2_MEDIA_AGGREGATOR,https://site.web.api.espn.com/apis/site/v2/sports/football/college-football/scoreboard?dates=20250913&groups=80&limit=400,d6e7ede8cf627c3c280f21fd367c979f742491b77dba9060e6724b729b89d486,TIER_1_SOURCE_STALE_FOR_SEASON
ESPN-2025-401752699,2025,REGULAR_SEASON,3,2025-09-13T23:30:00Z,1757806200,99,LSU Tigers,LSU,57,Florida Gators,Florida,20,10,10,FBS,FBS,Southeastern Conference,Southeastern Conference,False,False,Tiger Stadium (LA),Baton Rouge,LA,REGULAR_SEASON,True,False,ESPN_PUBLIC_SCOREBOARD_API,TIER_2_MEDIA_AGGREGATOR,https://site.web.api.espn.com/apis/site/v2/sports/football/college-football/scoreboard?dates=20250913&groups=80&limit=400,d6e7ede8cf627c3c280f21fd367c979f742491b77dba9060e6724b729b89d486,TIER_1_SOURCE_STALE_FOR_SEASON
ESPN-2025-401752707,2025,REGULAR_SEASON,3,2025-09-13T23:30:00Z,1757806200,87,Notre Dame Fighting Irish,Notre Dame,245,Texas A&M Aggies,Texas A&M,40,41,-1,FBS,FBS,FBS Independents,Southeastern Conference,False,False,Notre Dame Stadium,Notre Dame,IN,REGULAR_SEASON,False,False,ESPN_PUBLIC_SCOREBOARD_API,TIER_2_MEDIA_AGGREGATOR,https://site.web.api.espn.com/apis/site/v2/sports/football/college-football/scoreboard?dates=20250913&groups=80&limit=400,d6e7ede8cf627c3c280f21fd367c979f742491b77dba9060e6724b729b89d486,TIER_1_SOURCE_STALE_FOR_SEASON
ESPN-2025-401752830,2025,REGULAR_SEASON,3,2025-09-13T23:30:00Z,1757806200,2294,Iowa Hawkeyes,Iowa,113,Massachusetts Minutemen,Massachusetts,47,7,40,FBS,FBS,Big Ten Conference,Mid-American Conference,False,False,Kinnick Stadium,Iowa City,IA,REGULAR_SEASON,False,False,ESPN_PUBLIC_SCOREBOARD_API,TIER_2_MEDIA_AGGREGATOR,https://site.web.api.espn.com/apis/site/v2/sports/football/college-football/scoreboard?dates=20250913&groups=80&limit=400,d6e7ede8cf627c3c280f21fd367c979f742491b77dba9060e6724b729b89d486,TIER_1_SOURCE_STALE_FOR_SEASON
ESPN-2025-401757257,2025,REGULAR_SEASON,3,2025-09-13T23:30:00Z,1757806200,2348,Louisiana Tech Bulldogs,Louisiana Tech,166,New Mexico State Aggies,New Mexico State,49,14,35,FBS,FBS,Conference USA,Conference USA,False,False,Joe Aillet Stadium,Ruston,LA,REGULAR_SEASON,True,False,ESPN_PUBLIC_SCOREBOARD_API,TIER_2_MEDIA_AGGREGATOR,https://site.web.api.espn.com/apis/site/v2/sports/football/college-football/scoreboard?dates=20250913&groups=80&limit=400,d6e7ede8cf627c3c280f21fd367c979f742491b77dba9060e6724b729b89d486,TIER_1_SOURCE_STALE_FOR_SEASON
ESPN-2025-401761604,2025,REGULAR_SEASON,3,2025-09-13T23:30:00Z,1757806200,324,Coastal Carolina Chanticleers,Coastal Carolina,151,East Carolina Pirates,East Carolina,0,38,-38,FBS,FBS,Sun Belt Conference,American Conference,False,False,Brooks Stadium (SC),Conway,SC,REGULAR_SEASON,False,False,ESPN_PUBLIC_SCOREBOARD_API,TIER_2_MEDIA_AGGREGATOR,https://site.web.api.espn.com/apis/site/v2/sports/football/college-football/scoreboard?dates=20250913&groups=80&limit=400,d6e7ede8cf627c3c280f21fd367c979f742491b77dba9060e6724b729b89d486,TIER_1_SOURCE_STALE_FOR_SEASON
ESPN-2025-401752704,2025,REGULAR_SEASON,3,2025-09-13T23:45:00Z,1757807100,2579,South Carolina Gamecocks,South Carolina,238,Vanderbilt Commodores,Vanderbilt,7,31,-24,FBS,FBS,Southeastern Conference,Southeastern Conference,False,False,Williams-Brice Stadium,Columbia,SC,REGULAR_SEASON,True,False,ESPN_PUBLIC_SCOREBOARD_API,TIER_2_MEDIA_AGGREGATOR,https://site.web.api.espn.com/apis/site/v2/sports/football/college-football/scoreboard?dates=20250913&groups=80&limit=400,d6e7ede8cf627c3c280f21fd367c979f742491b77dba9060e6724b729b89d486,TIER_1_SOURCE_STALE_FOR_SEASON
ESPN-2025-401754534,2025,REGULAR_SEASON,3,2025-09-14T00:00:00Z,1757808000,2655,Tulane Green Wave,Tulane,150,Duke Blue Devils,Duke,34,27,7,FBS,FBS,American Conference,Atlantic Coast Conference,False,False,Yulman Stadium,New Orleans,LA,REGULAR_SEASON,False,False,ESPN_PUBLIC_SCOREBOARD_API,TIER_2_MEDIA_AGGREGATOR,https://site.web.api.espn.com/apis/site/v2/sports/football/college-football/scoreboard?dates=20250913&groups=80&limit=400,d6e7ede8cf627c3c280f21fd367c979f742491b77dba9060e6724b729b89d486,TIER_1_SOURCE_STALE_FOR_SEASON
ESPN-2025-401756894,2025,REGULAR_SEASON,3,2025-09-14T00:00:00Z,1757808000,2628,TCU Horned Frogs,TCU,2000,Abilene Christian Wildcats,Abilene Christian,42,21,21,FBS,FCS,Big 12 Conference,United Athletic Conference,True,False,Amon G. Carter Stadium,Fort Worth,TX,REGULAR_SEASON,False,False,ESPN_PUBLIC_SCOREBOARD_API,TIER_2_MEDIA_AGGREGATOR,https://site.web.api.espn.com/apis/site/v2/sports/football/college-football/scoreboard?dates=20250913&groups=80&limit=400,d6e7ede8cf627c3c280f21fd367c979f742491b77dba9060e6724b729b89d486,TIER_1_SOURCE_STALE_FOR_SEASON
ESPN-2025-401756895,2025,REGULAR_SEASON,3,2025-09-14T00:00:00Z,1757808000,2751,Wyoming Cowboys,Wyoming,254,Utah Utes,Utah,6,31,-25,FBS,FBS,Mountain West Conference,Big 12 Conference,False,False,War Memorial Stadium,Laramie,WY,REGULAR_SEASON,False,False,ESPN_PUBLIC_SCOREBOARD_API,TIER_2_MEDIA_AGGREGATOR,https://site.web.api.espn.com/apis/site/v2/sports/football/college-football/scoreboard?dates=20250913&groups=80&limit=400,d6e7ede8cf627c3c280f21fd367c979f742491b77dba9060e6724b729b89d486,TIER_1_SOURCE_STALE_FOR_SEASON
ESPN-2025-401762465,2025,REGULAR_SEASON,3,2025-09-14T00:00:00Z,1757808000,202,Tulsa Golden Hurricane,Tulsa,2426,Navy Midshipmen,Navy,23,42,-19,FBS,FBS,American Conference,American Conference,False,False,H. A. Chapman Stadium,Tulsa,OK,REGULAR_SEASON,True,False,ESPN_PUBLIC_SCOREBOARD_API,TIER_2_MEDIA_AGGREGATOR,https://site.web.api.espn.com/apis/site/v2/sports/football/college-football/scoreboard?dates=20250913&groups=80&limit=400,d6e7ede8cf627c3c280f21fd367c979f742491b77dba9060e6724b729b89d486,TIER_1_SOURCE_STALE_FOR_SEASON
ESPN-2025-401757233,2025,REGULAR_SEASON,3,2025-09-14T00:30:00Z,1757809800,2229,Florida International Panthers,Florida International,2226,Florida Atlantic Owls,Florida Atlantic,38,28,10,FBS,FBS,Conference USA,American Conference,False,False,Pitbull Stadium,Miami,FL,REGULAR_SEASON,False,False,ESPN_PUBLIC_SCOREBOARD_API,TIER_2_MEDIA_AGGREGATOR,https://site.web.api.espn.com/apis/site/v2/sports/football/college-football/scoreboard?dates=20250913&groups=80&limit=400,d6e7ede8cf627c3c280f21fd367c979f742491b77dba9060e6724b729b89d486,TIER_1_SOURCE_STALE_FOR_SEASON
ESPN-2025-401762463,2025,REGULAR_SEASON,3,2025-09-14T00:30:00Z,1757809800,5,UAB Blazers,UAB,2006,Akron Zips,Akron,31,28,3,FBS,FBS,American Conference,Mid-American Conference,False,False,Protective Stadium,Birmingham,AL,REGULAR_SEASON,False,False,ESPN_PUBLIC_SCOREBOARD_API,TIER_2_MEDIA_AGGREGATOR,https://site.web.api.espn.com/apis/site/v2/sports/football/college-football/scoreboard?dates=20250913&groups=80&limit=400,d6e7ede8cf627c3c280f21fd367c979f742491b77dba9060e6724b729b89d486,TIER_1_SOURCE_STALE_FOR_SEASON
ESPN-2025-401760368,2025,REGULAR_SEASON,3,2025-09-14T01:45:00Z,1757814300,328,Utah State Aggies,Utah State,2005,Air Force Falcons,Air Force,49,30,19,FBS,FBS,Mountain West Conference,Mountain West Conference,False,False,Maverik Stadium,Logan,UT,REGULAR_SEASON,True,False,ESPN_PUBLIC_SCOREBOARD_API,TIER_2_MEDIA_AGGREGATOR,https://site.web.api.espn.com/apis/site/v2/sports/football/college-football/scoreboard?dates=20250913&groups=80&limit=400,d6e7ede8cf627c3c280f21fd367c979f742491b77dba9060e6724b729b89d486,TIER_1_SOURCE_STALE_FOR_SEASON
ESPN-2025-401760369,2025,REGULAR_SEASON,3,2025-09-14T02:00:00Z,1757815200,278,Fresno State Bulldogs,Fresno State,2582,Southern Jaguars,Southern,56,7,49,FBS,FCS,Mountain West Conference,Southwestern Athletic Conference,True,False,Valley Children's Stadium,Fresno,CA,REGULAR_SEASON,False,False,ESPN_PUBLIC_SCOREBOARD_API,TIER_2_MEDIA_AGGREGATOR,https://site.web.api.espn.com/apis/site/v2/sports/football/college-football/scoreboard?dates=20250913&groups=80&limit=400,d6e7ede8cf627c3c280f21fd367c979f742491b77dba9060e6724b729b89d486,TIER_1_SOURCE_STALE_FOR_SEASON
ESPN-2025-401752840,2025,REGULAR_SEASON,3,2025-09-14T02:30:00Z,1757817000,25,California Golden Bears,California,135,Minnesota Golden Gophers,Minnesota,27,14,13,FBS,FBS,Atlantic Coast Conference,Big Ten Conference,False,False,California Memorial Stadium,Berkeley,CA,REGULAR_SEASON,False,False,ESPN_PUBLIC_SCOREBOARD_API,TIER_2_MEDIA_AGGREGATOR,https://site.web.api.espn.com/apis/site/v2/sports/football/college-football/scoreboard?dates=20250913&groups=80&limit=400,d6e7ede8cf627c3c280f21fd367c979f742491b77dba9060e6724b729b89d486,TIER_1_SOURCE_STALE_FOR_SEASON
ESPN-2025-401754533,2025,REGULAR_SEASON,3,2025-09-14T02:30:00Z,1757817000,24,Stanford Cardinal,Stanford,103,Boston College Eagles,Boston College,30,20,10,FBS,FBS,Atlantic Coast Conference,Atlantic Coast Conference,False,False,Stanford Stadium,Stanford,CA,REGULAR_SEASON,True,False,ESPN_PUBLIC_SCOREBOARD_API,TIER_2_MEDIA_AGGREGATOR,https://site.web.api.espn.com/apis/site/v2/sports/football/college-football/scoreboard?dates=20250913&groups=80&limit=400,d6e7ede8cf627c3c280f21fd367c979f742491b77dba9060e6724b729b89d486,TIER_1_SOURCE_STALE_FOR_SEASON
ESPN-2025-401756889,2025,REGULAR_SEASON,3,2025-09-14T02:30:00Z,1757817000,9,Arizona State Sun Devils,Arizona State,326,Texas State Bobcats,Texas State,34,15,19,FBS,FBS,Big 12 Conference,Sun Belt Conference,False,False,Mountain America Stadium,Tempe,AZ,REGULAR_SEASON,False,False,ESPN_PUBLIC_SCOREBOARD_API,TIER_2_MEDIA_AGGREGATOR,https://site.web.api.espn.com/apis/site/v2/sports/football/college-football/scoreboard?dates=20250913&groups=80&limit=400,d6e7ede8cf627c3c280f21fd367c979f742491b77dba9060e6724b729b89d486,TIER_1_SOURCE_STALE_FOR_SEASON
ESPN-2025-401760370,2025,REGULAR_SEASON,3,2025-09-14T03:59:00Z,1757822340,62,Hawai'i Rainbow Warriors,Hawai'i,2502,Portland State Vikings,Portland State,23,3,20,FBS,FCS,Mountain West Conference,Big Sky Conference,True,False,Clarence T.C. Ching Athletics Complex,Honolulu,HI,REGULAR_SEASON,False,False,ESPN_PUBLIC_SCOREBOARD_API,TIER_2_MEDIA_AGGREGATOR,https://site.web.api.espn.com/apis/site/v2/sports/football/college-football/scoreboard?dates=20250913&groups=80&limit=400,d6e7ede8cf627c3c280f21fd367c979f742491b77dba9060e6724b729b89d486,TIER_1_SOURCE_STALE_FOR_SEASON
ESPN-2025-401762468,2025,REGULAR_SEASON,4,2025-09-18T23:30:00Z,1758238200,2429,Charlotte 49ers,Charlotte,242,Rice Owls,Rice,17,28,-11,FBS,FBS,American Conference,American Conference,False,False,Jerry Richardson Stadium,Charlotte,NC,REGULAR_SEASON,True,False,ESPN_PUBLIC_SCOREBOARD_API,TIER_2_MEDIA_AGGREGATOR,https://site.web.api.espn.com/apis/site/v2/sports/football/college-football/scoreboard?dates=20250918&groups=80&limit=400,3e7770ae0e7c10284283117c920e1196af28c9a465629a18855eddd8ac918de1,TIER_1_SOURCE_STALE_FOR_SEASON
ESPN-2025-401756900,2025,REGULAR_SEASON,4,2025-09-19T23:30:00Z,1758324600,197,Oklahoma State Cowboys,Oklahoma State,202,Tulsa Golden Hurricane,Tulsa,12,19,-7,FBS,FBS,Big 12 Conference,American Conference,False,False,Boone Pickens Stadium,Stillwater,OK,REGULAR_SEASON,False,False,ESPN_PUBLIC_SCOREBOARD_API,TIER_2_MEDIA_AGGREGATOR,https://site.web.api.espn.com/apis/site/v2/sports/football/college-football/scoreboard?dates=20250919&groups=80&limit=400,054c8f716d463524611e7fd75c00f8e93c20553303d5489fe55c936c6180448f,TIER_1_SOURCE_STALE_FOR_SEASON
ESPN-2025-401752844,2025,REGULAR_SEASON,4,2025-09-20T00:00:00Z,1758326400,164,Rutgers Scarlet Knights,Rutgers,2294,Iowa Hawkeyes,Iowa,28,38,-10,FBS,FBS,Big Ten Conference,Big Ten Conference,False,False,SHI Stadium,Piscataway,NJ,REGULAR_SEASON,True,False,ESPN_PUBLIC_SCOREBOARD_API,TIER_2_MEDIA_AGGREGATOR,https://site.web.api.espn.com/apis/site/v2/sports/football/college-football/scoreboard?dates=20250919&groups=80&limit=400,054c8f716d463524611e7fd75c00f8e93c20553303d5489fe55c936c6180448f,TIER_1_SOURCE_STALE_FOR_SEASON
ESPN-2025-401752708,2025,REGULAR_SEASON,4,2025-09-20T16:00:00Z,1758384000,235,Memphis Tigers,Memphis,8,Arkansas Razorbacks,Arkansas,32,31,1,FBS,FBS,American Conference,Southeastern Conference,False,False,Simmons Bank Liberty Stadium,Memphis,TN,REGULAR_SEASON,False,False,ESPN_PUBLIC_SCOREBOARD_API,TIER_2_MEDIA_AGGREGATOR,https://site.web.api.espn.com/apis/site/v2/sports/football/college-football/scoreboard?dates=20250920&groups=80&limit=400,00f79da97117a0fc2596b95cb9698dbaf77e89f8a6981214a570bb76bdfa1a44,TIER_1_SOURCE_STALE_FOR_SEASON
ESPN-2025-401752845,2025,REGULAR_SEASON,4,2025-09-20T16:00:00Z,1758384000,275,Wisconsin Badgers,Wisconsin,120,Maryland Terrapins,Maryland,10,27,-17,FBS,FBS,Big Ten Conference,Big Ten Conference,False,False,Camp Randall Stadium,Madison,WI,REGULAR_SEASON,True,False,ESPN_PUBLIC_SCOREBOARD_API,TIER_2_MEDIA_AGGREGATOR,https://site.web.api.espn.com/apis/site/v2/sports/football/college-football/scoreboard?dates=20250920&groups=80&limit=400,00f79da97117a0fc2596b95cb9698dbaf77e89f8a6981214a570bb76bdfa1a44,TIER_1_SOURCE_STALE_FOR_SEASON
ESPN-2025-401754537,2025,REGULAR_SEASON,4,2025-09-20T16:00:00Z,1758384000,228,Clemson Tigers,Clemson,183,Syracuse Orange,Syracuse,21,34,-13,FBS,FBS,Atlantic Coast Conference,Atlantic Coast Conference,False,False,"Memorial Stadium (Clemson, SC)",Clemson,SC,REGULAR_SEASON,True,False,ESPN_PUBLIC_SCOREBOARD_API,TIER_2_MEDIA_AGGREGATOR,https://site.web.api.espn.com/apis/site/v2/sports/football/college-football/scoreboard?dates=20250920&groups=80&limit=400,00f79da97117a0fc2596b95cb9698dbaf77e89f8a6981214a570bb76bdfa1a44,TIER_1_SOURCE_STALE_FOR_SEASON
ESPN-2025-401754617,2025,REGULAR_SEASON,4,2025-09-20T16:00:00Z,1758384000,259,Virginia Tech Hokies,Virginia Tech,2747,Wofford Terriers,Wofford,38,6,32,FBS,FCS,Atlantic Coast Conference,Southern Conference,True,False,Lane Stadium,Blacksburg,VA,REGULAR_SEASON,False,False,ESPN_PUBLIC_SCOREBOARD_API,TIER_2_MEDIA_AGGREGATOR,https://site.web.api.espn.com/apis/site/v2/sports/football/college-football/scoreboard?dates=20250920&groups=80&limit=400,00f79da97117a0fc2596b95cb9698dbaf77e89f8a6981214a570bb76bdfa1a44,TIER_1_SOURCE_STALE_FOR_SEASON
ESPN-2025-401754636,2025,REGULAR_SEASON,4,2025-09-20T16:00:00Z,1758384000,2628,TCU Horned Frogs,TCU,2567,SMU Mustangs,SMU,35,24,11,FBS,FBS,Big 12 Conference,Atlantic Coast Conference,False,False,Amon G. Carter Stadium,Fort Worth,TX,REGULAR_SEASON,False,False,ESPN_PUBLIC_SCOREBOARD_API,TIER_2_MEDIA_AGGREGATOR,https://site.web.api.espn.com/apis/site/v2/sports/football/college-football/scoreboard?dates=20250920&groups=80&limit=400,00f79da97117a0fc2596b95cb9698dbaf77e89f8a6981214a570bb76bdfa1a44,TIER_1_SOURCE_STALE_FOR_SEASON
ESPN-2025-401754642,2025,REGULAR_SEASON,4,2025-09-20T16:00:00Z,1758384000,97,Louisville Cardinals,Louisville,189,Bowling Green Falcons,Bowling Green,40,17,23,FBS,FBS,Atlantic Coast Conference,Mid-American Conference,False,False,L&N Federal Credit Union Stadium,Louisville,KY,REGULAR_SEASON,False,False,ESPN_PUBLIC_SCOREBOARD_API,TIER_2_MEDIA_AGGREGATOR,https://site.web.api.espn.com/apis/site/v2/sports/football/college-football/scoreboard?dates=20250920&groups=80&limit=400,00f79da97117a0fc2596b95cb9698dbaf77e89f8a6981214a570bb76bdfa1a44,TIER_1_SOURCE_STALE_FOR_SEASON
ESPN-2025-401756901,2025,REGULAR_SEASON,4,2025-09-20T16:00:00Z,1758384000,254,Utah Utes,Utah,2641,Texas Tech Red Raiders,Texas Tech,10,34,-24,FBS,FBS,Big 12 Conference,Big 12 Conference,False,False,Rice-Eccles Stadium,Salt Lake City,UT,REGULAR_SEASON,True,False,ESPN_PUBLIC_SCOREBOARD_API,TIER_2_MEDIA_AGGREGATOR,https://site.web.api.espn.com/apis/site/v2/sports/football/college-football/scoreboard?dates=20250920&groups=80&limit=400,00f79da97117a0fc2596b95cb9698dbaf77e89f8a6981214a570bb76bdfa1a44,TIER_1_SOURCE_STALE_FOR_SEASON
ESPN-2025-401760376,2025,REGULAR_SEASON,4,2025-09-20T16:00:00Z,1758384000,193,Miami (OH) RedHawks,Miami (OH),2439,UNLV Rebels,UNLV,38,41,-3,FBS,FBS,Mid-American Conference,Mountain West Conference,False,False,Yager Stadium,Oxford,OH,REGULAR_SEASON,False,False,ESPN_PUBLIC_SCOREBOARD_API,TIER_2_MEDIA_AGGREGATOR,https://site.web.api.espn.com/apis/site/v2/sports/football/college-football/scoreboard?dates=20250920&groups=80&limit=400,00f79da97117a0fc2596b95cb9698dbaf77e89f8a6981214a570bb76bdfa1a44,TIER_1_SOURCE_STALE_FOR_SEASON
ESPN-2025-401762469,2025,REGULAR_SEASON,4,2025-09-20T16:00:00Z,1758384000,349,Army Black Knights,Army,249,North Texas Mean Green,North Texas,38,45,-7,FBS,FBS,American Conference,American Conference,False,False,Michie Stadium,West Point,NY,REGULAR_SEASON,True,True,ESPN_PUBLIC_SCOREBOARD_API,TIER_2_MEDIA_AGGREGATOR,https://site.web.api.espn.com/apis/site/v2/sports/football/college-football/scoreboard?dates=20250920&groups=80&limit=400,00f79da97117a0fc2596b95cb9698dbaf77e89f8a6981214a570bb76bdfa1a44,TIER_1_SOURCE_STALE_FOR_SEASON
ESPN-2025-401762470,2025,REGULAR_SEASON,4,2025-09-20T16:00:00Z,1758384000,58,South Florida Bulls,South Florida,2569,South Carolina State Bulldogs,South Carolina State,63,14,49,FBS,FCS,American Conference,Mid-Eastern Athletic Conference,True,False,Raymond James Stadium,Tampa,FL,REGULAR_SEASON,False,False,ESPN_PUBLIC_SCOREBOARD_API,TIER_2_MEDIA_AGGREGATOR,https://site.web.api.espn.com/apis/site/v2/sports/football/college-football/scoreboard?dates=20250920&groups=80&limit=400,00f79da97117a0fc2596b95cb9698dbaf77e89f8a6981214a570bb76bdfa1a44,TIER_1_SOURCE_STALE_FOR_SEASON
ESPN-2025-401752715,2025,REGULAR_SEASON,4,2025-09-20T16:45:00Z,1758386700,2633,Tennessee Volunteers,Tennessee,5,UAB Blazers,UAB,56,24,32,FBS,FBS,Southeastern Conference,American Conference,False,False,Neyland Stadium,Knoxville,TN,REGULAR_SEASON,False,False,ESPN_PUBLIC_SCOREBOARD_API,TIER_2_MEDIA_AGGREGATOR,https://site.web.api.espn.com/apis/site/v2/sports/football/college-football/scoreboard?dates=20250920&groups=80&limit=400,00f79da97117a0fc2596b95cb9698dbaf77e89f8a6981214a570bb76bdfa1a44,TIER_1_SOURCE_STALE_FOR_SEASON
ESPN-2025-401762822,2025,REGULAR_SEASON,4,2025-09-20T17:00:00Z,1758387600,2117,Central Michigan Chippewas,Central Michigan,2681,Wagner Seahawks,Wagner,49,10,39,FBS,FCS,Mid-American Conference,Northeast Conference,True,False,Kelly/Shorts Stadium,Mount Pleasant,MI,REGULAR_SEASON,False,False,ESPN_PUBLIC_SCOREBOARD_API,TIER_2_MEDIA_AGGREGATOR,https://site.web.api.espn.com/apis/site/v2/sports/football/college-football/scoreboard?dates=20250920&groups=80&limit=400,00f79da97117a0fc2596b95cb9698dbaf77e89f8a6981214a570bb76bdfa1a44,TIER_1_SOURCE_STALE_FOR_SEASON
ESPN-2025-401752841,2025,REGULAR_SEASON,4,2025-09-20T19:00:00Z,1758394800,2483,Oregon Ducks,Oregon,204,Oregon State Beavers,Oregon State,41,7,34,FBS,FBS,Big Ten Conference,Pac-12 Conference,False,False,Autzen Stadium,Eugene,OR,REGULAR_SEASON,False,False,ESPN_PUBLIC_SCOREBOARD_API,TIER_2_MEDIA_AGGREGATOR,https://site.web.api.espn.com/apis/site/v2/sports/football/college-football/scoreboard?dates=20250920&groups=80&limit=400,00f79da97117a0fc2596b95cb9698dbaf77e89f8a6981214a570bb76bdfa1a44,TIER_1_SOURCE_STALE_FOR_SEASON
ESPN-2025-401752711,2025,REGULAR_SEASON,4,2025-09-20T19:30:00Z,1758396600,145,Ole Miss Rebels,Ole Miss,2655,Tulane Green Wave,Tulane,45,10,35,FBS,FBS,Southeastern Conference,American Conference,False,False,Vaught-Hemingway Stadium,Oxford,MS,REGULAR_SEASON,False,False,ESPN_PUBLIC_SCOREBOARD_API,TIER_2_MEDIA_AGGREGATOR,https://site.web.api.espn.com/apis/site/v2/sports/football/college-football/scoreboard?dates=20250920&groups=80&limit=400,00f79da97117a0fc2596b95cb9698dbaf77e89f8a6981214a570bb76bdfa1a44,TIER_1_SOURCE_STALE_FOR_SEASON
ESPN-2025-401752714,2025,REGULAR_SEASON,4,2025-09-20T19:30:00Z,1758396600,201,Oklahoma Sooners,Oklahoma,2,Auburn Tigers,Auburn,24,17,7,FBS,FBS,Southeastern Conference,Southeastern Conference,False,False,"Memorial Stadium (Norman, OK)",Norman,OK,REGULAR_SEASON,True,False,ESPN_PUBLIC_SCOREBOARD_API,TIER_2_MEDIA_AGGREGATOR,https://site.web.api.espn.com/apis/site/v2/sports/football/college-football/scoreboard?dates=20250920&groups=80&limit=400,00f79da97117a0fc2596b95cb9698dbaf77e89f8a6981214a570bb76bdfa1a44,TIER_1_SOURCE_STALE_FOR_SEASON
ESPN-2025-401752846,2025,REGULAR_SEASON,4,2025-09-20T19:30:00Z,1758396600,158,Nebraska Cornhuskers,Nebraska,130,Michigan Wolverines,Michigan,27,30,-3,FBS,FBS,Big Ten Conference,Big Ten Conference,False,False,"Memorial Stadium (Lincoln, NE)",Lincoln,NE,REGULAR_SEASON,True,False,ESPN_PUBLIC_SCOREBOARD_API,TIER_2_MEDIA_AGGREGATOR,https://site.web.api.espn.com/apis/site/v2/sports/football/college-football/scoreboard?dates=20250920&groups=80&limit=400,00f79da97117a0fc2596b95cb9698dbaf77e89f8a6981214a570bb76bdfa1a44,TIER_1_SOURCE_STALE_FOR_SEASON
ESPN-2025-401752848,2025,REGULAR_SEASON,4,2025-09-20T19:30:00Z,1758396600,87,Notre Dame Fighting Irish,Notre Dame,2509,Purdue Boilermakers,Purdue,56,30,26,FBS,FBS,FBS Independents,Big Ten Conference,False,False,Notre Dame Stadium,Notre Dame,IN,REGULAR_SEASON,False,False,ESPN_PUBLIC_SCOREBOARD_API,TIER_2_MEDIA_AGGREGATOR,https://site.web.api.espn.com/apis/site/v2/sports/football/college-football/scoreboard?dates=20250920&groups=80&limit=400,00f79da97117a0fc2596b95cb9698dbaf77e89f8a6981214a570bb76bdfa1a44,TIER_1_SOURCE_STALE_FOR_SEASON
ESPN-2025-401754541,2025,REGULAR_SEASON,4,2025-09-20T19:30:00Z,1758396600,52,Florida State Seminoles,Florida State,2309,Kent State Golden Flashes,Kent State,66,10,56,FBS,FBS,Atlantic Coast Conference,Mid-American Conference,False,False,Doak Campbell Stadium,Tallahassee,FL,REGULAR_SEASON,False,False,ESPN_PUBLIC_SCOREBOARD_API,TIER_2_MEDIA_AGGREGATOR,https://site.web.api.espn.com/apis/site/v2/sports/football/college-football/scoreboard?dates=20250920&groups=80&limit=400,00f79da97117a0fc2596b95cb9698dbaf77e89f8a6981214a570bb76bdfa1a44,TIER_1_SOURCE_STALE_FOR_SEASON
ESPN-2025-401754640,2025,REGULAR_SEASON,4,2025-09-20T19:30:00Z,1758396600,2116,UCF Knights,UCF,153,North Carolina Tar Heels,North Carolina,34,9,25,FBS,FBS,Big 12 Conference,Atlantic Coast Conference,False,False,Acrisure Bounce House,Orlando,FL,REGULAR_SEASON,False,False,ESPN_PUBLIC_SCOREBOARD_API,TIER_2_MEDIA_AGGREGATOR,https://site.web.api.espn.com/apis/site/v2/sports/football/college-football/scoreboard?dates=20250920&groups=80&limit=400,00f79da97117a0fc2596b95cb9698dbaf77e89f8a6981214a570bb76bdfa1a44,TIER_1_SOURCE_STALE_FOR_SEASON
ESPN-2025-401757169,2025,REGULAR_SEASON,4,2025-09-20T19:30:00Z,1758396600,41,UConn Huskies,UConn,2050,Ball State Cardinals,Ball State,31,25,6,FBS,FBS,FBS Independents,Mid-American Conference,False,False,Pratt & Whitney Stadium,East Hartford,CT,REGULAR_SEASON,False,False,ESPN_PUBLIC_SCOREBOARD_API,TIER_2_MEDIA_AGGREGATOR,https://site.web.api.espn.com/apis/site/v2/sports/football/college-football/scoreboard?dates=20250920&groups=80&limit=400,00f79da97117a0fc2596b95cb9698dbaf77e89f8a6981214a570bb76bdfa1a44,TIER_1_SOURCE_STALE_FOR_SEASON
ESPN-2025-401757262,2025,REGULAR_SEASON,4,2025-09-20T19:30:00Z,1758396600,2335,Liberty Flames,Liberty,256,James Madison Dukes,James Madison,13,31,-18,FBS,FBS,Conference USA,Sun Belt Conference,False,False,Williams Stadium (VA),Lynchburg,VA,REGULAR_SEASON,False,False,ESPN_PUBLIC_SCOREBOARD_API,TIER_2_MEDIA_AGGREGATOR,https://site.web.api.espn.com/apis/site/v2/sports/football/college-football/scoreboard?dates=20250920&groups=80&limit=400,00f79da97117a0fc2596b95cb9698dbaf77e89f8a6981214a570bb76bdfa1a44,TIER_1_SOURCE_STALE_FOR_SEASON
ESPN-2025-401761610,2025,REGULAR_SEASON,4,2025-09-20T19:30:00Z,1758396600,2199,Eastern Michigan Eagles,Eastern Michigan,309,Louisiana Ragin' Cajuns,Louisiana,34,31,3,FBS,FBS,Mid-American Conference,Sun Belt Conference,False,False,Rynearson Stadium,Ypsilanti,MI,REGULAR_SEASON,False,False,ESPN_PUBLIC_SCOREBOARD_API,TIER_2_MEDIA_AGGREGATOR,https://site.web.api.espn.com/apis/site/v2/sports/football/college-football/scoreboard?dates=20250920&groups=80&limit=400,00f79da97117a0fc2596b95cb9698dbaf77e89f8a6981214a570bb76bdfa1a44,TIER_1_SOURCE_STALE_FOR_SEASON
ESPN-2025-401761613,2025,REGULAR_SEASON,4,2025-09-20T19:30:00Z,1758396600,2084,Buffalo Bulls,Buffalo,2653,Troy Trojans,Troy,17,21,-4,FBS,FBS,Mid-American Conference,Sun Belt Conference,False,False,Broadview Stadium,Buffalo,NY,REGULAR_SEASON,False,False,ESPN_PUBLIC_SCOREBOARD_API,TIER_2_MEDIA_AGGREGATOR,https://site.web.api.espn.com/apis/site/v2/sports/football/college-football/scoreboard?dates=20250920&groups=80&limit=400,00f79da97117a0fc2596b95cb9698dbaf77e89f8a6981214a570bb76bdfa1a44,TIER_1_SOURCE_STALE_FOR_SEASON
ESPN-2025-401762820,2025,REGULAR_SEASON,4,2025-09-20T19:30:00Z,1758396600,2711,Western Michigan Broncos,Western Michigan,2649,Toledo Rockets,Toledo,14,13,1,FBS,FBS,Mid-American Conference,Mid-American Conference,False,False,Waldo Stadium,Kalamazoo,MI,REGULAR_SEASON,True,False,ESPN_PUBLIC_SCOREBOARD_API,TIER_2_MEDIA_AGGREGATOR,https://site.web.api.espn.com/apis/site/v2/sports/football/college-football/scoreboard?dates=20250920&groups=80&limit=400,00f79da97117a0fc2596b95cb9698dbaf77e89f8a6981214a570bb76bdfa1a44,TIER_1_SOURCE_STALE_FOR_SEASON
ESPN-2025-401762823,2025,REGULAR_SEASON,4,2025-09-20T19:30:00Z,1758396600,195,Ohio Bobcats,Ohio,2241,Gardner-Webb Runnin' Bulldogs,Gardner-Webb,52,35,17,FBS,FCS,Mid-American Conference,Ohio Valley Conference,True,False,Peden Stadium,Athens,OH,REGULAR_SEASON,False,False,ESPN_PUBLIC_SCOREBOARD_API,TIER_2_MEDIA_AGGREGATOR,https://site.web.api.espn.com/apis/site/v2/sports/football/college-football/scoreboard?dates=20250920&groups=80&limit=400,00f79da97117a0fc2596b95cb9698dbaf77e89f8a6981214a570bb76bdfa1a44,TIER_1_SOURCE_STALE_FOR_SEASON
ESPN-2025-401754538,2025,REGULAR_SEASON,4,2025-09-20T20:00:00Z,1758398400,150,Duke Blue Devils,Duke,152,NC State Wolfpack,NC State,45,33,12,FBS,FBS,Atlantic Coast Conference,Atlantic Coast Conference,False,False,Wallace Wade Stadium,Durham,NC,REGULAR_SEASON,True,False,ESPN_PUBLIC_SCOREBOARD_API,TIER_2_MEDIA_AGGREGATOR,https://site.web.api.espn.com/apis/site/v2/sports/football/college-football/scoreboard?dates=20250920&groups=80&limit=400,00f79da97117a0fc2596b95cb9698dbaf77e89f8a6981214a570bb76bdfa1a44,TIER_1_SOURCE_STALE_FOR_SEASON
ESPN-2025-401752712,2025,REGULAR_SEASON,4,2025-09-20T20:15:00Z,1758399300,344,Mississippi State Bulldogs,Mississippi State,2459,Northern Illinois Huskies,Northern Illinois,38,10,28,FBS,FBS,Southeastern Conference,Mid-American Conference,False,False,Davis Wade Stadium,Starkville,MS,REGULAR_SEASON,False,False,ESPN_PUBLIC_SCOREBOARD_API,TIER_2_MEDIA_AGGREGATOR,https://site.web.api.espn.com/apis/site/v2/sports/football/college-football/scoreboard?dates=20250920&groups=80&limit=400,00f79da97117a0fc2596b95cb9698dbaf77e89f8a6981214a570bb76bdfa1a44,TIER_1_SOURCE_STALE_FOR_SEASON
ESPN-2025-401760375,2025,REGULAR_SEASON,4,2025-09-20T21:00:00Z,1758402000,23,San José State Spartans,San José State,70,Idaho Vandals,Idaho,31,28,3,FBS,FCS,Mountain West Conference,Big Sky Conference,True,False,CEFCU Stadium,San Jose,CA,REGULAR_SEASON,False,False,ESPN_PUBLIC_SCOREBOARD_API,TIER_2_MEDIA_AGGREGATOR,https://site.web.api.espn.com/apis/site/v2/sports/football/college-football/scoreboard?dates=20250920&groups=80&limit=400,00f79da97117a0fc2596b95cb9698dbaf77e89f8a6981214a570bb76bdfa1a44,TIER_1_SOURCE_STALE_FOR_SEASON
ESPN-2025-401754542,2025,REGULAR_SEASON,4,2025-09-20T21:05:00Z,1758402300,59,Georgia Tech Yellow Jackets,Georgia Tech,218,Temple Owls,Temple,45,24,21,FBS,FBS,Atlantic Coast Conference,American Conference,False,False,Bobby Dodd Stadium,Atlanta,GA,REGULAR_SEASON,False,False,ESPN_PUBLIC_SCOREBOARD_API,TIER_2_MEDIA_AGGREGATOR,https://site.web.api.espn.com/apis/site/v2/sports/football/college-football/scoreboard?dates=20250920&groups=80&limit=400,00f79da97117a0fc2596b95cb9698dbaf77e89f8a6981214a570bb76bdfa1a44,TIER_1_SOURCE_STALE_FOR_SEASON
ESPN-2025-401756899,2025,REGULAR_SEASON,4,2025-09-20T22:00:00Z,1758405600,2305,Kansas Jayhawks,Kansas,277,West Virginia Mountaineers,West Virginia,41,10,31,FBS,FBS,Big 12 Conference,Big 12 Conference,False,False,David Booth Kansas Memorial Stadium,Lawrence,KS,REGULAR_SEASON,True,False,ESPN_PUBLIC_SCOREBOARD_API,TIER_2_MEDIA_AGGREGATOR,https://site.web.api.espn.com/apis/site/v2/sports/football/college-football/scoreboard?dates=20250920&groups=80&limit=400,00f79da97117a0fc2596b95cb9698dbaf77e89f8a6981214a570bb76bdfa1a44,TIER_1_SOURCE_STALE_FOR_SEASON
ESPN-2025-401757259,2025,REGULAR_SEASON,4,2025-09-20T22:00:00Z,1758405600,2229,Florida International Panthers,Florida International,48,Delaware Blue Hens,Delaware,16,38,-22,FBS,FBS,Conference USA,Conference USA,False,False,Pitbull Stadium,Miami,FL,REGULAR_SEASON,True,False,ESPN_PUBLIC_SCOREBOARD_API,TIER_2_MEDIA_AGGREGATOR,https://site.web.api.espn.com/apis/site/v2/sports/football/college-football/scoreboard?dates=20250920&groups=80&limit=400,00f79da97117a0fc2596b95cb9698dbaf77e89f8a6981214a570bb76bdfa1a44,TIER_1_SOURCE_STALE_FOR_SEASON
ESPN-2025-401757261,2025,REGULAR_SEASON,4,2025-09-20T22:00:00Z,1758405600,338,Kennesaw State Owls,Kennesaw State,2032,Arkansas State Red Wolves,Arkansas State,28,21,7,FBS,FBS,Conference USA,Sun Belt Conference,False,False,Walens Family Field at Fifth Third Stadium,Kennesaw,GA,REGULAR_SEASON,False,False,ESPN_PUBLIC_SCOREBOARD_API,TIER_2_MEDIA_AGGREGATOR,https://site.web.api.espn.com/apis/site/v2/sports/football/college-football/scoreboard?dates=20250920&groups=80&limit=400,00f79da97117a0fc2596b95cb9698dbaf77e89f8a6981214a570bb76bdfa1a44,TIER_1_SOURCE_STALE_FOR_SEASON
ESPN-2025-401762821,2025,REGULAR_SEASON,4,2025-09-20T22:00:00Z,1758405600,2006,Akron Zips,Akron,2184,Duquesne Dukes,Duquesne,51,7,44,FBS,FCS,Mid-American Conference,Northeast Conference,True,False,InfoCision Stadium,Akron,OH,REGULAR_SEASON,False,False,ESPN_PUBLIC_SCOREBOARD_API,TIER_2_MEDIA_AGGREGATOR,https://site.web.api.espn.com/apis/site/v2/sports/football/college-football/scoreboard?dates=20250920&groups=80&limit=400,00f79da97117a0fc2596b95cb9698dbaf77e89f8a6981214a570bb76bdfa1a44,TIER_1_SOURCE_STALE_FOR_SEASON
ESPN-2025-401752713,2025,REGULAR_SEASON,4,2025-09-20T23:00:00Z,1758409200,142,Missouri Tigers,Missouri,2579,South Carolina Gamecocks,South Carolina,29,20,9,FBS,FBS,Southeastern Conference,Southeastern Conference,False,False,Memorial Stadium,Columbia,MO,REGULAR_SEASON,True,False,ESPN_PUBLIC_SCOREBOARD_API,TIER_2_MEDIA_AGGREGATOR,https://site.web.api.espn.com/apis/site/v2/sports/football/college-football/scoreboard?dates=20250920&groups=80&limit=400,00f79da97117a0fc2596b95cb9698dbaf77e89f8a6981214a570bb76bdfa1a44,TIER_1_SOURCE_STALE_FOR_SEASON
ESPN-2025-401757260,2025,REGULAR_SEASON,4,2025-09-20T23:00:00Z,1758409200,55,Jacksonville State Gamecocks,Jacksonville State,93,Murray State Racers,Murray State,45,10,35,FBS,FCS,Conference USA,Missouri Valley Football Conference,True,False,AmFirst Stadium,Jacksonville,AL,REGULAR_SEASON,False,False,ESPN_PUBLIC_SCOREBOARD_API,TIER_2_MEDIA_AGGREGATOR,https://site.web.api.espn.com/apis/site/v2/sports/football/college-football/scoreboard?dates=20250920&groups=80&limit=400,00f79da97117a0fc2596b95cb9698dbaf77e89f8a6981214a570bb76bdfa1a44,TIER_1_SOURCE_STALE_FOR_SEASON
ESPN-2025-401757264,2025,REGULAR_SEASON,4,2025-09-20T23:00:00Z,1758409200,2393,Middle Tennessee Blue Raiders,Middle Tennessee,276,Marshall Thundering Herd,Marshall,28,42,-14,FBS,FBS,Conference USA,Sun Belt Conference,False,False,"Johnny ""Red"" Floyd Stadium",Murfreesboro,TN,REGULAR_SEASON,False,False,ESPN_PUBLIC_SCOREBOARD_API,TIER_2_MEDIA_AGGREGATOR,https://site.web.api.espn.com/apis/site/v2/sports/football/college-football/scoreboard?dates=20250920&groups=80&limit=400,00f79da97117a0fc2596b95cb9698dbaf77e89f8a6981214a570bb76bdfa1a44,TIER_1_SOURCE_STALE_FOR_SEASON
ESPN-2025-401757265,2025,REGULAR_SEASON,4,2025-09-20T23:00:00Z,1758409200,2623,Missouri State Bears,Missouri State,2630,UT Martin Skyhawks,UT Martin,42,10,32,FBS,FCS,Conference USA,Ohio Valley Conference,True,False,Robert W. Plaster Stadium,Springfield,MO,REGULAR_SEASON,False,False,ESPN_PUBLIC_SCOREBOARD_API,TIER_2_MEDIA_AGGREGATOR,https://site.web.api.espn.com/apis/site/v2/sports/football/college-football/scoreboard?dates=20250920&groups=80&limit=400,00f79da97117a0fc2596b95cb9698dbaf77e89f8a6981214a570bb76bdfa1a44,TIER_1_SOURCE_STALE_FOR_SEASON
ESPN-2025-401757268,2025,REGULAR_SEASON,4,2025-09-20T23:00:00Z,1758409200,98,Western Kentucky Hilltoppers,Western Kentucky,2440,Nevada Wolf Pack,Nevada,31,16,15,FBS,FBS,Conference USA,Mountain West Conference,False,False,Houchens Industries-L.T. Smith Stadium,Bowling Green,KY,REGULAR_SEASON,False,False,ESPN_PUBLIC_SCOREBOARD_API,TIER_2_MEDIA_AGGREGATOR,https://site.web.api.espn.com/apis/site/v2/sports/football/college-football/scoreboard?dates=20250920&groups=80&limit=400,00f79da97117a0fc2596b95cb9698dbaf77e89f8a6981214a570bb76bdfa1a44,TIER_1_SOURCE_STALE_FOR_SEASON
ESPN-2025-401760372,2025,REGULAR_SEASON,4,2025-09-20T23:00:00Z,1758409200,2005,Air Force Falcons,Air Force,68,Boise State Broncos,Boise State,37,49,-12,FBS,FBS,Mountain West Conference,Mountain West Conference,False,False,Falcon Stadium,USAF Academy,CO,REGULAR_SEASON,True,False,ESPN_PUBLIC_SCOREBOARD_API,TIER_2_MEDIA_AGGREGATOR,https://site.web.api.espn.com/apis/site/v2/sports/football/college-football/scoreboard?dates=20250920&groups=80&limit=400,00f79da97117a0fc2596b95cb9698dbaf77e89f8a6981214a570bb76bdfa1a44,TIER_1_SOURCE_STALE_FOR_SEASON
ESPN-2025-401761609,2025,REGULAR_SEASON,4,2025-09-20T23:00:00Z,1758409200,290,Georgia Southern Eagles,Georgia Southern,311,Maine Black Bears,Maine,45,17,28,FBS,FCS,Sun Belt Conference,Coastal Athletic Association,True,False,Allen E. Paulson Stadium,Statesboro,GA,REGULAR_SEASON,False,False,ESPN_PUBLIC_SCOREBOARD_API,TIER_2_MEDIA_AGGREGATOR,https://site.web.api.espn.com/apis/site/v2/sports/football/college-football/scoreboard?dates=20250920&groups=80&limit=400,00f79da97117a0fc2596b95cb9698dbaf77e89f8a6981214a570bb76bdfa1a44,TIER_1_SOURCE_STALE_FOR_SEASON
ESPN-2025-401761611,2025,REGULAR_SEASON,4,2025-09-20T23:00:00Z,1758409200,6,South Alabama Jaguars,South Alabama,324,Coastal Carolina Chanticleers,Coastal Carolina,20,38,-18,FBS,FBS,Sun Belt Conference,Sun Belt Conference,False,False,Hancock Whitney Stadium,Mobile,AL,REGULAR_SEASON,True,False,ESPN_PUBLIC_SCOREBOARD_API,TIER_2_MEDIA_AGGREGATOR,https://site.web.api.espn.com/apis/site/v2/sports/football/college-football/scoreboard?dates=20250920&groups=80&limit=400,00f79da97117a0fc2596b95cb9698dbaf77e89f8a6981214a570bb76bdfa1a44,TIER_1_SOURCE_STALE_FOR_SEASON
ESPN-2025-401752709,2025,REGULAR_SEASON,4,2025-09-20T23:30:00Z,1758411000,2390,Miami Hurricanes,Miami,57,Florida Gators,Florida,26,7,19,FBS,FBS,Atlantic Coast Conference,Southeastern Conference,False,False,Hard Rock Stadium,Miami Gardens,FL,REGULAR_SEASON,False,False,ESPN_PUBLIC_SCOREBOARD_API,TIER_2_MEDIA_AGGREGATOR,https://site.web.api.espn.com/apis/site/v2/sports/football/college-football/scoreboard?dates=20250920&groups=80&limit=400,00f79da97117a0fc2596b95cb9698dbaf77e89f8a6981214a570bb76bdfa1a44,TIER_1_SOURCE_STALE_FOR_SEASON
ESPN-2025-401752716,2025,REGULAR_SEASON,4,2025-09-20T23:30:00Z,1758411000,238,Vanderbilt Commodores,Vanderbilt,2247,Georgia State Panthers,Georgia State,70,21,49,FBS,FBS,Southeastern Conference,Sun Belt Conference,False,False,FirstBank Stadium,Nashville,TN,REGULAR_SEASON,False,False,ESPN_PUBLIC_SCOREBOARD_API,TIER_2_MEDIA_AGGREGATOR,https://site.web.api.espn.com/apis/site/v2/sports/football/college-football/scoreboard?dates=20250920&groups=80&limit=400,00f79da97117a0fc2596b95cb9698dbaf77e89f8a6981214a570bb76bdfa1a44,TIER_1_SOURCE_STALE_FOR_SEASON
ESPN-2025-401752842,2025,REGULAR_SEASON,4,2025-09-20T23:30:00Z,1758411000,265,Washington State Cougars,Washington State,264,Washington Huskies,Washington,24,59,-35,FBS,FBS,Pac-12 Conference,Big Ten Conference,False,False,Martin Stadium,Pullman,WA,REGULAR_SEASON,False,False,ESPN_PUBLIC_SCOREBOARD_API,TIER_2_MEDIA_AGGREGATOR,https://site.web.api.espn.com/apis/site/v2/sports/football/college-football/scoreboard?dates=20250920&groups=80&limit=400,00f79da97117a0fc2596b95cb9698dbaf77e89f8a6981214a570bb76bdfa1a44,TIER_1_SOURCE_STALE_FOR_SEASON
ESPN-2025-401752843,2025,REGULAR_SEASON,4,2025-09-20T23:30:00Z,1758411000,84,Indiana Hoosiers,Indiana,356,Illinois Fighting Illini,Illinois,63,10,53,FBS,FBS,Big Ten Conference,Big Ten Conference,False,False,"Memorial Stadium (Bloomington, IN)",Bloomington,IN,REGULAR_SEASON,True,False,ESPN_PUBLIC_SCOREBOARD_API,TIER_2_MEDIA_AGGREGATOR,https://site.web.api.espn.com/apis/site/v2/sports/football/college-football/scoreboard?dates=20250920&groups=80&limit=400,00f79da97117a0fc2596b95cb9698dbaf77e89f8a6981214a570bb76bdfa1a44,TIER_1_SOURCE_STALE_FOR_SEASON
ESPN-2025-401754539,2025,REGULAR_SEASON,4,2025-09-20T23:30:00Z,1758411000,258,Virginia Cavaliers,Virginia,24,Stanford Cardinal,Stanford,48,20,28,FBS,FBS,Atlantic Coast Conference,Atlantic Coast Conference,False,False,Scott Stadium,Charlottesville,VA,REGULAR_SEASON,True,False,ESPN_PUBLIC_SCOREBOARD_API,TIER_2_MEDIA_AGGREGATOR,https://site.web.api.espn.com/apis/site/v2/sports/football/college-football/scoreboard?dates=20250920&groups=80&limit=400,00f79da97117a0fc2596b95cb9698dbaf77e89f8a6981214a570bb76bdfa1a44,TIER_1_SOURCE_STALE_FOR_SEASON
ESPN-2025-401756896,2025,REGULAR_SEASON,4,2025-09-20T23:30:00Z,1758411000,239,Baylor Bears,Baylor,9,Arizona State Sun Devils,Arizona State,24,27,-3,FBS,FBS,Big 12 Conference,Big 12 Conference,False,False,McLane Stadium,Waco,TX,REGULAR_SEASON,True,False,ESPN_PUBLIC_SCOREBOARD_API,TIER_2_MEDIA_AGGREGATOR,https://site.web.api.espn.com/apis/site/v2/sports/football/college-football/scoreboard?dates=20250920&groups=80&limit=400,00f79da97117a0fc2596b95cb9698dbaf77e89f8a6981214a570bb76bdfa1a44,TIER_1_SOURCE_STALE_FOR_SEASON
ESPN-2025-401756898,2025,REGULAR_SEASON,4,2025-09-20T23:30:00Z,1758411000,151,East Carolina Pirates,East Carolina,252,BYU Cougars,BYU,13,34,-21,FBS,FBS,American Conference,Big 12 Conference,False,False,Dowdy-Ficklen Stadium,Greenville,NC,REGULAR_SEASON,False,False,ESPN_PUBLIC_SCOREBOARD_API,TIER_2_MEDIA_AGGREGATOR,https://site.web.api.espn.com/apis/site/v2/sports/football/college-football/scoreboard?dates=20250920&groups=80&limit=400,00f79da97117a0fc2596b95cb9698dbaf77e89f8a6981214a570bb76bdfa1a44,TIER_1_SOURCE_STALE_FOR_SEASON
ESPN-2025-401757263,2025,REGULAR_SEASON,4,2025-09-20T23:30:00Z,1758411000,2348,Louisiana Tech Bulldogs,Louisiana Tech,2572,Southern Miss Golden Eagles,Southern Miss,30,20,10,FBS,FBS,Conference USA,Sun Belt Conference,False,False,Joe Aillet Stadium,Ruston,LA,REGULAR_SEASON,False,False,ESPN_PUBLIC_SCOREBOARD_API,TIER_2_MEDIA_AGGREGATOR,https://site.web.api.espn.com/apis/site/v2/sports/football/college-football/scoreboard?dates=20250920&groups=80&limit=400,00f79da97117a0fc2596b95cb9698dbaf77e89f8a6981214a570bb76bdfa1a44,TIER_1_SOURCE_STALE_FOR_SEASON
ESPN-2025-401752710,2025,REGULAR_SEASON,4,2025-09-20T23:45:00Z,1758411900,99,LSU Tigers,LSU,2545,SE Louisiana Lions,SE Louisiana,56,10,46,FBS,FCS,Southeastern Conference,Southland Conference,True,False,Tiger Stadium (LA),Baton Rouge,LA,REGULAR_SEASON,False,False,ESPN_PUBLIC_SCOREBOARD_API,TIER_2_MEDIA_AGGREGATOR,https://site.web.api.espn.com/apis/site/v2/sports/football/college-football/scoreboard?dates=20250920&groups=80&limit=400,00f79da97117a0fc2596b95cb9698dbaf77e89f8a6981214a570bb76bdfa1a44,TIER_1_SOURCE_STALE_FOR_SEASON
ESPN-2025-401752723,2025,REGULAR_SEASON,4,2025-09-21T00:00:00Z,1758412800,251,Texas Longhorns,Texas,2534,Sam Houston Bearkats,Sam Houston,55,0,55,FBS,FBS,Southeastern Conference,Conference USA,False,False,DKR-Texas Memorial Stadium,Austin,TX,REGULAR_SEASON,False,False,ESPN_PUBLIC_SCOREBOARD_API,TIER_2_MEDIA_AGGREGATOR,https://site.web.api.espn.com/apis/site/v2/sports/football/college-football/scoreboard?dates=20250920&groups=80&limit=400,00f79da97117a0fc2596b95cb9698dbaf77e89f8a6981214a570bb76bdfa1a44,TIER_1_SOURCE_STALE_FOR_SEASON
ESPN-2025-401760377,2025,REGULAR_SEASON,4,2025-09-21T00:00:00Z,1758412800,328,Utah State Aggies,Utah State,2377,McNeese Cowboys,McNeese,48,7,41,FBS,FCS,Mountain West Conference,Southland Conference,True,False,Maverik Stadium,Logan,UT,REGULAR_SEASON,False,False,ESPN_PUBLIC_SCOREBOARD_API,TIER_2_MEDIA_AGGREGATOR,https://site.web.api.espn.com/apis/site/v2/sports/football/college-football/scoreboard?dates=20250920&groups=80&limit=400,00f79da97117a0fc2596b95cb9698dbaf77e89f8a6981214a570bb76bdfa1a44,TIER_1_SOURCE_STALE_FOR_SEASON
ESPN-2025-401761612,2025,REGULAR_SEASON,4,2025-09-21T00:00:00Z,1758412800,326,Texas State Bobcats,Texas State,2447,Nicholls Colonels,Nicholls,35,3,32,FBS,FCS,Sun Belt Conference,Southland Conference,True,False,UFCU Stadium,San Marcos,TX,REGULAR_SEASON,False,False,ESPN_PUBLIC_SCOREBOARD_API,TIER_2_MEDIA_AGGREGATOR,https://site.web.api.espn.com/apis/site/v2/sports/football/college-football/scoreboard?dates=20250920&groups=80&limit=400,00f79da97117a0fc2596b95cb9698dbaf77e89f8a6981214a570bb76bdfa1a44,TIER_1_SOURCE_STALE_FOR_SEASON
ESPN-2025-401757267,2025,REGULAR_SEASON,4,2025-09-21T01:00:00Z,1758416400,2638,UTEP Miners,UTEP,2433,UL Monroe Warhawks,UL Monroe,25,31,-6,FBS,FBS,Conference USA,Sun Belt Conference,False,False,Sun Bowl,El Paso,TX,REGULAR_SEASON,False,False,ESPN_PUBLIC_SCOREBOARD_API,TIER_2_MEDIA_AGGREGATOR,https://site.web.api.espn.com/apis/site/v2/sports/football/college-football/scoreboard?dates=20250920&groups=80&limit=400,00f79da97117a0fc2596b95cb9698dbaf77e89f8a6981214a570bb76bdfa1a44,TIER_1_SOURCE_STALE_FOR_SEASON
ESPN-2025-401760373,2025,REGULAR_SEASON,4,2025-09-21T01:30:00Z,1758418200,36,Colorado State Rams,Colorado State,2636,UTSA Roadrunners,UTSA,16,17,-1,FBS,FBS,Mountain West Conference,American Conference,False,False,Canvas Stadium,Fort Collins,CO,REGULAR_SEASON,False,False,ESPN_PUBLIC_SCOREBOARD_API,TIER_2_MEDIA_AGGREGATOR,https://site.web.api.espn.com/apis/site/v2/sports/football/college-football/scoreboard?dates=20250920&groups=80&limit=400,00f79da97117a0fc2596b95cb9698dbaf77e89f8a6981214a570bb76bdfa1a44,TIER_1_SOURCE_STALE_FOR_SEASON
ESPN-2025-401756897,2025,REGULAR_SEASON,4,2025-09-21T02:25:00Z,1758421500,38,Colorado Buffaloes,Colorado,2751,Wyoming Cowboys,Wyoming,37,20,17,FBS,FBS,Big 12 Conference,Mountain West Conference,False,False,Folsom Field,Boulder,CO,REGULAR_SEASON,False,False,ESPN_PUBLIC_SCOREBOARD_API,TIER_2_MEDIA_AGGREGATOR,https://site.web.api.espn.com/apis/site/v2/sports/football/college-football/scoreboard?dates=20250920&groups=80&limit=400,00f79da97117a0fc2596b95cb9698dbaf77e89f8a6981214a570bb76bdfa1a44,TIER_1_SOURCE_STALE_FOR_SEASON
ESPN-2025-401754540,2025,REGULAR_SEASON,4,2025-09-21T02:30:00Z,1758421800,21,San Diego State Aztecs,San Diego State,25,California Golden Bears,California,34,0,34,FBS,FBS,Mountain West Conference,Atlantic Coast Conference,False,False,Snapdragon Stadium,San Diego,CA,REGULAR_SEASON,False,False,ESPN_PUBLIC_SCOREBOARD_API,TIER_2_MEDIA_AGGREGATOR,https://site.web.api.espn.com/apis/site/v2/sports/football/college-football/scoreboard?dates=20250920&groups=80&limit=400,00f79da97117a0fc2596b95cb9698dbaf77e89f8a6981214a570bb76bdfa1a44,TIER_1_SOURCE_STALE_FOR_SEASON
ESPN-2025-401752847,2025,REGULAR_SEASON,4,2025-09-21T03:00:00Z,1758423600,30,USC Trojans,USC,127,Michigan State Spartans,Michigan State,45,31,14,FBS,FBS,Big Ten Conference,Big Ten Conference,False,False,Los Angeles Memorial Coliseum,Los Angeles,CA,REGULAR_SEASON,True,False,ESPN_PUBLIC_SCOREBOARD_API,TIER_2_MEDIA_AGGREGATOR,https://site.web.api.espn.com/apis/site/v2/sports/football/college-football/scoreboard?dates=20250920&groups=80&limit=400,00f79da97117a0fc2596b95cb9698dbaf77e89f8a6981214a570bb76bdfa1a44,TIER_1_SOURCE_STALE_FOR_SEASON
ESPN-2025-401760374,2025,REGULAR_SEASON,4,2025-09-21T03:59:00Z,1758427140,62,Hawai'i Rainbow Warriors,Hawai'i,278,Fresno State Bulldogs,Fresno State,21,23,-2,FBS,FBS,Mountain West Conference,Mountain West Conference,False,False,Clarence T.C. Ching Athletics Complex,Honolulu,HI,REGULAR_SEASON,True,False,ESPN_PUBLIC_SCOREBOARD_API,TIER_2_MEDIA_AGGREGATOR,https://site.web.api.espn.com/apis/site/v2/sports/football/college-football/scoreboard?dates=20250920&groups=80&limit=400,00f79da97117a0fc2596b95cb9698dbaf77e89f8a6981214a570bb76bdfa1a44,TIER_1_SOURCE_STALE_FOR_SEASON
ESPN-2025-401762471,2025,REGULAR_SEASON,5,2025-09-25T23:30:00Z,1758843000,151,East Carolina Pirates,East Carolina,349,Army Black Knights,Army,28,6,22,FBS,FBS,American Conference,American Conference,False,False,Dowdy-Ficklen Stadium,Greenville,NC,REGULAR_SEASON,True,False,ESPN_PUBLIC_SCOREBOARD_API,TIER_2_MEDIA_AGGREGATOR,https://site.web.api.espn.com/apis/site/v2/sports/football/college-football/scoreboard?dates=20250925&groups=80&limit=400,7382432e7f55e9268a66e5333ce52a39f34df05954eb0f0fbb3b76711c165607,TIER_1_SOURCE_STALE_FOR_SEASON
ESPN-2025-401754543,2025,REGULAR_SEASON,5,2025-09-26T23:00:00Z,1758927600,258,Virginia Cavaliers,Virginia,52,Florida State Seminoles,Florida State,46,38,8,FBS,FBS,Atlantic Coast Conference,Atlantic Coast Conference,False,False,Scott Stadium,Charlottesville,VA,REGULAR_SEASON,True,True,ESPN_PUBLIC_SCOREBOARD_API,TIER_2_MEDIA_AGGREGATOR,https://site.web.api.espn.com/apis/site/v2/sports/football/college-football/scoreboard?dates=20250926&groups=80&limit=400,5df0972aa26be54c0dd4b9caedf04159b5b49eb9bedfff77b00244489fb2fca6,TIER_1_SOURCE_STALE_FOR_SEASON
ESPN-2025-401756902,2025,REGULAR_SEASON,5,2025-09-27T01:00:00Z,1758934800,9,Arizona State Sun Devils,Arizona State,2628,TCU Horned Frogs,TCU,27,24,3,FBS,FBS,Big 12 Conference,Big 12 Conference,False,False,Mountain America Stadium,Tempe,AZ,REGULAR_SEASON,True,False,ESPN_PUBLIC_SCOREBOARD_API,TIER_2_MEDIA_AGGREGATOR,https://site.web.api.espn.com/apis/site/v2/sports/football/college-football/scoreboard?dates=20250926&groups=80&limit=400,5df0972aa26be54c0dd4b9caedf04159b5b49eb9bedfff77b00244489fb2fca6,TIER_1_SOURCE_STALE_FOR_SEASON
ESPN-2025-401752939,2025,REGULAR_SEASON,5,2025-09-27T02:35:00Z,1758940500,204,Oregon State Beavers,Oregon State,248,Houston Cougars,Houston,24,27,-3,FBS,FBS,Pac-12 Conference,Big 12 Conference,False,False,Reser Stadium,Corvallis,OR,REGULAR_SEASON,False,True,ESPN_PUBLIC_SCOREBOARD_API,TIER_2_MEDIA_AGGREGATOR,https://site.web.api.espn.com/apis/site/v2/sports/football/college-football/scoreboard?dates=20250926&groups=80&limit=400,5df0972aa26be54c0dd4b9caedf04159b5b49eb9bedfff77b00244489fb2fca6,TIER_1_SOURCE_STALE_FOR_SEASON
ESPN-2025-401752717,2025,REGULAR_SEASON,5,2025-09-27T16:00:00Z,1758988800,8,Arkansas Razorbacks,Arkansas,87,Notre Dame Fighting Irish,Notre Dame,13,56,-43,FBS,FBS,Southeastern Conference,FBS Independents,False,False,Donald W. Reynolds Razorback Stadium,Fayetteville,AR,REGULAR_SEASON,False,False,ESPN_PUBLIC_SCOREBOARD_API,TIER_2_MEDIA_AGGREGATOR,https://site.web.api.espn.com/apis/site/v2/sports/football/college-football/scoreboard?dates=20250927&groups=80&limit=400,65081aef6da187fdeae7f82a1c8f8edbe444a36774b1dd6875e15e22c3f89dfe,TIER_1_SOURCE_STALE_FOR_SEASON
ESPN-2025-401752849,2025,REGULAR_SEASON,5,2025-09-27T16:00:00Z,1758988800,135,Minnesota Golden Gophers,Minnesota,164,Rutgers Scarlet Knights,Rutgers,31,28,3,FBS,FBS,Big Ten Conference,Big Ten Conference,False,False,Huntington Bank Stadium,Minneapolis,MN,REGULAR_SEASON,True,False,ESPN_PUBLIC_SCOREBOARD_API,TIER_2_MEDIA_AGGREGATOR,https://site.web.api.espn.com/apis/site/v2/sports/football/college-football/scoreboard?dates=20250927&groups=80&limit=400,65081aef6da187fdeae7f82a1c8f8edbe444a36774b1dd6875e15e22c3f89dfe,TIER_1_SOURCE_STALE_FOR_SEASON
ESPN-2025-401752850,2025,REGULAR_SEASON,5,2025-09-27T16:00:00Z,1758988800,356,Illinois Fighting Illini,Illinois,30,USC Trojans,USC,34,32,2,FBS,FBS,Big Ten Conference,Big Ten Conference,False,False,Gies Memorial Stadium,Champaign,IL,REGULAR_SEASON,True,False,ESPN_PUBLIC_SCOREBOARD_API,TIER_2_MEDIA_AGGREGATOR,https://site.web.api.espn.com/apis/site/v2/sports/football/college-football/scoreboard?dates=20250927&groups=80&limit=400,65081aef6da187fdeae7f82a1c8f8edbe444a36774b1dd6875e15e22c3f89dfe,TIER_1_SOURCE_STALE_FOR_SEASON
ESPN-2025-401754545,2025,REGULAR_SEASON,5,2025-09-27T16:00:00Z,1758988800,183,Syracuse Orange,Syracuse,150,Duke Blue Devils,Duke,3,38,-35,FBS,FBS,Atlantic Coast Conference,Atlantic Coast Conference,False,False,JMA Wireless Dome,Syracuse,NY,REGULAR_SEASON,True,False,ESPN_PUBLIC_SCOREBOARD_API,TIER_2_MEDIA_AGGREGATOR,https://site.web.api.espn.com/apis/site/v2/sports/football/college-football/scoreboard?dates=20250927&groups=80&limit=400,65081aef6da187fdeae7f82a1c8f8edbe444a36774b1dd6875e15e22c3f89dfe,TIER_1_SOURCE_STALE_FOR_SEASON
ESPN-2025-401754546,2025,REGULAR_SEASON,5,2025-09-27T16:00:00Z,1758988800,154,Wake Forest Demon Deacons,Wake Forest,59,Georgia Tech Yellow Jackets,Georgia Tech,29,30,-1,FBS,FBS,Atlantic Coast Conference,Atlantic Coast Conference,False,False,Allegacy Federal Credit Union Stadium,Winston-Salem,NC,REGULAR_SEASON,True,True,ESPN_PUBLIC_SCOREBOARD_API,TIER_2_MEDIA_AGGREGATOR,https://site.web.api.espn.com/apis/site/v2/sports/football/college-football/scoreboard?dates=20250927&groups=80&limit=400,65081aef6da187fdeae7f82a1c8f8edbe444a36774b1dd6875e15e22c3f89dfe,TIER_1_SOURCE_STALE_FOR_SEASON
ESPN-2025-401754547,2025,REGULAR_SEASON,5,2025-09-27T16:00:00Z,1758988800,221,Pittsburgh Panthers,Pittsburgh,97,Louisville Cardinals,Louisville,27,34,-7,FBS,FBS,Atlantic Coast Conference,Atlantic Coast Conference,False,False,Acrisure Stadium,Pittsburgh,PA,REGULAR_SEASON,True,False,ESPN_PUBLIC_SCOREBOARD_API,TIER_2_MEDIA_AGGREGATOR,https://site.web.api.espn.com/apis/site/v2/sports/football/college-football/scoreboard?dates=20250927&groups=80&limit=400,65081aef6da187fdeae7f82a1c8f8edbe444a36774b1dd6875e15e22c3f89dfe,TIER_1_SOURCE_STALE_FOR_SEASON
ESPN-2025-401756905,2025,REGULAR_SEASON,5,2025-09-27T16:00:00Z,1758988800,2305,Kansas Jayhawks,Kansas,2132,Cincinnati Bearcats,Cincinnati,34,37,-3,FBS,FBS,Big 12 Conference,Big 12 Conference,False,False,David Booth Kansas Memorial Stadium,Lawrence,KS,REGULAR_SEASON,True,False,ESPN_PUBLIC_SCOREBOARD_API,TIER_2_MEDIA_AGGREGATOR,https://site.web.api.espn.com/apis/site/v2/sports/football/college-football/scoreboard?dates=20250927&groups=80&limit=400,65081aef6da187fdeae7f82a1c8f8edbe444a36774b1dd6875e15e22c3f89dfe,TIER_1_SOURCE_STALE_FOR_SEASON
ESPN-2025-401756906,2025,REGULAR_SEASON,5,2025-09-27T16:00:00Z,1758988800,2306,Kansas State Wildcats,Kansas State,2116,UCF Knights,UCF,34,20,14,FBS,FBS,Big 12 Conference,Big 12 Conference,False,False,Bill Snyder Family Stadium,Manhattan,KS,REGULAR_SEASON,True,False,ESPN_PUBLIC_SCOREBOARD_API,TIER_2_MEDIA_AGGREGATOR,https://site.web.api.espn.com/apis/site/v2/sports/football/college-football/scoreboard?dates=20250927&groups=80&limit=400,65081aef6da187fdeae7f82a1c8f8edbe444a36774b1dd6875e15e22c3f89dfe,TIER_1_SOURCE_STALE_FOR_SEASON
ESPN-2025-401761617,2025,REGULAR_SEASON,5,2025-09-27T16:00:00Z,1758988800,249,North Texas Mean Green,North Texas,6,South Alabama Jaguars,South Alabama,36,22,14,FBS,FBS,American Conference,Sun Belt Conference,False,False,DATCU Stadium,Denton,TX,REGULAR_SEASON,False,False,ESPN_PUBLIC_SCOREBOARD_API,TIER_2_MEDIA_AGGREGATOR,https://site.web.api.espn.com/apis/site/v2/sports/football/college-football/scoreboard?dates=20250927&groups=80&limit=400,65081aef6da187fdeae7f82a1c8f8edbe444a36774b1dd6875e15e22c3f89dfe,TIER_1_SOURCE_STALE_FOR_SEASON
ESPN-2025-401762825,2025,REGULAR_SEASON,5,2025-09-27T16:00:00Z,1758988800,195,Ohio Bobcats,Ohio,189,Bowling Green Falcons,Bowling Green,35,20,15,FBS,FBS,Mid-American Conference,Mid-American Conference,False,False,Peden Stadium,Athens,OH,REGULAR_SEASON,True,False,ESPN_PUBLIC_SCOREBOARD_API,TIER_2_MEDIA_AGGREGATOR,https://site.web.api.espn.com/apis/site/v2/sports/football/college-football/scoreboard?dates=20250927&groups=80&limit=400,65081aef6da187fdeae7f82a1c8f8edbe444a36774b1dd6875e15e22c3f89dfe,TIER_1_SOURCE_STALE_FOR_SEASON
ESPN-2025-401752725,2025,REGULAR_SEASON,5,2025-09-27T16:45:00Z,1758991500,238,Vanderbilt Commodores,Vanderbilt,328,Utah State Aggies,Utah State,55,35,20,FBS,FBS,Southeastern Conference,Mountain West Conference,False,False,FirstBank Stadium,Nashville,TN,REGULAR_SEASON,False,False,ESPN_PUBLIC_SCOREBOARD_API,TIER_2_MEDIA_AGGREGATOR,https://site.web.api.espn.com/apis/site/v2/sports/football/college-football/scoreboard?dates=20250927&groups=80&limit=400,65081aef6da187fdeae7f82a1c8f8edbe444a36774b1dd6875e15e22c3f89dfe,TIER_1_SOURCE_STALE_FOR_SEASON
ESPN-2025-401762826,2025,REGULAR_SEASON,5,2025-09-27T17:00:00Z,1758992400,2117,Central Michigan Chippewas,Central Michigan,2199,Eastern Michigan Eagles,Eastern Michigan,24,13,11,FBS,FBS,Mid-American Conference,Mid-American Conference,False,False,Kelly/Shorts Stadium,Mount Pleasant,MI,REGULAR_SEASON,True,False,ESPN_PUBLIC_SCOREBOARD_API,TIER_2_MEDIA_AGGREGATOR,https://site.web.api.espn.com/apis/site/v2/sports/football/college-football/scoreboard?dates=20250927&groups=80&limit=400,65081aef6da187fdeae7f82a1c8f8edbe444a36774b1dd6875e15e22c3f89dfe,TIER_1_SOURCE_STALE_FOR_SEASON
ESPN-2025-401761614,2025,REGULAR_SEASON,5,2025-09-27T17:30:00Z,1758994200,256,James Madison Dukes,James Madison,290,Georgia Southern Eagles,Georgia Southern,35,10,25,FBS,FBS,Sun Belt Conference,Sun Belt Conference,False,False,Bridgeforth Stadium,Harrisonburg,VA,REGULAR_SEASON,True,False,ESPN_PUBLIC_SCOREBOARD_API,TIER_2_MEDIA_AGGREGATOR,https://site.web.api.espn.com/apis/site/v2/sports/football/college-football/scoreboard?dates=20250927&groups=80&limit=400,65081aef6da187fdeae7f82a1c8f8edbe444a36774b1dd6875e15e22c3f89dfe,TIER_1_SOURCE_STALE_FOR_SEASON
ESPN-2025-401761616,2025,REGULAR_SEASON,5,2025-09-27T19:00:00Z,1758999600,2433,UL Monroe Warhawks,UL Monroe,2032,Arkansas State Red Wolves,Arkansas State,28,16,12,FBS,FBS,Sun Belt Conference,Sun Belt Conference,False,False,Malone Stadium,Monroe,LA,REGULAR_SEASON,True,False,ESPN_PUBLIC_SCOREBOARD_API,TIER_2_MEDIA_AGGREGATOR,https://site.web.api.espn.com/apis/site/v2/sports/football/college-football/scoreboard?dates=20250927&groups=80&limit=400,65081aef6da187fdeae7f82a1c8f8edbe444a36774b1dd6875e15e22c3f89dfe,TIER_1_SOURCE_STALE_FOR_SEASON
ESPN-2025-401752719,2025,REGULAR_SEASON,5,2025-09-27T19:30:00Z,1759001400,145,Ole Miss Rebels,Ole Miss,99,LSU Tigers,LSU,24,19,5,FBS,FBS,Southeastern Conference,Southeastern Conference,False,False,Vaught-Hemingway Stadium,Oxford,MS,REGULAR_SEASON,True,False,ESPN_PUBLIC_SCOREBOARD_API,TIER_2_MEDIA_AGGREGATOR,https://site.web.api.espn.com/apis/site/v2/sports/football/college-football/scoreboard?dates=20250927&groups=80&limit=400,65081aef6da187fdeae7f82a1c8f8edbe444a36774b1dd6875e15e22c3f89dfe,TIER_1_SOURCE_STALE_FOR_SEASON
ESPN-2025-401752724,2025,REGULAR_SEASON,5,2025-09-27T19:30:00Z,1759001400,245,Texas A&M Aggies,Texas A&M,2,Auburn Tigers,Auburn,16,10,6,FBS,FBS,Southeastern Conference,Southeastern Conference,False,False,Kyle Field,College Station,TX,REGULAR_SEASON,True,False,ESPN_PUBLIC_SCOREBOARD_API,TIER_2_MEDIA_AGGREGATOR,https://site.web.api.espn.com/apis/site/v2/sports/football/college-football/scoreboard?dates=20250927&groups=80&limit=400,65081aef6da187fdeae7f82a1c8f8edbe444a36774b1dd6875e15e22c3f89dfe,TIER_1_SOURCE_STALE_FOR_SEASON
ESPN-2025-401752851,2025,REGULAR_SEASON,5,2025-09-27T19:30:00Z,1759001400,77,Northwestern Wildcats,Northwestern,26,UCLA Bruins,UCLA,17,14,3,FBS,FBS,Big Ten Conference,Big Ten Conference,False,False,Northwestern Medicine Field at Martin Stadium,Evanston,IL,REGULAR_SEASON,True,False,ESPN_PUBLIC_SCOREBOARD_API,TIER_2_MEDIA_AGGREGATOR,https://site.web.api.espn.com/apis/site/v2/sports/football/college-football/scoreboard?dates=20250927&groups=80&limit=400,65081aef6da187fdeae7f82a1c8f8edbe444a36774b1dd6875e15e22c3f89dfe,TIER_1_SOURCE_STALE_FOR_SEASON
ESPN-2025-401752852,2025,REGULAR_SEASON,5,2025-09-27T19:30:00Z,1759001400,264,Washington Huskies,Washington,194,Ohio State Buckeyes,Ohio State,6,24,-18,FBS,FBS,Big Ten Conference,Big Ten Conference,False,False,Husky Stadium,Seattle,WA,REGULAR_SEASON,True,False,ESPN_PUBLIC_SCOREBOARD_API,TIER_2_MEDIA_AGGREGATOR,https://site.web.api.espn.com/apis/site/v2/sports/football/college-football/scoreboard?dates=20250927&groups=80&limit=400,65081aef6da187fdeae7f82a1c8f8edbe444a36774b1dd6875e15e22c3f89dfe,TIER_1_SOURCE_STALE_FOR_SEASON
ESPN-2025-401752853,2025,REGULAR_SEASON,5,2025-09-27T19:30:00Z,1759001400,2294,Iowa Hawkeyes,Iowa,84,Indiana Hoosiers,Indiana,15,20,-5,FBS,FBS,Big Ten Conference,Big Ten Conference,False,False,Kinnick Stadium,Iowa City,IA,REGULAR_SEASON,True,False,ESPN_PUBLIC_SCOREBOARD_API,TIER_2_MEDIA_AGGREGATOR,https://site.web.api.espn.com/apis/site/v2/sports/football/college-football/scoreboard?dates=20250927&groups=80&limit=400,65081aef6da187fdeae7f82a1c8f8edbe444a36774b1dd6875e15e22c3f89dfe,TIER_1_SOURCE_STALE_FOR_SEASON
ESPN-2025-401754544,2025,REGULAR_SEASON,5,2025-09-27T19:30:00Z,1759001400,103,Boston College Eagles,Boston College,25,California Golden Bears,California,24,28,-4,FBS,FBS,Atlantic Coast Conference,Atlantic Coast Conference,False,False,"Alumni Stadium (Chestnut Hill, MA)",Chestnut Hill,MA,REGULAR_SEASON,True,False,ESPN_PUBLIC_SCOREBOARD_API,TIER_2_MEDIA_AGGREGATOR,https://site.web.api.espn.com/apis/site/v2/sports/football/college-football/scoreboard?dates=20250927&groups=80&limit=400,65081aef6da187fdeae7f82a1c8f8edbe444a36774b1dd6875e15e22c3f89dfe,TIER_1_SOURCE_STALE_FOR_SEASON
ESPN-2025-401756907,2025,REGULAR_SEASON,5,2025-09-27T19:30:00Z,1759001400,197,Oklahoma State Cowboys,Oklahoma State,239,Baylor Bears,Baylor,27,45,-18,FBS,FBS,Big 12 Conference,Big 12 Conference,False,False,Boone Pickens Stadium,Stillwater,OK,REGULAR_SEASON,True,False,ESPN_PUBLIC_SCOREBOARD_API,TIER_2_MEDIA_AGGREGATOR,https://site.web.api.espn.com/apis/site/v2/sports/football/college-football/scoreboard?dates=20250927&groups=80&limit=400,65081aef6da187fdeae7f82a1c8f8edbe444a36774b1dd6875e15e22c3f89dfe,TIER_1_SOURCE_STALE_FOR_SEASON
ESPN-2025-401756908,2025,REGULAR_SEASON,5,2025-09-27T19:30:00Z,1759001400,277,West Virginia Mountaineers,West Virginia,254,Utah Utes,Utah,14,48,-34,FBS,FBS,Big 12 Conference,Big 12 Conference,False,False,Milan Puskar Stadium,Morgantown,WV,REGULAR_SEASON,True,False,ESPN_PUBLIC_SCOREBOARD_API,TIER_2_MEDIA_AGGREGATOR,https://site.web.api.espn.com/apis/site/v2/sports/football/college-football/scoreboard?dates=20250927&groups=80&limit=400,65081aef6da187fdeae7f82a1c8f8edbe444a36774b1dd6875e15e22c3f89dfe,TIER_1_SOURCE_STALE_FOR_SEASON
ESPN-2025-401757170,2025,REGULAR_SEASON,5,2025-09-27T19:30:00Z,1759001400,2084,Buffalo Bulls,Buffalo,41,UConn Huskies,UConn,17,20,-3,FBS,FBS,Mid-American Conference,FBS Independents,False,False,Broadview Stadium,Buffalo,NY,REGULAR_SEASON,False,False,ESPN_PUBLIC_SCOREBOARD_API,TIER_2_MEDIA_AGGREGATOR,https://site.web.api.espn.com/apis/site/v2/sports/football/college-football/scoreboard?dates=20250927&groups=80&limit=400,65081aef6da187fdeae7f82a1c8f8edbe444a36774b1dd6875e15e22c3f89dfe,TIER_1_SOURCE_STALE_FOR_SEASON
ESPN-2025-401760380,2025,REGULAR_SEASON,5,2025-09-27T19:30:00Z,1759001400,2459,Northern Illinois Huskies,Northern Illinois,21,San Diego State Aztecs,San Diego State,3,6,-3,FBS,FBS,Mid-American Conference,Mountain West Conference,False,False,Huskie Stadium,Dekalb,IL,REGULAR_SEASON,False,False,ESPN_PUBLIC_SCOREBOARD_API,TIER_2_MEDIA_AGGREGATOR,https://site.web.api.espn.com/apis/site/v2/sports/football/college-football/scoreboard?dates=20250927&groups=80&limit=400,65081aef6da187fdeae7f82a1c8f8edbe444a36774b1dd6875e15e22c3f89dfe,TIER_1_SOURCE_STALE_FOR_SEASON
ESPN-2025-401762473,2025,REGULAR_SEASON,5,2025-09-27T19:30:00Z,1759001400,2426,Navy Midshipmen,Navy,242,Rice Owls,Rice,21,13,8,FBS,FBS,American Conference,American Conference,False,False,Navy-Marine Corps Memorial Stadium,Annapolis,MD,REGULAR_SEASON,True,False,ESPN_PUBLIC_SCOREBOARD_API,TIER_2_MEDIA_AGGREGATOR,https://site.web.api.espn.com/apis/site/v2/sports/football/college-football/scoreboard?dates=20250927&groups=80&limit=400,65081aef6da187fdeae7f82a1c8f8edbe444a36774b1dd6875e15e22c3f89dfe,TIER_1_SOURCE_STALE_FOR_SEASON
ESPN-2025-401762824,2025,REGULAR_SEASON,5,2025-09-27T19:30:00Z,1759001400,2649,Toledo Rockets,Toledo,2006,Akron Zips,Akron,45,3,42,FBS,FBS,Mid-American Conference,Mid-American Conference,False,False,Glass Bowl,Toledo,OH,REGULAR_SEASON,True,False,ESPN_PUBLIC_SCOREBOARD_API,TIER_2_MEDIA_AGGREGATOR,https://site.web.api.espn.com/apis/site/v2/sports/football/college-football/scoreboard?dates=20250927&groups=80&limit=400,65081aef6da187fdeae7f82a1c8f8edbe444a36774b1dd6875e15e22c3f89dfe,TIER_1_SOURCE_STALE_FOR_SEASON
ESPN-2025-401762827,2025,REGULAR_SEASON,5,2025-09-27T19:30:00Z,1759001400,193,Miami (OH) RedHawks,Miami (OH),2815,Lindenwood Lions,Lindenwood,38,0,38,FBS,FCS,Mid-American Conference,Ohio Valley Conference,True,False,Yager Stadium,Oxford,OH,REGULAR_SEASON,False,False,ESPN_PUBLIC_SCOREBOARD_API,TIER_2_MEDIA_AGGREGATOR,https://site.web.api.espn.com/apis/site/v2/sports/football/college-football/scoreboard?dates=20250927&groups=80&limit=400,65081aef6da187fdeae7f82a1c8f8edbe444a36774b1dd6875e15e22c3f89dfe,TIER_1_SOURCE_STALE_FOR_SEASON
ESPN-2025-401757274,2025,REGULAR_SEASON,5,2025-09-27T20:00:00Z,1759003200,167,New Mexico Lobos,New Mexico,166,New Mexico State Aggies,New Mexico State,38,20,18,FBS,FBS,Mountain West Conference,Conference USA,False,False,University Stadium (NM),Albuquerque,NM,REGULAR_SEASON,False,False,ESPN_PUBLIC_SCOREBOARD_API,TIER_2_MEDIA_AGGREGATOR,https://site.web.api.espn.com/apis/site/v2/sports/football/college-football/scoreboard?dates=20250927&groups=80&limit=400,65081aef6da187fdeae7f82a1c8f8edbe444a36774b1dd6875e15e22c3f89dfe,TIER_1_SOURCE_STALE_FOR_SEASON
ESPN-2025-401760378,2025,REGULAR_SEASON,5,2025-09-27T20:00:00Z,1759003200,2005,Air Force Falcons,Air Force,62,Hawai'i Rainbow Warriors,Hawai'i,35,44,-9,FBS,FBS,Mountain West Conference,Mountain West Conference,False,False,Falcon Stadium,USAF Academy,CO,REGULAR_SEASON,True,False,ESPN_PUBLIC_SCOREBOARD_API,TIER_2_MEDIA_AGGREGATOR,https://site.web.api.espn.com/apis/site/v2/sports/football/college-football/scoreboard?dates=20250927&groups=80&limit=400,65081aef6da187fdeae7f82a1c8f8edbe444a36774b1dd6875e15e22c3f89dfe,TIER_1_SOURCE_STALE_FOR_SEASON
ESPN-2025-401762474,2025,REGULAR_SEASON,5,2025-09-27T20:00:00Z,1759003200,202,Tulsa Golden Hurricane,Tulsa,2655,Tulane Green Wave,Tulane,14,31,-17,FBS,FBS,American Conference,American Conference,False,False,H. A. Chapman Stadium,Tulsa,OK,REGULAR_SEASON,True,False,ESPN_PUBLIC_SCOREBOARD_API,TIER_2_MEDIA_AGGREGATOR,https://site.web.api.espn.com/apis/site/v2/sports/football/college-football/scoreboard?dates=20250927&groups=80&limit=400,65081aef6da187fdeae7f82a1c8f8edbe444a36774b1dd6875e15e22c3f89dfe,TIER_1_SOURCE_STALE_FOR_SEASON
ESPN-2025-401752720,2025,REGULAR_SEASON,5,2025-09-27T20:15:00Z,1759004100,344,Mississippi State Bulldogs,Mississippi State,2633,Tennessee Volunteers,Tennessee,34,41,-7,FBS,FBS,Southeastern Conference,Southeastern Conference,False,False,Davis Wade Stadium,Starkville,MS,REGULAR_SEASON,True,True,ESPN_PUBLIC_SCOREBOARD_API,TIER_2_MEDIA_AGGREGATOR,https://site.web.api.espn.com/apis/site/v2/sports/football/college-football/scoreboard?dates=20250927&groups=80&limit=400,65081aef6da187fdeae7f82a1c8f8edbe444a36774b1dd6875e15e22c3f89dfe,TIER_1_SOURCE_STALE_FOR_SEASON
ESPN-2025-401757270,2025,REGULAR_SEASON,5,2025-09-27T22:00:00Z,1759010400,338,Kennesaw State Owls,Kennesaw State,2393,Middle Tennessee Blue Raiders,Middle Tennessee,24,16,8,FBS,FBS,Conference USA,Conference USA,False,False,Walens Family Field at Fifth Third Stadium,Kennesaw,GA,REGULAR_SEASON,True,False,ESPN_PUBLIC_SCOREBOARD_API,TIER_2_MEDIA_AGGREGATOR,https://site.web.api.espn.com/apis/site/v2/sports/football/college-football/scoreboard?dates=20250927&groups=80&limit=400,65081aef6da187fdeae7f82a1c8f8edbe444a36774b1dd6875e15e22c3f89dfe,TIER_1_SOURCE_STALE_FOR_SEASON
ESPN-2025-401757271,2025,REGULAR_SEASON,5,2025-09-27T22:00:00Z,1759010400,295,Old Dominion Monarchs,Old Dominion,2335,Liberty Flames,Liberty,21,7,14,FBS,FBS,Sun Belt Conference,Conference USA,False,False,S.B. Ballard Stadium,Norfolk,VA,REGULAR_SEASON,False,False,ESPN_PUBLIC_SCOREBOARD_API,TIER_2_MEDIA_AGGREGATOR,https://site.web.api.espn.com/apis/site/v2/sports/football/college-football/scoreboard?dates=20250927&groups=80&limit=400,65081aef6da187fdeae7f82a1c8f8edbe444a36774b1dd6875e15e22c3f89dfe,TIER_1_SOURCE_STALE_FOR_SEASON
ESPN-2025-401762828,2025,REGULAR_SEASON,5,2025-09-27T22:30:00Z,1759012200,2711,Western Michigan Broncos,Western Michigan,227,Rhode Island Rams,Rhode Island,47,14,33,FBS,FCS,Mid-American Conference,Coastal Athletic Association,True,False,Waldo Stadium,Kalamazoo,MI,REGULAR_SEASON,False,False,ESPN_PUBLIC_SCOREBOARD_API,TIER_2_MEDIA_AGGREGATOR,https://site.web.api.espn.com/apis/site/v2/sports/football/college-football/scoreboard?dates=20250927&groups=80&limit=400,65081aef6da187fdeae7f82a1c8f8edbe444a36774b1dd6875e15e22c3f89dfe,TIER_1_SOURCE_STALE_FOR_SEASON
ESPN-2025-401754548,2025,REGULAR_SEASON,5,2025-09-27T23:00:00Z,1759014000,152,NC State Wolfpack,NC State,259,Virginia Tech Hokies,Virginia Tech,21,23,-2,FBS,FBS,Atlantic Coast Conference,Atlantic Coast Conference,False,False,Carter-Finley Stadium,Raleigh,NC,REGULAR_SEASON,True,False,ESPN_PUBLIC_SCOREBOARD_API,TIER_2_MEDIA_AGGREGATOR,https://site.web.api.espn.com/apis/site/v2/sports/football/college-football/scoreboard?dates=20250927&groups=80&limit=400,65081aef6da187fdeae7f82a1c8f8edbe444a36774b1dd6875e15e22c3f89dfe,TIER_1_SOURCE_STALE_FOR_SEASON
ESPN-2025-401756904,2025,REGULAR_SEASON,5,2025-09-27T23:00:00Z,1759014000,66,Iowa State Cyclones,Iowa State,12,Arizona Wildcats,Arizona,39,14,25,FBS,FBS,Big 12 Conference,Big 12 Conference,False,False,Jack Trice Stadium,Ames,IA,REGULAR_SEASON,True,False,ESPN_PUBLIC_SCOREBOARD_API,TIER_2_MEDIA_AGGREGATOR,https://site.web.api.espn.com/apis/site/v2/sports/football/college-football/scoreboard?dates=20250927&groups=80&limit=400,65081aef6da187fdeae7f82a1c8f8edbe444a36774b1dd6875e15e22c3f89dfe,TIER_1_SOURCE_STALE_FOR_SEASON
ESPN-2025-401757269,2025,REGULAR_SEASON,5,2025-09-27T23:00:00Z,1759014000,2572,Southern Miss Golden Eagles,Southern Miss,55,Jacksonville State Gamecocks,Jacksonville State,42,25,17,FBS,FBS,Sun Belt Conference,Conference USA,False,False,M. M. Roberts Stadium,Hattiesburg,MS,REGULAR_SEASON,False,False,ESPN_PUBLIC_SCOREBOARD_API,TIER_2_MEDIA_AGGREGATOR,https://site.web.api.espn.com/apis/site/v2/sports/football/college-football/scoreboard?dates=20250927&groups=80&limit=400,65081aef6da187fdeae7f82a1c8f8edbe444a36774b1dd6875e15e22c3f89dfe,TIER_1_SOURCE_STALE_FOR_SEASON
ESPN-2025-401757273,2025,REGULAR_SEASON,5,2025-09-27T23:00:00Z,1759014000,2623,Missouri State Bears,Missouri State,98,Western Kentucky Hilltoppers,Western Kentucky,22,27,-5,FBS,FBS,Conference USA,Conference USA,False,False,Robert W. Plaster Stadium,Springfield,MO,REGULAR_SEASON,True,False,ESPN_PUBLIC_SCOREBOARD_API,TIER_2_MEDIA_AGGREGATOR,https://site.web.api.espn.com/apis/site/v2/sports/football/college-football/scoreboard?dates=20250927&groups=80&limit=400,65081aef6da187fdeae7f82a1c8f8edbe444a36774b1dd6875e15e22c3f89dfe,TIER_1_SOURCE_STALE_FOR_SEASON
ESPN-2025-401762472,2025,REGULAR_SEASON,5,2025-09-27T23:00:00Z,1759014000,2226,Florida Atlantic Owls,Florida Atlantic,235,Memphis Tigers,Memphis,26,55,-29,FBS,FBS,American Conference,American Conference,False,False,Flagler Credit Union Stadium,Boca Raton,FL,REGULAR_SEASON,True,False,ESPN_PUBLIC_SCOREBOARD_API,TIER_2_MEDIA_AGGREGATOR,https://site.web.api.espn.com/apis/site/v2/sports/football/college-football/scoreboard?dates=20250927&groups=80&limit=400,65081aef6da187fdeae7f82a1c8f8edbe444a36774b1dd6875e15e22c3f89dfe,TIER_1_SOURCE_STALE_FOR_SEASON
ESPN-2025-401752718,2025,REGULAR_SEASON,5,2025-09-27T23:30:00Z,1759015800,61,Georgia Bulldogs,Georgia,333,Alabama Crimson Tide,Alabama,21,24,-3,FBS,FBS,Southeastern Conference,Southeastern Conference,False,False,Sanford Stadium,Athens,GA,REGULAR_SEASON,True,False,ESPN_PUBLIC_SCOREBOARD_API,TIER_2_MEDIA_AGGREGATOR,https://site.web.api.espn.com/apis/site/v2/sports/football/college-football/scoreboard?dates=20250927&groups=80&limit=400,65081aef6da187fdeae7f82a1c8f8edbe444a36774b1dd6875e15e22c3f89dfe,TIER_1_SOURCE_STALE_FOR_SEASON
ESPN-2025-401752721,2025,REGULAR_SEASON,5,2025-09-27T23:30:00Z,1759015800,142,Missouri Tigers,Missouri,113,Massachusetts Minutemen,Massachusetts,42,6,36,FBS,FBS,Southeastern Conference,Mid-American Conference,False,False,Memorial Stadium,Columbia,MO,REGULAR_SEASON,False,False,ESPN_PUBLIC_SCOREBOARD_API,TIER_2_MEDIA_AGGREGATOR,https://site.web.api.espn.com/apis/site/v2/sports/football/college-football/scoreboard?dates=20250927&groups=80&limit=400,65081aef6da187fdeae7f82a1c8f8edbe444a36774b1dd6875e15e22c3f89dfe,TIER_1_SOURCE_STALE_FOR_SEASON
ESPN-2025-401752854,2025,REGULAR_SEASON,5,2025-09-27T23:30:00Z,1759015800,213,Penn State Nittany Lions,Penn State,2483,Oregon Ducks,Oregon,24,30,-6,FBS,FBS,Big Ten Conference,Big Ten Conference,False,False,Beaver Stadium,University Park,PA,REGULAR_SEASON,True,True,ESPN_PUBLIC_SCOREBOARD_API,TIER_2_MEDIA_AGGREGATOR,https://site.web.api.espn.com/apis/site/v2/sports/football/college-football/scoreboard?dates=20250927&groups=80&limit=400,65081aef6da187fdeae7f82a1c8f8edbe444a36774b1dd6875e15e22c3f89dfe,TIER_1_SOURCE_STALE_FOR_SEASON
ESPN-2025-401752950,2025,REGULAR_SEASON,5,2025-09-27T23:30:00Z,1759015800,36,Colorado State Rams,Colorado State,265,Washington State Cougars,Washington State,3,20,-17,FBS,FBS,Mountain West Conference,Pac-12 Conference,False,False,Canvas Stadium,Fort Collins,CO,REGULAR_SEASON,False,False,ESPN_PUBLIC_SCOREBOARD_API,TIER_2_MEDIA_AGGREGATOR,https://site.web.api.espn.com/apis/site/v2/sports/football/college-football/scoreboard?dates=20250927&groups=80&limit=400,65081aef6da187fdeae7f82a1c8f8edbe444a36774b1dd6875e15e22c3f89dfe,TIER_1_SOURCE_STALE_FOR_SEASON
ESPN-2025-401754549,2025,REGULAR_SEASON,5,2025-09-27T23:30:00Z,1759015800,24,Stanford Cardinal,Stanford,23,San José State Spartans,San José State,30,29,1,FBS,FBS,Atlantic Coast Conference,Mountain West Conference,False,False,Stanford Stadium,Stanford,CA,REGULAR_SEASON,False,False,ESPN_PUBLIC_SCOREBOARD_API,TIER_2_MEDIA_AGGREGATOR,https://site.web.api.espn.com/apis/site/v2/sports/football/college-football/scoreboard?dates=20250927&groups=80&limit=400,65081aef6da187fdeae7f82a1c8f8edbe444a36774b1dd6875e15e22c3f89dfe,TIER_1_SOURCE_STALE_FOR_SEASON
ESPN-2025-401760379,2025,REGULAR_SEASON,5,2025-09-27T23:30:00Z,1759015800,68,Boise State Broncos,Boise State,2026,App State Mountaineers,App State,47,14,33,FBS,FBS,Mountain West Conference,Sun Belt Conference,False,False,Albertsons Stadium,Boise,ID,REGULAR_SEASON,False,False,ESPN_PUBLIC_SCOREBOARD_API,TIER_2_MEDIA_AGGREGATOR,https://site.web.api.espn.com/apis/site/v2/sports/football/college-football/scoreboard?dates=20250927&groups=80&limit=400,65081aef6da187fdeae7f82a1c8f8edbe444a36774b1dd6875e15e22c3f89dfe,TIER_1_SOURCE_STALE_FOR_SEASON
ESPN-2025-401752722,2025,REGULAR_SEASON,5,2025-09-27T23:45:00Z,1759016700,2579,South Carolina Gamecocks,South Carolina,96,Kentucky Wildcats,Kentucky,35,13,22,FBS,FBS,Southeastern Conference,Southeastern Conference,False,False,Williams-Brice Stadium,Columbia,SC,REGULAR_SEASON,True,False,ESPN_PUBLIC_SCOREBOARD_API,TIER_2_MEDIA_AGGREGATOR,https://site.web.api.espn.com/apis/site/v2/sports/football/college-football/scoreboard?dates=20250927&groups=80&limit=400,65081aef6da187fdeae7f82a1c8f8edbe444a36774b1dd6875e15e22c3f89dfe,TIER_1_SOURCE_STALE_FOR_SEASON
ESPN-2025-401761615,2025,REGULAR_SEASON,5,2025-09-28T00:00:00Z,1759017600,309,Louisiana Ragin' Cajuns,Louisiana,276,Marshall Thundering Herd,Marshall,54,51,3,FBS,FBS,Sun Belt Conference,Sun Belt Conference,False,False,Our Lady of Lourdes Stadium,Lafayette,LA,REGULAR_SEASON,True,True,ESPN_PUBLIC_SCOREBOARD_API,TIER_2_MEDIA_AGGREGATOR,https://site.web.api.espn.com/apis/site/v2/sports/football/college-football/scoreboard?dates=20250927&groups=80&limit=400,65081aef6da187fdeae7f82a1c8f8edbe444a36774b1dd6875e15e22c3f89dfe,TIER_1_SOURCE_STALE_FOR_SEASON
ESPN-2025-401757272,2025,REGULAR_SEASON,5,2025-09-28T01:00:00Z,1759021200,2638,UTEP Miners,UTEP,2348,Louisiana Tech Bulldogs,Louisiana Tech,11,30,-19,FBS,FBS,Conference USA,Conference USA,False,False,Sun Bowl,El Paso,TX,REGULAR_SEASON,True,False,ESPN_PUBLIC_SCOREBOARD_API,TIER_2_MEDIA_AGGREGATOR,https://site.web.api.espn.com/apis/site/v2/sports/football/college-football/scoreboard?dates=20250927&groups=80&limit=400,65081aef6da187fdeae7f82a1c8f8edbe444a36774b1dd6875e15e22c3f89dfe,TIER_1_SOURCE_STALE_FOR_SEASON
ESPN-2025-401756903,2025,REGULAR_SEASON,5,2025-09-28T02:15:00Z,1759025700,38,Colorado Buffaloes,Colorado,252,BYU Cougars,BYU,21,24,-3,FBS,FBS,Big 12 Conference,Big 12 Conference,False,False,Folsom Field,Boulder,CO,REGULAR_SEASON,True,False,ESPN_PUBLIC_SCOREBOARD_API,TIER_2_MEDIA_AGGREGATOR,https://site.web.api.espn.com/apis/site/v2/sports/football/college-football/scoreboard?dates=20250927&groups=80&limit=400,65081aef6da187fdeae7f82a1c8f8edbe444a36774b1dd6875e15e22c3f89dfe,TIER_1_SOURCE_STALE_FOR_SEASON
ESPN-2025-401757275,2025,REGULAR_SEASON,6,2025-10-03T01:00:00Z,1759453200,166,New Mexico State Aggies,New Mexico State,2534,Sam Houston Bearkats,Sam Houston,37,10,27,FBS,FBS,Conference USA,Conference USA,False,False,Aggie Memorial Stadium,Las Cruces,NM,REGULAR_SEASON,True,False,ESPN_PUBLIC_SCOREBOARD_API,TIER_2_MEDIA_AGGREGATOR,https://site.web.api.espn.com/apis/site/v2/sports/football/college-football/scoreboard?dates=20251002&groups=80&limit=400,e36ad510998463265219c1e03b3ef6c0fdb8583e7f1a98ccc129de4dbce26293,TIER_1_SOURCE_STALE_FOR_SEASON
ESPN-2025-401757276,2025,REGULAR_SEASON,6,2025-10-03T23:00:00Z,1759532400,48,Delaware Blue Hens,Delaware,98,Western Kentucky Hilltoppers,Western Kentucky,24,27,-3,FBS,FBS,Conference USA,Conference USA,False,False,Delaware Stadium,Newark,DE,REGULAR_SEASON,True,False,ESPN_PUBLIC_SCOREBOARD_API,TIER_2_MEDIA_AGGREGATOR,https://site.web.api.espn.com/apis/site/v2/sports/football/college-football/scoreboard?dates=20251003&groups=80&limit=400,5a5146f3307b989f2cb31c52be7ed42373b599e9ad02bd72d02cffbb7b65216b,TIER_1_SOURCE_STALE_FOR_SEASON
ESPN-2025-401762475,2025,REGULAR_SEASON,6,2025-10-03T23:00:00Z,1759532400,58,South Florida Bulls,South Florida,2429,Charlotte 49ers,Charlotte,54,26,28,FBS,FBS,American Conference,American Conference,False,False,Raymond James Stadium,Tampa,FL,REGULAR_SEASON,True,False,ESPN_PUBLIC_SCOREBOARD_API,TIER_2_MEDIA_AGGREGATOR,https://site.web.api.espn.com/apis/site/v2/sports/football/college-football/scoreboard?dates=20251003&groups=80&limit=400,5a5146f3307b989f2cb31c52be7ed42373b599e9ad02bd72d02cffbb7b65216b,TIER_1_SOURCE_STALE_FOR_SEASON
ESPN-2025-401760384,2025,REGULAR_SEASON,6,2025-10-04T02:00:00Z,1759543200,23,San José State Spartans,San José State,167,New Mexico Lobos,New Mexico,35,28,7,FBS,FBS,Mountain West Conference,Mountain West Conference,False,False,CEFCU Stadium,San Jose,CA,REGULAR_SEASON,True,False,ESPN_PUBLIC_SCOREBOARD_API,TIER_2_MEDIA_AGGREGATOR,https://site.web.api.espn.com/apis/site/v2/sports/football/college-football/scoreboard?dates=20251003&groups=80&limit=400,5a5146f3307b989f2cb31c52be7ed42373b599e9ad02bd72d02cffbb7b65216b,TIER_1_SOURCE_STALE_FOR_SEASON
ESPN-2025-401756909,2025,REGULAR_SEASON,6,2025-10-04T02:30:00Z,1759545000,252,BYU Cougars,BYU,277,West Virginia Mountaineers,West Virginia,38,24,14,FBS,FBS,Big 12 Conference,Big 12 Conference,False,False,LaVell Edwards Stadium,Provo,UT,REGULAR_SEASON,True,False,ESPN_PUBLIC_SCOREBOARD_API,TIER_2_MEDIA_AGGREGATOR,https://site.web.api.espn.com/apis/site/v2/sports/football/college-football/scoreboard?dates=20251003&groups=80&limit=400,5a5146f3307b989f2cb31c52be7ed42373b599e9ad02bd72d02cffbb7b65216b,TIER_1_SOURCE_STALE_FOR_SEASON
ESPN-2025-401760382,2025,REGULAR_SEASON,6,2025-10-04T02:30:00Z,1759545000,21,San Diego State Aztecs,San Diego State,36,Colorado State Rams,Colorado State,45,24,21,FBS,FBS,Mountain West Conference,Mountain West Conference,False,False,Snapdragon Stadium,San Diego,CA,REGULAR_SEASON,True,False,ESPN_PUBLIC_SCOREBOARD_API,TIER_2_MEDIA_AGGREGATOR,https://site.web.api.espn.com/apis/site/v2/sports/football/college-football/scoreboard?dates=20251003&groups=80&limit=400,5a5146f3307b989f2cb31c52be7ed42373b599e9ad02bd72d02cffbb7b65216b,TIER_1_SOURCE_STALE_FOR_SEASON
ESPN-2025-401752728,2025,REGULAR_SEASON,6,2025-10-04T16:00:00Z,1759593600,61,Georgia Bulldogs,Georgia,96,Kentucky Wildcats,Kentucky,35,14,21,FBS,FBS,Southeastern Conference,Southeastern Conference,False,False,Sanford Stadium,Athens,GA,REGULAR_SEASON,True,False,ESPN_PUBLIC_SCOREBOARD_API,TIER_2_MEDIA_AGGREGATOR,https://site.web.api.espn.com/apis/site/v2/sports/football/college-football/scoreboard?dates=20251004&groups=80&limit=400,5bea8ecc9e124060dfe93d045c4b7bf65d92c06db840307556a67f63c0ae0415,TIER_1_SOURCE_STALE_FOR_SEASON
ESPN-2025-401752856,2025,REGULAR_SEASON,6,2025-10-04T16:00:00Z,1759593600,130,Michigan Wolverines,Michigan,275,Wisconsin Badgers,Wisconsin,24,10,14,FBS,FBS,Big Ten Conference,Big Ten Conference,False,False,Michigan Stadium,Ann Arbor,MI,REGULAR_SEASON,True,False,ESPN_PUBLIC_SCOREBOARD_API,TIER_2_MEDIA_AGGREGATOR,https://site.web.api.espn.com/apis/site/v2/sports/football/college-football/scoreboard?dates=20251004&groups=80&limit=400,5bea8ecc9e124060dfe93d045c4b7bf65d92c06db840307556a67f63c0ae0415,TIER_1_SOURCE_STALE_FOR_SEASON
ESPN-2025-401752861,2025,REGULAR_SEASON,6,2025-10-04T16:00:00Z,1759593600,2509,Purdue Boilermakers,Purdue,356,Illinois Fighting Illini,Illinois,27,43,-16,FBS,FBS,Big Ten Conference,Big Ten Conference,False,False,Ross-Ade Stadium,West Lafayette,IN,REGULAR_SEASON,True,False,ESPN_PUBLIC_SCOREBOARD_API,TIER_2_MEDIA_AGGREGATOR,https://site.web.api.espn.com/apis/site/v2/sports/football/college-football/scoreboard?dates=20251004&groups=80&limit=400,5bea8ecc9e124060dfe93d045c4b7bf65d92c06db840307556a67f63c0ae0415,TIER_1_SOURCE_STALE_FOR_SEASON
ESPN-2025-401754550,2025,REGULAR_SEASON,6,2025-10-04T16:00:00Z,1759593600,221,Pittsburgh Panthers,Pittsburgh,103,Boston College Eagles,Boston College,48,7,41,FBS,FBS,Atlantic Coast Conference,Atlantic Coast Conference,False,False,Acrisure Stadium,Pittsburgh,PA,REGULAR_SEASON,True,False,ESPN_PUBLIC_SCOREBOARD_API,TIER_2_MEDIA_AGGREGATOR,https://site.web.api.espn.com/apis/site/v2/sports/football/college-football/scoreboard?dates=20251004&groups=80&limit=400,5bea8ecc9e124060dfe93d045c4b7bf65d92c06db840307556a67f63c0ae0415,TIER_1_SOURCE_STALE_FOR_SEASON
ESPN-2025-401754552,2025,REGULAR_SEASON,6,2025-10-04T16:00:00Z,1759593600,153,North Carolina Tar Heels,North Carolina,228,Clemson Tigers,Clemson,10,38,-28,FBS,FBS,Atlantic Coast Conference,Atlantic Coast Conference,False,False,Kenan Stadium,Chapel Hill,NC,REGULAR_SEASON,True,False,ESPN_PUBLIC_SCOREBOARD_API,TIER_2_MEDIA_AGGREGATOR,https://site.web.api.espn.com/apis/site/v2/sports/football/college-football/scoreboard?dates=20251004&groups=80&limit=400,5bea8ecc9e124060dfe93d045c4b7bf65d92c06db840307556a67f63c0ae0415,TIER_1_SOURCE_STALE_FOR_SEASON
ESPN-2025-401756911,2025,REGULAR_SEASON,6,2025-10-04T16:00:00Z,1759593600,239,Baylor Bears,Baylor,2306,Kansas State Wildcats,Kansas State,35,34,1,FBS,FBS,Big 12 Conference,Big 12 Conference,False,False,McLane Stadium,Waco,TX,REGULAR_SEASON,True,False,ESPN_PUBLIC_SCOREBOARD_API,TIER_2_MEDIA_AGGREGATOR,https://site.web.api.espn.com/apis/site/v2/sports/football/college-football/scoreboard?dates=20251004&groups=80&limit=400,5bea8ecc9e124060dfe93d045c4b7bf65d92c06db840307556a67f63c0ae0415,TIER_1_SOURCE_STALE_FOR_SEASON
ESPN-2025-401756912,2025,REGULAR_SEASON,6,2025-10-04T16:00:00Z,1759593600,2132,Cincinnati Bearcats,Cincinnati,66,Iowa State Cyclones,Iowa State,38,30,8,FBS,FBS,Big 12 Conference,Big 12 Conference,False,False,Nippert Stadium,Cincinnati,OH,REGULAR_SEASON,True,False,ESPN_PUBLIC_SCOREBOARD_API,TIER_2_MEDIA_AGGREGATOR,https://site.web.api.espn.com/apis/site/v2/sports/football/college-football/scoreboard?dates=20251004&groups=80&limit=400,5bea8ecc9e124060dfe93d045c4b7bf65d92c06db840307556a67f63c0ae0415,TIER_1_SOURCE_STALE_FOR_SEASON
ESPN-2025-401760381,2025,REGULAR_SEASON,6,2025-10-04T16:00:00Z,1759593600,2426,Navy Midshipmen,Navy,2005,Air Force Falcons,Air Force,34,31,3,FBS,FBS,American Conference,Mountain West Conference,False,False,Navy-Marine Corps Memorial Stadium,Annapolis,MD,REGULAR_SEASON,False,False,ESPN_PUBLIC_SCOREBOARD_API,TIER_2_MEDIA_AGGREGATOR,https://site.web.api.espn.com/apis/site/v2/sports/football/college-football/scoreboard?dates=20251004&groups=80&limit=400,5bea8ecc9e124060dfe93d045c4b7bf65d92c06db840307556a67f63c0ae0415,TIER_1_SOURCE_STALE_FOR_SEASON
ESPN-2025-401762476,2025,REGULAR_SEASON,6,2025-10-04T16:00:00Z,1759593600,5,UAB Blazers,UAB,349,Army Black Knights,Army,13,31,-18,FBS,FBS,American Conference,American Conference,False,False,Protective Stadium,Birmingham,AL,REGULAR_SEASON,True,False,ESPN_PUBLIC_SCOREBOARD_API,TIER_2_MEDIA_AGGREGATOR,https://site.web.api.espn.com/apis/site/v2/sports/football/college-football/scoreboard?dates=20251004&groups=80&limit=400,5bea8ecc9e124060dfe93d045c4b7bf65d92c06db840307556a67f63c0ae0415,TIER_1_SOURCE_STALE_FOR_SEASON
ESPN-2025-401762830,2025,REGULAR_SEASON,6,2025-10-04T16:00:00Z,1759593600,2050,Ball State Cardinals,Ball State,195,Ohio Bobcats,Ohio,20,14,6,FBS,FBS,Mid-American Conference,Mid-American Conference,False,False,Scheumann Stadium,Muncie,IN,REGULAR_SEASON,True,False,ESPN_PUBLIC_SCOREBOARD_API,TIER_2_MEDIA_AGGREGATOR,https://site.web.api.espn.com/apis/site/v2/sports/football/college-football/scoreboard?dates=20251004&groups=80&limit=400,5bea8ecc9e124060dfe93d045c4b7bf65d92c06db840307556a67f63c0ae0415,TIER_1_SOURCE_STALE_FOR_SEASON
ESPN-2025-401754556,2025,REGULAR_SEASON,6,2025-10-04T17:00:00Z,1759597200,259,Virginia Tech Hokies,Virginia Tech,154,Wake Forest Demon Deacons,Wake Forest,23,30,-7,FBS,FBS,Atlantic Coast Conference,Atlantic Coast Conference,False,False,Lane Stadium,Blacksburg,VA,REGULAR_SEASON,True,False,ESPN_PUBLIC_SCOREBOARD_API,TIER_2_MEDIA_AGGREGATOR,https://site.web.api.espn.com/apis/site/v2/sports/football/college-football/scoreboard?dates=20251004&groups=80&limit=400,5bea8ecc9e124060dfe93d045c4b7bf65d92c06db840307556a67f63c0ae0415,TIER_1_SOURCE_STALE_FOR_SEASON
ESPN-2025-401762479,2025,REGULAR_SEASON,6,2025-10-04T17:00:00Z,1759597200,218,Temple Owls,Temple,2636,UTSA Roadrunners,UTSA,27,21,6,FBS,FBS,American Conference,American Conference,False,False,Lincoln Financial Field,Philadelphia,PA,REGULAR_SEASON,True,False,ESPN_PUBLIC_SCOREBOARD_API,TIER_2_MEDIA_AGGREGATOR,https://site.web.api.espn.com/apis/site/v2/sports/football/college-football/scoreboard?dates=20251004&groups=80&limit=400,5bea8ecc9e124060dfe93d045c4b7bf65d92c06db840307556a67f63c0ae0415,TIER_1_SOURCE_STALE_FOR_SEASON
ESPN-2025-401754557,2025,REGULAR_SEASON,6,2025-10-04T18:00:00Z,1759600800,152,NC State Wolfpack,NC State,2097,Campbell Fighting Camels,Campbell,56,10,46,FBS,FCS,Atlantic Coast Conference,Coastal Athletic Association,True,False,Carter-Finley Stadium,Raleigh,NC,REGULAR_SEASON,False,False,ESPN_PUBLIC_SCOREBOARD_API,TIER_2_MEDIA_AGGREGATOR,https://site.web.api.espn.com/apis/site/v2/sports/football/college-football/scoreboard?dates=20251004&groups=80&limit=400,5bea8ecc9e124060dfe93d045c4b7bf65d92c06db840307556a67f63c0ae0415,TIER_1_SOURCE_STALE_FOR_SEASON
ESPN-2025-401762832,2025,REGULAR_SEASON,6,2025-10-04T18:30:00Z,1759602600,113,Massachusetts Minutemen,Massachusetts,2711,Western Michigan Broncos,Western Michigan,3,21,-18,FBS,FBS,Mid-American Conference,Mid-American Conference,False,False,Warren McGuirk Alumni Stadium,Amherst,MA,REGULAR_SEASON,True,False,ESPN_PUBLIC_SCOREBOARD_API,TIER_2_MEDIA_AGGREGATOR,https://site.web.api.espn.com/apis/site/v2/sports/football/college-football/scoreboard?dates=20251004&groups=80&limit=400,5bea8ecc9e124060dfe93d045c4b7bf65d92c06db840307556a67f63c0ae0415,TIER_1_SOURCE_STALE_FOR_SEASON
ESPN-2025-401756910,2025,REGULAR_SEASON,6,2025-10-04T19:00:00Z,1759604400,12,Arizona Wildcats,Arizona,197,Oklahoma State Cowboys,Oklahoma State,41,13,28,FBS,FBS,Big 12 Conference,Big 12 Conference,False,False,Casino Del Sol Stadium,Tucson,AZ,REGULAR_SEASON,True,False,ESPN_PUBLIC_SCOREBOARD_API,TIER_2_MEDIA_AGGREGATOR,https://site.web.api.espn.com/apis/site/v2/sports/football/college-football/scoreboard?dates=20251004&groups=80&limit=400,5bea8ecc9e124060dfe93d045c4b7bf65d92c06db840307556a67f63c0ae0415,TIER_1_SOURCE_STALE_FOR_SEASON
ESPN-2025-401752726,2025,REGULAR_SEASON,6,2025-10-04T19:30:00Z,1759606200,333,Alabama Crimson Tide,Alabama,238,Vanderbilt Commodores,Vanderbilt,30,14,16,FBS,FBS,Southeastern Conference,Southeastern Conference,False,False,Bryant-Denny Stadium,Tuscaloosa,AL,REGULAR_SEASON,True,False,ESPN_PUBLIC_SCOREBOARD_API,TIER_2_MEDIA_AGGREGATOR,https://site.web.api.espn.com/apis/site/v2/sports/football/college-football/scoreboard?dates=20251004&groups=80&limit=400,5bea8ecc9e124060dfe93d045c4b7bf65d92c06db840307556a67f63c0ae0415,TIER_1_SOURCE_STALE_FOR_SEASON
ESPN-2025-401752727,2025,REGULAR_SEASON,6,2025-10-04T19:30:00Z,1759606200,57,Florida Gators,Florida,251,Texas Longhorns,Texas,29,21,8,FBS,FBS,Southeastern Conference,Southeastern Conference,False,False,Ben Hill Griffin Stadium,Gainesville,FL,REGULAR_SEASON,True,False,ESPN_PUBLIC_SCOREBOARD_API,TIER_2_MEDIA_AGGREGATOR,https://site.web.api.espn.com/apis/site/v2/sports/football/college-football/scoreboard?dates=20251004&groups=80&limit=400,5bea8ecc9e124060dfe93d045c4b7bf65d92c06db840307556a67f63c0ae0415,TIER_1_SOURCE_STALE_FOR_SEASON
ESPN-2025-401752855,2025,REGULAR_SEASON,6,2025-10-04T19:30:00Z,1759606200,26,UCLA Bruins,UCLA,213,Penn State Nittany Lions,Penn State,42,37,5,FBS,FBS,Big Ten Conference,Big Ten Conference,False,False,Rose Bowl,Pasadena,CA,REGULAR_SEASON,True,False,ESPN_PUBLIC_SCOREBOARD_API,TIER_2_MEDIA_AGGREGATOR,https://site.web.api.espn.com/apis/site/v2/sports/football/college-football/scoreboard?dates=20251004&groups=80&limit=400,5bea8ecc9e124060dfe93d045c4b7bf65d92c06db840307556a67f63c0ae0415,TIER_1_SOURCE_STALE_FOR_SEASON
ESPN-2025-401752857,2025,REGULAR_SEASON,6,2025-10-04T19:30:00Z,1759606200,120,Maryland Terrapins,Maryland,264,Washington Huskies,Washington,20,24,-4,FBS,FBS,Big Ten Conference,Big Ten Conference,False,False,SECU Stadium,College Park,MD,REGULAR_SEASON,True,False,ESPN_PUBLIC_SCOREBOARD_API,TIER_2_MEDIA_AGGREGATOR,https://site.web.api.espn.com/apis/site/v2/sports/football/college-football/scoreboard?dates=20251004&groups=80&limit=400,5bea8ecc9e124060dfe93d045c4b7bf65d92c06db840307556a67f63c0ae0415,TIER_1_SOURCE_STALE_FOR_SEASON
ESPN-2025-401752858,2025,REGULAR_SEASON,6,2025-10-04T19:30:00Z,1759606200,77,Northwestern Wildcats,Northwestern,2433,UL Monroe Warhawks,UL Monroe,42,7,35,FBS,FBS,Big Ten Conference,Sun Belt Conference,False,False,Northwestern Medicine Field at Martin Stadium,Evanston,IL,REGULAR_SEASON,False,False,ESPN_PUBLIC_SCOREBOARD_API,TIER_2_MEDIA_AGGREGATOR,https://site.web.api.espn.com/apis/site/v2/sports/football/college-football/scoreboard?dates=20251004&groups=80&limit=400,5bea8ecc9e124060dfe93d045c4b7bf65d92c06db840307556a67f63c0ae0415,TIER_1_SOURCE_STALE_FOR_SEASON
ESPN-2025-401752940,2025,REGULAR_SEASON,6,2025-10-04T19:30:00Z,1759606200,2026,App State Mountaineers,App State,204,Oregon State Beavers,Oregon State,27,23,4,FBS,FBS,Sun Belt Conference,Pac-12 Conference,False,False,Kidd Brewer Stadium,Boone,NC,REGULAR_SEASON,False,False,ESPN_PUBLIC_SCOREBOARD_API,TIER_2_MEDIA_AGGREGATOR,https://site.web.api.espn.com/apis/site/v2/sports/football/college-football/scoreboard?dates=20251004&groups=80&limit=400,5bea8ecc9e124060dfe93d045c4b7bf65d92c06db840307556a67f63c0ae0415,TIER_1_SOURCE_STALE_FOR_SEASON
ESPN-2025-401754554,2025,REGULAR_SEASON,6,2025-10-04T19:30:00Z,1759606200,97,Louisville Cardinals,Louisville,258,Virginia Cavaliers,Virginia,27,30,-3,FBS,FBS,Atlantic Coast Conference,Atlantic Coast Conference,False,False,L&N Federal Credit Union Stadium,Louisville,KY,REGULAR_SEASON,True,True,ESPN_PUBLIC_SCOREBOARD_API,TIER_2_MEDIA_AGGREGATOR,https://site.web.api.espn.com/apis/site/v2/sports/football/college-football/scoreboard?dates=20251004&groups=80&limit=400,5bea8ecc9e124060dfe93d045c4b7bf65d92c06db840307556a67f63c0ae0415,TIER_1_SOURCE_STALE_FOR_SEASON
ESPN-2025-401754555,2025,REGULAR_SEASON,6,2025-10-04T19:30:00Z,1759606200,2567,SMU Mustangs,SMU,183,Syracuse Orange,Syracuse,31,18,13,FBS,FBS,Atlantic Coast Conference,Atlantic Coast Conference,False,False,Gerald J. Ford Stadium,Dallas,TX,REGULAR_SEASON,True,False,ESPN_PUBLIC_SCOREBOARD_API,TIER_2_MEDIA_AGGREGATOR,https://site.web.api.espn.com/apis/site/v2/sports/football/college-football/scoreboard?dates=20251004&groups=80&limit=400,5bea8ecc9e124060dfe93d045c4b7bf65d92c06db840307556a67f63c0ae0415,TIER_1_SOURCE_STALE_FOR_SEASON
ESPN-2025-401757165,2025,REGULAR_SEASON,6,2025-10-04T19:30:00Z,1759606200,87,Notre Dame Fighting Irish,Notre Dame,68,Boise State Broncos,Boise State,28,7,21,FBS,FBS,FBS Independents,Mountain West Conference,False,False,Notre Dame Stadium,Notre Dame,IN,REGULAR_SEASON,False,False,ESPN_PUBLIC_SCOREBOARD_API,TIER_2_MEDIA_AGGREGATOR,https://site.web.api.espn.com/apis/site/v2/sports/football/college-football/scoreboard?dates=20251004&groups=80&limit=400,5bea8ecc9e124060dfe93d045c4b7bf65d92c06db840307556a67f63c0ae0415,TIER_1_SOURCE_STALE_FOR_SEASON
ESPN-2025-401757171,2025,REGULAR_SEASON,6,2025-10-04T19:30:00Z,1759606200,41,UConn Huskies,UConn,2229,Florida International Panthers,Florida International,51,10,41,FBS,FBS,FBS Independents,Conference USA,False,False,Pratt & Whitney Stadium,East Hartford,CT,REGULAR_SEASON,False,False,ESPN_PUBLIC_SCOREBOARD_API,TIER_2_MEDIA_AGGREGATOR,https://site.web.api.espn.com/apis/site/v2/sports/football/college-football/scoreboard?dates=20251004&groups=80&limit=400,5bea8ecc9e124060dfe93d045c4b7bf65d92c06db840307556a67f63c0ae0415,TIER_1_SOURCE_STALE_FOR_SEASON
ESPN-2025-401761618,2025,REGULAR_SEASON,6,2025-10-04T19:30:00Z,1759606200,2247,Georgia State Panthers,Georgia State,256,James Madison Dukes,James Madison,7,14,-7,FBS,FBS,Sun Belt Conference,Sun Belt Conference,False,False,Center Parc Stadium,Atlanta,GA,REGULAR_SEASON,True,False,ESPN_PUBLIC_SCOREBOARD_API,TIER_2_MEDIA_AGGREGATOR,https://site.web.api.espn.com/apis/site/v2/sports/football/college-football/scoreboard?dates=20251004&groups=80&limit=400,5bea8ecc9e124060dfe93d045c4b7bf65d92c06db840307556a67f63c0ae0415,TIER_1_SOURCE_STALE_FOR_SEASON
ESPN-2025-401762829,2025,REGULAR_SEASON,6,2025-10-04T19:30:00Z,1759606200,2006,Akron Zips,Akron,2117,Central Michigan Chippewas,Central Michigan,28,22,6,FBS,FBS,Mid-American Conference,Mid-American Conference,False,False,InfoCision Stadium,Akron,OH,REGULAR_SEASON,True,False,ESPN_PUBLIC_SCOREBOARD_API,TIER_2_MEDIA_AGGREGATOR,https://site.web.api.espn.com/apis/site/v2/sports/football/college-football/scoreboard?dates=20251004&groups=80&limit=400,5bea8ecc9e124060dfe93d045c4b7bf65d92c06db840307556a67f63c0ae0415,TIER_1_SOURCE_STALE_FOR_SEASON
ESPN-2025-401762831,2025,REGULAR_SEASON,6,2025-10-04T19:30:00Z,1759606200,2084,Buffalo Bulls,Buffalo,2199,Eastern Michigan Eagles,Eastern Michigan,31,30,1,FBS,FBS,Mid-American Conference,Mid-American Conference,False,False,Broadview Stadium,Buffalo,NY,REGULAR_SEASON,True,True,ESPN_PUBLIC_SCOREBOARD_API,TIER_2_MEDIA_AGGREGATOR,https://site.web.api.espn.com/apis/site/v2/sports/football/college-football/scoreboard?dates=20251004&groups=80&limit=400,5bea8ecc9e124060dfe93d045c4b7bf65d92c06db840307556a67f63c0ae0415,TIER_1_SOURCE_STALE_FOR_SEASON
ESPN-2025-401762873,2025,REGULAR_SEASON,6,2025-10-04T19:30:00Z,1759606200,2459,Northern Illinois Huskies,Northern Illinois,193,Miami (OH) RedHawks,Miami (OH),14,25,-11,FBS,FBS,Mid-American Conference,Mid-American Conference,False,False,Huskie Stadium,Dekalb,IL,REGULAR_SEASON,True,False,ESPN_PUBLIC_SCOREBOARD_API,TIER_2_MEDIA_AGGREGATOR,https://site.web.api.espn.com/apis/site/v2/sports/football/college-football/scoreboard?dates=20251004&groups=80&limit=400,5bea8ecc9e124060dfe93d045c4b7bf65d92c06db840307556a67f63c0ae0415,TIER_1_SOURCE_STALE_FOR_SEASON
ESPN-2025-401752729,2025,REGULAR_SEASON,6,2025-10-04T20:00:00Z,1759608000,201,Oklahoma Sooners,Oklahoma,2309,Kent State Golden Flashes,Kent State,44,0,44,FBS,FBS,Southeastern Conference,Mid-American Conference,False,False,"Memorial Stadium (Norman, OK)",Norman,OK,REGULAR_SEASON,False,False,ESPN_PUBLIC_SCOREBOARD_API,TIER_2_MEDIA_AGGREGATOR,https://site.web.api.espn.com/apis/site/v2/sports/football/college-football/scoreboard?dates=20251004&groups=80&limit=400,5bea8ecc9e124060dfe93d045c4b7bf65d92c06db840307556a67f63c0ae0415,TIER_1_SOURCE_STALE_FOR_SEASON
ESPN-2025-401752860,2025,REGULAR_SEASON,6,2025-10-04T20:00:00Z,1759608000,158,Nebraska Cornhuskers,Nebraska,127,Michigan State Spartans,Michigan State,38,27,11,FBS,FBS,Big Ten Conference,Big Ten Conference,False,False,"Memorial Stadium (Lincoln, NE)",Lincoln,NE,REGULAR_SEASON,True,False,ESPN_PUBLIC_SCOREBOARD_API,TIER_2_MEDIA_AGGREGATOR,https://site.web.api.espn.com/apis/site/v2/sports/football/college-football/scoreboard?dates=20251004&groups=80&limit=400,5bea8ecc9e124060dfe93d045c4b7bf65d92c06db840307556a67f63c0ae0415,TIER_1_SOURCE_STALE_FOR_SEASON
ESPN-2025-401761620,2025,REGULAR_SEASON,6,2025-10-04T20:00:00Z,1759608000,2032,Arkansas State Red Wolves,Arkansas State,326,Texas State Bobcats,Texas State,31,30,1,FBS,FBS,Sun Belt Conference,Sun Belt Conference,False,False,Centennial Bank Stadium,Jonesboro,AR,REGULAR_SEASON,True,False,ESPN_PUBLIC_SCOREBOARD_API,TIER_2_MEDIA_AGGREGATOR,https://site.web.api.espn.com/apis/site/v2/sports/football/college-football/scoreboard?dates=20251004&groups=80&limit=400,5bea8ecc9e124060dfe93d045c4b7bf65d92c06db840307556a67f63c0ae0415,TIER_1_SOURCE_STALE_FOR_SEASON
ESPN-2025-401761619,2025,REGULAR_SEASON,6,2025-10-04T22:00:00Z,1759615200,295,Old Dominion Monarchs,Old Dominion,324,Coastal Carolina Chanticleers,Coastal Carolina,47,7,40,FBS,FBS,Sun Belt Conference,Sun Belt Conference,False,False,S.B. Ballard Stadium,Norfolk,VA,REGULAR_SEASON,True,False,ESPN_PUBLIC_SCOREBOARD_API,TIER_2_MEDIA_AGGREGATOR,https://site.web.api.espn.com/apis/site/v2/sports/football/college-football/scoreboard?dates=20251004&groups=80&limit=400,5bea8ecc9e124060dfe93d045c4b7bf65d92c06db840307556a67f63c0ae0415,TIER_1_SOURCE_STALE_FOR_SEASON
ESPN-2025-401756913,2025,REGULAR_SEASON,6,2025-10-04T23:00:00Z,1759618800,248,Houston Cougars,Houston,2641,Texas Tech Red Raiders,Texas Tech,11,35,-24,FBS,FBS,Big 12 Conference,Big 12 Conference,False,False,TDECU Stadium,Houston,TX,REGULAR_SEASON,True,False,ESPN_PUBLIC_SCOREBOARD_API,TIER_2_MEDIA_AGGREGATOR,https://site.web.api.espn.com/apis/site/v2/sports/football/college-football/scoreboard?dates=20251004&groups=80&limit=400,5bea8ecc9e124060dfe93d045c4b7bf65d92c06db840307556a67f63c0ae0415,TIER_1_SOURCE_STALE_FOR_SEASON
ESPN-2025-401760385,2025,REGULAR_SEASON,6,2025-10-04T23:00:00Z,1759618800,2751,Wyoming Cowboys,Wyoming,2439,UNLV Rebels,UNLV,17,31,-14,FBS,FBS,Mountain West Conference,Mountain West Conference,False,False,War Memorial Stadium,Laramie,WY,REGULAR_SEASON,True,False,ESPN_PUBLIC_SCOREBOARD_API,TIER_2_MEDIA_AGGREGATOR,https://site.web.api.espn.com/apis/site/v2/sports/football/college-football/scoreboard?dates=20251004&groups=80&limit=400,5bea8ecc9e124060dfe93d045c4b7bf65d92c06db840307556a67f63c0ae0415,TIER_1_SOURCE_STALE_FOR_SEASON
ESPN-2025-401761621,2025,REGULAR_SEASON,6,2025-10-04T23:00:00Z,1759618800,2653,Troy Trojans,Troy,6,South Alabama Jaguars,South Alabama,31,24,7,FBS,FBS,Sun Belt Conference,Sun Belt Conference,False,False,Veterans Memorial Stadium (AL),Troy,AL,REGULAR_SEASON,True,True,ESPN_PUBLIC_SCOREBOARD_API,TIER_2_MEDIA_AGGREGATOR,https://site.web.api.espn.com/apis/site/v2/sports/football/college-football/scoreboard?dates=20251004&groups=80&limit=400,5bea8ecc9e124060dfe93d045c4b7bf65d92c06db840307556a67f63c0ae0415,TIER_1_SOURCE_STALE_FOR_SEASON
ESPN-2025-401762477,2025,REGULAR_SEASON,6,2025-10-04T23:00:00Z,1759618800,242,Rice Owls,Rice,2226,Florida Atlantic Owls,Florida Atlantic,21,27,-6,FBS,FBS,American Conference,American Conference,False,False,Rice Stadium,Houston,TX,REGULAR_SEASON,True,False,ESPN_PUBLIC_SCOREBOARD_API,TIER_2_MEDIA_AGGREGATOR,https://site.web.api.espn.com/apis/site/v2/sports/football/college-football/scoreboard?dates=20251004&groups=80&limit=400,5bea8ecc9e124060dfe93d045c4b7bf65d92c06db840307556a67f63c0ae0415,TIER_1_SOURCE_STALE_FOR_SEASON
ESPN-2025-401752730,2025,REGULAR_SEASON,6,2025-10-04T23:30:00Z,1759620600,245,Texas A&M Aggies,Texas A&M,344,Mississippi State Bulldogs,Mississippi State,31,9,22,FBS,FBS,Southeastern Conference,Southeastern Conference,False,False,Kyle Field,College Station,TX,REGULAR_SEASON,True,False,ESPN_PUBLIC_SCOREBOARD_API,TIER_2_MEDIA_AGGREGATOR,https://site.web.api.espn.com/apis/site/v2/sports/football/college-football/scoreboard?dates=20251004&groups=80&limit=400,5bea8ecc9e124060dfe93d045c4b7bf65d92c06db840307556a67f63c0ae0415,TIER_1_SOURCE_STALE_FOR_SEASON
ESPN-2025-401752859,2025,REGULAR_SEASON,6,2025-10-04T23:30:00Z,1759620600,194,Ohio State Buckeyes,Ohio State,135,Minnesota Golden Gophers,Minnesota,42,3,39,FBS,FBS,Big Ten Conference,Big Ten Conference,False,False,Ohio Stadium,Columbus,OH,REGULAR_SEASON,True,False,ESPN_PUBLIC_SCOREBOARD_API,TIER_2_MEDIA_AGGREGATOR,https://site.web.api.espn.com/apis/site/v2/sports/football/college-football/scoreboard?dates=20251004&groups=80&limit=400,5bea8ecc9e124060dfe93d045c4b7bf65d92c06db840307556a67f63c0ae0415,TIER_1_SOURCE_STALE_FOR_SEASON
ESPN-2025-401754553,2025,REGULAR_SEASON,6,2025-10-04T23:30:00Z,1759620600,52,Florida State Seminoles,Florida State,2390,Miami Hurricanes,Miami,22,28,-6,FBS,FBS,Atlantic Coast Conference,Atlantic Coast Conference,False,False,Doak Campbell Stadium,Tallahassee,FL,REGULAR_SEASON,True,False,ESPN_PUBLIC_SCOREBOARD_API,TIER_2_MEDIA_AGGREGATOR,https://site.web.api.espn.com/apis/site/v2/sports/football/college-football/scoreboard?dates=20251004&groups=80&limit=400,5bea8ecc9e124060dfe93d045c4b7bf65d92c06db840307556a67f63c0ae0415,TIER_1_SOURCE_STALE_FOR_SEASON
ESPN-2025-401756914,2025,REGULAR_SEASON,6,2025-10-04T23:30:00Z,1759620600,2628,TCU Horned Frogs,TCU,38,Colorado Buffaloes,Colorado,35,21,14,FBS,FBS,Big 12 Conference,Big 12 Conference,False,False,Amon G. Carter Stadium,Fort Worth,TX,REGULAR_SEASON,True,False,ESPN_PUBLIC_SCOREBOARD_API,TIER_2_MEDIA_AGGREGATOR,https://site.web.api.espn.com/apis/site/v2/sports/football/college-football/scoreboard?dates=20251004&groups=80&limit=400,5bea8ecc9e124060dfe93d045c4b7bf65d92c06db840307556a67f63c0ae0415,TIER_1_SOURCE_STALE_FOR_SEASON
ESPN-2025-401756915,2025,REGULAR_SEASON,6,2025-10-04T23:30:00Z,1759620600,2116,UCF Knights,UCF,2305,Kansas Jayhawks,Kansas,20,27,-7,FBS,FBS,Big 12 Conference,Big 12 Conference,False,False,Acrisure Bounce House,Orlando,FL,REGULAR_SEASON,True,False,ESPN_PUBLIC_SCOREBOARD_API,TIER_2_MEDIA_AGGREGATOR,https://site.web.api.espn.com/apis/site/v2/sports/football/college-football/scoreboard?dates=20251004&groups=80&limit=400,5bea8ecc9e124060dfe93d045c4b7bf65d92c06db840307556a67f63c0ae0415,TIER_1_SOURCE_STALE_FOR_SEASON
ESPN-2025-401762478,2025,REGULAR_SEASON,6,2025-10-05T00:00:00Z,1759622400,235,Memphis Tigers,Memphis,202,Tulsa Golden Hurricane,Tulsa,45,7,38,FBS,FBS,American Conference,American Conference,False,False,Simmons Bank Liberty Stadium,Memphis,TN,REGULAR_SEASON,True,False,ESPN_PUBLIC_SCOREBOARD_API,TIER_2_MEDIA_AGGREGATOR,https://site.web.api.espn.com/apis/site/v2/sports/football/college-football/scoreboard?dates=20251004&groups=80&limit=400,5bea8ecc9e124060dfe93d045c4b7bf65d92c06db840307556a67f63c0ae0415,TIER_1_SOURCE_STALE_FOR_SEASON
ESPN-2025-401754551,2025,REGULAR_SEASON,6,2025-10-05T02:30:00Z,1759631400,25,California Golden Bears,California,150,Duke Blue Devils,Duke,21,45,-24,FBS,FBS,Atlantic Coast Conference,Atlantic Coast Conference,False,False,California Memorial Stadium,Berkeley,CA,REGULAR_SEASON,True,False,ESPN_PUBLIC_SCOREBOARD_API,TIER_2_MEDIA_AGGREGATOR,https://site.web.api.espn.com/apis/site/v2/sports/football/college-football/scoreboard?dates=20251004&groups=80&limit=400,5bea8ecc9e124060dfe93d045c4b7bf65d92c06db840307556a67f63c0ae0415,TIER_1_SOURCE_STALE_FOR_SEASON
ESPN-2025-401760383,2025,REGULAR_SEASON,6,2025-10-05T02:30:00Z,1759631400,278,Fresno State Bulldogs,Fresno State,2440,Nevada Wolf Pack,Nevada,20,17,3,FBS,FBS,Mountain West Conference,Mountain West Conference,False,False,Valley Children's Stadium,Fresno,CA,REGULAR_SEASON,True,False,ESPN_PUBLIC_SCOREBOARD_API,TIER_2_MEDIA_AGGREGATOR,https://site.web.api.espn.com/apis/site/v2/sports/football/college-football/scoreboard?dates=20251004&groups=80&limit=400,5bea8ecc9e124060dfe93d045c4b7bf65d92c06db840307556a67f63c0ae0415,TIER_1_SOURCE_STALE_FOR_SEASON
ESPN-2025-401757278,2025,REGULAR_SEASON,7,2025-10-08T23:30:00Z,1759966200,2393,Middle Tennessee Blue Raiders,Middle Tennessee,2623,Missouri State Bears,Missouri State,20,22,-2,FBS,FBS,Conference USA,Conference USA,False,False,"Johnny ""Red"" Floyd Stadium",Murfreesboro,TN,REGULAR_SEASON,True,False,ESPN_PUBLIC_SCOREBOARD_API,TIER_2_MEDIA_AGGREGATOR,https://site.web.api.espn.com/apis/site/v2/sports/football/college-football/scoreboard?dates=20251008&groups=80&limit=400,63e6efa6b721fdbd88e0cea607dc80765c1f36c9515cc97e7a9bf509f937fdf5,TIER_1_SOURCE_STALE_FOR_SEASON
ESPN-2025-401757277,2025,REGULAR_SEASON,7,2025-10-09T00:00:00Z,1759968000,2638,UTEP Miners,UTEP,2335,Liberty Flames,Liberty,8,19,-11,FBS,FBS,Conference USA,Conference USA,False,False,Sun Bowl,El Paso,TX,REGULAR_SEASON,True,False,ESPN_PUBLIC_SCOREBOARD_API,TIER_2_MEDIA_AGGREGATOR,https://site.web.api.espn.com/apis/site/v2/sports/football/college-football/scoreboard?dates=20251008&groups=80&limit=400,63e6efa6b721fdbd88e0cea607dc80765c1f36c9515cc97e7a9bf509f937fdf5,TIER_1_SOURCE_STALE_FOR_SEASON
ESPN-2025-401757280,2025,REGULAR_SEASON,7,2025-10-09T23:00:00Z,1760050800,338,Kennesaw State Owls,Kennesaw State,2348,Louisiana Tech Bulldogs,Louisiana Tech,35,7,28,FBS,FBS,Conference USA,Conference USA,False,False,Walens Family Field at Fifth Third Stadium,Kennesaw,GA,REGULAR_SEASON,True,False,ESPN_PUBLIC_SCOREBOARD_API,TIER_2_MEDIA_AGGREGATOR,https://site.web.api.espn.com/apis/site/v2/sports/football/college-football/scoreboard?dates=20251009&groups=80&limit=400,dcf4d5b757c16d36a19dec6ed6bbe405b0f4e82a04690d8f65cb2a4db0c7ec98,TIER_1_SOURCE_STALE_FOR_SEASON
ESPN-2025-401762480,2025,REGULAR_SEASON,7,2025-10-09T23:30:00Z,1760052600,2655,Tulane Green Wave,Tulane,151,East Carolina Pirates,East Carolina,26,19,7,FBS,FBS,American Conference,American Conference,False,False,Yulman Stadium,New Orleans,LA,REGULAR_SEASON,True,False,ESPN_PUBLIC_SCOREBOARD_API,TIER_2_MEDIA_AGGREGATOR,https://site.web.api.espn.com/apis/site/v2/sports/football/college-football/scoreboard?dates=20251009&groups=80&limit=400,dcf4d5b757c16d36a19dec6ed6bbe405b0f4e82a04690d8f65cb2a4db0c7ec98,TIER_1_SOURCE_STALE_FOR_SEASON
ESPN-2025-401757279,2025,REGULAR_SEASON,7,2025-10-10T00:00:00Z,1760054400,2534,Sam Houston Bearkats,Sam Houston,55,Jacksonville State Gamecocks,Jacksonville State,27,29,-2,FBS,FBS,Conference USA,Conference USA,False,False,Shell Energy Stadium,Houston,TX,REGULAR_SEASON,True,False,ESPN_PUBLIC_SCOREBOARD_API,TIER_2_MEDIA_AGGREGATOR,https://site.web.api.espn.com/apis/site/v2/sports/football/college-football/scoreboard?dates=20251009&groups=80&limit=400,dcf4d5b757c16d36a19dec6ed6bbe405b0f4e82a04690d8f65cb2a4db0c7ec98,TIER_1_SOURCE_STALE_FOR_SEASON
ESPN-2025-401761622,2025,REGULAR_SEASON,7,2025-10-10T00:00:00Z,1760054400,290,Georgia Southern Eagles,Georgia Southern,2572,Southern Miss Golden Eagles,Southern Miss,35,38,-3,FBS,FBS,Sun Belt Conference,Sun Belt Conference,False,False,Allen E. Paulson Stadium,Statesboro,GA,REGULAR_SEASON,True,False,ESPN_PUBLIC_SCOREBOARD_API,TIER_2_MEDIA_AGGREGATOR,https://site.web.api.espn.com/apis/site/v2/sports/football/college-football/scoreboard?dates=20251009&groups=80&limit=400,dcf4d5b757c16d36a19dec6ed6bbe405b0f4e82a04690d8f65cb2a4db0c7ec98,TIER_1_SOURCE_STALE_FOR_SEASON
ESPN-2025-401762481,2025,REGULAR_SEASON,7,2025-10-10T23:30:00Z,1760139000,249,North Texas Mean Green,North Texas,58,South Florida Bulls,South Florida,36,63,-27,FBS,FBS,American Conference,American Conference,False,False,DATCU Stadium,Denton,TX,REGULAR_SEASON,True,False,ESPN_PUBLIC_SCOREBOARD_API,TIER_2_MEDIA_AGGREGATOR,https://site.web.api.espn.com/apis/site/v2/sports/football/college-football/scoreboard?dates=20251010&groups=80&limit=400,c7b297957b78cbfd2291d655e7a9f5fb3061e9803308f17218811a69229c1af1,TIER_1_SOURCE_STALE_FOR_SEASON
ESPN-2025-401752862,2025,REGULAR_SEASON,7,2025-10-11T01:00:00Z,1760144400,264,Washington Huskies,Washington,164,Rutgers Scarlet Knights,Rutgers,38,19,19,FBS,FBS,Big Ten Conference,Big Ten Conference,False,False,Husky Stadium,Seattle,WA,REGULAR_SEASON,True,False,ESPN_PUBLIC_SCOREBOARD_API,TIER_2_MEDIA_AGGREGATOR,https://site.web.api.espn.com/apis/site/v2/sports/football/college-football/scoreboard?dates=20251010&groups=80&limit=400,c7b297957b78cbfd2291d655e7a9f5fb3061e9803308f17218811a69229c1af1,TIER_1_SOURCE_STALE_FOR_SEASON
ESPN-2025-401760388,2025,REGULAR_SEASON,7,2025-10-11T01:00:00Z,1760144400,36,Colorado State Rams,Colorado State,278,Fresno State Bulldogs,Fresno State,49,21,28,FBS,FBS,Mountain West Conference,Mountain West Conference,False,False,Canvas Stadium,Fort Collins,CO,REGULAR_SEASON,True,False,ESPN_PUBLIC_SCOREBOARD_API,TIER_2_MEDIA_AGGREGATOR,https://site.web.api.espn.com/apis/site/v2/sports/football/college-football/scoreboard?dates=20251010&groups=80&limit=400,c7b297957b78cbfd2291d655e7a9f5fb3061e9803308f17218811a69229c1af1,TIER_1_SOURCE_STALE_FOR_SEASON
ESPN-2025-401752734,2025,REGULAR_SEASON,7,2025-10-11T16:00:00Z,1760198400,142,Missouri Tigers,Missouri,333,Alabama Crimson Tide,Alabama,24,27,-3,FBS,FBS,Southeastern Conference,Southeastern Conference,False,False,Memorial Stadium,Columbia,MO,REGULAR_SEASON,True,False,ESPN_PUBLIC_SCOREBOARD_API,TIER_2_MEDIA_AGGREGATOR,https://site.web.api.espn.com/apis/site/v2/sports/football/college-football/scoreboard?dates=20251011&groups=80&limit=400,1eeeaf8f7209c0592f51159a2770bfd6342435ccf4998553a2aed55eee987866,TIER_1_SOURCE_STALE_FOR_SEASON
ESPN-2025-401752863,2025,REGULAR_SEASON,7,2025-10-11T16:00:00Z,1760198400,127,Michigan State Spartans,Michigan State,26,UCLA Bruins,UCLA,13,38,-25,FBS,FBS,Big Ten Conference,Big Ten Conference,False,False,Spartan Stadium,East Lansing,MI,REGULAR_SEASON,True,False,ESPN_PUBLIC_SCOREBOARD_API,TIER_2_MEDIA_AGGREGATOR,https://site.web.api.espn.com/apis/site/v2/sports/football/college-football/scoreboard?dates=20251011&groups=80&limit=400,1eeeaf8f7209c0592f51159a2770bfd6342435ccf4998553a2aed55eee987866,TIER_1_SOURCE_STALE_FOR_SEASON
ESPN-2025-401752865,2025,REGULAR_SEASON,7,2025-10-11T16:00:00Z,1760198400,356,Illinois Fighting Illini,Illinois,194,Ohio State Buckeyes,Ohio State,16,34,-18,FBS,FBS,Big Ten Conference,Big Ten Conference,False,False,Gies Memorial Stadium,Champaign,IL,REGULAR_SEASON,True,False,ESPN_PUBLIC_SCOREBOARD_API,TIER_2_MEDIA_AGGREGATOR,https://site.web.api.espn.com/apis/site/v2/sports/football/college-football/scoreboard?dates=20251011&groups=80&limit=400,1eeeaf8f7209c0592f51159a2770bfd6342435ccf4998553a2aed55eee987866,TIER_1_SOURCE_STALE_FOR_SEASON
ESPN-2025-401754559,2025,REGULAR_SEASON,7,2025-10-11T16:00:00Z,1760198400,52,Florida State Seminoles,Florida State,221,Pittsburgh Panthers,Pittsburgh,31,34,-3,FBS,FBS,Atlantic Coast Conference,Atlantic Coast Conference,False,False,Doak Campbell Stadium,Tallahassee,FL,REGULAR_SEASON,True,False,ESPN_PUBLIC_SCOREBOARD_API,TIER_2_MEDIA_AGGREGATOR,https://site.web.api.espn.com/apis/site/v2/sports/football/college-football/scoreboard?dates=20251011&groups=80&limit=400,1eeeaf8f7209c0592f51159a2770bfd6342435ccf4998553a2aed55eee987866,TIER_1_SOURCE_STALE_FOR_SEASON
ESPN-2025-401754561,2025,REGULAR_SEASON,7,2025-10-11T16:00:00Z,1760198400,2567,SMU Mustangs,SMU,24,Stanford Cardinal,Stanford,34,10,24,FBS,FBS,Atlantic Coast Conference,Atlantic Coast Conference,False,False,Gerald J. Ford Stadium,Dallas,TX,REGULAR_SEASON,True,False,ESPN_PUBLIC_SCOREBOARD_API,TIER_2_MEDIA_AGGREGATOR,https://site.web.api.espn.com/apis/site/v2/sports/football/college-football/scoreboard?dates=20251011&groups=80&limit=400,1eeeaf8f7209c0592f51159a2770bfd6342435ccf4998553a2aed55eee987866,TIER_1_SOURCE_STALE_FOR_SEASON
ESPN-2025-401756917,2025,REGULAR_SEASON,7,2025-10-11T16:00:00Z,1760198400,2132,Cincinnati Bearcats,Cincinnati,2116,UCF Knights,UCF,20,11,9,FBS,FBS,Big 12 Conference,Big 12 Conference,False,False,Nippert Stadium,Cincinnati,OH,REGULAR_SEASON,True,False,ESPN_PUBLIC_SCOREBOARD_API,TIER_2_MEDIA_AGGREGATOR,https://site.web.api.espn.com/apis/site/v2/sports/football/college-football/scoreboard?dates=20251011&groups=80&limit=400,1eeeaf8f7209c0592f51159a2770bfd6342435ccf4998553a2aed55eee987866,TIER_1_SOURCE_STALE_FOR_SEASON
ESPN-2025-401756920,2025,REGULAR_SEASON,7,2025-10-11T16:00:00Z,1760198400,197,Oklahoma State Cowboys,Oklahoma State,248,Houston Cougars,Houston,17,39,-22,FBS,FBS,Big 12 Conference,Big 12 Conference,False,False,Boone Pickens Stadium,Stillwater,OK,REGULAR_SEASON,True,False,ESPN_PUBLIC_SCOREBOARD_API,TIER_2_MEDIA_AGGREGATOR,https://site.web.api.espn.com/apis/site/v2/sports/football/college-football/scoreboard?dates=20251011&groups=80&limit=400,1eeeaf8f7209c0592f51159a2770bfd6342435ccf4998553a2aed55eee987866,TIER_1_SOURCE_STALE_FOR_SEASON
ESPN-2025-401761625,2025,REGULAR_SEASON,7,2025-10-11T16:00:00Z,1760198400,256,James Madison Dukes,James Madison,309,Louisiana Ragin' Cajuns,Louisiana,24,14,10,FBS,FBS,Sun Belt Conference,Sun Belt Conference,False,False,Bridgeforth Stadium,Harrisonburg,VA,REGULAR_SEASON,True,False,ESPN_PUBLIC_SCOREBOARD_API,TIER_2_MEDIA_AGGREGATOR,https://site.web.api.espn.com/apis/site/v2/sports/football/college-football/scoreboard?dates=20251011&groups=80&limit=400,1eeeaf8f7209c0592f51159a2770bfd6342435ccf4998553a2aed55eee987866,TIER_1_SOURCE_STALE_FOR_SEASON
ESPN-2025-401762483,2025,REGULAR_SEASON,7,2025-10-11T16:00:00Z,1760198400,349,Army Black Knights,Army,2429,Charlotte 49ers,Charlotte,24,7,17,FBS,FBS,American Conference,American Conference,False,False,Michie Stadium,West Point,NY,REGULAR_SEASON,True,False,ESPN_PUBLIC_SCOREBOARD_API,TIER_2_MEDIA_AGGREGATOR,https://site.web.api.espn.com/apis/site/v2/sports/football/college-football/scoreboard?dates=20251011&groups=80&limit=400,1eeeaf8f7209c0592f51159a2770bfd6342435ccf4998553a2aed55eee987866,TIER_1_SOURCE_STALE_FOR_SEASON
ESPN-2025-401762833,2025,REGULAR_SEASON,7,2025-10-11T16:00:00Z,1760198400,2006,Akron Zips,Akron,193,Miami (OH) RedHawks,Miami (OH),7,20,-13,FBS,FBS,Mid-American Conference,Mid-American Conference,False,False,InfoCision Stadium,Akron,OH,REGULAR_SEASON,True,False,ESPN_PUBLIC_SCOREBOARD_API,TIER_2_MEDIA_AGGREGATOR,https://site.web.api.espn.com/apis/site/v2/sports/football/college-football/scoreboard?dates=20251011&groups=80&limit=400,1eeeaf8f7209c0592f51159a2770bfd6342435ccf4998553a2aed55eee987866,TIER_1_SOURCE_STALE_FOR_SEASON
ESPN-2025-401762835,2025,REGULAR_SEASON,7,2025-10-11T16:00:00Z,1760198400,189,Bowling Green Falcons,Bowling Green,2649,Toledo Rockets,Toledo,28,23,5,FBS,FBS,Mid-American Conference,Mid-American Conference,False,False,Doyt L. Perry Stadium,Bowling Green,OH,REGULAR_SEASON,True,False,ESPN_PUBLIC_SCOREBOARD_API,TIER_2_MEDIA_AGGREGATOR,https://site.web.api.espn.com/apis/site/v2/sports/football/college-football/scoreboard?dates=20251011&groups=80&limit=400,1eeeaf8f7209c0592f51159a2770bfd6342435ccf4998553a2aed55eee987866,TIER_1_SOURCE_STALE_FOR_SEASON
ESPN-2025-401752733,2025,REGULAR_SEASON,7,2025-10-11T16:45:00Z,1760201100,145,Ole Miss Rebels,Ole Miss,265,Washington State Cougars,Washington State,24,21,3,FBS,FBS,Southeastern Conference,Pac-12 Conference,False,False,Vaught-Hemingway Stadium,Oxford,MS,REGULAR_SEASON,False,False,ESPN_PUBLIC_SCOREBOARD_API,TIER_2_MEDIA_AGGREGATOR,https://site.web.api.espn.com/apis/site/v2/sports/football/college-football/scoreboard?dates=20251011&groups=80&limit=400,1eeeaf8f7209c0592f51159a2770bfd6342435ccf4998553a2aed55eee987866,TIER_1_SOURCE_STALE_FOR_SEASON
ESPN-2025-401762836,2025,REGULAR_SEASON,7,2025-10-11T17:00:00Z,1760202000,2199,Eastern Michigan Eagles,Eastern Michigan,2459,Northern Illinois Huskies,Northern Illinois,16,10,6,FBS,FBS,Mid-American Conference,Mid-American Conference,False,False,Rynearson Stadium,Ypsilanti,MI,REGULAR_SEASON,True,False,ESPN_PUBLIC_SCOREBOARD_API,TIER_2_MEDIA_AGGREGATOR,https://site.web.api.espn.com/apis/site/v2/sports/football/college-football/scoreboard?dates=20251011&groups=80&limit=400,1eeeaf8f7209c0592f51159a2770bfd6342435ccf4998553a2aed55eee987866,TIER_1_SOURCE_STALE_FOR_SEASON
ESPN-2025-401762837,2025,REGULAR_SEASON,7,2025-10-11T18:30:00Z,1760207400,2309,Kent State Golden Flashes,Kent State,113,Massachusetts Minutemen,Massachusetts,42,6,36,FBS,FBS,Mid-American Conference,Mid-American Conference,False,False,Zoeller Field at Dix Stadium,Kent,OH,REGULAR_SEASON,True,False,ESPN_PUBLIC_SCOREBOARD_API,TIER_2_MEDIA_AGGREGATOR,https://site.web.api.espn.com/apis/site/v2/sports/football/college-football/scoreboard?dates=20251011&groups=80&limit=400,1eeeaf8f7209c0592f51159a2770bfd6342435ccf4998553a2aed55eee987866,TIER_1_SOURCE_STALE_FOR_SEASON
ESPN-2025-401752736,2025,REGULAR_SEASON,7,2025-10-11T19:30:00Z,1760211000,251,Texas Longhorns,Texas,201,Oklahoma Sooners,Oklahoma,23,6,17,FBS,FBS,Southeastern Conference,Southeastern Conference,False,True,Cotton Bowl,Dallas,TX,REGULAR_SEASON:Allstate Red River Rivalry,True,False,ESPN_PUBLIC_SCOREBOARD_API,TIER_2_MEDIA_AGGREGATOR,https://site.web.api.espn.com/apis/site/v2/sports/football/college-football/scoreboard?dates=20251011&groups=80&limit=400,1eeeaf8f7209c0592f51159a2770bfd6342435ccf4998553a2aed55eee987866,TIER_1_SOURCE_STALE_FOR_SEASON
ESPN-2025-401752866,2025,REGULAR_SEASON,7,2025-10-11T19:30:00Z,1760211000,213,Penn State Nittany Lions,Penn State,77,Northwestern Wildcats,Northwestern,21,22,-1,FBS,FBS,Big Ten Conference,Big Ten Conference,False,False,Beaver Stadium,University Park,PA,REGULAR_SEASON,True,False,ESPN_PUBLIC_SCOREBOARD_API,TIER_2_MEDIA_AGGREGATOR,https://site.web.api.espn.com/apis/site/v2/sports/football/college-football/scoreboard?dates=20251011&groups=80&limit=400,1eeeaf8f7209c0592f51159a2770bfd6342435ccf4998553a2aed55eee987866,TIER_1_SOURCE_STALE_FOR_SEASON
ESPN-2025-401752867,2025,REGULAR_SEASON,7,2025-10-11T19:30:00Z,1760211000,120,Maryland Terrapins,Maryland,158,Nebraska Cornhuskers,Nebraska,31,34,-3,FBS,FBS,Big Ten Conference,Big Ten Conference,False,False,SECU Stadium,College Park,MD,REGULAR_SEASON,True,False,ESPN_PUBLIC_SCOREBOARD_API,TIER_2_MEDIA_AGGREGATOR,https://site.web.api.espn.com/apis/site/v2/sports/football/college-football/scoreboard?dates=20251011&groups=80&limit=400,1eeeaf8f7209c0592f51159a2770bfd6342435ccf4998553a2aed55eee987866,TIER_1_SOURCE_STALE_FOR_SEASON
ESPN-2025-401752870,2025,REGULAR_SEASON,7,2025-10-11T19:30:00Z,1760211000,2483,Oregon Ducks,Oregon,84,Indiana Hoosiers,Indiana,20,30,-10,FBS,FBS,Big Ten Conference,Big Ten Conference,False,False,Autzen Stadium,Eugene,OR,REGULAR_SEASON,True,False,ESPN_PUBLIC_SCOREBOARD_API,TIER_2_MEDIA_AGGREGATOR,https://site.web.api.espn.com/apis/site/v2/sports/football/college-football/scoreboard?dates=20251011&groups=80&limit=400,1eeeaf8f7209c0592f51159a2770bfd6342435ccf4998553a2aed55eee987866,TIER_1_SOURCE_STALE_FOR_SEASON
ESPN-2025-401754560,2025,REGULAR_SEASON,7,2025-10-11T19:30:00Z,1760211000,59,Georgia Tech Yellow Jackets,Georgia Tech,259,Virginia Tech Hokies,Virginia Tech,35,20,15,FBS,FBS,Atlantic Coast Conference,Atlantic Coast Conference,False,False,Bobby Dodd Stadium,Atlanta,GA,REGULAR_SEASON,True,False,ESPN_PUBLIC_SCOREBOARD_API,TIER_2_MEDIA_AGGREGATOR,https://site.web.api.espn.com/apis/site/v2/sports/football/college-football/scoreboard?dates=20251011&groups=80&limit=400,1eeeaf8f7209c0592f51159a2770bfd6342435ccf4998553a2aed55eee987866,TIER_1_SOURCE_STALE_FOR_SEASON
ESPN-2025-401754562,2025,REGULAR_SEASON,7,2025-10-11T19:30:00Z,1760211000,87,Notre Dame Fighting Irish,Notre Dame,152,NC State Wolfpack,NC State,36,7,29,FBS,FBS,FBS Independents,Atlantic Coast Conference,False,False,Notre Dame Stadium,Notre Dame,IN,REGULAR_SEASON,False,False,ESPN_PUBLIC_SCOREBOARD_API,TIER_2_MEDIA_AGGREGATOR,https://site.web.api.espn.com/apis/site/v2/sports/football/college-football/scoreboard?dates=20251011&groups=80&limit=400,1eeeaf8f7209c0592f51159a2770bfd6342435ccf4998553a2aed55eee987866,TIER_1_SOURCE_STALE_FOR_SEASON
ESPN-2025-401754563,2025,REGULAR_SEASON,7,2025-10-11T19:30:00Z,1760211000,204,Oregon State Beavers,Oregon State,154,Wake Forest Demon Deacons,Wake Forest,14,39,-25,FBS,FBS,Pac-12 Conference,Atlantic Coast Conference,False,False,Reser Stadium,Corvallis,OR,REGULAR_SEASON,False,False,ESPN_PUBLIC_SCOREBOARD_API,TIER_2_MEDIA_AGGREGATOR,https://site.web.api.espn.com/apis/site/v2/sports/football/college-football/scoreboard?dates=20251011&groups=80&limit=400,1eeeaf8f7209c0592f51159a2770bfd6342435ccf4998553a2aed55eee987866,TIER_1_SOURCE_STALE_FOR_SEASON
ESPN-2025-401756918,2025,REGULAR_SEASON,7,2025-10-11T19:30:00Z,1760211000,38,Colorado Buffaloes,Colorado,66,Iowa State Cyclones,Iowa State,24,17,7,FBS,FBS,Big 12 Conference,Big 12 Conference,False,False,Folsom Field,Boulder,CO,REGULAR_SEASON,True,False,ESPN_PUBLIC_SCOREBOARD_API,TIER_2_MEDIA_AGGREGATOR,https://site.web.api.espn.com/apis/site/v2/sports/football/college-football/scoreboard?dates=20251011&groups=80&limit=400,1eeeaf8f7209c0592f51159a2770bfd6342435ccf4998553a2aed55eee987866,TIER_1_SOURCE_STALE_FOR_SEASON
ESPN-2025-401756919,2025,REGULAR_SEASON,7,2025-10-11T19:30:00Z,1760211000,2306,Kansas State Wildcats,Kansas State,2628,TCU Horned Frogs,TCU,41,28,13,FBS,FBS,Big 12 Conference,Big 12 Conference,False,False,Bill Snyder Family Stadium,Manhattan,KS,REGULAR_SEASON,True,False,ESPN_PUBLIC_SCOREBOARD_API,TIER_2_MEDIA_AGGREGATOR,https://site.web.api.espn.com/apis/site/v2/sports/football/college-football/scoreboard?dates=20251011&groups=80&limit=400,1eeeaf8f7209c0592f51159a2770bfd6342435ccf4998553a2aed55eee987866,TIER_1_SOURCE_STALE_FOR_SEASON
ESPN-2025-401760386,2025,REGULAR_SEASON,7,2025-10-11T19:30:00Z,1760211000,2439,UNLV Rebels,UNLV,2005,Air Force Falcons,Air Force,51,48,3,FBS,FBS,Mountain West Conference,Mountain West Conference,False,False,Allegiant Stadium,Las Vegas,NV,REGULAR_SEASON,True,False,ESPN_PUBLIC_SCOREBOARD_API,TIER_2_MEDIA_AGGREGATOR,https://site.web.api.espn.com/apis/site/v2/sports/football/college-football/scoreboard?dates=20251011&groups=80&limit=400,1eeeaf8f7209c0592f51159a2770bfd6342435ccf4998553a2aed55eee987866,TIER_1_SOURCE_STALE_FOR_SEASON
ESPN-2025-401761624,2025,REGULAR_SEASON,7,2025-10-11T19:30:00Z,1760211000,2247,Georgia State Panthers,Georgia State,2026,App State Mountaineers,App State,20,41,-21,FBS,FBS,Sun Belt Conference,Sun Belt Conference,False,False,Center Parc Stadium,Atlanta,GA,REGULAR_SEASON,True,False,ESPN_PUBLIC_SCOREBOARD_API,TIER_2_MEDIA_AGGREGATOR,https://site.web.api.espn.com/apis/site/v2/sports/football/college-football/scoreboard?dates=20251011&groups=80&limit=400,1eeeaf8f7209c0592f51159a2770bfd6342435ccf4998553a2aed55eee987866,TIER_1_SOURCE_STALE_FOR_SEASON
ESPN-2025-401761626,2025,REGULAR_SEASON,7,2025-10-11T19:30:00Z,1760211000,276,Marshall Thundering Herd,Marshall,295,Old Dominion Monarchs,Old Dominion,48,24,24,FBS,FBS,Sun Belt Conference,Sun Belt Conference,False,False,Joan C. Edwards Stadium,Huntington,WV,REGULAR_SEASON,True,False,ESPN_PUBLIC_SCOREBOARD_API,TIER_2_MEDIA_AGGREGATOR,https://site.web.api.espn.com/apis/site/v2/sports/football/college-football/scoreboard?dates=20251011&groups=80&limit=400,1eeeaf8f7209c0592f51159a2770bfd6342435ccf4998553a2aed55eee987866,TIER_1_SOURCE_STALE_FOR_SEASON
ESPN-2025-401762834,2025,REGULAR_SEASON,7,2025-10-11T19:30:00Z,1760211000,2711,Western Michigan Broncos,Western Michigan,2050,Ball State Cardinals,Ball State,42,0,42,FBS,FBS,Mid-American Conference,Mid-American Conference,False,False,Waldo Stadium,Kalamazoo,MI,REGULAR_SEASON,True,False,ESPN_PUBLIC_SCOREBOARD_API,TIER_2_MEDIA_AGGREGATOR,https://site.web.api.espn.com/apis/site/v2/sports/football/college-football/scoreboard?dates=20251011&groups=80&limit=400,1eeeaf8f7209c0592f51159a2770bfd6342435ccf4998553a2aed55eee987866,TIER_1_SOURCE_STALE_FOR_SEASON
ESPN-2025-401762484,2025,REGULAR_SEASON,7,2025-10-11T20:00:00Z,1760212800,218,Temple Owls,Temple,2426,Navy Midshipmen,Navy,31,32,-1,FBS,FBS,American Conference,American Conference,False,False,Lincoln Financial Field,Philadelphia,PA,REGULAR_SEASON,True,False,ESPN_PUBLIC_SCOREBOARD_API,TIER_2_MEDIA_AGGREGATOR,https://site.web.api.espn.com/apis/site/v2/sports/football/college-football/scoreboard?dates=20251011&groups=80&limit=400,1eeeaf8f7209c0592f51159a2770bfd6342435ccf4998553a2aed55eee987866,TIER_1_SOURCE_STALE_FOR_SEASON
ESPN-2025-401752735,2025,REGULAR_SEASON,7,2025-10-11T20:15:00Z,1760213700,2633,Tennessee Volunteers,Tennessee,8,Arkansas Razorbacks,Arkansas,34,31,3,FBS,FBS,Southeastern Conference,Southeastern Conference,False,False,Neyland Stadium,Knoxville,TN,REGULAR_SEASON,True,False,ESPN_PUBLIC_SCOREBOARD_API,TIER_2_MEDIA_AGGREGATOR,https://site.web.api.espn.com/apis/site/v2/sports/football/college-football/scoreboard?dates=20251011&groups=80&limit=400,1eeeaf8f7209c0592f51159a2770bfd6342435ccf4998553a2aed55eee987866,TIER_1_SOURCE_STALE_FOR_SEASON
ESPN-2025-401762482,2025,REGULAR_SEASON,7,2025-10-11T22:00:00Z,1760220000,2226,Florida Atlantic Owls,Florida Atlantic,5,UAB Blazers,UAB,53,33,20,FBS,FBS,American Conference,American Conference,False,False,Flagler Credit Union Stadium,Boca Raton,FL,REGULAR_SEASON,True,False,ESPN_PUBLIC_SCOREBOARD_API,TIER_2_MEDIA_AGGREGATOR,https://site.web.api.espn.com/apis/site/v2/sports/football/college-football/scoreboard?dates=20251011&groups=80&limit=400,1eeeaf8f7209c0592f51159a2770bfd6342435ccf4998553a2aed55eee987866,TIER_1_SOURCE_STALE_FOR_SEASON
ESPN-2025-401752737,2025,REGULAR_SEASON,7,2025-10-11T23:00:00Z,1760223600,245,Texas A&M Aggies,Texas A&M,57,Florida Gators,Florida,34,17,17,FBS,FBS,Southeastern Conference,Southeastern Conference,False,False,Kyle Field,College Station,TX,REGULAR_SEASON,True,False,ESPN_PUBLIC_SCOREBOARD_API,TIER_2_MEDIA_AGGREGATOR,https://site.web.api.espn.com/apis/site/v2/sports/football/college-football/scoreboard?dates=20251011&groups=80&limit=400,1eeeaf8f7209c0592f51159a2770bfd6342435ccf4998553a2aed55eee987866,TIER_1_SOURCE_STALE_FOR_SEASON
ESPN-2025-401752869,2025,REGULAR_SEASON,7,2025-10-11T23:00:00Z,1760223600,275,Wisconsin Badgers,Wisconsin,2294,Iowa Hawkeyes,Iowa,0,37,-37,FBS,FBS,Big Ten Conference,Big Ten Conference,False,False,Camp Randall Stadium,Madison,WI,REGULAR_SEASON,True,False,ESPN_PUBLIC_SCOREBOARD_API,TIER_2_MEDIA_AGGREGATOR,https://site.web.api.espn.com/apis/site/v2/sports/football/college-football/scoreboard?dates=20251011&groups=80&limit=400,1eeeaf8f7209c0592f51159a2770bfd6342435ccf4998553a2aed55eee987866,TIER_1_SOURCE_STALE_FOR_SEASON
ESPN-2025-401760391,2025,REGULAR_SEASON,7,2025-10-11T23:00:00Z,1760223600,2751,Wyoming Cowboys,Wyoming,23,San José State Spartans,San José State,35,28,7,FBS,FBS,Mountain West Conference,Mountain West Conference,False,False,War Memorial Stadium,Laramie,WY,REGULAR_SEASON,True,False,ESPN_PUBLIC_SCOREBOARD_API,TIER_2_MEDIA_AGGREGATOR,https://site.web.api.espn.com/apis/site/v2/sports/football/college-football/scoreboard?dates=20251011&groups=80&limit=400,1eeeaf8f7209c0592f51159a2770bfd6342435ccf4998553a2aed55eee987866,TIER_1_SOURCE_STALE_FOR_SEASON
ESPN-2025-401761623,2025,REGULAR_SEASON,7,2025-10-11T23:00:00Z,1760223600,324,Coastal Carolina Chanticleers,Coastal Carolina,2433,UL Monroe Warhawks,UL Monroe,23,8,15,FBS,FBS,Sun Belt Conference,Sun Belt Conference,False,False,Brooks Stadium (SC),Conway,SC,REGULAR_SEASON,True,False,ESPN_PUBLIC_SCOREBOARD_API,TIER_2_MEDIA_AGGREGATOR,https://site.web.api.espn.com/apis/site/v2/sports/football/college-football/scoreboard?dates=20251011&groups=80&limit=400,1eeeaf8f7209c0592f51159a2770bfd6342435ccf4998553a2aed55eee987866,TIER_1_SOURCE_STALE_FOR_SEASON
ESPN-2025-401752731,2025,REGULAR_SEASON,7,2025-10-11T23:30:00Z,1760225400,2,Auburn Tigers,Auburn,61,Georgia Bulldogs,Georgia,10,20,-10,FBS,FBS,Southeastern Conference,Southeastern Conference,False,False,Jordan-Hare Stadium,Auburn,AL,REGULAR_SEASON,True,False,ESPN_PUBLIC_SCOREBOARD_API,TIER_2_MEDIA_AGGREGATOR,https://site.web.api.espn.com/apis/site/v2/sports/football/college-football/scoreboard?dates=20251011&groups=80&limit=400,1eeeaf8f7209c0592f51159a2770bfd6342435ccf4998553a2aed55eee987866,TIER_1_SOURCE_STALE_FOR_SEASON
ESPN-2025-401752864,2025,REGULAR_SEASON,7,2025-10-11T23:30:00Z,1760225400,135,Minnesota Golden Gophers,Minnesota,2509,Purdue Boilermakers,Purdue,27,20,7,FBS,FBS,Big Ten Conference,Big Ten Conference,False,False,Huntington Bank Stadium,Minneapolis,MN,REGULAR_SEASON,True,False,ESPN_PUBLIC_SCOREBOARD_API,TIER_2_MEDIA_AGGREGATOR,https://site.web.api.espn.com/apis/site/v2/sports/football/college-football/scoreboard?dates=20251011&groups=80&limit=400,1eeeaf8f7209c0592f51159a2770bfd6342435ccf4998553a2aed55eee987866,TIER_1_SOURCE_STALE_FOR_SEASON
ESPN-2025-401752868,2025,REGULAR_SEASON,7,2025-10-11T23:30:00Z,1760225400,30,USC Trojans,USC,130,Michigan Wolverines,Michigan,31,13,18,FBS,FBS,Big Ten Conference,Big Ten Conference,False,False,Los Angeles Memorial Coliseum,Los Angeles,CA,REGULAR_SEASON,True,False,ESPN_PUBLIC_SCOREBOARD_API,TIER_2_MEDIA_AGGREGATOR,https://site.web.api.espn.com/apis/site/v2/sports/football/college-football/scoreboard?dates=20251011&groups=80&limit=400,1eeeaf8f7209c0592f51159a2770bfd6342435ccf4998553a2aed55eee987866,TIER_1_SOURCE_STALE_FOR_SEASON
ESPN-2025-401754558,2025,REGULAR_SEASON,7,2025-10-11T23:30:00Z,1760225400,103,Boston College Eagles,Boston College,228,Clemson Tigers,Clemson,10,41,-31,FBS,FBS,Atlantic Coast Conference,Atlantic Coast Conference,False,False,"Alumni Stadium (Chestnut Hill, MA)",Chestnut Hill,MA,REGULAR_SEASON,True,False,ESPN_PUBLIC_SCOREBOARD_API,TIER_2_MEDIA_AGGREGATOR,https://site.web.api.espn.com/apis/site/v2/sports/football/college-football/scoreboard?dates=20251011&groups=80&limit=400,1eeeaf8f7209c0592f51159a2770bfd6342435ccf4998553a2aed55eee987866,TIER_1_SOURCE_STALE_FOR_SEASON
ESPN-2025-401756921,2025,REGULAR_SEASON,7,2025-10-11T23:30:00Z,1760225400,2641,Texas Tech Red Raiders,Texas Tech,2305,Kansas Jayhawks,Kansas,42,17,25,FBS,FBS,Big 12 Conference,Big 12 Conference,False,False,Galaxy Stadium,Lubbock,TX,REGULAR_SEASON,True,False,ESPN_PUBLIC_SCOREBOARD_API,TIER_2_MEDIA_AGGREGATOR,https://site.web.api.espn.com/apis/site/v2/sports/football/college-football/scoreboard?dates=20251011&groups=80&limit=400,1eeeaf8f7209c0592f51159a2770bfd6342435ccf4998553a2aed55eee987866,TIER_1_SOURCE_STALE_FOR_SEASON
ESPN-2025-401762485,2025,REGULAR_SEASON,7,2025-10-11T23:30:00Z,1760225400,2636,UTSA Roadrunners,UTSA,242,Rice Owls,Rice,61,13,48,FBS,FBS,American Conference,American Conference,False,False,Alamodome,San Antonio,TX,REGULAR_SEASON,True,False,ESPN_PUBLIC_SCOREBOARD_API,TIER_2_MEDIA_AGGREGATOR,https://site.web.api.espn.com/apis/site/v2/sports/football/college-football/scoreboard?dates=20251011&groups=80&limit=400,1eeeaf8f7209c0592f51159a2770bfd6342435ccf4998553a2aed55eee987866,TIER_1_SOURCE_STALE_FOR_SEASON
ESPN-2025-401752732,2025,REGULAR_SEASON,7,2025-10-11T23:45:00Z,1760226300,99,LSU Tigers,LSU,2579,South Carolina Gamecocks,South Carolina,20,10,10,FBS,FBS,Southeastern Conference,Southeastern Conference,False,False,Tiger Stadium (LA),Baton Rouge,LA,REGULAR_SEASON,True,False,ESPN_PUBLIC_SCOREBOARD_API,TIER_2_MEDIA_AGGREGATOR,https://site.web.api.espn.com/apis/site/v2/sports/football/college-football/scoreboard?dates=20251011&groups=80&limit=400,1eeeaf8f7209c0592f51159a2770bfd6342435ccf4998553a2aed55eee987866,TIER_1_SOURCE_STALE_FOR_SEASON
ESPN-2025-401756916,2025,REGULAR_SEASON,7,2025-10-12T00:00:00Z,1760227200,12,Arizona Wildcats,Arizona,252,BYU Cougars,BYU,27,33,-6,FBS,FBS,Big 12 Conference,Big 12 Conference,False,False,Casino Del Sol Stadium,Tucson,AZ,REGULAR_SEASON,True,True,ESPN_PUBLIC_SCOREBOARD_API,TIER_2_MEDIA_AGGREGATOR,https://site.web.api.espn.com/apis/site/v2/sports/football/college-football/scoreboard?dates=20251011&groups=80&limit=400,1eeeaf8f7209c0592f51159a2770bfd6342435ccf4998553a2aed55eee987866,TIER_1_SOURCE_STALE_FOR_SEASON
ESPN-2025-401761627,2025,REGULAR_SEASON,7,2025-10-12T00:00:00Z,1760227200,326,Texas State Bobcats,Texas State,2653,Troy Trojans,Troy,41,48,-7,FBS,FBS,Sun Belt Conference,Sun Belt Conference,False,False,UFCU Stadium,San Marcos,TX,REGULAR_SEASON,True,True,ESPN_PUBLIC_SCOREBOARD_API,TIER_2_MEDIA_AGGREGATOR,https://site.web.api.espn.com/apis/site/v2/sports/football/college-football/scoreboard?dates=20251011&groups=80&limit=400,1eeeaf8f7209c0592f51159a2770bfd6342435ccf4998553a2aed55eee987866,TIER_1_SOURCE_STALE_FOR_SEASON
ESPN-2025-401760387,2025,REGULAR_SEASON,7,2025-10-12T01:45:00Z,1760233500,68,Boise State Broncos,Boise State,167,New Mexico Lobos,New Mexico,41,25,16,FBS,FBS,Mountain West Conference,Mountain West Conference,False,False,Albertsons Stadium,Boise,ID,REGULAR_SEASON,True,False,ESPN_PUBLIC_SCOREBOARD_API,TIER_2_MEDIA_AGGREGATOR,https://site.web.api.espn.com/apis/site/v2/sports/football/college-football/scoreboard?dates=20251011&groups=80&limit=400,1eeeaf8f7209c0592f51159a2770bfd6342435ccf4998553a2aed55eee987866,TIER_1_SOURCE_STALE_FOR_SEASON
ESPN-2025-401756922,2025,REGULAR_SEASON,7,2025-10-12T02:25:00Z,1760235900,254,Utah Utes,Utah,9,Arizona State Sun Devils,Arizona State,42,10,32,FBS,FBS,Big 12 Conference,Big 12 Conference,False,False,Rice-Eccles Stadium,Salt Lake City,UT,REGULAR_SEASON,True,False,ESPN_PUBLIC_SCOREBOARD_API,TIER_2_MEDIA_AGGREGATOR,https://site.web.api.espn.com/apis/site/v2/sports/football/college-football/scoreboard?dates=20251011&groups=80&limit=400,1eeeaf8f7209c0592f51159a2770bfd6342435ccf4998553a2aed55eee987866,TIER_1_SOURCE_STALE_FOR_SEASON
ESPN-2025-401760390,2025,REGULAR_SEASON,7,2025-10-12T02:30:00Z,1760236200,2440,Nevada Wolf Pack,Nevada,21,San Diego State Aztecs,San Diego State,10,44,-34,FBS,FBS,Mountain West Conference,Mountain West Conference,False,False,Mackay Stadium,Reno,NV,REGULAR_SEASON,True,False,ESPN_PUBLIC_SCOREBOARD_API,TIER_2_MEDIA_AGGREGATOR,https://site.web.api.espn.com/apis/site/v2/sports/football/college-football/scoreboard?dates=20251011&groups=80&limit=400,1eeeaf8f7209c0592f51159a2770bfd6342435ccf4998553a2aed55eee987866,TIER_1_SOURCE_STALE_FOR_SEASON
ESPN-2025-401760389,2025,REGULAR_SEASON,7,2025-10-12T03:59:00Z,1760241540,62,Hawai'i Rainbow Warriors,Hawai'i,328,Utah State Aggies,Utah State,44,26,18,FBS,FBS,Mountain West Conference,Mountain West Conference,False,False,Clarence T.C. Ching Athletics Complex,Honolulu,HI,REGULAR_SEASON,True,False,ESPN_PUBLIC_SCOREBOARD_API,TIER_2_MEDIA_AGGREGATOR,https://site.web.api.espn.com/apis/site/v2/sports/football/college-football/scoreboard?dates=20251011&groups=80&limit=400,1eeeaf8f7209c0592f51159a2770bfd6342435ccf4998553a2aed55eee987866,TIER_1_SOURCE_STALE_FOR_SEASON
ESPN-2025-401757282,2025,REGULAR_SEASON,8,2025-10-14T23:00:00Z,1760482800,2335,Liberty Flames,Liberty,166,New Mexico State Aggies,New Mexico State,30,27,3,FBS,FBS,Conference USA,Conference USA,False,False,Williams Stadium (VA),Lynchburg,VA,REGULAR_SEASON,True,False,ESPN_PUBLIC_SCOREBOARD_API,TIER_2_MEDIA_AGGREGATOR,https://site.web.api.espn.com/apis/site/v2/sports/football/college-football/scoreboard?dates=20251014&groups=80&limit=400,ce9460a3435dbdb86a7be69cd47fa2b3e37a41a14322ad71b0633f6e2c1cff82,TIER_1_SOURCE_STALE_FOR_SEASON
ESPN-2025-401761628,2025,REGULAR_SEASON,8,2025-10-14T23:30:00Z,1760484600,6,South Alabama Jaguars,South Alabama,2032,Arkansas State Red Wolves,Arkansas State,14,15,-1,FBS,FBS,Sun Belt Conference,Sun Belt Conference,False,False,Hancock Whitney Stadium,Mobile,AL,REGULAR_SEASON,True,False,ESPN_PUBLIC_SCOREBOARD_API,TIER_2_MEDIA_AGGREGATOR,https://site.web.api.espn.com/apis/site/v2/sports/football/college-football/scoreboard?dates=20251014&groups=80&limit=400,ce9460a3435dbdb86a7be69cd47fa2b3e37a41a14322ad71b0633f6e2c1cff82,TIER_1_SOURCE_STALE_FOR_SEASON
ESPN-2025-401757281,2025,REGULAR_SEASON,8,2025-10-15T00:00:00Z,1760486400,98,Western Kentucky Hilltoppers,Western Kentucky,2229,Florida International Panthers,Florida International,6,25,-19,FBS,FBS,Conference USA,Conference USA,False,False,Houchens Industries-L.T. Smith Stadium,Bowling Green,KY,REGULAR_SEASON,True,False,ESPN_PUBLIC_SCOREBOARD_API,TIER_2_MEDIA_AGGREGATOR,https://site.web.api.espn.com/apis/site/v2/sports/football/college-football/scoreboard?dates=20251014&groups=80&limit=400,ce9460a3435dbdb86a7be69cd47fa2b3e37a41a14322ad71b0633f6e2c1cff82,TIER_1_SOURCE_STALE_FOR_SEASON
ESPN-2025-401757283,2025,REGULAR_SEASON,8,2025-10-15T23:00:00Z,1760569200,55,Jacksonville State Gamecocks,Jacksonville State,48,Delaware Blue Hens,Delaware,38,25,13,FBS,FBS,Conference USA,Conference USA,False,False,AmFirst Stadium,Jacksonville,AL,REGULAR_SEASON,True,False,ESPN_PUBLIC_SCOREBOARD_API,TIER_2_MEDIA_AGGREGATOR,https://site.web.api.espn.com/apis/site/v2/sports/football/college-football/scoreboard?dates=20251015&groups=80&limit=400,b0cb711f0f7116576d4ca89025268ef3813925d68c378cec0d5e5fa4bb94be1f,TIER_1_SOURCE_STALE_FOR_SEASON
ESPN-2025-401757284,2025,REGULAR_SEASON,8,2025-10-15T23:00:00Z,1760569200,2534,Sam Houston Bearkats,Sam Houston,2638,UTEP Miners,UTEP,17,35,-18,FBS,FBS,Conference USA,Conference USA,False,False,Shell Energy Stadium,Houston,TX,REGULAR_SEASON,True,False,ESPN_PUBLIC_SCOREBOARD_API,TIER_2_MEDIA_AGGREGATOR,https://site.web.api.espn.com/apis/site/v2/sports/football/college-football/scoreboard?dates=20251015&groups=80&limit=400,b0cb711f0f7116576d4ca89025268ef3813925d68c378cec0d5e5fa4bb94be1f,TIER_1_SOURCE_STALE_FOR_SEASON
ESPN-2025-401762486,2025,REGULAR_SEASON,8,2025-10-16T23:30:00Z,1760657400,151,East Carolina Pirates,East Carolina,202,Tulsa Golden Hurricane,Tulsa,41,27,14,FBS,FBS,American Conference,American Conference,False,False,Dowdy-Ficklen Stadium,Greenville,NC,REGULAR_SEASON,True,False,ESPN_PUBLIC_SCOREBOARD_API,TIER_2_MEDIA_AGGREGATOR,https://site.web.api.espn.com/apis/site/v2/sports/football/college-football/scoreboard?dates=20251016&groups=80&limit=400,f0bca06641ebd0bf4d389469bb83b0fa7ad8bbe263bb3eebc7b77d6ccc88c438,TIER_1_SOURCE_STALE_FOR_SEASON
ESPN-2025-401754564,2025,REGULAR_SEASON,8,2025-10-17T23:00:00Z,1760742000,2390,Miami Hurricanes,Miami,97,Louisville Cardinals,Louisville,21,24,-3,FBS,FBS,Atlantic Coast Conference,Atlantic Coast Conference,False,False,Hard Rock Stadium,Miami Gardens,FL,REGULAR_SEASON,True,False,ESPN_PUBLIC_SCOREBOARD_API,TIER_2_MEDIA_AGGREGATOR,https://site.web.api.espn.com/apis/site/v2/sports/football/college-football/scoreboard?dates=20251017&groups=80&limit=400,9bfadffbdef54879e8a68a5ca6d29e049b9612d780395b87cfacfdee5fc19122,TIER_1_SOURCE_STALE_FOR_SEASON
ESPN-2025-401752872,2025,REGULAR_SEASON,8,2025-10-18T00:00:00Z,1760745600,135,Minnesota Golden Gophers,Minnesota,158,Nebraska Cornhuskers,Nebraska,24,6,18,FBS,FBS,Big Ten Conference,Big Ten Conference,False,False,Huntington Bank Stadium,Minneapolis,MN,REGULAR_SEASON,True,False,ESPN_PUBLIC_SCOREBOARD_API,TIER_2_MEDIA_AGGREGATOR,https://site.web.api.espn.com/apis/site/v2/sports/football/college-football/scoreboard?dates=20251017&groups=80&limit=400,9bfadffbdef54879e8a68a5ca6d29e049b9612d780395b87cfacfdee5fc19122,TIER_1_SOURCE_STALE_FOR_SEASON
ESPN-2025-401760396,2025,REGULAR_SEASON,8,2025-10-18T01:00:00Z,1760749200,328,Utah State Aggies,Utah State,23,San José State Spartans,San José State,30,25,5,FBS,FBS,Mountain West Conference,Mountain West Conference,False,False,Maverik Stadium,Logan,UT,REGULAR_SEASON,True,False,ESPN_PUBLIC_SCOREBOARD_API,TIER_2_MEDIA_AGGREGATOR,https://site.web.api.espn.com/apis/site/v2/sports/football/college-football/scoreboard?dates=20251017&groups=80&limit=400,9bfadffbdef54879e8a68a5ca6d29e049b9612d780395b87cfacfdee5fc19122,TIER_1_SOURCE_STALE_FOR_SEASON
ESPN-2025-401754371,2025,REGULAR_SEASON,8,2025-10-18T02:30:00Z,1760754600,25,California Golden Bears,California,153,North Carolina Tar Heels,North Carolina,21,18,3,FBS,FBS,Atlantic Coast Conference,Atlantic Coast Conference,False,False,California Memorial Stadium,Berkeley,CA,REGULAR_SEASON,True,False,ESPN_PUBLIC_SCOREBOARD_API,TIER_2_MEDIA_AGGREGATOR,https://site.web.api.espn.com/apis/site/v2/sports/football/college-football/scoreboard?dates=20251017&groups=80&limit=400,9bfadffbdef54879e8a68a5ca6d29e049b9612d780395b87cfacfdee5fc19122,TIER_1_SOURCE_STALE_FOR_SEASON
ESPN-2025-401752745,2025,REGULAR_SEASON,8,2025-10-18T16:00:00Z,1760803200,238,Vanderbilt Commodores,Vanderbilt,99,LSU Tigers,LSU,31,24,7,FBS,FBS,Southeastern Conference,Southeastern Conference,False,False,FirstBank Stadium,Nashville,TN,REGULAR_SEASON,True,False,ESPN_PUBLIC_SCOREBOARD_API,TIER_2_MEDIA_AGGREGATOR,https://site.web.api.espn.com/apis/site/v2/sports/football/college-football/scoreboard?dates=20251018&groups=80&limit=400,5b6f59c90cdb6e4fc2d7cf281da311a3db0a590fb072ffec2711326c56008af5,TIER_1_SOURCE_STALE_FOR_SEASON
ESPN-2025-401752873,2025,REGULAR_SEASON,8,2025-10-18T16:00:00Z,1760803200,130,Michigan Wolverines,Michigan,264,Washington Huskies,Washington,24,7,17,FBS,FBS,Big Ten Conference,Big Ten Conference,False,False,Michigan Stadium,Ann Arbor,MI,REGULAR_SEASON,True,False,ESPN_PUBLIC_SCOREBOARD_API,TIER_2_MEDIA_AGGREGATOR,https://site.web.api.espn.com/apis/site/v2/sports/football/college-football/scoreboard?dates=20251018&groups=80&limit=400,5b6f59c90cdb6e4fc2d7cf281da311a3db0a590fb072ffec2711326c56008af5,TIER_1_SOURCE_STALE_FOR_SEASON
ESPN-2025-401754566,2025,REGULAR_SEASON,8,2025-10-18T16:00:00Z,1760803200,150,Duke Blue Devils,Duke,59,Georgia Tech Yellow Jackets,Georgia Tech,18,27,-9,FBS,FBS,Atlantic Coast Conference,Atlantic Coast Conference,False,False,Wallace Wade Stadium,Durham,NC,REGULAR_SEASON,True,False,ESPN_PUBLIC_SCOREBOARD_API,TIER_2_MEDIA_AGGREGATOR,https://site.web.api.espn.com/apis/site/v2/sports/football/college-football/scoreboard?dates=20251018&groups=80&limit=400,5b6f59c90cdb6e4fc2d7cf281da311a3db0a590fb072ffec2711326c56008af5,TIER_1_SOURCE_STALE_FOR_SEASON
ESPN-2025-401754569,2025,REGULAR_SEASON,8,2025-10-18T16:00:00Z,1760803200,103,Boston College Eagles,Boston College,41,UConn Huskies,UConn,23,38,-15,FBS,FBS,Atlantic Coast Conference,FBS Independents,False,False,"Alumni Stadium (Chestnut Hill, MA)",Chestnut Hill,MA,REGULAR_SEASON,False,False,ESPN_PUBLIC_SCOREBOARD_API,TIER_2_MEDIA_AGGREGATOR,https://site.web.api.espn.com/apis/site/v2/sports/football/college-football/scoreboard?dates=20251018&groups=80&limit=400,5b6f59c90cdb6e4fc2d7cf281da311a3db0a590fb072ffec2711326c56008af5,TIER_1_SOURCE_STALE_FOR_SEASON
ESPN-2025-401756925,2025,REGULAR_SEASON,8,2025-10-18T16:00:00Z,1760803200,248,Houston Cougars,Houston,12,Arizona Wildcats,Arizona,31,28,3,FBS,FBS,Big 12 Conference,Big 12 Conference,False,False,TDECU Stadium,Houston,TX,REGULAR_SEASON,True,False,ESPN_PUBLIC_SCOREBOARD_API,TIER_2_MEDIA_AGGREGATOR,https://site.web.api.espn.com/apis/site/v2/sports/football/college-football/scoreboard?dates=20251018&groups=80&limit=400,5b6f59c90cdb6e4fc2d7cf281da311a3db0a590fb072ffec2711326c56008af5,TIER_1_SOURCE_STALE_FOR_SEASON
ESPN-2025-401756927,2025,REGULAR_SEASON,8,2025-10-18T16:00:00Z,1760803200,2628,TCU Horned Frogs,TCU,239,Baylor Bears,Baylor,42,36,6,FBS,FBS,Big 12 Conference,Big 12 Conference,False,False,Amon G. Carter Stadium,Fort Worth,TX,REGULAR_SEASON,True,False,ESPN_PUBLIC_SCOREBOARD_API,TIER_2_MEDIA_AGGREGATOR,https://site.web.api.espn.com/apis/site/v2/sports/football/college-football/scoreboard?dates=20251018&groups=80&limit=400,5b6f59c90cdb6e4fc2d7cf281da311a3db0a590fb072ffec2711326c56008af5,TIER_1_SOURCE_STALE_FOR_SEASON
ESPN-2025-401762488,2025,REGULAR_SEASON,8,2025-10-18T16:00:00Z,1760803200,2655,Tulane Green Wave,Tulane,349,Army Black Knights,Army,24,17,7,FBS,FBS,American Conference,American Conference,False,False,Yulman Stadium,New Orleans,LA,REGULAR_SEASON,True,False,ESPN_PUBLIC_SCOREBOARD_API,TIER_2_MEDIA_AGGREGATOR,https://site.web.api.espn.com/apis/site/v2/sports/football/college-football/scoreboard?dates=20251018&groups=80&limit=400,5b6f59c90cdb6e4fc2d7cf281da311a3db0a590fb072ffec2711326c56008af5,TIER_1_SOURCE_STALE_FOR_SEASON
ESPN-2025-401762839,2025,REGULAR_SEASON,8,2025-10-18T16:00:00Z,1760803200,189,Bowling Green Falcons,Bowling Green,2117,Central Michigan Chippewas,Central Michigan,6,27,-21,FBS,FBS,Mid-American Conference,Mid-American Conference,False,False,Doyt L. Perry Stadium,Bowling Green,OH,REGULAR_SEASON,True,False,ESPN_PUBLIC_SCOREBOARD_API,TIER_2_MEDIA_AGGREGATOR,https://site.web.api.espn.com/apis/site/v2/sports/football/college-football/scoreboard?dates=20251018&groups=80&limit=400,5b6f59c90cdb6e4fc2d7cf281da311a3db0a590fb072ffec2711326c56008af5,TIER_1_SOURCE_STALE_FOR_SEASON
ESPN-2025-401762841,2025,REGULAR_SEASON,8,2025-10-18T16:00:00Z,1760803200,193,Miami (OH) RedHawks,Miami (OH),2199,Eastern Michigan Eagles,Eastern Michigan,44,30,14,FBS,FBS,Mid-American Conference,Mid-American Conference,False,False,Yager Stadium,Oxford,OH,REGULAR_SEASON,True,False,ESPN_PUBLIC_SCOREBOARD_API,TIER_2_MEDIA_AGGREGATOR,https://site.web.api.espn.com/apis/site/v2/sports/football/college-football/scoreboard?dates=20251018&groups=80&limit=400,5b6f59c90cdb6e4fc2d7cf281da311a3db0a590fb072ffec2711326c56008af5,TIER_1_SOURCE_STALE_FOR_SEASON
ESPN-2025-401752744,2025,REGULAR_SEASON,8,2025-10-18T16:45:00Z,1760805900,2579,South Carolina Gamecocks,South Carolina,201,Oklahoma Sooners,Oklahoma,7,26,-19,FBS,FBS,Southeastern Conference,Southeastern Conference,False,False,Williams-Brice Stadium,Columbia,SC,REGULAR_SEASON,True,False,ESPN_PUBLIC_SCOREBOARD_API,TIER_2_MEDIA_AGGREGATOR,https://site.web.api.espn.com/apis/site/v2/sports/football/college-football/scoreboard?dates=20251018&groups=80&limit=400,5b6f59c90cdb6e4fc2d7cf281da311a3db0a590fb072ffec2711326c56008af5,TIER_1_SOURCE_STALE_FOR_SEASON
ESPN-2025-401756928,2025,REGULAR_SEASON,8,2025-10-18T17:00:00Z,1760806800,2116,UCF Knights,UCF,277,West Virginia Mountaineers,West Virginia,45,13,32,FBS,FBS,Big 12 Conference,Big 12 Conference,False,False,Acrisure Bounce House,Orlando,FL,REGULAR_SEASON,True,False,ESPN_PUBLIC_SCOREBOARD_API,TIER_2_MEDIA_AGGREGATOR,https://site.web.api.espn.com/apis/site/v2/sports/football/college-football/scoreboard?dates=20251018&groups=80&limit=400,5b6f59c90cdb6e4fc2d7cf281da311a3db0a590fb072ffec2711326c56008af5,TIER_1_SOURCE_STALE_FOR_SEASON
ESPN-2025-401762842,2025,REGULAR_SEASON,8,2025-10-18T18:00:00Z,1760810400,2649,Toledo Rockets,Toledo,2309,Kent State Golden Flashes,Kent State,45,10,35,FBS,FBS,Mid-American Conference,Mid-American Conference,False,False,Glass Bowl,Toledo,OH,REGULAR_SEASON,True,False,ESPN_PUBLIC_SCOREBOARD_API,TIER_2_MEDIA_AGGREGATOR,https://site.web.api.espn.com/apis/site/v2/sports/football/college-football/scoreboard?dates=20251018&groups=80&limit=400,5b6f59c90cdb6e4fc2d7cf281da311a3db0a590fb072ffec2711326c56008af5,TIER_1_SOURCE_STALE_FOR_SEASON
ESPN-2025-401762840,2025,REGULAR_SEASON,8,2025-10-18T18:30:00Z,1760812200,113,Massachusetts Minutemen,Massachusetts,2084,Buffalo Bulls,Buffalo,21,28,-7,FBS,FBS,Mid-American Conference,Mid-American Conference,False,False,Warren McGuirk Alumni Stadium,Amherst,MA,REGULAR_SEASON,True,False,ESPN_PUBLIC_SCOREBOARD_API,TIER_2_MEDIA_AGGREGATOR,https://site.web.api.espn.com/apis/site/v2/sports/football/college-football/scoreboard?dates=20251018&groups=80&limit=400,5b6f59c90cdb6e4fc2d7cf281da311a3db0a590fb072ffec2711326c56008af5,TIER_1_SOURCE_STALE_FOR_SEASON
ESPN-2025-401752874,2025,REGULAR_SEASON,8,2025-10-18T19:00:00Z,1760814000,77,Northwestern Wildcats,Northwestern,2509,Purdue Boilermakers,Purdue,19,0,19,FBS,FBS,Big Ten Conference,Big Ten Conference,False,False,Northwestern Medicine Field at Martin Stadium,Evanston,IL,REGULAR_SEASON,True,False,ESPN_PUBLIC_SCOREBOARD_API,TIER_2_MEDIA_AGGREGATOR,https://site.web.api.espn.com/apis/site/v2/sports/football/college-football/scoreboard?dates=20251018&groups=80&limit=400,5b6f59c90cdb6e4fc2d7cf281da311a3db0a590fb072ffec2711326c56008af5,TIER_1_SOURCE_STALE_FOR_SEASON
ESPN-2025-401761633,2025,REGULAR_SEASON,8,2025-10-18T19:00:00Z,1760814000,2433,UL Monroe Warhawks,UL Monroe,2653,Troy Trojans,Troy,14,37,-23,FBS,FBS,Sun Belt Conference,Sun Belt Conference,False,False,Malone Stadium,Monroe,LA,REGULAR_SEASON,True,False,ESPN_PUBLIC_SCOREBOARD_API,TIER_2_MEDIA_AGGREGATOR,https://site.web.api.espn.com/apis/site/v2/sports/football/college-football/scoreboard?dates=20251018&groups=80&limit=400,5b6f59c90cdb6e4fc2d7cf281da311a3db0a590fb072ffec2711326c56008af5,TIER_1_SOURCE_STALE_FOR_SEASON
ESPN-2025-401752742,2025,REGULAR_SEASON,8,2025-10-18T19:30:00Z,1760815800,61,Georgia Bulldogs,Georgia,145,Ole Miss Rebels,Ole Miss,43,35,8,FBS,FBS,Southeastern Conference,Southeastern Conference,False,False,Sanford Stadium,Athens,GA,REGULAR_SEASON,True,False,ESPN_PUBLIC_SCOREBOARD_API,TIER_2_MEDIA_AGGREGATOR,https://site.web.api.espn.com/apis/site/v2/sports/football/college-football/scoreboard?dates=20251018&groups=80&limit=400,5b6f59c90cdb6e4fc2d7cf281da311a3db0a590fb072ffec2711326c56008af5,TIER_1_SOURCE_STALE_FOR_SEASON
ESPN-2025-401752877,2025,REGULAR_SEASON,8,2025-10-18T19:30:00Z,1760815800,275,Wisconsin Badgers,Wisconsin,194,Ohio State Buckeyes,Ohio State,0,34,-34,FBS,FBS,Big Ten Conference,Big Ten Conference,False,False,Camp Randall Stadium,Madison,WI,REGULAR_SEASON,True,False,ESPN_PUBLIC_SCOREBOARD_API,TIER_2_MEDIA_AGGREGATOR,https://site.web.api.espn.com/apis/site/v2/sports/football/college-football/scoreboard?dates=20251018&groups=80&limit=400,5b6f59c90cdb6e4fc2d7cf281da311a3db0a590fb072ffec2711326c56008af5,TIER_1_SOURCE_STALE_FOR_SEASON
ESPN-2025-401752878,2025,REGULAR_SEASON,8,2025-10-18T19:30:00Z,1760815800,84,Indiana Hoosiers,Indiana,127,Michigan State Spartans,Michigan State,38,13,25,FBS,FBS,Big Ten Conference,Big Ten Conference,False,False,"Memorial Stadium (Bloomington, IN)",Bloomington,IN,REGULAR_SEASON,True,False,ESPN_PUBLIC_SCOREBOARD_API,TIER_2_MEDIA_AGGREGATOR,https://site.web.api.espn.com/apis/site/v2/sports/football/college-football/scoreboard?dates=20251018&groups=80&limit=400,5b6f59c90cdb6e4fc2d7cf281da311a3db0a590fb072ffec2711326c56008af5,TIER_1_SOURCE_STALE_FOR_SEASON
ESPN-2025-401754565,2025,REGULAR_SEASON,8,2025-10-18T19:30:00Z,1760815800,228,Clemson Tigers,Clemson,2567,SMU Mustangs,SMU,24,35,-11,FBS,FBS,Atlantic Coast Conference,Atlantic Coast Conference,False,False,"Memorial Stadium (Clemson, SC)",Clemson,SC,REGULAR_SEASON,True,False,ESPN_PUBLIC_SCOREBOARD_API,TIER_2_MEDIA_AGGREGATOR,https://site.web.api.espn.com/apis/site/v2/sports/football/college-football/scoreboard?dates=20251018&groups=80&limit=400,5b6f59c90cdb6e4fc2d7cf281da311a3db0a590fb072ffec2711326c56008af5,TIER_1_SOURCE_STALE_FOR_SEASON
ESPN-2025-401760392,2025,REGULAR_SEASON,8,2025-10-18T19:30:00Z,1760815800,2005,Air Force Falcons,Air Force,2751,Wyoming Cowboys,Wyoming,24,21,3,FBS,FBS,Mountain West Conference,Mountain West Conference,False,False,Falcon Stadium,USAF Academy,CO,REGULAR_SEASON,True,False,ESPN_PUBLIC_SCOREBOARD_API,TIER_2_MEDIA_AGGREGATOR,https://site.web.api.espn.com/apis/site/v2/sports/football/college-football/scoreboard?dates=20251018&groups=80&limit=400,5b6f59c90cdb6e4fc2d7cf281da311a3db0a590fb072ffec2711326c56008af5,TIER_1_SOURCE_STALE_FOR_SEASON
ESPN-2025-401760393,2025,REGULAR_SEASON,8,2025-10-18T19:30:00Z,1760815800,68,Boise State Broncos,Boise State,2439,UNLV Rebels,UNLV,56,31,25,FBS,FBS,Mountain West Conference,Mountain West Conference,False,False,Albertsons Stadium,Boise,ID,REGULAR_SEASON,True,False,ESPN_PUBLIC_SCOREBOARD_API,TIER_2_MEDIA_AGGREGATOR,https://site.web.api.espn.com/apis/site/v2/sports/football/college-football/scoreboard?dates=20251018&groups=80&limit=400,5b6f59c90cdb6e4fc2d7cf281da311a3db0a590fb072ffec2711326c56008af5,TIER_1_SOURCE_STALE_FOR_SEASON
ESPN-2025-401761629,2025,REGULAR_SEASON,8,2025-10-18T19:30:00Z,1760815800,2026,App State Mountaineers,App State,324,Coastal Carolina Chanticleers,Coastal Carolina,37,45,-8,FBS,FBS,Sun Belt Conference,Sun Belt Conference,False,False,Kidd Brewer Stadium,Boone,NC,REGULAR_SEASON,True,False,ESPN_PUBLIC_SCOREBOARD_API,TIER_2_MEDIA_AGGREGATOR,https://site.web.api.espn.com/apis/site/v2/sports/football/college-football/scoreboard?dates=20251018&groups=80&limit=400,5b6f59c90cdb6e4fc2d7cf281da311a3db0a590fb072ffec2711326c56008af5,TIER_1_SOURCE_STALE_FOR_SEASON
ESPN-2025-401761631,2025,REGULAR_SEASON,8,2025-10-18T19:30:00Z,1760815800,256,James Madison Dukes,James Madison,295,Old Dominion Monarchs,Old Dominion,63,27,36,FBS,FBS,Sun Belt Conference,Sun Belt Conference,False,False,Bridgeforth Stadium,Harrisonburg,VA,REGULAR_SEASON,True,False,ESPN_PUBLIC_SCOREBOARD_API,TIER_2_MEDIA_AGGREGATOR,https://site.web.api.espn.com/apis/site/v2/sports/football/college-football/scoreboard?dates=20251018&groups=80&limit=400,5b6f59c90cdb6e4fc2d7cf281da311a3db0a590fb072ffec2711326c56008af5,TIER_1_SOURCE_STALE_FOR_SEASON
ESPN-2025-401761632,2025,REGULAR_SEASON,8,2025-10-18T19:30:00Z,1760815800,276,Marshall Thundering Herd,Marshall,326,Texas State Bobcats,Texas State,40,37,3,FBS,FBS,Sun Belt Conference,Sun Belt Conference,False,False,Joan C. Edwards Stadium,Huntington,WV,REGULAR_SEASON,True,True,ESPN_PUBLIC_SCOREBOARD_API,TIER_2_MEDIA_AGGREGATOR,https://site.web.api.espn.com/apis/site/v2/sports/football/college-football/scoreboard?dates=20251018&groups=80&limit=400,5b6f59c90cdb6e4fc2d7cf281da311a3db0a590fb072ffec2711326c56008af5,TIER_1_SOURCE_STALE_FOR_SEASON
ESPN-2025-401762489,2025,REGULAR_SEASON,8,2025-10-18T19:30:00Z,1760815800,2429,Charlotte 49ers,Charlotte,218,Temple Owls,Temple,14,49,-35,FBS,FBS,American Conference,American Conference,False,False,Jerry Richardson Stadium,Charlotte,NC,REGULAR_SEASON,True,False,ESPN_PUBLIC_SCOREBOARD_API,TIER_2_MEDIA_AGGREGATOR,https://site.web.api.espn.com/apis/site/v2/sports/football/college-football/scoreboard?dates=20251018&groups=80&limit=400,5b6f59c90cdb6e4fc2d7cf281da311a3db0a590fb072ffec2711326c56008af5,TIER_1_SOURCE_STALE_FOR_SEASON
ESPN-2025-401762838,2025,REGULAR_SEASON,8,2025-10-18T19:30:00Z,1760815800,2050,Ball State Cardinals,Ball State,2006,Akron Zips,Akron,42,28,14,FBS,FBS,Mid-American Conference,Mid-American Conference,False,False,Scheumann Stadium,Muncie,IN,REGULAR_SEASON,True,False,ESPN_PUBLIC_SCOREBOARD_API,TIER_2_MEDIA_AGGREGATOR,https://site.web.api.espn.com/apis/site/v2/sports/football/college-football/scoreboard?dates=20251018&groups=80&limit=400,5b6f59c90cdb6e4fc2d7cf281da311a3db0a590fb072ffec2711326c56008af5,TIER_1_SOURCE_STALE_FOR_SEASON
ESPN-2025-401762843,2025,REGULAR_SEASON,8,2025-10-18T19:30:00Z,1760815800,195,Ohio Bobcats,Ohio,2459,Northern Illinois Huskies,Northern Illinois,48,21,27,FBS,FBS,Mid-American Conference,Mid-American Conference,False,False,Peden Stadium,Athens,OH,REGULAR_SEASON,True,False,ESPN_PUBLIC_SCOREBOARD_API,TIER_2_MEDIA_AGGREGATOR,https://site.web.api.espn.com/apis/site/v2/sports/football/college-football/scoreboard?dates=20251018&groups=80&limit=400,5b6f59c90cdb6e4fc2d7cf281da311a3db0a590fb072ffec2711326c56008af5,TIER_1_SOURCE_STALE_FOR_SEASON
ESPN-2025-401756923,2025,REGULAR_SEASON,8,2025-10-18T20:00:00Z,1760817600,9,Arizona State Sun Devils,Arizona State,2641,Texas Tech Red Raiders,Texas Tech,26,22,4,FBS,FBS,Big 12 Conference,Big 12 Conference,False,False,Mountain America Stadium,Tempe,AZ,REGULAR_SEASON,True,False,ESPN_PUBLIC_SCOREBOARD_API,TIER_2_MEDIA_AGGREGATOR,https://site.web.api.espn.com/apis/site/v2/sports/football/college-football/scoreboard?dates=20251018&groups=80&limit=400,5b6f59c90cdb6e4fc2d7cf281da311a3db0a590fb072ffec2711326c56008af5,TIER_1_SOURCE_STALE_FOR_SEASON
ESPN-2025-401762487,2025,REGULAR_SEASON,8,2025-10-18T20:00:00Z,1760817600,5,UAB Blazers,UAB,235,Memphis Tigers,Memphis,31,24,7,FBS,FBS,American Conference,American Conference,False,False,Protective Stadium,Birmingham,AL,REGULAR_SEASON,True,False,ESPN_PUBLIC_SCOREBOARD_API,TIER_2_MEDIA_AGGREGATOR,https://site.web.api.espn.com/apis/site/v2/sports/football/college-football/scoreboard?dates=20251018&groups=80&limit=400,5b6f59c90cdb6e4fc2d7cf281da311a3db0a590fb072ffec2711326c56008af5,TIER_1_SOURCE_STALE_FOR_SEASON
ESPN-2025-401762491,2025,REGULAR_SEASON,8,2025-10-18T20:05:00Z,1760817900,249,North Texas Mean Green,North Texas,2636,UTSA Roadrunners,UTSA,55,17,38,FBS,FBS,American Conference,American Conference,False,False,DATCU Stadium,Denton,TX,REGULAR_SEASON,True,False,ESPN_PUBLIC_SCOREBOARD_API,TIER_2_MEDIA_AGGREGATOR,https://site.web.api.espn.com/apis/site/v2/sports/football/college-football/scoreboard?dates=20251018&groups=80&limit=400,5b6f59c90cdb6e4fc2d7cf281da311a3db0a590fb072ffec2711326c56008af5,TIER_1_SOURCE_STALE_FOR_SEASON
ESPN-2025-401752741,2025,REGULAR_SEASON,8,2025-10-18T20:15:00Z,1760818500,57,Florida Gators,Florida,344,Mississippi State Bulldogs,Mississippi State,23,21,2,FBS,FBS,Southeastern Conference,Southeastern Conference,False,False,Ben Hill Griffin Stadium,Gainesville,FL,REGULAR_SEASON,True,False,ESPN_PUBLIC_SCOREBOARD_API,TIER_2_MEDIA_AGGREGATOR,https://site.web.api.espn.com/apis/site/v2/sports/football/college-football/scoreboard?dates=20251018&groups=80&limit=400,5b6f59c90cdb6e4fc2d7cf281da311a3db0a590fb072ffec2711326c56008af5,TIER_1_SOURCE_STALE_FOR_SEASON
ESPN-2025-401761668,2025,REGULAR_SEASON,8,2025-10-18T21:00:00Z,1760821200,309,Louisiana Ragin' Cajuns,Louisiana,2572,Southern Miss Golden Eagles,Southern Miss,10,22,-12,FBS,FBS,Sun Belt Conference,Sun Belt Conference,False,False,Our Lady of Lourdes Stadium,Lafayette,LA,REGULAR_SEASON,True,False,ESPN_PUBLIC_SCOREBOARD_API,TIER_2_MEDIA_AGGREGATOR,https://site.web.api.espn.com/apis/site/v2/sports/football/college-football/scoreboard?dates=20251018&groups=80&limit=400,5b6f59c90cdb6e4fc2d7cf281da311a3db0a590fb072ffec2711326c56008af5,TIER_1_SOURCE_STALE_FOR_SEASON
ESPN-2025-401752739,2025,REGULAR_SEASON,8,2025-10-18T21:30:00Z,1760823000,8,Arkansas Razorbacks,Arkansas,245,Texas A&M Aggies,Texas A&M,42,45,-3,FBS,FBS,Southeastern Conference,Southeastern Conference,False,False,Donald W. Reynolds Razorback Stadium,Fayetteville,AR,REGULAR_SEASON,True,False,ESPN_PUBLIC_SCOREBOARD_API,TIER_2_MEDIA_AGGREGATOR,https://site.web.api.espn.com/apis/site/v2/sports/football/college-football/scoreboard?dates=20251018&groups=80&limit=400,5b6f59c90cdb6e4fc2d7cf281da311a3db0a590fb072ffec2711326c56008af5,TIER_1_SOURCE_STALE_FOR_SEASON
ESPN-2025-401752876,2025,REGULAR_SEASON,8,2025-10-18T22:30:00Z,1760826600,164,Rutgers Scarlet Knights,Rutgers,2483,Oregon Ducks,Oregon,10,56,-46,FBS,FBS,Big Ten Conference,Big Ten Conference,False,False,SHI Stadium,Piscataway,NJ,REGULAR_SEASON,True,False,ESPN_PUBLIC_SCOREBOARD_API,TIER_2_MEDIA_AGGREGATOR,https://site.web.api.espn.com/apis/site/v2/sports/football/college-football/scoreboard?dates=20251018&groups=80&limit=400,5b6f59c90cdb6e4fc2d7cf281da311a3db0a590fb072ffec2711326c56008af5,TIER_1_SOURCE_STALE_FOR_SEASON
ESPN-2025-401752951,2025,REGULAR_SEASON,8,2025-10-18T22:30:00Z,1760826600,258,Virginia Cavaliers,Virginia,265,Washington State Cougars,Washington State,22,20,2,FBS,FBS,Atlantic Coast Conference,Pac-12 Conference,False,False,Scott Stadium,Charlottesville,VA,REGULAR_SEASON,False,False,ESPN_PUBLIC_SCOREBOARD_API,TIER_2_MEDIA_AGGREGATOR,https://site.web.api.espn.com/apis/site/v2/sports/football/college-football/scoreboard?dates=20251018&groups=80&limit=400,5b6f59c90cdb6e4fc2d7cf281da311a3db0a590fb072ffec2711326c56008af5,TIER_1_SOURCE_STALE_FOR_SEASON
ESPN-2025-401752743,2025,REGULAR_SEASON,8,2025-10-18T23:00:00Z,1760828400,96,Kentucky Wildcats,Kentucky,251,Texas Longhorns,Texas,13,16,-3,FBS,FBS,Southeastern Conference,Southeastern Conference,False,False,Kroger Field,Lexington,KY,REGULAR_SEASON,True,True,ESPN_PUBLIC_SCOREBOARD_API,TIER_2_MEDIA_AGGREGATOR,https://site.web.api.espn.com/apis/site/v2/sports/football/college-football/scoreboard?dates=20251018&groups=80&limit=400,5b6f59c90cdb6e4fc2d7cf281da311a3db0a590fb072ffec2711326c56008af5,TIER_1_SOURCE_STALE_FOR_SEASON
ESPN-2025-401752875,2025,REGULAR_SEASON,8,2025-10-18T23:00:00Z,1760828400,2294,Iowa Hawkeyes,Iowa,213,Penn State Nittany Lions,Penn State,25,24,1,FBS,FBS,Big Ten Conference,Big Ten Conference,False,False,Kinnick Stadium,Iowa City,IA,REGULAR_SEASON,True,False,ESPN_PUBLIC_SCOREBOARD_API,TIER_2_MEDIA_AGGREGATOR,https://site.web.api.espn.com/apis/site/v2/sports/football/college-football/scoreboard?dates=20251018&groups=80&limit=400,5b6f59c90cdb6e4fc2d7cf281da311a3db0a590fb072ffec2711326c56008af5,TIER_1_SOURCE_STALE_FOR_SEASON
ESPN-2025-401752879,2025,REGULAR_SEASON,8,2025-10-18T23:00:00Z,1760828400,26,UCLA Bruins,UCLA,120,Maryland Terrapins,Maryland,20,17,3,FBS,FBS,Big Ten Conference,Big Ten Conference,False,False,Rose Bowl,Pasadena,CA,REGULAR_SEASON,True,False,ESPN_PUBLIC_SCOREBOARD_API,TIER_2_MEDIA_AGGREGATOR,https://site.web.api.espn.com/apis/site/v2/sports/football/college-football/scoreboard?dates=20251018&groups=80&limit=400,5b6f59c90cdb6e4fc2d7cf281da311a3db0a590fb072ffec2711326c56008af5,TIER_1_SOURCE_STALE_FOR_SEASON
ESPN-2025-401760394,2025,REGULAR_SEASON,8,2025-10-18T23:00:00Z,1760828400,36,Colorado State Rams,Colorado State,62,Hawai'i Rainbow Warriors,Hawai'i,19,31,-12,FBS,FBS,Mountain West Conference,Mountain West Conference,False,False,Canvas Stadium,Fort Collins,CO,REGULAR_SEASON,True,False,ESPN_PUBLIC_SCOREBOARD_API,TIER_2_MEDIA_AGGREGATOR,https://site.web.api.espn.com/apis/site/v2/sports/football/college-football/scoreboard?dates=20251018&groups=80&limit=400,5b6f59c90cdb6e4fc2d7cf281da311a3db0a590fb072ffec2711326c56008af5,TIER_1_SOURCE_STALE_FOR_SEASON
ESPN-2025-401761630,2025,REGULAR_SEASON,8,2025-10-18T23:00:00Z,1760828400,290,Georgia Southern Eagles,Georgia Southern,2247,Georgia State Panthers,Georgia State,41,24,17,FBS,FBS,Sun Belt Conference,Sun Belt Conference,False,False,Allen E. Paulson Stadium,Statesboro,GA,REGULAR_SEASON,True,False,ESPN_PUBLIC_SCOREBOARD_API,TIER_2_MEDIA_AGGREGATOR,https://site.web.api.espn.com/apis/site/v2/sports/football/college-football/scoreboard?dates=20251018&groups=80&limit=400,5b6f59c90cdb6e4fc2d7cf281da311a3db0a590fb072ffec2711326c56008af5,TIER_1_SOURCE_STALE_FOR_SEASON
ESPN-2025-401752738,2025,REGULAR_SEASON,8,2025-10-18T23:30:00Z,1760830200,333,Alabama Crimson Tide,Alabama,2633,Tennessee Volunteers,Tennessee,37,20,17,FBS,FBS,Southeastern Conference,Southeastern Conference,False,False,Bryant-Denny Stadium,Tuscaloosa,AL,REGULAR_SEASON,True,False,ESPN_PUBLIC_SCOREBOARD_API,TIER_2_MEDIA_AGGREGATOR,https://site.web.api.espn.com/apis/site/v2/sports/football/college-football/scoreboard?dates=20251018&groups=80&limit=400,5b6f59c90cdb6e4fc2d7cf281da311a3db0a590fb072ffec2711326c56008af5,TIER_1_SOURCE_STALE_FOR_SEASON
ESPN-2025-401752871,2025,REGULAR_SEASON,8,2025-10-18T23:30:00Z,1760830200,87,Notre Dame Fighting Irish,Notre Dame,30,USC Trojans,USC,34,24,10,FBS,FBS,FBS Independents,Big Ten Conference,False,False,Notre Dame Stadium,Notre Dame,IN,REGULAR_SEASON,False,False,ESPN_PUBLIC_SCOREBOARD_API,TIER_2_MEDIA_AGGREGATOR,https://site.web.api.espn.com/apis/site/v2/sports/football/college-football/scoreboard?dates=20251018&groups=80&limit=400,5b6f59c90cdb6e4fc2d7cf281da311a3db0a590fb072ffec2711326c56008af5,TIER_1_SOURCE_STALE_FOR_SEASON
ESPN-2025-401754568,2025,REGULAR_SEASON,8,2025-10-18T23:30:00Z,1760830200,183,Syracuse Orange,Syracuse,221,Pittsburgh Panthers,Pittsburgh,13,30,-17,FBS,FBS,Atlantic Coast Conference,Atlantic Coast Conference,False,False,JMA Wireless Dome,Syracuse,NY,REGULAR_SEASON,True,False,ESPN_PUBLIC_SCOREBOARD_API,TIER_2_MEDIA_AGGREGATOR,https://site.web.api.espn.com/apis/site/v2/sports/football/college-football/scoreboard?dates=20251018&groups=80&limit=400,5b6f59c90cdb6e4fc2d7cf281da311a3db0a590fb072ffec2711326c56008af5,TIER_1_SOURCE_STALE_FOR_SEASON
ESPN-2025-401762490,2025,REGULAR_SEASON,8,2025-10-18T23:30:00Z,1760830200,58,South Florida Bulls,South Florida,2226,Florida Atlantic Owls,Florida Atlantic,48,13,35,FBS,FBS,American Conference,American Conference,False,False,Raymond James Stadium,Tampa,FL,REGULAR_SEASON,True,False,ESPN_PUBLIC_SCOREBOARD_API,TIER_2_MEDIA_AGGREGATOR,https://site.web.api.espn.com/apis/site/v2/sports/football/college-football/scoreboard?dates=20251018&groups=80&limit=400,5b6f59c90cdb6e4fc2d7cf281da311a3db0a590fb072ffec2711326c56008af5,TIER_1_SOURCE_STALE_FOR_SEASON
ESPN-2025-401752740,2025,REGULAR_SEASON,8,2025-10-18T23:45:00Z,1760831100,2,Auburn Tigers,Auburn,142,Missouri Tigers,Missouri,17,23,-6,FBS,FBS,Southeastern Conference,Southeastern Conference,False,False,Jordan-Hare Stadium,Auburn,AL,REGULAR_SEASON,True,True,ESPN_PUBLIC_SCOREBOARD_API,TIER_2_MEDIA_AGGREGATOR,https://site.web.api.espn.com/apis/site/v2/sports/football/college-football/scoreboard?dates=20251018&groups=80&limit=400,5b6f59c90cdb6e4fc2d7cf281da311a3db0a590fb072ffec2711326c56008af5,TIER_1_SOURCE_STALE_FOR_SEASON
ESPN-2025-401756924,2025,REGULAR_SEASON,8,2025-10-19T00:00:00Z,1760832000,252,BYU Cougars,BYU,254,Utah Utes,Utah,24,21,3,FBS,FBS,Big 12 Conference,Big 12 Conference,False,False,LaVell Edwards Stadium,Provo,UT,REGULAR_SEASON,True,False,ESPN_PUBLIC_SCOREBOARD_API,TIER_2_MEDIA_AGGREGATOR,https://site.web.api.espn.com/apis/site/v2/sports/football/college-football/scoreboard?dates=20251018&groups=80&limit=400,5b6f59c90cdb6e4fc2d7cf281da311a3db0a590fb072ffec2711326c56008af5,TIER_1_SOURCE_STALE_FOR_SEASON
ESPN-2025-401756926,2025,REGULAR_SEASON,8,2025-10-19T00:00:00Z,1760832000,197,Oklahoma State Cowboys,Oklahoma State,2132,Cincinnati Bearcats,Cincinnati,17,49,-32,FBS,FBS,Big 12 Conference,Big 12 Conference,False,False,Boone Pickens Stadium,Stillwater,OK,REGULAR_SEASON,True,False,ESPN_PUBLIC_SCOREBOARD_API,TIER_2_MEDIA_AGGREGATOR,https://site.web.api.espn.com/apis/site/v2/sports/football/college-football/scoreboard?dates=20251018&groups=80&limit=400,5b6f59c90cdb6e4fc2d7cf281da311a3db0a590fb072ffec2711326c56008af5,TIER_1_SOURCE_STALE_FOR_SEASON
ESPN-2025-401760395,2025,REGULAR_SEASON,8,2025-10-19T01:45:00Z,1760838300,167,New Mexico Lobos,New Mexico,2440,Nevada Wolf Pack,Nevada,24,22,2,FBS,FBS,Mountain West Conference,Mountain West Conference,False,False,University Stadium (NM),Albuquerque,NM,REGULAR_SEASON,True,False,ESPN_PUBLIC_SCOREBOARD_API,TIER_2_MEDIA_AGGREGATOR,https://site.web.api.espn.com/apis/site/v2/sports/football/college-football/scoreboard?dates=20251018&groups=80&limit=400,5b6f59c90cdb6e4fc2d7cf281da311a3db0a590fb072ffec2711326c56008af5,TIER_1_SOURCE_STALE_FOR_SEASON
ESPN-2025-401752941,2025,REGULAR_SEASON,8,2025-10-19T02:00:00Z,1760839200,204,Oregon State Beavers,Oregon State,322,Lafayette Leopards,Lafayette,45,13,32,FBS,FCS,Pac-12 Conference,Patriot League,True,False,Reser Stadium,Corvallis,OR,REGULAR_SEASON,False,False,ESPN_PUBLIC_SCOREBOARD_API,TIER_2_MEDIA_AGGREGATOR,https://site.web.api.espn.com/apis/site/v2/sports/football/college-football/scoreboard?dates=20251018&groups=80&limit=400,5b6f59c90cdb6e4fc2d7cf281da311a3db0a590fb072ffec2711326c56008af5,TIER_1_SOURCE_STALE_FOR_SEASON
ESPN-2025-401754567,2025,REGULAR_SEASON,8,2025-10-19T02:30:00Z,1760841000,24,Stanford Cardinal,Stanford,52,Florida State Seminoles,Florida State,20,13,7,FBS,FBS,Atlantic Coast Conference,Atlantic Coast Conference,False,False,Stanford Stadium,Stanford,CA,REGULAR_SEASON,True,False,ESPN_PUBLIC_SCOREBOARD_API,TIER_2_MEDIA_AGGREGATOR,https://site.web.api.espn.com/apis/site/v2/sports/football/college-football/scoreboard?dates=20251018&groups=80&limit=400,5b6f59c90cdb6e4fc2d7cf281da311a3db0a590fb072ffec2711326c56008af5,TIER_1_SOURCE_STALE_FOR_SEASON
ESPN-2025-401757285,2025,REGULAR_SEASON,9,2025-10-21T23:00:00Z,1761087600,2229,Florida International Panthers,Florida International,338,Kennesaw State Owls,Kennesaw State,26,45,-19,FBS,FBS,Conference USA,Conference USA,False,False,Pitbull Stadium,Miami,FL,REGULAR_SEASON,True,False,ESPN_PUBLIC_SCOREBOARD_API,TIER_2_MEDIA_AGGREGATOR,https://site.web.api.espn.com/apis/site/v2/sports/football/college-football/scoreboard?dates=20251021&groups=80&limit=400,cb854f7bec072eb90f73c829a987b0052400b49365a7deb498d78eec27ce7dc5,TIER_1_SOURCE_STALE_FOR_SEASON
ESPN-2025-401757286,2025,REGULAR_SEASON,9,2025-10-21T23:30:00Z,1761089400,2348,Louisiana Tech Bulldogs,Louisiana Tech,98,Western Kentucky Hilltoppers,Western Kentucky,27,28,-1,FBS,FBS,Conference USA,Conference USA,False,False,Joe Aillet Stadium,Ruston,LA,REGULAR_SEASON,True,True,ESPN_PUBLIC_SCOREBOARD_API,TIER_2_MEDIA_AGGREGATOR,https://site.web.api.espn.com/apis/site/v2/sports/football/college-football/scoreboard?dates=20251021&groups=80&limit=400,cb854f7bec072eb90f73c829a987b0052400b49365a7deb498d78eec27ce7dc5,TIER_1_SOURCE_STALE_FOR_SEASON
ESPN-2025-401757287,2025,REGULAR_SEASON,9,2025-10-22T23:30:00Z,1761175800,48,Delaware Blue Hens,Delaware,2393,Middle Tennessee Blue Raiders,Middle Tennessee,31,28,3,FBS,FBS,Conference USA,Conference USA,False,False,Delaware Stadium,Newark,DE,REGULAR_SEASON,True,False,ESPN_PUBLIC_SCOREBOARD_API,TIER_2_MEDIA_AGGREGATOR,https://site.web.api.espn.com/apis/site/v2/sports/football/college-football/scoreboard?dates=20251022&groups=80&limit=400,4ac8677a4657d0405cf40a661c8604750bca5b7858422b1f11a1e207cbd81e07,TIER_1_SOURCE_STALE_FOR_SEASON
ESPN-2025-401757288,2025,REGULAR_SEASON,9,2025-10-23T01:00:00Z,1761181200,166,New Mexico State Aggies,New Mexico State,2623,Missouri State Bears,Missouri State,17,24,-7,FBS,FBS,Conference USA,Conference USA,False,False,Aggie Memorial Stadium,Las Cruces,NM,REGULAR_SEASON,True,True,ESPN_PUBLIC_SCOREBOARD_API,TIER_2_MEDIA_AGGREGATOR,https://site.web.api.espn.com/apis/site/v2/sports/football/college-football/scoreboard?dates=20251022&groups=80&limit=400,4ac8677a4657d0405cf40a661c8604750bca5b7858422b1f11a1e207cbd81e07,TIER_1_SOURCE_STALE_FOR_SEASON
ESPN-2025-401761634,2025,REGULAR_SEASON,9,2025-10-23T23:30:00Z,1761262200,2247,Georgia State Panthers,Georgia State,6,South Alabama Jaguars,South Alabama,31,38,-7,FBS,FBS,Sun Belt Conference,Sun Belt Conference,False,False,Center Parc Stadium,Atlanta,GA,REGULAR_SEASON,True,False,ESPN_PUBLIC_SCOREBOARD_API,TIER_2_MEDIA_AGGREGATOR,https://site.web.api.espn.com/apis/site/v2/sports/football/college-football/scoreboard?dates=20251023&groups=80&limit=400,53058fe7f14b2d02cbd4669071c80d46d5def37185cc8ce2cb9853f428abdcb2,TIER_1_SOURCE_STALE_FOR_SEASON
ESPN-2025-401762492,2025,REGULAR_SEASON,9,2025-10-24T23:00:00Z,1761346800,2429,Charlotte 49ers,Charlotte,249,North Texas Mean Green,North Texas,20,54,-34,FBS,FBS,American Conference,American Conference,False,False,Jerry Richardson Stadium,Charlotte,NC,REGULAR_SEASON,True,False,ESPN_PUBLIC_SCOREBOARD_API,TIER_2_MEDIA_AGGREGATOR,https://site.web.api.espn.com/apis/site/v2/sports/football/college-football/scoreboard?dates=20251024&groups=80&limit=400,cdb652d4245c9fade723ba9282be40d3e873fb09b16837dcbed84d3cb907525b,TIER_1_SOURCE_STALE_FOR_SEASON
ESPN-2025-401754372,2025,REGULAR_SEASON,9,2025-10-24T23:30:00Z,1761348600,259,Virginia Tech Hokies,Virginia Tech,25,California Golden Bears,California,42,34,8,FBS,FBS,Atlantic Coast Conference,Atlantic Coast Conference,False,False,Lane Stadium,Blacksburg,VA,REGULAR_SEASON,True,True,ESPN_PUBLIC_SCOREBOARD_API,TIER_2_MEDIA_AGGREGATOR,https://site.web.api.espn.com/apis/site/v2/sports/football/college-football/scoreboard?dates=20251024&groups=80&limit=400,cdb652d4245c9fade723ba9282be40d3e873fb09b16837dcbed84d3cb907525b,TIER_1_SOURCE_STALE_FOR_SEASON
ESPN-2025-401760397,2025,REGULAR_SEASON,9,2025-10-25T02:00:00Z,1761357600,2440,Nevada Wolf Pack,Nevada,68,Boise State Broncos,Boise State,3,24,-21,FBS,FBS,Mountain West Conference,Mountain West Conference,False,False,Mackay Stadium,Reno,NV,REGULAR_SEASON,True,False,ESPN_PUBLIC_SCOREBOARD_API,TIER_2_MEDIA_AGGREGATOR,https://site.web.api.espn.com/apis/site/v2/sports/football/college-football/scoreboard?dates=20251024&groups=80&limit=400,cdb652d4245c9fade723ba9282be40d3e873fb09b16837dcbed84d3cb907525b,TIER_1_SOURCE_STALE_FOR_SEASON
ESPN-2025-401752750,2025,REGULAR_SEASON,9,2025-10-25T16:00:00Z,1761408000,201,Oklahoma Sooners,Oklahoma,145,Ole Miss Rebels,Ole Miss,26,34,-8,FBS,FBS,Southeastern Conference,Southeastern Conference,False,False,"Memorial Stadium (Norman, OK)",Norman,OK,REGULAR_SEASON,True,False,ESPN_PUBLIC_SCOREBOARD_API,TIER_2_MEDIA_AGGREGATOR,https://site.web.api.espn.com/apis/site/v2/sports/football/college-football/scoreboard?dates=20251025&groups=80&limit=400,b9ff976d49996c7c03b72f28e74b87ab719f01a833d423818261ee6b47943889,TIER_1_SOURCE_STALE_FOR_SEASON
ESPN-2025-401752883,2025,REGULAR_SEASON,9,2025-10-25T16:00:00Z,1761408000,158,Nebraska Cornhuskers,Nebraska,77,Northwestern Wildcats,Northwestern,28,21,7,FBS,FBS,Big Ten Conference,Big Ten Conference,False,False,"Memorial Stadium (Lincoln, NE)",Lincoln,NE,REGULAR_SEASON,True,False,ESPN_PUBLIC_SCOREBOARD_API,TIER_2_MEDIA_AGGREGATOR,https://site.web.api.espn.com/apis/site/v2/sports/football/college-football/scoreboard?dates=20251025&groups=80&limit=400,b9ff976d49996c7c03b72f28e74b87ab719f01a833d423818261ee6b47943889,TIER_1_SOURCE_STALE_FOR_SEASON
ESPN-2025-401752884,2025,REGULAR_SEASON,9,2025-10-25T16:00:00Z,1761408000,2509,Purdue Boilermakers,Purdue,164,Rutgers Scarlet Knights,Rutgers,24,27,-3,FBS,FBS,Big Ten Conference,Big Ten Conference,False,False,Ross-Ade Stadium,West Lafayette,IN,REGULAR_SEASON,True,False,ESPN_PUBLIC_SCOREBOARD_API,TIER_2_MEDIA_AGGREGATOR,https://site.web.api.espn.com/apis/site/v2/sports/football/college-football/scoreboard?dates=20251025&groups=80&limit=400,b9ff976d49996c7c03b72f28e74b87ab719f01a833d423818261ee6b47943889,TIER_1_SOURCE_STALE_FOR_SEASON
ESPN-2025-401752885,2025,REGULAR_SEASON,9,2025-10-25T16:00:00Z,1761408000,84,Indiana Hoosiers,Indiana,26,UCLA Bruins,UCLA,56,6,50,FBS,FBS,Big Ten Conference,Big Ten Conference,False,False,"Memorial Stadium (Bloomington, IN)",Bloomington,IN,REGULAR_SEASON,True,False,ESPN_PUBLIC_SCOREBOARD_API,TIER_2_MEDIA_AGGREGATOR,https://site.web.api.espn.com/apis/site/v2/sports/football/college-football/scoreboard?dates=20251025&groups=80&limit=400,b9ff976d49996c7c03b72f28e74b87ab719f01a833d423818261ee6b47943889,TIER_1_SOURCE_STALE_FOR_SEASON
ESPN-2025-401752942,2025,REGULAR_SEASON,9,2025-10-25T16:00:00Z,1761408000,154,Wake Forest Demon Deacons,Wake Forest,2567,SMU Mustangs,SMU,13,12,1,FBS,FBS,Atlantic Coast Conference,Atlantic Coast Conference,False,False,Allegacy Federal Credit Union Stadium,Winston-Salem,NC,REGULAR_SEASON,True,False,ESPN_PUBLIC_SCOREBOARD_API,TIER_2_MEDIA_AGGREGATOR,https://site.web.api.espn.com/apis/site/v2/sports/football/college-football/scoreboard?dates=20251025&groups=80&limit=400,b9ff976d49996c7c03b72f28e74b87ab719f01a833d423818261ee6b47943889,TIER_1_SOURCE_STALE_FOR_SEASON
ESPN-2025-401754571,2025,REGULAR_SEASON,9,2025-10-25T16:00:00Z,1761408000,59,Georgia Tech Yellow Jackets,Georgia Tech,183,Syracuse Orange,Syracuse,41,16,25,FBS,FBS,Atlantic Coast Conference,Atlantic Coast Conference,False,False,Bobby Dodd Stadium,Atlanta,GA,REGULAR_SEASON,True,False,ESPN_PUBLIC_SCOREBOARD_API,TIER_2_MEDIA_AGGREGATOR,https://site.web.api.espn.com/apis/site/v2/sports/football/college-football/scoreboard?dates=20251025&groups=80&limit=400,b9ff976d49996c7c03b72f28e74b87ab719f01a833d423818261ee6b47943889,TIER_1_SOURCE_STALE_FOR_SEASON
ESPN-2025-401754573,2025,REGULAR_SEASON,9,2025-10-25T16:00:00Z,1761408000,153,North Carolina Tar Heels,North Carolina,258,Virginia Cavaliers,Virginia,16,17,-1,FBS,FBS,Atlantic Coast Conference,Atlantic Coast Conference,False,False,Kenan Stadium,Chapel Hill,NC,REGULAR_SEASON,True,True,ESPN_PUBLIC_SCOREBOARD_API,TIER_2_MEDIA_AGGREGATOR,https://site.web.api.espn.com/apis/site/v2/sports/football/college-football/scoreboard?dates=20251025&groups=80&limit=400,b9ff976d49996c7c03b72f28e74b87ab719f01a833d423818261ee6b47943889,TIER_1_SOURCE_STALE_FOR_SEASON
ESPN-2025-401756932,2025,REGULAR_SEASON,9,2025-10-25T16:00:00Z,1761408000,2305,Kansas Jayhawks,Kansas,2306,Kansas State Wildcats,Kansas State,17,42,-25,FBS,FBS,Big 12 Conference,Big 12 Conference,False,False,David Booth Kansas Memorial Stadium,Lawrence,KS,REGULAR_SEASON,True,False,ESPN_PUBLIC_SCOREBOARD_API,TIER_2_MEDIA_AGGREGATOR,https://site.web.api.espn.com/apis/site/v2/sports/football/college-football/scoreboard?dates=20251025&groups=80&limit=400,b9ff976d49996c7c03b72f28e74b87ab719f01a833d423818261ee6b47943889,TIER_1_SOURCE_STALE_FOR_SEASON
ESPN-2025-401761635,2025,REGULAR_SEASON,9,2025-10-25T16:00:00Z,1761408000,295,Old Dominion Monarchs,Old Dominion,2026,App State Mountaineers,App State,24,21,3,FBS,FBS,Sun Belt Conference,Sun Belt Conference,False,False,S.B. Ballard Stadium,Norfolk,VA,REGULAR_SEASON,True,False,ESPN_PUBLIC_SCOREBOARD_API,TIER_2_MEDIA_AGGREGATOR,https://site.web.api.espn.com/apis/site/v2/sports/football/college-football/scoreboard?dates=20251025&groups=80&limit=400,b9ff976d49996c7c03b72f28e74b87ab719f01a833d423818261ee6b47943889,TIER_1_SOURCE_STALE_FOR_SEASON
ESPN-2025-401762494,2025,REGULAR_SEASON,9,2025-10-25T16:00:00Z,1761408000,235,Memphis Tigers,Memphis,58,South Florida Bulls,South Florida,34,31,3,FBS,FBS,American Conference,American Conference,False,False,Simmons Bank Liberty Stadium,Memphis,TN,REGULAR_SEASON,True,False,ESPN_PUBLIC_SCOREBOARD_API,TIER_2_MEDIA_AGGREGATOR,https://site.web.api.espn.com/apis/site/v2/sports/football/college-football/scoreboard?dates=20251025&groups=80&limit=400,b9ff976d49996c7c03b72f28e74b87ab719f01a833d423818261ee6b47943889,TIER_1_SOURCE_STALE_FOR_SEASON
ESPN-2025-401762846,2025,REGULAR_SEASON,9,2025-10-25T16:00:00Z,1761408000,2309,Kent State Golden Flashes,Kent State,189,Bowling Green Falcons,Bowling Green,24,21,3,FBS,FBS,Mid-American Conference,Mid-American Conference,False,False,Zoeller Field at Dix Stadium,Kent,OH,REGULAR_SEASON,True,False,ESPN_PUBLIC_SCOREBOARD_API,TIER_2_MEDIA_AGGREGATOR,https://site.web.api.espn.com/apis/site/v2/sports/football/college-football/scoreboard?dates=20251025&groups=80&limit=400,b9ff976d49996c7c03b72f28e74b87ab719f01a833d423818261ee6b47943889,TIER_1_SOURCE_STALE_FOR_SEASON
ESPN-2025-401762848,2025,REGULAR_SEASON,9,2025-10-25T16:00:00Z,1761408000,2199,Eastern Michigan Eagles,Eastern Michigan,195,Ohio Bobcats,Ohio,21,28,-7,FBS,FBS,Mid-American Conference,Mid-American Conference,False,False,Rynearson Stadium,Ypsilanti,MI,REGULAR_SEASON,True,False,ESPN_PUBLIC_SCOREBOARD_API,TIER_2_MEDIA_AGGREGATOR,https://site.web.api.espn.com/apis/site/v2/sports/football/college-football/scoreboard?dates=20251025&groups=80&limit=400,b9ff976d49996c7c03b72f28e74b87ab719f01a833d423818261ee6b47943889,TIER_1_SOURCE_STALE_FOR_SEASON
ESPN-2025-401752746,2025,REGULAR_SEASON,9,2025-10-25T16:45:00Z,1761410700,8,Arkansas Razorbacks,Arkansas,2,Auburn Tigers,Auburn,24,33,-9,FBS,FBS,Southeastern Conference,Southeastern Conference,False,False,Donald W. Reynolds Razorback Stadium,Fayetteville,AR,REGULAR_SEASON,True,False,ESPN_PUBLIC_SCOREBOARD_API,TIER_2_MEDIA_AGGREGATOR,https://site.web.api.espn.com/apis/site/v2/sports/football/college-football/scoreboard?dates=20251025&groups=80&limit=400,b9ff976d49996c7c03b72f28e74b87ab719f01a833d423818261ee6b47943889,TIER_1_SOURCE_STALE_FOR_SEASON
ESPN-2025-401762844,2025,REGULAR_SEASON,9,2025-10-25T17:00:00Z,1761411600,2084,Buffalo Bulls,Buffalo,2006,Akron Zips,Akron,16,24,-8,FBS,FBS,Mid-American Conference,Mid-American Conference,False,False,Broadview Stadium,Buffalo,NY,REGULAR_SEASON,True,False,ESPN_PUBLIC_SCOREBOARD_API,TIER_2_MEDIA_AGGREGATOR,https://site.web.api.espn.com/apis/site/v2/sports/football/college-football/scoreboard?dates=20251025&groups=80&limit=400,b9ff976d49996c7c03b72f28e74b87ab719f01a833d423818261ee6b47943889,TIER_1_SOURCE_STALE_FOR_SEASON
ESPN-2025-401757172,2025,REGULAR_SEASON,9,2025-10-25T19:00:00Z,1761418800,242,Rice Owls,Rice,41,UConn Huskies,UConn,37,34,3,FBS,FBS,American Conference,FBS Independents,False,False,Rice Stadium,Houston,TX,REGULAR_SEASON,False,True,ESPN_PUBLIC_SCOREBOARD_API,TIER_2_MEDIA_AGGREGATOR,https://site.web.api.espn.com/apis/site/v2/sports/football/college-football/scoreboard?dates=20251025&groups=80&limit=400,b9ff976d49996c7c03b72f28e74b87ab719f01a833d423818261ee6b47943889,TIER_1_SOURCE_STALE_FOR_SEASON
ESPN-2025-401760400,2025,REGULAR_SEASON,9,2025-10-25T19:00:00Z,1761418800,167,New Mexico Lobos,New Mexico,328,Utah State Aggies,Utah State,33,14,19,FBS,FBS,Mountain West Conference,Mountain West Conference,False,False,University Stadium (NM),Albuquerque,NM,REGULAR_SEASON,True,False,ESPN_PUBLIC_SCOREBOARD_API,TIER_2_MEDIA_AGGREGATOR,https://site.web.api.espn.com/apis/site/v2/sports/football/college-football/scoreboard?dates=20251025&groups=80&limit=400,b9ff976d49996c7c03b72f28e74b87ab719f01a833d423818261ee6b47943889,TIER_1_SOURCE_STALE_FOR_SEASON
ESPN-2025-401752751,2025,REGULAR_SEASON,9,2025-10-25T19:30:00Z,1761420600,2579,South Carolina Gamecocks,South Carolina,333,Alabama Crimson Tide,Alabama,22,29,-7,FBS,FBS,Southeastern Conference,Southeastern Conference,False,False,Williams-Brice Stadium,Columbia,SC,REGULAR_SEASON,True,False,ESPN_PUBLIC_SCOREBOARD_API,TIER_2_MEDIA_AGGREGATOR,https://site.web.api.espn.com/apis/site/v2/sports/football/college-football/scoreboard?dates=20251025&groups=80&limit=400,b9ff976d49996c7c03b72f28e74b87ab719f01a833d423818261ee6b47943889,TIER_1_SOURCE_STALE_FOR_SEASON
ESPN-2025-401752752,2025,REGULAR_SEASON,9,2025-10-25T19:30:00Z,1761420600,238,Vanderbilt Commodores,Vanderbilt,142,Missouri Tigers,Missouri,17,10,7,FBS,FBS,Southeastern Conference,Southeastern Conference,False,False,FirstBank Stadium,Nashville,TN,REGULAR_SEASON,True,False,ESPN_PUBLIC_SCOREBOARD_API,TIER_2_MEDIA_AGGREGATOR,https://site.web.api.espn.com/apis/site/v2/sports/football/college-football/scoreboard?dates=20251025&groups=80&limit=400,b9ff976d49996c7c03b72f28e74b87ab719f01a833d423818261ee6b47943889,TIER_1_SOURCE_STALE_FOR_SEASON
ESPN-2025-401752880,2025,REGULAR_SEASON,9,2025-10-25T19:30:00Z,1761420600,264,Washington Huskies,Washington,356,Illinois Fighting Illini,Illinois,42,25,17,FBS,FBS,Big Ten Conference,Big Ten Conference,False,False,Husky Stadium,Seattle,WA,REGULAR_SEASON,True,False,ESPN_PUBLIC_SCOREBOARD_API,TIER_2_MEDIA_AGGREGATOR,https://site.web.api.espn.com/apis/site/v2/sports/football/college-football/scoreboard?dates=20251025&groups=80&limit=400,b9ff976d49996c7c03b72f28e74b87ab719f01a833d423818261ee6b47943889,TIER_1_SOURCE_STALE_FOR_SEASON
ESPN-2025-401752882,2025,REGULAR_SEASON,9,2025-10-25T19:30:00Z,1761420600,2294,Iowa Hawkeyes,Iowa,135,Minnesota Golden Gophers,Minnesota,41,3,38,FBS,FBS,Big Ten Conference,Big Ten Conference,False,False,Kinnick Stadium,Iowa City,IA,REGULAR_SEASON,True,False,ESPN_PUBLIC_SCOREBOARD_API,TIER_2_MEDIA_AGGREGATOR,https://site.web.api.espn.com/apis/site/v2/sports/football/college-football/scoreboard?dates=20251025&groups=80&limit=400,b9ff976d49996c7c03b72f28e74b87ab719f01a833d423818261ee6b47943889,TIER_1_SOURCE_STALE_FOR_SEASON
ESPN-2025-401752952,2025,REGULAR_SEASON,9,2025-10-25T19:30:00Z,1761420600,265,Washington State Cougars,Washington State,2649,Toledo Rockets,Toledo,28,7,21,FBS,FBS,Pac-12 Conference,Mid-American Conference,False,False,Martin Stadium,Pullman,WA,REGULAR_SEASON,False,False,ESPN_PUBLIC_SCOREBOARD_API,TIER_2_MEDIA_AGGREGATOR,https://site.web.api.espn.com/apis/site/v2/sports/football/college-football/scoreboard?dates=20251025&groups=80&limit=400,b9ff976d49996c7c03b72f28e74b87ab719f01a833d423818261ee6b47943889,TIER_1_SOURCE_STALE_FOR_SEASON
ESPN-2025-401754574,2025,REGULAR_SEASON,9,2025-10-25T19:30:00Z,1761420600,221,Pittsburgh Panthers,Pittsburgh,152,NC State Wolfpack,NC State,53,34,19,FBS,FBS,Atlantic Coast Conference,Atlantic Coast Conference,False,False,Acrisure Stadium,Pittsburgh,PA,REGULAR_SEASON,True,False,ESPN_PUBLIC_SCOREBOARD_API,TIER_2_MEDIA_AGGREGATOR,https://site.web.api.espn.com/apis/site/v2/sports/football/college-football/scoreboard?dates=20251025&groups=80&limit=400,b9ff976d49996c7c03b72f28e74b87ab719f01a833d423818261ee6b47943889,TIER_1_SOURCE_STALE_FOR_SEASON
ESPN-2025-401756931,2025,REGULAR_SEASON,9,2025-10-25T19:30:00Z,1761420600,66,Iowa State Cyclones,Iowa State,252,BYU Cougars,BYU,27,41,-14,FBS,FBS,Big 12 Conference,Big 12 Conference,False,False,Jack Trice Stadium,Ames,IA,REGULAR_SEASON,True,False,ESPN_PUBLIC_SCOREBOARD_API,TIER_2_MEDIA_AGGREGATOR,https://site.web.api.espn.com/apis/site/v2/sports/football/college-football/scoreboard?dates=20251025&groups=80&limit=400,b9ff976d49996c7c03b72f28e74b87ab719f01a833d423818261ee6b47943889,TIER_1_SOURCE_STALE_FOR_SEASON
ESPN-2025-401760399,2025,REGULAR_SEASON,9,2025-10-25T19:30:00Z,1761420600,278,Fresno State Bulldogs,Fresno State,21,San Diego State Aztecs,San Diego State,0,23,-23,FBS,FBS,Mountain West Conference,Mountain West Conference,False,False,Valley Children's Stadium,Fresno,CA,REGULAR_SEASON,True,False,ESPN_PUBLIC_SCOREBOARD_API,TIER_2_MEDIA_AGGREGATOR,https://site.web.api.espn.com/apis/site/v2/sports/football/college-football/scoreboard?dates=20251025&groups=80&limit=400,b9ff976d49996c7c03b72f28e74b87ab719f01a833d423818261ee6b47943889,TIER_1_SOURCE_STALE_FOR_SEASON
ESPN-2025-401761637,2025,REGULAR_SEASON,9,2025-10-25T19:30:00Z,1761420600,2572,Southern Miss Golden Eagles,Southern Miss,2433,UL Monroe Warhawks,UL Monroe,49,21,28,FBS,FBS,Sun Belt Conference,Sun Belt Conference,False,False,M. M. Roberts Stadium,Hattiesburg,MS,REGULAR_SEASON,True,False,ESPN_PUBLIC_SCOREBOARD_API,TIER_2_MEDIA_AGGREGATOR,https://site.web.api.espn.com/apis/site/v2/sports/football/college-football/scoreboard?dates=20251025&groups=80&limit=400,b9ff976d49996c7c03b72f28e74b87ab719f01a833d423818261ee6b47943889,TIER_1_SOURCE_STALE_FOR_SEASON
ESPN-2025-401762493,2025,REGULAR_SEASON,9,2025-10-25T19:30:00Z,1761420600,2426,Navy Midshipmen,Navy,2226,Florida Atlantic Owls,Florida Atlantic,42,32,10,FBS,FBS,American Conference,American Conference,False,False,Navy-Marine Corps Memorial Stadium,Annapolis,MD,REGULAR_SEASON,True,False,ESPN_PUBLIC_SCOREBOARD_API,TIER_2_MEDIA_AGGREGATOR,https://site.web.api.espn.com/apis/site/v2/sports/football/college-football/scoreboard?dates=20251025&groups=80&limit=400,b9ff976d49996c7c03b72f28e74b87ab719f01a833d423818261ee6b47943889,TIER_1_SOURCE_STALE_FOR_SEASON
ESPN-2025-401762495,2025,REGULAR_SEASON,9,2025-10-25T19:30:00Z,1761420600,202,Tulsa Golden Hurricane,Tulsa,218,Temple Owls,Temple,37,38,-1,FBS,FBS,American Conference,American Conference,False,False,H. A. Chapman Stadium,Tulsa,OK,REGULAR_SEASON,True,True,ESPN_PUBLIC_SCOREBOARD_API,TIER_2_MEDIA_AGGREGATOR,https://site.web.api.espn.com/apis/site/v2/sports/football/college-football/scoreboard?dates=20251025&groups=80&limit=400,b9ff976d49996c7c03b72f28e74b87ab719f01a833d423818261ee6b47943889,TIER_1_SOURCE_STALE_FOR_SEASON
ESPN-2025-401762845,2025,REGULAR_SEASON,9,2025-10-25T19:30:00Z,1761420600,2459,Northern Illinois Huskies,Northern Illinois,2050,Ball State Cardinals,Ball State,21,7,14,FBS,FBS,Mid-American Conference,Mid-American Conference,False,False,Huskie Stadium,Dekalb,IL,REGULAR_SEASON,True,False,ESPN_PUBLIC_SCOREBOARD_API,TIER_2_MEDIA_AGGREGATOR,https://site.web.api.espn.com/apis/site/v2/sports/football/college-football/scoreboard?dates=20251025&groups=80&limit=400,b9ff976d49996c7c03b72f28e74b87ab719f01a833d423818261ee6b47943889,TIER_1_SOURCE_STALE_FOR_SEASON
ESPN-2025-401762847,2025,REGULAR_SEASON,9,2025-10-25T19:30:00Z,1761420600,2117,Central Michigan Chippewas,Central Michigan,113,Massachusetts Minutemen,Massachusetts,38,13,25,FBS,FBS,Mid-American Conference,Mid-American Conference,False,False,Kelly/Shorts Stadium,Mount Pleasant,MI,REGULAR_SEASON,True,False,ESPN_PUBLIC_SCOREBOARD_API,TIER_2_MEDIA_AGGREGATOR,https://site.web.api.espn.com/apis/site/v2/sports/football/college-football/scoreboard?dates=20251025&groups=80&limit=400,b9ff976d49996c7c03b72f28e74b87ab719f01a833d423818261ee6b47943889,TIER_1_SOURCE_STALE_FOR_SEASON
ESPN-2025-401762874,2025,REGULAR_SEASON,9,2025-10-25T19:30:00Z,1761420600,193,Miami (OH) RedHawks,Miami (OH),2711,Western Michigan Broncos,Western Michigan,26,17,9,FBS,FBS,Mid-American Conference,Mid-American Conference,False,False,Yager Stadium,Oxford,OH,REGULAR_SEASON,True,False,ESPN_PUBLIC_SCOREBOARD_API,TIER_2_MEDIA_AGGREGATOR,https://site.web.api.espn.com/apis/site/v2/sports/football/college-football/scoreboard?dates=20251025&groups=80&limit=400,b9ff976d49996c7c03b72f28e74b87ab719f01a833d423818261ee6b47943889,TIER_1_SOURCE_STALE_FOR_SEASON
ESPN-2025-401756930,2025,REGULAR_SEASON,9,2025-10-25T20:00:00Z,1761422400,2132,Cincinnati Bearcats,Cincinnati,239,Baylor Bears,Baylor,41,20,21,FBS,FBS,Big 12 Conference,Big 12 Conference,False,False,Nippert Stadium,Cincinnati,OH,REGULAR_SEASON,True,False,ESPN_PUBLIC_SCOREBOARD_API,TIER_2_MEDIA_AGGREGATOR,https://site.web.api.espn.com/apis/site/v2/sports/football/college-football/scoreboard?dates=20251025&groups=80&limit=400,b9ff976d49996c7c03b72f28e74b87ab719f01a833d423818261ee6b47943889,TIER_1_SOURCE_STALE_FOR_SEASON
ESPN-2025-401756933,2025,REGULAR_SEASON,9,2025-10-25T20:00:00Z,1761422400,2641,Texas Tech Red Raiders,Texas Tech,197,Oklahoma State Cowboys,Oklahoma State,42,0,42,FBS,FBS,Big 12 Conference,Big 12 Conference,False,False,Galaxy Stadium,Lubbock,TX,REGULAR_SEASON,True,False,ESPN_PUBLIC_SCOREBOARD_API,TIER_2_MEDIA_AGGREGATOR,https://site.web.api.espn.com/apis/site/v2/sports/football/college-football/scoreboard?dates=20251025&groups=80&limit=400,b9ff976d49996c7c03b72f28e74b87ab719f01a833d423818261ee6b47943889,TIER_1_SOURCE_STALE_FOR_SEASON
ESPN-2025-401752749,2025,REGULAR_SEASON,9,2025-10-25T20:15:00Z,1761423300,344,Mississippi State Bulldogs,Mississippi State,251,Texas Longhorns,Texas,38,45,-7,FBS,FBS,Southeastern Conference,Southeastern Conference,False,False,Davis Wade Stadium,Starkville,MS,REGULAR_SEASON,True,True,ESPN_PUBLIC_SCOREBOARD_API,TIER_2_MEDIA_AGGREGATOR,https://site.web.api.espn.com/apis/site/v2/sports/football/college-football/scoreboard?dates=20251025&groups=80&limit=400,b9ff976d49996c7c03b72f28e74b87ab719f01a833d423818261ee6b47943889,TIER_1_SOURCE_STALE_FOR_SEASON
ESPN-2025-401756935,2025,REGULAR_SEASON,9,2025-10-25T22:00:00Z,1761429600,277,West Virginia Mountaineers,West Virginia,2628,TCU Horned Frogs,TCU,17,23,-6,FBS,FBS,Big 12 Conference,Big 12 Conference,False,False,Milan Puskar Stadium,Morgantown,WV,REGULAR_SEASON,True,False,ESPN_PUBLIC_SCOREBOARD_API,TIER_2_MEDIA_AGGREGATOR,https://site.web.api.espn.com/apis/site/v2/sports/football/college-football/scoreboard?dates=20251025&groups=80&limit=400,b9ff976d49996c7c03b72f28e74b87ab719f01a833d423818261ee6b47943889,TIER_1_SOURCE_STALE_FOR_SEASON
ESPN-2025-401752886,2025,REGULAR_SEASON,9,2025-10-25T23:00:00Z,1761433200,2483,Oregon Ducks,Oregon,275,Wisconsin Badgers,Wisconsin,21,7,14,FBS,FBS,Big Ten Conference,Big Ten Conference,False,False,Autzen Stadium,Eugene,OR,REGULAR_SEASON,True,False,ESPN_PUBLIC_SCOREBOARD_API,TIER_2_MEDIA_AGGREGATOR,https://site.web.api.espn.com/apis/site/v2/sports/football/college-football/scoreboard?dates=20251025&groups=80&limit=400,b9ff976d49996c7c03b72f28e74b87ab719f01a833d423818261ee6b47943889,TIER_1_SOURCE_STALE_FOR_SEASON
ESPN-2025-401754572,2025,REGULAR_SEASON,9,2025-10-25T23:00:00Z,1761433200,2390,Miami Hurricanes,Miami,24,Stanford Cardinal,Stanford,42,7,35,FBS,FBS,Atlantic Coast Conference,Atlantic Coast Conference,False,False,Hard Rock Stadium,Miami Gardens,FL,REGULAR_SEASON,True,False,ESPN_PUBLIC_SCOREBOARD_API,TIER_2_MEDIA_AGGREGATOR,https://site.web.api.espn.com/apis/site/v2/sports/football/college-football/scoreboard?dates=20251025&groups=80&limit=400,b9ff976d49996c7c03b72f28e74b87ab719f01a833d423818261ee6b47943889,TIER_1_SOURCE_STALE_FOR_SEASON
ESPN-2025-401761636,2025,REGULAR_SEASON,9,2025-10-25T23:00:00Z,1761433200,2032,Arkansas State Red Wolves,Arkansas State,290,Georgia Southern Eagles,Georgia Southern,34,24,10,FBS,FBS,Sun Belt Conference,Sun Belt Conference,False,False,Centennial Bank Stadium,Jonesboro,AR,REGULAR_SEASON,True,False,ESPN_PUBLIC_SCOREBOARD_API,TIER_2_MEDIA_AGGREGATOR,https://site.web.api.espn.com/apis/site/v2/sports/football/college-football/scoreboard?dates=20251025&groups=80&limit=400,b9ff976d49996c7c03b72f28e74b87ab719f01a833d423818261ee6b47943889,TIER_1_SOURCE_STALE_FOR_SEASON
ESPN-2025-401761638,2025,REGULAR_SEASON,9,2025-10-25T23:00:00Z,1761433200,2653,Troy Trojans,Troy,309,Louisiana Ragin' Cajuns,Louisiana,35,23,12,FBS,FBS,Sun Belt Conference,Sun Belt Conference,False,False,Veterans Memorial Stadium (AL),Troy,AL,REGULAR_SEASON,True,False,ESPN_PUBLIC_SCOREBOARD_API,TIER_2_MEDIA_AGGREGATOR,https://site.web.api.espn.com/apis/site/v2/sports/football/college-football/scoreboard?dates=20251025&groups=80&limit=400,b9ff976d49996c7c03b72f28e74b87ab719f01a833d423818261ee6b47943889,TIER_1_SOURCE_STALE_FOR_SEASON
ESPN-2025-401752748,2025,REGULAR_SEASON,9,2025-10-25T23:30:00Z,1761435000,99,LSU Tigers,LSU,245,Texas A&M Aggies,Texas A&M,25,49,-24,FBS,FBS,Southeastern Conference,Southeastern Conference,False,False,Tiger Stadium (LA),Baton Rouge,LA,REGULAR_SEASON,True,False,ESPN_PUBLIC_SCOREBOARD_API,TIER_2_MEDIA_AGGREGATOR,https://site.web.api.espn.com/apis/site/v2/sports/football/college-football/scoreboard?dates=20251025&groups=80&limit=400,b9ff976d49996c7c03b72f28e74b87ab719f01a833d423818261ee6b47943889,TIER_1_SOURCE_STALE_FOR_SEASON
ESPN-2025-401752881,2025,REGULAR_SEASON,9,2025-10-25T23:30:00Z,1761435000,127,Michigan State Spartans,Michigan State,130,Michigan Wolverines,Michigan,20,31,-11,FBS,FBS,Big Ten Conference,Big Ten Conference,False,False,Spartan Stadium,East Lansing,MI,REGULAR_SEASON,True,False,ESPN_PUBLIC_SCOREBOARD_API,TIER_2_MEDIA_AGGREGATOR,https://site.web.api.espn.com/apis/site/v2/sports/football/college-football/scoreboard?dates=20251025&groups=80&limit=400,b9ff976d49996c7c03b72f28e74b87ab719f01a833d423818261ee6b47943889,TIER_1_SOURCE_STALE_FOR_SEASON
ESPN-2025-401754570,2025,REGULAR_SEASON,9,2025-10-25T23:30:00Z,1761435000,97,Louisville Cardinals,Louisville,103,Boston College Eagles,Boston College,38,24,14,FBS,FBS,Atlantic Coast Conference,Atlantic Coast Conference,False,False,L&N Federal Credit Union Stadium,Louisville,KY,REGULAR_SEASON,True,False,ESPN_PUBLIC_SCOREBOARD_API,TIER_2_MEDIA_AGGREGATOR,https://site.web.api.espn.com/apis/site/v2/sports/football/college-football/scoreboard?dates=20251025&groups=80&limit=400,b9ff976d49996c7c03b72f28e74b87ab719f01a833d423818261ee6b47943889,TIER_1_SOURCE_STALE_FOR_SEASON
ESPN-2025-401760398,2025,REGULAR_SEASON,9,2025-10-25T23:30:00Z,1761435000,2751,Wyoming Cowboys,Wyoming,36,Colorado State Rams,Colorado State,28,0,28,FBS,FBS,Mountain West Conference,Mountain West Conference,False,False,War Memorial Stadium,Laramie,WY,REGULAR_SEASON,True,False,ESPN_PUBLIC_SCOREBOARD_API,TIER_2_MEDIA_AGGREGATOR,https://site.web.api.espn.com/apis/site/v2/sports/football/college-football/scoreboard?dates=20251025&groups=80&limit=400,b9ff976d49996c7c03b72f28e74b87ab719f01a833d423818261ee6b47943889,TIER_1_SOURCE_STALE_FOR_SEASON
ESPN-2025-401752747,2025,REGULAR_SEASON,9,2025-10-25T23:45:00Z,1761435900,96,Kentucky Wildcats,Kentucky,2633,Tennessee Volunteers,Tennessee,34,56,-22,FBS,FBS,Southeastern Conference,Southeastern Conference,False,False,Kroger Field,Lexington,KY,REGULAR_SEASON,True,False,ESPN_PUBLIC_SCOREBOARD_API,TIER_2_MEDIA_AGGREGATOR,https://site.web.api.espn.com/apis/site/v2/sports/football/college-football/scoreboard?dates=20251025&groups=80&limit=400,b9ff976d49996c7c03b72f28e74b87ab719f01a833d423818261ee6b47943889,TIER_1_SOURCE_STALE_FOR_SEASON
ESPN-2025-401756929,2025,REGULAR_SEASON,9,2025-10-26T00:00:00Z,1761436800,9,Arizona State Sun Devils,Arizona State,248,Houston Cougars,Houston,16,24,-8,FBS,FBS,Big 12 Conference,Big 12 Conference,False,False,Mountain America Stadium,Tempe,AZ,REGULAR_SEASON,True,False,ESPN_PUBLIC_SCOREBOARD_API,TIER_2_MEDIA_AGGREGATOR,https://site.web.api.espn.com/apis/site/v2/sports/football/college-football/scoreboard?dates=20251025&groups=80&limit=400,b9ff976d49996c7c03b72f28e74b87ab719f01a833d423818261ee6b47943889,TIER_1_SOURCE_STALE_FOR_SEASON
ESPN-2025-401756934,2025,REGULAR_SEASON,9,2025-10-26T02:25:00Z,1761445500,254,Utah Utes,Utah,38,Colorado Buffaloes,Colorado,53,7,46,FBS,FBS,Big 12 Conference,Big 12 Conference,False,False,Rice-Eccles Stadium,Salt Lake City,UT,REGULAR_SEASON,True,False,ESPN_PUBLIC_SCOREBOARD_API,TIER_2_MEDIA_AGGREGATOR,https://site.web.api.espn.com/apis/site/v2/sports/football/college-football/scoreboard?dates=20251025&groups=80&limit=400,b9ff976d49996c7c03b72f28e74b87ab719f01a833d423818261ee6b47943889,TIER_1_SOURCE_STALE_FOR_SEASON
ESPN-2025-401757289,2025,REGULAR_SEASON,10,2025-10-29T00:00:00Z,1761696000,338,Kennesaw State Owls,Kennesaw State,2638,UTEP Miners,UTEP,33,20,13,FBS,FBS,Conference USA,Conference USA,False,False,Walens Family Field at Fifth Third Stadium,Kennesaw,GA,REGULAR_SEASON,True,False,ESPN_PUBLIC_SCOREBOARD_API,TIER_2_MEDIA_AGGREGATOR,https://site.web.api.espn.com/apis/site/v2/sports/football/college-football/scoreboard?dates=20251028&groups=80&limit=400,33780f669b2e0cf15ae5db4d5d702e2c013c1d390c2bc6fe1e567d803b4801a7,TIER_1_SOURCE_STALE_FOR_SEASON
ESPN-2025-401761639,2025,REGULAR_SEASON,10,2025-10-29T00:00:00Z,1761696000,326,Texas State Bobcats,Texas State,256,James Madison Dukes,James Madison,20,52,-32,FBS,FBS,Sun Belt Conference,Sun Belt Conference,False,False,UFCU Stadium,San Marcos,TX,REGULAR_SEASON,True,False,ESPN_PUBLIC_SCOREBOARD_API,TIER_2_MEDIA_AGGREGATOR,https://site.web.api.espn.com/apis/site/v2/sports/football/college-football/scoreboard?dates=20251028&groups=80&limit=400,33780f669b2e0cf15ae5db4d5d702e2c013c1d390c2bc6fe1e567d803b4801a7,TIER_1_SOURCE_STALE_FOR_SEASON
ESPN-2025-401757292,2025,REGULAR_SEASON,10,2025-10-29T23:30:00Z,1761780600,2393,Middle Tennessee Blue Raiders,Middle Tennessee,55,Jacksonville State Gamecocks,Jacksonville State,21,24,-3,FBS,FBS,Conference USA,Conference USA,False,False,"Johnny ""Red"" Floyd Stadium",Murfreesboro,TN,REGULAR_SEASON,True,False,ESPN_PUBLIC_SCOREBOARD_API,TIER_2_MEDIA_AGGREGATOR,https://site.web.api.espn.com/apis/site/v2/sports/football/college-football/scoreboard?dates=20251029&groups=80&limit=400,b422038d9b73919fb1c470e68107f9a39f0ece6e61f78af194b079ae0774cf31,TIER_1_SOURCE_STALE_FOR_SEASON
ESPN-2025-401757291,2025,REGULAR_SEASON,10,2025-10-30T00:00:00Z,1761782400,2623,Missouri State Bears,Missouri State,2229,Florida International Panthers,Florida International,28,21,7,FBS,FBS,Conference USA,Conference USA,False,False,Robert W. Plaster Stadium,Springfield,MO,REGULAR_SEASON,True,False,ESPN_PUBLIC_SCOREBOARD_API,TIER_2_MEDIA_AGGREGATOR,https://site.web.api.espn.com/apis/site/v2/sports/football/college-football/scoreboard?dates=20251029&groups=80&limit=400,b422038d9b73919fb1c470e68107f9a39f0ece6e61f78af194b079ae0774cf31,TIER_1_SOURCE_STALE_FOR_SEASON
ESPN-2025-401761640,2025,REGULAR_SEASON,10,2025-10-30T23:30:00Z,1761867000,324,Coastal Carolina Chanticleers,Coastal Carolina,276,Marshall Thundering Herd,Marshall,44,27,17,FBS,FBS,Sun Belt Conference,Sun Belt Conference,False,False,Brooks Stadium (SC),Conway,SC,REGULAR_SEASON,True,False,ESPN_PUBLIC_SCOREBOARD_API,TIER_2_MEDIA_AGGREGATOR,https://site.web.api.espn.com/apis/site/v2/sports/football/college-football/scoreboard?dates=20251030&groups=80&limit=400,74e78850cecebc37f99b863ecb5a298a695d484535cb268d834a4fc8e099bd28,TIER_1_SOURCE_STALE_FOR_SEASON
ESPN-2025-401762443,2025,REGULAR_SEASON,10,2025-10-30T23:30:00Z,1761867000,2636,UTSA Roadrunners,UTSA,2655,Tulane Green Wave,Tulane,48,26,22,FBS,FBS,American Conference,American Conference,False,False,Alamodome,San Antonio,TX,REGULAR_SEASON,True,False,ESPN_PUBLIC_SCOREBOARD_API,TIER_2_MEDIA_AGGREGATOR,https://site.web.api.espn.com/apis/site/v2/sports/football/college-football/scoreboard?dates=20251030&groups=80&limit=400,74e78850cecebc37f99b863ecb5a298a695d484535cb268d834a4fc8e099bd28,TIER_1_SOURCE_STALE_FOR_SEASON
ESPN-2025-401762497,2025,REGULAR_SEASON,10,2025-10-31T23:00:00Z,1761951600,242,Rice Owls,Rice,235,Memphis Tigers,Memphis,14,38,-24,FBS,FBS,American Conference,American Conference,False,False,Rice Stadium,Houston,TX,REGULAR_SEASON,True,False,ESPN_PUBLIC_SCOREBOARD_API,TIER_2_MEDIA_AGGREGATOR,https://site.web.api.espn.com/apis/site/v2/sports/football/college-football/scoreboard?dates=20251031&groups=80&limit=400,858368c54b6d50966bd4b40a856db9b405ace6f06ec636b8fbaafd164478f175,TIER_1_SOURCE_STALE_FOR_SEASON
ESPN-2025-401754575,2025,REGULAR_SEASON,10,2025-10-31T23:30:00Z,1761953400,183,Syracuse Orange,Syracuse,153,North Carolina Tar Heels,North Carolina,10,27,-17,FBS,FBS,Atlantic Coast Conference,Atlantic Coast Conference,False,False,JMA Wireless Dome,Syracuse,NY,REGULAR_SEASON,True,False,ESPN_PUBLIC_SCOREBOARD_API,TIER_2_MEDIA_AGGREGATOR,https://site.web.api.espn.com/apis/site/v2/sports/football/college-football/scoreboard?dates=20251031&groups=80&limit=400,858368c54b6d50966bd4b40a856db9b405ace6f06ec636b8fbaafd164478f175,TIER_1_SOURCE_STALE_FOR_SEASON
ESPN-2025-401757290,2025,REGULAR_SEASON,10,2025-11-01T00:00:00Z,1761955200,2348,Louisiana Tech Bulldogs,Louisiana Tech,2534,Sam Houston Bearkats,Sam Houston,55,14,41,FBS,FBS,Conference USA,Conference USA,False,False,Joe Aillet Stadium,Ruston,LA,REGULAR_SEASON,True,False,ESPN_PUBLIC_SCOREBOARD_API,TIER_2_MEDIA_AGGREGATOR,https://site.web.api.espn.com/apis/site/v2/sports/football/college-football/scoreboard?dates=20251031&groups=80&limit=400,858368c54b6d50966bd4b40a856db9b405ace6f06ec636b8fbaafd164478f175,TIER_1_SOURCE_STALE_FOR_SEASON
ESPN-2025-401752758,2025,REGULAR_SEASON,10,2025-11-01T16:00:00Z,1762012800,251,Texas Longhorns,Texas,238,Vanderbilt Commodores,Vanderbilt,34,31,3,FBS,FBS,Southeastern Conference,Southeastern Conference,False,False,DKR-Texas Memorial Stadium,Austin,TX,REGULAR_SEASON,True,False,ESPN_PUBLIC_SCOREBOARD_API,TIER_2_MEDIA_AGGREGATOR,https://site.web.api.espn.com/apis/site/v2/sports/football/college-football/scoreboard?dates=20251101&groups=80&limit=400,5a43388b4bc26e40189865afc61951a44f154aff79338de804b95d536f09ee38,TIER_1_SOURCE_STALE_FOR_SEASON
ESPN-2025-401752889,2025,REGULAR_SEASON,10,2025-11-01T16:00:00Z,1762012800,194,Ohio State Buckeyes,Ohio State,213,Penn State Nittany Lions,Penn State,38,14,24,FBS,FBS,Big Ten Conference,Big Ten Conference,False,False,Ohio Stadium,Columbus,OH,REGULAR_SEASON,True,False,ESPN_PUBLIC_SCOREBOARD_API,TIER_2_MEDIA_AGGREGATOR,https://site.web.api.espn.com/apis/site/v2/sports/football/college-football/scoreboard?dates=20251101&groups=80&limit=400,5a43388b4bc26e40189865afc61951a44f154aff79338de804b95d536f09ee38,TIER_1_SOURCE_STALE_FOR_SEASON
ESPN-2025-401752891,2025,REGULAR_SEASON,10,2025-11-01T16:00:00Z,1762012800,356,Illinois Fighting Illini,Illinois,164,Rutgers Scarlet Knights,Rutgers,35,13,22,FBS,FBS,Big Ten Conference,Big Ten Conference,False,False,Gies Memorial Stadium,Champaign,IL,REGULAR_SEASON,True,False,ESPN_PUBLIC_SCOREBOARD_API,TIER_2_MEDIA_AGGREGATOR,https://site.web.api.espn.com/apis/site/v2/sports/football/college-football/scoreboard?dates=20251101&groups=80&limit=400,5a43388b4bc26e40189865afc61951a44f154aff79338de804b95d536f09ee38,TIER_1_SOURCE_STALE_FOR_SEASON
ESPN-2025-401754577,2025,REGULAR_SEASON,10,2025-11-01T16:00:00Z,1762012800,228,Clemson Tigers,Clemson,150,Duke Blue Devils,Duke,45,46,-1,FBS,FBS,Atlantic Coast Conference,Atlantic Coast Conference,False,False,"Memorial Stadium (Clemson, SC)",Clemson,SC,REGULAR_SEASON,True,False,ESPN_PUBLIC_SCOREBOARD_API,TIER_2_MEDIA_AGGREGATOR,https://site.web.api.espn.com/apis/site/v2/sports/football/college-football/scoreboard?dates=20251101&groups=80&limit=400,5a43388b4bc26e40189865afc61951a44f154aff79338de804b95d536f09ee38,TIER_1_SOURCE_STALE_FOR_SEASON
ESPN-2025-401754581,2025,REGULAR_SEASON,10,2025-11-01T16:00:00Z,1762012800,2567,SMU Mustangs,SMU,2390,Miami Hurricanes,Miami,26,20,6,FBS,FBS,Atlantic Coast Conference,Atlantic Coast Conference,False,False,Gerald J. Ford Stadium,Dallas,TX,REGULAR_SEASON,True,True,ESPN_PUBLIC_SCOREBOARD_API,TIER_2_MEDIA_AGGREGATOR,https://site.web.api.espn.com/apis/site/v2/sports/football/college-football/scoreboard?dates=20251101&groups=80&limit=400,5a43388b4bc26e40189865afc61951a44f154aff79338de804b95d536f09ee38,TIER_1_SOURCE_STALE_FOR_SEASON
ESPN-2025-401756936,2025,REGULAR_SEASON,10,2025-11-01T16:00:00Z,1762012800,239,Baylor Bears,Baylor,2116,UCF Knights,UCF,30,3,27,FBS,FBS,Big 12 Conference,Big 12 Conference,False,False,McLane Stadium,Waco,TX,REGULAR_SEASON,True,False,ESPN_PUBLIC_SCOREBOARD_API,TIER_2_MEDIA_AGGREGATOR,https://site.web.api.espn.com/apis/site/v2/sports/football/college-football/scoreboard?dates=20251101&groups=80&limit=400,5a43388b4bc26e40189865afc61951a44f154aff79338de804b95d536f09ee38,TIER_1_SOURCE_STALE_FOR_SEASON
ESPN-2025-401756938,2025,REGULAR_SEASON,10,2025-11-01T16:00:00Z,1762012800,248,Houston Cougars,Houston,277,West Virginia Mountaineers,West Virginia,35,45,-10,FBS,FBS,Big 12 Conference,Big 12 Conference,False,False,TDECU Stadium,Houston,TX,REGULAR_SEASON,True,False,ESPN_PUBLIC_SCOREBOARD_API,TIER_2_MEDIA_AGGREGATOR,https://site.web.api.espn.com/apis/site/v2/sports/football/college-football/scoreboard?dates=20251101&groups=80&limit=400,5a43388b4bc26e40189865afc61951a44f154aff79338de804b95d536f09ee38,TIER_1_SOURCE_STALE_FOR_SEASON
ESPN-2025-401757173,2025,REGULAR_SEASON,10,2025-11-01T16:00:00Z,1762012800,41,UConn Huskies,UConn,5,UAB Blazers,UAB,38,19,19,FBS,FBS,FBS Independents,American Conference,False,False,Pratt & Whitney Stadium,East Hartford,CT,REGULAR_SEASON,False,False,ESPN_PUBLIC_SCOREBOARD_API,TIER_2_MEDIA_AGGREGATOR,https://site.web.api.espn.com/apis/site/v2/sports/football/college-football/scoreboard?dates=20251101&groups=80&limit=400,5a43388b4bc26e40189865afc61951a44f154aff79338de804b95d536f09ee38,TIER_1_SOURCE_STALE_FOR_SEASON
ESPN-2025-401760401,2025,REGULAR_SEASON,10,2025-11-01T16:00:00Z,1762012800,2005,Air Force Falcons,Air Force,349,Army Black Knights,Army,17,20,-3,FBS,FBS,Mountain West Conference,American Conference,False,False,Falcon Stadium,USAF Academy,CO,REGULAR_SEASON,False,False,ESPN_PUBLIC_SCOREBOARD_API,TIER_2_MEDIA_AGGREGATOR,https://site.web.api.espn.com/apis/site/v2/sports/football/college-football/scoreboard?dates=20251101&groups=80&limit=400,5a43388b4bc26e40189865afc61951a44f154aff79338de804b95d536f09ee38,TIER_1_SOURCE_STALE_FOR_SEASON
ESPN-2025-401762499,2025,REGULAR_SEASON,10,2025-11-01T16:00:00Z,1762012800,249,North Texas Mean Green,North Texas,2426,Navy Midshipmen,Navy,31,17,14,FBS,FBS,American Conference,American Conference,False,False,DATCU Stadium,Denton,TX,REGULAR_SEASON,True,False,ESPN_PUBLIC_SCOREBOARD_API,TIER_2_MEDIA_AGGREGATOR,https://site.web.api.espn.com/apis/site/v2/sports/football/college-football/scoreboard?dates=20251101&groups=80&limit=400,5a43388b4bc26e40189865afc61951a44f154aff79338de804b95d536f09ee38,TIER_1_SOURCE_STALE_FOR_SEASON
ESPN-2025-401762849,2025,REGULAR_SEASON,10,2025-11-01T16:00:00Z,1762012800,189,Bowling Green Falcons,Bowling Green,2084,Buffalo Bulls,Buffalo,3,28,-25,FBS,FBS,Mid-American Conference,Mid-American Conference,False,False,Doyt L. Perry Stadium,Bowling Green,OH,REGULAR_SEASON,True,False,ESPN_PUBLIC_SCOREBOARD_API,TIER_2_MEDIA_AGGREGATOR,https://site.web.api.espn.com/apis/site/v2/sports/football/college-football/scoreboard?dates=20251101&groups=80&limit=400,5a43388b4bc26e40189865afc61951a44f154aff79338de804b95d536f09ee38,TIER_1_SOURCE_STALE_FOR_SEASON
ESPN-2025-401756939,2025,REGULAR_SEASON,10,2025-11-01T17:00:00Z,1762016400,66,Iowa State Cyclones,Iowa State,9,Arizona State Sun Devils,Arizona State,19,24,-5,FBS,FBS,Big 12 Conference,Big 12 Conference,False,False,Jack Trice Stadium,Ames,IA,REGULAR_SEASON,True,False,ESPN_PUBLIC_SCOREBOARD_API,TIER_2_MEDIA_AGGREGATOR,https://site.web.api.espn.com/apis/site/v2/sports/football/college-football/scoreboard?dates=20251101&groups=80&limit=400,5a43388b4bc26e40189865afc61951a44f154aff79338de804b95d536f09ee38,TIER_1_SOURCE_STALE_FOR_SEASON
ESPN-2025-401762498,2025,REGULAR_SEASON,10,2025-11-01T18:00:00Z,1762020000,218,Temple Owls,Temple,151,East Carolina Pirates,East Carolina,14,45,-31,FBS,FBS,American Conference,American Conference,False,False,Lincoln Financial Field,Philadelphia,PA,REGULAR_SEASON,True,False,ESPN_PUBLIC_SCOREBOARD_API,TIER_2_MEDIA_AGGREGATOR,https://site.web.api.espn.com/apis/site/v2/sports/football/college-football/scoreboard?dates=20251101&groups=80&limit=400,5a43388b4bc26e40189865afc61951a44f154aff79338de804b95d536f09ee38,TIER_1_SOURCE_STALE_FOR_SEASON
ESPN-2025-401754580,2025,REGULAR_SEASON,10,2025-11-01T19:00:00Z,1762023600,259,Virginia Tech Hokies,Virginia Tech,97,Louisville Cardinals,Louisville,16,28,-12,FBS,FBS,Atlantic Coast Conference,Atlantic Coast Conference,False,False,Lane Stadium,Blacksburg,VA,REGULAR_SEASON,True,False,ESPN_PUBLIC_SCOREBOARD_API,TIER_2_MEDIA_AGGREGATOR,https://site.web.api.espn.com/apis/site/v2/sports/football/college-football/scoreboard?dates=20251101&groups=80&limit=400,5a43388b4bc26e40189865afc61951a44f154aff79338de804b95d536f09ee38,TIER_1_SOURCE_STALE_FOR_SEASON
ESPN-2025-401760404,2025,REGULAR_SEASON,10,2025-11-01T19:00:00Z,1762023600,2439,UNLV Rebels,UNLV,167,New Mexico Lobos,New Mexico,35,40,-5,FBS,FBS,Mountain West Conference,Mountain West Conference,False,False,Allegiant Stadium,Las Vegas,NV,REGULAR_SEASON,True,False,ESPN_PUBLIC_SCOREBOARD_API,TIER_2_MEDIA_AGGREGATOR,https://site.web.api.espn.com/apis/site/v2/sports/football/college-football/scoreboard?dates=20251101&groups=80&limit=400,5a43388b4bc26e40189865afc61951a44f154aff79338de804b95d536f09ee38,TIER_1_SOURCE_STALE_FOR_SEASON
ESPN-2025-401752755,2025,REGULAR_SEASON,10,2025-11-01T19:30:00Z,1762025400,57,Florida Gators,Florida,61,Georgia Bulldogs,Georgia,20,24,-4,FBS,FBS,Southeastern Conference,Southeastern Conference,False,True,EverBank Stadium,Jacksonville,FL,REGULAR_SEASON,True,False,ESPN_PUBLIC_SCOREBOARD_API,TIER_2_MEDIA_AGGREGATOR,https://site.web.api.espn.com/apis/site/v2/sports/football/college-football/scoreboard?dates=20251101&groups=80&limit=400,5a43388b4bc26e40189865afc61951a44f154aff79338de804b95d536f09ee38,TIER_1_SOURCE_STALE_FOR_SEASON
ESPN-2025-401752887,2025,REGULAR_SEASON,10,2025-11-01T19:30:00Z,1762025400,120,Maryland Terrapins,Maryland,84,Indiana Hoosiers,Indiana,10,55,-45,FBS,FBS,Big Ten Conference,Big Ten Conference,False,False,SECU Stadium,College Park,MD,REGULAR_SEASON,True,False,ESPN_PUBLIC_SCOREBOARD_API,TIER_2_MEDIA_AGGREGATOR,https://site.web.api.espn.com/apis/site/v2/sports/football/college-football/scoreboard?dates=20251101&groups=80&limit=400,5a43388b4bc26e40189865afc61951a44f154aff79338de804b95d536f09ee38,TIER_1_SOURCE_STALE_FOR_SEASON
ESPN-2025-401752888,2025,REGULAR_SEASON,10,2025-11-01T19:30:00Z,1762025400,135,Minnesota Golden Gophers,Minnesota,127,Michigan State Spartans,Michigan State,23,20,3,FBS,FBS,Big Ten Conference,Big Ten Conference,False,False,Huntington Bank Stadium,Minneapolis,MN,REGULAR_SEASON,True,True,ESPN_PUBLIC_SCOREBOARD_API,TIER_2_MEDIA_AGGREGATOR,https://site.web.api.espn.com/apis/site/v2/sports/football/college-football/scoreboard?dates=20251101&groups=80&limit=400,5a43388b4bc26e40189865afc61951a44f154aff79338de804b95d536f09ee38,TIER_1_SOURCE_STALE_FOR_SEASON
ESPN-2025-401754582,2025,REGULAR_SEASON,10,2025-11-01T19:30:00Z,1762025400,24,Stanford Cardinal,Stanford,221,Pittsburgh Panthers,Pittsburgh,20,35,-15,FBS,FBS,Atlantic Coast Conference,Atlantic Coast Conference,False,False,Stanford Stadium,Stanford,CA,REGULAR_SEASON,True,False,ESPN_PUBLIC_SCOREBOARD_API,TIER_2_MEDIA_AGGREGATOR,https://site.web.api.espn.com/apis/site/v2/sports/football/college-football/scoreboard?dates=20251101&groups=80&limit=400,5a43388b4bc26e40189865afc61951a44f154aff79338de804b95d536f09ee38,TIER_1_SOURCE_STALE_FOR_SEASON
ESPN-2025-401754583,2025,REGULAR_SEASON,10,2025-11-01T19:30:00Z,1762025400,103,Boston College Eagles,Boston College,87,Notre Dame Fighting Irish,Notre Dame,10,25,-15,FBS,FBS,Atlantic Coast Conference,FBS Independents,False,False,"Alumni Stadium (Chestnut Hill, MA)",Chestnut Hill,MA,REGULAR_SEASON,False,False,ESPN_PUBLIC_SCOREBOARD_API,TIER_2_MEDIA_AGGREGATOR,https://site.web.api.espn.com/apis/site/v2/sports/football/college-football/scoreboard?dates=20251101&groups=80&limit=400,5a43388b4bc26e40189865afc61951a44f154aff79338de804b95d536f09ee38,TIER_1_SOURCE_STALE_FOR_SEASON
ESPN-2025-401756941,2025,REGULAR_SEASON,10,2025-11-01T19:30:00Z,1762025400,2306,Kansas State Wildcats,Kansas State,2641,Texas Tech Red Raiders,Texas Tech,20,43,-23,FBS,FBS,Big 12 Conference,Big 12 Conference,False,False,Bill Snyder Family Stadium,Manhattan,KS,REGULAR_SEASON,True,False,ESPN_PUBLIC_SCOREBOARD_API,TIER_2_MEDIA_AGGREGATOR,https://site.web.api.espn.com/apis/site/v2/sports/football/college-football/scoreboard?dates=20251101&groups=80&limit=400,5a43388b4bc26e40189865afc61951a44f154aff79338de804b95d536f09ee38,TIER_1_SOURCE_STALE_FOR_SEASON
ESPN-2025-401757293,2025,REGULAR_SEASON,10,2025-11-01T19:30:00Z,1762025400,2335,Liberty Flames,Liberty,48,Delaware Blue Hens,Delaware,59,30,29,FBS,FBS,Conference USA,Conference USA,False,False,Williams Stadium (VA),Lynchburg,VA,REGULAR_SEASON,True,False,ESPN_PUBLIC_SCOREBOARD_API,TIER_2_MEDIA_AGGREGATOR,https://site.web.api.espn.com/apis/site/v2/sports/football/college-football/scoreboard?dates=20251101&groups=80&limit=400,5a43388b4bc26e40189865afc61951a44f154aff79338de804b95d536f09ee38,TIER_1_SOURCE_STALE_FOR_SEASON
ESPN-2025-401757294,2025,REGULAR_SEASON,10,2025-11-01T19:30:00Z,1762025400,98,Western Kentucky Hilltoppers,Western Kentucky,166,New Mexico State Aggies,New Mexico State,35,16,19,FBS,FBS,Conference USA,Conference USA,False,False,Houchens Industries-L.T. Smith Stadium,Bowling Green,KY,REGULAR_SEASON,True,False,ESPN_PUBLIC_SCOREBOARD_API,TIER_2_MEDIA_AGGREGATOR,https://site.web.api.espn.com/apis/site/v2/sports/football/college-football/scoreboard?dates=20251101&groups=80&limit=400,5a43388b4bc26e40189865afc61951a44f154aff79338de804b95d536f09ee38,TIER_1_SOURCE_STALE_FOR_SEASON
ESPN-2025-401760402,2025,REGULAR_SEASON,10,2025-11-01T19:30:00Z,1762025400,68,Boise State Broncos,Boise State,278,Fresno State Bulldogs,Fresno State,7,30,-23,FBS,FBS,Mountain West Conference,Mountain West Conference,False,False,Albertsons Stadium,Boise,ID,REGULAR_SEASON,True,False,ESPN_PUBLIC_SCOREBOARD_API,TIER_2_MEDIA_AGGREGATOR,https://site.web.api.espn.com/apis/site/v2/sports/football/college-football/scoreboard?dates=20251101&groups=80&limit=400,5a43388b4bc26e40189865afc61951a44f154aff79338de804b95d536f09ee38,TIER_1_SOURCE_STALE_FOR_SEASON
ESPN-2025-401761641,2025,REGULAR_SEASON,10,2025-11-01T19:30:00Z,1762025400,2433,UL Monroe Warhawks,UL Monroe,295,Old Dominion Monarchs,Old Dominion,6,31,-25,FBS,FBS,Sun Belt Conference,Sun Belt Conference,False,False,Malone Stadium,Monroe,LA,REGULAR_SEASON,True,False,ESPN_PUBLIC_SCOREBOARD_API,TIER_2_MEDIA_AGGREGATOR,https://site.web.api.espn.com/apis/site/v2/sports/football/college-football/scoreboard?dates=20251101&groups=80&limit=400,5a43388b4bc26e40189865afc61951a44f154aff79338de804b95d536f09ee38,TIER_1_SOURCE_STALE_FOR_SEASON
ESPN-2025-401761642,2025,REGULAR_SEASON,10,2025-11-01T19:30:00Z,1762025400,6,South Alabama Jaguars,South Alabama,309,Louisiana Ragin' Cajuns,Louisiana,22,31,-9,FBS,FBS,Sun Belt Conference,Sun Belt Conference,False,False,Hancock Whitney Stadium,Mobile,AL,REGULAR_SEASON,True,False,ESPN_PUBLIC_SCOREBOARD_API,TIER_2_MEDIA_AGGREGATOR,https://site.web.api.espn.com/apis/site/v2/sports/football/college-football/scoreboard?dates=20251101&groups=80&limit=400,5a43388b4bc26e40189865afc61951a44f154aff79338de804b95d536f09ee38,TIER_1_SOURCE_STALE_FOR_SEASON
ESPN-2025-401754576,2025,REGULAR_SEASON,10,2025-11-01T19:45:00Z,1762026300,25,California Golden Bears,California,258,Virginia Cavaliers,Virginia,21,31,-10,FBS,FBS,Atlantic Coast Conference,Atlantic Coast Conference,False,False,California Memorial Stadium,Berkeley,CA,REGULAR_SEASON,True,False,ESPN_PUBLIC_SCOREBOARD_API,TIER_2_MEDIA_AGGREGATOR,https://site.web.api.espn.com/apis/site/v2/sports/football/college-football/scoreboard?dates=20251101&groups=80&limit=400,5a43388b4bc26e40189865afc61951a44f154aff79338de804b95d536f09ee38,TIER_1_SOURCE_STALE_FOR_SEASON
ESPN-2025-401752753,2025,REGULAR_SEASON,10,2025-11-01T20:00:00Z,1762027200,8,Arkansas Razorbacks,Arkansas,344,Mississippi State Bulldogs,Mississippi State,35,38,-3,FBS,FBS,Southeastern Conference,Southeastern Conference,False,False,Donald W. Reynolds Razorback Stadium,Fayetteville,AR,REGULAR_SEASON,True,False,ESPN_PUBLIC_SCOREBOARD_API,TIER_2_MEDIA_AGGREGATOR,https://site.web.api.espn.com/apis/site/v2/sports/football/college-football/scoreboard?dates=20251101&groups=80&limit=400,5a43388b4bc26e40189865afc61951a44f154aff79338de804b95d536f09ee38,TIER_1_SOURCE_STALE_FOR_SEASON
ESPN-2025-401756940,2025,REGULAR_SEASON,10,2025-11-01T20:00:00Z,1762027200,2305,Kansas Jayhawks,Kansas,197,Oklahoma State Cowboys,Oklahoma State,38,21,17,FBS,FBS,Big 12 Conference,Big 12 Conference,False,False,David Booth Kansas Memorial Stadium,Lawrence,KS,REGULAR_SEASON,True,False,ESPN_PUBLIC_SCOREBOARD_API,TIER_2_MEDIA_AGGREGATOR,https://site.web.api.espn.com/apis/site/v2/sports/football/college-football/scoreboard?dates=20251101&groups=80&limit=400,5a43388b4bc26e40189865afc61951a44f154aff79338de804b95d536f09ee38,TIER_1_SOURCE_STALE_FOR_SEASON
ESPN-2025-401762850,2025,REGULAR_SEASON,10,2025-11-01T20:00:00Z,1762027200,2711,Western Michigan Broncos,Western Michigan,2117,Central Michigan Chippewas,Central Michigan,24,21,3,FBS,FBS,Mid-American Conference,Mid-American Conference,False,False,Waldo Stadium,Kalamazoo,MI,REGULAR_SEASON,True,False,ESPN_PUBLIC_SCOREBOARD_API,TIER_2_MEDIA_AGGREGATOR,https://site.web.api.espn.com/apis/site/v2/sports/football/college-football/scoreboard?dates=20251101&groups=80&limit=400,5a43388b4bc26e40189865afc61951a44f154aff79338de804b95d536f09ee38,TIER_1_SOURCE_STALE_FOR_SEASON
ESPN-2025-401752756,2025,REGULAR_SEASON,10,2025-11-01T23:00:00Z,1762038000,145,Ole Miss Rebels,Ole Miss,2579,South Carolina Gamecocks,South Carolina,30,14,16,FBS,FBS,Southeastern Conference,Southeastern Conference,False,False,Vaught-Hemingway Stadium,Oxford,MS,REGULAR_SEASON,True,False,ESPN_PUBLIC_SCOREBOARD_API,TIER_2_MEDIA_AGGREGATOR,https://site.web.api.espn.com/apis/site/v2/sports/football/college-football/scoreboard?dates=20251101&groups=80&limit=400,5a43388b4bc26e40189865afc61951a44f154aff79338de804b95d536f09ee38,TIER_1_SOURCE_STALE_FOR_SEASON
ESPN-2025-401752890,2025,REGULAR_SEASON,10,2025-11-01T23:00:00Z,1762038000,130,Michigan Wolverines,Michigan,2509,Purdue Boilermakers,Purdue,21,16,5,FBS,FBS,Big Ten Conference,Big Ten Conference,False,False,Michigan Stadium,Ann Arbor,MI,REGULAR_SEASON,True,False,ESPN_PUBLIC_SCOREBOARD_API,TIER_2_MEDIA_AGGREGATOR,https://site.web.api.espn.com/apis/site/v2/sports/football/college-football/scoreboard?dates=20251101&groups=80&limit=400,5a43388b4bc26e40189865afc61951a44f154aff79338de804b95d536f09ee38,TIER_1_SOURCE_STALE_FOR_SEASON
ESPN-2025-401756937,2025,REGULAR_SEASON,10,2025-11-01T23:00:00Z,1762038000,38,Colorado Buffaloes,Colorado,12,Arizona Wildcats,Arizona,17,52,-35,FBS,FBS,Big 12 Conference,Big 12 Conference,False,False,Folsom Field,Boulder,CO,REGULAR_SEASON,True,False,ESPN_PUBLIC_SCOREBOARD_API,TIER_2_MEDIA_AGGREGATOR,https://site.web.api.espn.com/apis/site/v2/sports/football/college-football/scoreboard?dates=20251101&groups=80&limit=400,5a43388b4bc26e40189865afc61951a44f154aff79338de804b95d536f09ee38,TIER_1_SOURCE_STALE_FOR_SEASON
ESPN-2025-401760405,2025,REGULAR_SEASON,10,2025-11-01T23:00:00Z,1762038000,21,San Diego State Aztecs,San Diego State,2751,Wyoming Cowboys,Wyoming,24,7,17,FBS,FBS,Mountain West Conference,Mountain West Conference,False,False,Snapdragon Stadium,San Diego,CA,REGULAR_SEASON,True,False,ESPN_PUBLIC_SCOREBOARD_API,TIER_2_MEDIA_AGGREGATOR,https://site.web.api.espn.com/apis/site/v2/sports/football/college-football/scoreboard?dates=20251101&groups=80&limit=400,5a43388b4bc26e40189865afc61951a44f154aff79338de804b95d536f09ee38,TIER_1_SOURCE_STALE_FOR_SEASON
ESPN-2025-401752754,2025,REGULAR_SEASON,10,2025-11-01T23:30:00Z,1762039800,2,Auburn Tigers,Auburn,96,Kentucky Wildcats,Kentucky,3,10,-7,FBS,FBS,Southeastern Conference,Southeastern Conference,False,False,Jordan-Hare Stadium,Auburn,AL,REGULAR_SEASON,True,False,ESPN_PUBLIC_SCOREBOARD_API,TIER_2_MEDIA_AGGREGATOR,https://site.web.api.espn.com/apis/site/v2/sports/football/college-football/scoreboard?dates=20251101&groups=80&limit=400,5a43388b4bc26e40189865afc61951a44f154aff79338de804b95d536f09ee38,TIER_1_SOURCE_STALE_FOR_SEASON
ESPN-2025-401752757,2025,REGULAR_SEASON,10,2025-11-01T23:30:00Z,1762039800,2633,Tennessee Volunteers,Tennessee,201,Oklahoma Sooners,Oklahoma,27,33,-6,FBS,FBS,Southeastern Conference,Southeastern Conference,False,False,Neyland Stadium,Knoxville,TN,REGULAR_SEASON,True,False,ESPN_PUBLIC_SCOREBOARD_API,TIER_2_MEDIA_AGGREGATOR,https://site.web.api.espn.com/apis/site/v2/sports/football/college-football/scoreboard?dates=20251101&groups=80&limit=400,5a43388b4bc26e40189865afc61951a44f154aff79338de804b95d536f09ee38,TIER_1_SOURCE_STALE_FOR_SEASON
ESPN-2025-401752892,2025,REGULAR_SEASON,10,2025-11-01T23:30:00Z,1762039800,158,Nebraska Cornhuskers,Nebraska,30,USC Trojans,USC,17,21,-4,FBS,FBS,Big Ten Conference,Big Ten Conference,False,False,"Memorial Stadium (Lincoln, NE)",Lincoln,NE,REGULAR_SEASON,True,False,ESPN_PUBLIC_SCOREBOARD_API,TIER_2_MEDIA_AGGREGATOR,https://site.web.api.espn.com/apis/site/v2/sports/football/college-football/scoreboard?dates=20251101&groups=80&limit=400,5a43388b4bc26e40189865afc61951a44f154aff79338de804b95d536f09ee38,TIER_1_SOURCE_STALE_FOR_SEASON
ESPN-2025-401752943,2025,REGULAR_SEASON,10,2025-11-01T23:30:00Z,1762039800,204,Oregon State Beavers,Oregon State,265,Washington State Cougars,Washington State,10,7,3,FBS,FBS,Pac-12 Conference,Pac-12 Conference,False,False,Reser Stadium,Corvallis,OR,REGULAR_SEASON,True,False,ESPN_PUBLIC_SCOREBOARD_API,TIER_2_MEDIA_AGGREGATOR,https://site.web.api.espn.com/apis/site/v2/sports/football/college-football/scoreboard?dates=20251101&groups=80&limit=400,5a43388b4bc26e40189865afc61951a44f154aff79338de804b95d536f09ee38,TIER_1_SOURCE_STALE_FOR_SEASON
ESPN-2025-401754578,2025,REGULAR_SEASON,10,2025-11-01T23:30:00Z,1762039800,52,Florida State Seminoles,Florida State,154,Wake Forest Demon Deacons,Wake Forest,42,7,35,FBS,FBS,Atlantic Coast Conference,Atlantic Coast Conference,False,False,Doak Campbell Stadium,Tallahassee,FL,REGULAR_SEASON,True,False,ESPN_PUBLIC_SCOREBOARD_API,TIER_2_MEDIA_AGGREGATOR,https://site.web.api.espn.com/apis/site/v2/sports/football/college-football/scoreboard?dates=20251101&groups=80&limit=400,5a43388b4bc26e40189865afc61951a44f154aff79338de804b95d536f09ee38,TIER_1_SOURCE_STALE_FOR_SEASON
ESPN-2025-401754579,2025,REGULAR_SEASON,10,2025-11-01T23:30:00Z,1762039800,152,NC State Wolfpack,NC State,59,Georgia Tech Yellow Jackets,Georgia Tech,48,36,12,FBS,FBS,Atlantic Coast Conference,Atlantic Coast Conference,False,False,Carter-Finley Stadium,Raleigh,NC,REGULAR_SEASON,True,False,ESPN_PUBLIC_SCOREBOARD_API,TIER_2_MEDIA_AGGREGATOR,https://site.web.api.espn.com/apis/site/v2/sports/football/college-football/scoreboard?dates=20251101&groups=80&limit=400,5a43388b4bc26e40189865afc61951a44f154aff79338de804b95d536f09ee38,TIER_1_SOURCE_STALE_FOR_SEASON
ESPN-2025-401761643,2025,REGULAR_SEASON,10,2025-11-02T00:00:00Z,1762041600,2653,Troy Trojans,Troy,2032,Arkansas State Red Wolves,Arkansas State,10,23,-13,FBS,FBS,Sun Belt Conference,Sun Belt Conference,False,False,Veterans Memorial Stadium (AL),Troy,AL,REGULAR_SEASON,True,False,ESPN_PUBLIC_SCOREBOARD_API,TIER_2_MEDIA_AGGREGATOR,https://site.web.api.espn.com/apis/site/v2/sports/football/college-football/scoreboard?dates=20251101&groups=80&limit=400,5a43388b4bc26e40189865afc61951a44f154aff79338de804b95d536f09ee38,TIER_1_SOURCE_STALE_FOR_SEASON
ESPN-2025-401756942,2025,REGULAR_SEASON,10,2025-11-02T02:15:00Z,1762049700,254,Utah Utes,Utah,2132,Cincinnati Bearcats,Cincinnati,45,14,31,FBS,FBS,Big 12 Conference,Big 12 Conference,False,False,Rice-Eccles Stadium,Salt Lake City,UT,REGULAR_SEASON,True,False,ESPN_PUBLIC_SCOREBOARD_API,TIER_2_MEDIA_AGGREGATOR,https://site.web.api.espn.com/apis/site/v2/sports/football/college-football/scoreboard?dates=20251101&groups=80&limit=400,5a43388b4bc26e40189865afc61951a44f154aff79338de804b95d536f09ee38,TIER_1_SOURCE_STALE_FOR_SEASON
ESPN-2025-401760403,2025,REGULAR_SEASON,10,2025-11-02T02:30:00Z,1762050600,23,San José State Spartans,San José State,62,Hawai'i Rainbow Warriors,Hawai'i,45,38,7,FBS,FBS,Mountain West Conference,Mountain West Conference,False,False,CEFCU Stadium,San Jose,CA,REGULAR_SEASON,True,False,ESPN_PUBLIC_SCOREBOARD_API,TIER_2_MEDIA_AGGREGATOR,https://site.web.api.espn.com/apis/site/v2/sports/football/college-football/scoreboard?dates=20251101&groups=80&limit=400,5a43388b4bc26e40189865afc61951a44f154aff79338de804b95d536f09ee38,TIER_1_SOURCE_STALE_FOR_SEASON
ESPN-2025-401762851,2025,REGULAR_SEASON,11,2025-11-05T00:00:00Z,1762300800,2006,Akron Zips,Akron,113,Massachusetts Minutemen,Massachusetts,44,10,34,FBS,FBS,Mid-American Conference,Mid-American Conference,False,False,InfoCision Stadium,Akron,OH,REGULAR_SEASON,True,False,ESPN_PUBLIC_SCOREBOARD_API,TIER_2_MEDIA_AGGREGATOR,https://site.web.api.espn.com/apis/site/v2/sports/football/college-football/scoreboard?dates=20251104&groups=80&limit=400,4a755f4cf1341bffb2cc98a68988c79660e694527d779801cdce165ef2e5ca37,TIER_1_SOURCE_STALE_FOR_SEASON
ESPN-2025-401762852,2025,REGULAR_SEASON,11,2025-11-05T00:00:00Z,1762300800,195,Ohio Bobcats,Ohio,193,Miami (OH) RedHawks,Miami (OH),24,20,4,FBS,FBS,Mid-American Conference,Mid-American Conference,False,False,Peden Stadium,Athens,OH,REGULAR_SEASON,True,False,ESPN_PUBLIC_SCOREBOARD_API,TIER_2_MEDIA_AGGREGATOR,https://site.web.api.espn.com/apis/site/v2/sports/football/college-football/scoreboard?dates=20251104&groups=80&limit=400,4a755f4cf1341bffb2cc98a68988c79660e694527d779801cdce165ef2e5ca37,TIER_1_SOURCE_STALE_FOR_SEASON
ESPN-2025-401762853,2025,REGULAR_SEASON,11,2025-11-06T00:00:00Z,1762387200,2050,Ball State Cardinals,Ball State,2309,Kent State Golden Flashes,Kent State,17,13,4,FBS,FBS,Mid-American Conference,Mid-American Conference,False,False,Scheumann Stadium,Muncie,IN,REGULAR_SEASON,True,False,ESPN_PUBLIC_SCOREBOARD_API,TIER_2_MEDIA_AGGREGATOR,https://site.web.api.espn.com/apis/site/v2/sports/football/college-football/scoreboard?dates=20251105&groups=80&limit=400,5c33049b927be00e326de9ecf63f8018e37844f6ed6cea7c57b1d89972a40cbf,TIER_1_SOURCE_STALE_FOR_SEASON
ESPN-2025-401762854,2025,REGULAR_SEASON,11,2025-11-06T00:00:00Z,1762387200,2649,Toledo Rockets,Toledo,2459,Northern Illinois Huskies,Northern Illinois,42,3,39,FBS,FBS,Mid-American Conference,Mid-American Conference,False,False,Glass Bowl,Toledo,OH,REGULAR_SEASON,True,False,ESPN_PUBLIC_SCOREBOARD_API,TIER_2_MEDIA_AGGREGATOR,https://site.web.api.espn.com/apis/site/v2/sports/football/college-football/scoreboard?dates=20251105&groups=80&limit=400,5c33049b927be00e326de9ecf63f8018e37844f6ed6cea7c57b1d89972a40cbf,TIER_1_SOURCE_STALE_FOR_SEASON
ESPN-2025-401761644,2025,REGULAR_SEASON,11,2025-11-07T00:30:00Z,1762475400,2026,App State Mountaineers,App State,290,Georgia Southern Eagles,Georgia Southern,23,25,-2,FBS,FBS,Sun Belt Conference,Sun Belt Conference,False,False,Kidd Brewer Stadium,Boone,NC,REGULAR_SEASON,True,False,ESPN_PUBLIC_SCOREBOARD_API,TIER_2_MEDIA_AGGREGATOR,https://site.web.api.espn.com/apis/site/v2/sports/football/college-football/scoreboard?dates=20251106&groups=80&limit=400,8d3eb0894fbf4bbb3ee0988ed6c022abb246f4c15f6a367f54e2669d6d3bf20a,TIER_1_SOURCE_STALE_FOR_SEASON
ESPN-2025-401762500,2025,REGULAR_SEASON,11,2025-11-07T00:30:00Z,1762475400,58,South Florida Bulls,South Florida,2636,UTSA Roadrunners,UTSA,55,23,32,FBS,FBS,American Conference,American Conference,False,False,Raymond James Stadium,Tampa,FL,REGULAR_SEASON,True,False,ESPN_PUBLIC_SCOREBOARD_API,TIER_2_MEDIA_AGGREGATOR,https://site.web.api.espn.com/apis/site/v2/sports/football/college-football/scoreboard?dates=20251106&groups=80&limit=400,8d3eb0894fbf4bbb3ee0988ed6c022abb246f4c15f6a367f54e2669d6d3bf20a,TIER_1_SOURCE_STALE_FOR_SEASON
ESPN-2025-401756946,2025,REGULAR_SEASON,11,2025-11-08T01:15:00Z,1762564500,2116,UCF Knights,UCF,248,Houston Cougars,Houston,27,30,-3,FBS,FBS,Big 12 Conference,Big 12 Conference,False,False,Acrisure Bounce House,Orlando,FL,REGULAR_SEASON,True,False,ESPN_PUBLIC_SCOREBOARD_API,TIER_2_MEDIA_AGGREGATOR,https://site.web.api.espn.com/apis/site/v2/sports/football/college-football/scoreboard?dates=20251107&groups=80&limit=400,e623c9c9dabf56880d80bd8e7fc79532eeb3381ee578c5771743319c158ba7aa,TIER_1_SOURCE_STALE_FOR_SEASON
ESPN-2025-401752896,2025,REGULAR_SEASON,11,2025-11-08T02:00:00Z,1762567200,30,USC Trojans,USC,77,Northwestern Wildcats,Northwestern,38,17,21,FBS,FBS,Big Ten Conference,Big Ten Conference,False,False,Los Angeles Memorial Coliseum,Los Angeles,CA,REGULAR_SEASON,True,False,ESPN_PUBLIC_SCOREBOARD_API,TIER_2_MEDIA_AGGREGATOR,https://site.web.api.espn.com/apis/site/v2/sports/football/college-football/scoreboard?dates=20251107&groups=80&limit=400,e623c9c9dabf56880d80bd8e7fc79532eeb3381ee578c5771743319c158ba7aa,TIER_1_SOURCE_STALE_FOR_SEASON
ESPN-2025-401762501,2025,REGULAR_SEASON,11,2025-11-08T02:10:00Z,1762567800,235,Memphis Tigers,Memphis,2655,Tulane Green Wave,Tulane,32,38,-6,FBS,FBS,American Conference,American Conference,False,False,Simmons Bank Liberty Stadium,Memphis,TN,REGULAR_SEASON,True,False,ESPN_PUBLIC_SCOREBOARD_API,TIER_2_MEDIA_AGGREGATOR,https://site.web.api.espn.com/apis/site/v2/sports/football/college-football/scoreboard?dates=20251107&groups=80&limit=400,e623c9c9dabf56880d80bd8e7fc79532eeb3381ee578c5771743319c158ba7aa,TIER_1_SOURCE_STALE_FOR_SEASON
ESPN-2025-401752762,2025,REGULAR_SEASON,11,2025-11-08T17:00:00Z,1762621200,344,Mississippi State Bulldogs,Mississippi State,61,Georgia Bulldogs,Georgia,21,41,-20,FBS,FBS,Southeastern Conference,Southeastern Conference,False,False,Davis Wade Stadium,Starkville,MS,REGULAR_SEASON,True,False,ESPN_PUBLIC_SCOREBOARD_API,TIER_2_MEDIA_AGGREGATOR,https://site.web.api.espn.com/apis/site/v2/sports/football/college-football/scoreboard?dates=20251108&groups=80&limit=400,3f024b9c9f6872b247165e5297ac8788dc1bb6641e3692b61b9d5599921ba81b,TIER_1_SOURCE_STALE_FOR_SEASON
ESPN-2025-401752893,2025,REGULAR_SEASON,11,2025-11-08T17:00:00Z,1762621200,213,Penn State Nittany Lions,Penn State,84,Indiana Hoosiers,Indiana,24,27,-3,FBS,FBS,Big Ten Conference,Big Ten Conference,False,False,Beaver Stadium,University Park,PA,REGULAR_SEASON,True,False,ESPN_PUBLIC_SCOREBOARD_API,TIER_2_MEDIA_AGGREGATOR,https://site.web.api.espn.com/apis/site/v2/sports/football/college-football/scoreboard?dates=20251108&groups=80&limit=400,3f024b9c9f6872b247165e5297ac8788dc1bb6641e3692b61b9d5599921ba81b,TIER_1_SOURCE_STALE_FOR_SEASON
ESPN-2025-401754584,2025,REGULAR_SEASON,11,2025-11-08T17:00:00Z,1762621200,103,Boston College Eagles,Boston College,2567,SMU Mustangs,SMU,13,45,-32,FBS,FBS,Atlantic Coast Conference,Atlantic Coast Conference,False,False,"Alumni Stadium (Chestnut Hill, MA)",Chestnut Hill,MA,REGULAR_SEASON,True,False,ESPN_PUBLIC_SCOREBOARD_API,TIER_2_MEDIA_AGGREGATOR,https://site.web.api.espn.com/apis/site/v2/sports/football/college-football/scoreboard?dates=20251108&groups=80&limit=400,3f024b9c9f6872b247165e5297ac8788dc1bb6641e3692b61b9d5599921ba81b,TIER_1_SOURCE_STALE_FOR_SEASON
ESPN-2025-401756945,2025,REGULAR_SEASON,11,2025-11-08T17:00:00Z,1762621200,2641,Texas Tech Red Raiders,Texas Tech,252,BYU Cougars,BYU,29,7,22,FBS,FBS,Big 12 Conference,Big 12 Conference,False,False,Galaxy Stadium,Lubbock,TX,REGULAR_SEASON,True,False,ESPN_PUBLIC_SCOREBOARD_API,TIER_2_MEDIA_AGGREGATOR,https://site.web.api.espn.com/apis/site/v2/sports/football/college-football/scoreboard?dates=20251108&groups=80&limit=400,3f024b9c9f6872b247165e5297ac8788dc1bb6641e3692b61b9d5599921ba81b,TIER_1_SOURCE_STALE_FOR_SEASON
ESPN-2025-401756947,2025,REGULAR_SEASON,11,2025-11-08T17:00:00Z,1762621200,277,West Virginia Mountaineers,West Virginia,38,Colorado Buffaloes,Colorado,29,22,7,FBS,FBS,Big 12 Conference,Big 12 Conference,False,False,Milan Puskar Stadium,Morgantown,WV,REGULAR_SEASON,True,False,ESPN_PUBLIC_SCOREBOARD_API,TIER_2_MEDIA_AGGREGATOR,https://site.web.api.espn.com/apis/site/v2/sports/football/college-football/scoreboard?dates=20251108&groups=80&limit=400,3f024b9c9f6872b247165e5297ac8788dc1bb6641e3692b61b9d5599921ba81b,TIER_1_SOURCE_STALE_FOR_SEASON
ESPN-2025-401761646,2025,REGULAR_SEASON,11,2025-11-08T17:00:00Z,1762621200,276,Marshall Thundering Herd,Marshall,256,James Madison Dukes,James Madison,23,35,-12,FBS,FBS,Sun Belt Conference,Sun Belt Conference,False,False,Joan C. Edwards Stadium,Huntington,WV,REGULAR_SEASON,True,False,ESPN_PUBLIC_SCOREBOARD_API,TIER_2_MEDIA_AGGREGATOR,https://site.web.api.espn.com/apis/site/v2/sports/football/college-football/scoreboard?dates=20251108&groups=80&limit=400,3f024b9c9f6872b247165e5297ac8788dc1bb6641e3692b61b9d5599921ba81b,TIER_1_SOURCE_STALE_FOR_SEASON
ESPN-2025-401761647,2025,REGULAR_SEASON,11,2025-11-08T17:00:00Z,1762621200,2032,Arkansas State Red Wolves,Arkansas State,2572,Southern Miss Golden Eagles,Southern Miss,21,27,-6,FBS,FBS,Sun Belt Conference,Sun Belt Conference,False,False,Centennial Bank Stadium,Jonesboro,AR,REGULAR_SEASON,True,False,ESPN_PUBLIC_SCOREBOARD_API,TIER_2_MEDIA_AGGREGATOR,https://site.web.api.espn.com/apis/site/v2/sports/football/college-football/scoreboard?dates=20251108&groups=80&limit=400,3f024b9c9f6872b247165e5297ac8788dc1bb6641e3692b61b9d5599921ba81b,TIER_1_SOURCE_STALE_FOR_SEASON
ESPN-2025-401762503,2025,REGULAR_SEASON,11,2025-11-08T17:00:00Z,1762621200,349,Army Black Knights,Army,218,Temple Owls,Temple,14,13,1,FBS,FBS,American Conference,American Conference,False,False,Michie Stadium,West Point,NY,REGULAR_SEASON,True,False,ESPN_PUBLIC_SCOREBOARD_API,TIER_2_MEDIA_AGGREGATOR,https://site.web.api.espn.com/apis/site/v2/sports/football/college-football/scoreboard?dates=20251108&groups=80&limit=400,3f024b9c9f6872b247165e5297ac8788dc1bb6641e3692b61b9d5599921ba81b,TIER_1_SOURCE_STALE_FOR_SEASON
ESPN-2025-401752761,2025,REGULAR_SEASON,11,2025-11-08T18:00:00Z,1762624800,145,Ole Miss Rebels,Ole Miss,2643,The Citadel Bulldogs,The Citadel,49,0,49,FBS,FCS,Southeastern Conference,Southern Conference,True,False,Vaught-Hemingway Stadium,Oxford,MS,REGULAR_SEASON,False,False,ESPN_PUBLIC_SCOREBOARD_API,TIER_2_MEDIA_AGGREGATOR,https://site.web.api.espn.com/apis/site/v2/sports/football/college-football/scoreboard?dates=20251108&groups=80&limit=400,3f024b9c9f6872b247165e5297ac8788dc1bb6641e3692b61b9d5599921ba81b,TIER_1_SOURCE_STALE_FOR_SEASON
ESPN-2025-401752897,2025,REGULAR_SEASON,11,2025-11-08T18:00:00Z,1762624800,2509,Purdue Boilermakers,Purdue,194,Ohio State Buckeyes,Ohio State,10,34,-24,FBS,FBS,Big Ten Conference,Big Ten Conference,False,False,Ross-Ade Stadium,West Lafayette,IN,REGULAR_SEASON,True,False,ESPN_PUBLIC_SCOREBOARD_API,TIER_2_MEDIA_AGGREGATOR,https://site.web.api.espn.com/apis/site/v2/sports/football/college-football/scoreboard?dates=20251108&groups=80&limit=400,3f024b9c9f6872b247165e5297ac8788dc1bb6641e3692b61b9d5599921ba81b,TIER_1_SOURCE_STALE_FOR_SEASON
ESPN-2025-401757299,2025,REGULAR_SEASON,11,2025-11-08T18:00:00Z,1762624800,2335,Liberty Flames,Liberty,2623,Missouri State Bears,Missouri State,17,21,-4,FBS,FBS,Conference USA,Conference USA,False,False,Williams Stadium (VA),Lynchburg,VA,REGULAR_SEASON,True,False,ESPN_PUBLIC_SCOREBOARD_API,TIER_2_MEDIA_AGGREGATOR,https://site.web.api.espn.com/apis/site/v2/sports/football/college-football/scoreboard?dates=20251108&groups=80&limit=400,3f024b9c9f6872b247165e5297ac8788dc1bb6641e3692b61b9d5599921ba81b,TIER_1_SOURCE_STALE_FOR_SEASON
ESPN-2025-401762855,2025,REGULAR_SEASON,11,2025-11-08T18:00:00Z,1762624800,2199,Eastern Michigan Eagles,Eastern Michigan,189,Bowling Green Falcons,Bowling Green,27,21,6,FBS,FBS,Mid-American Conference,Mid-American Conference,False,False,Rynearson Stadium,Ypsilanti,MI,REGULAR_SEASON,True,False,ESPN_PUBLIC_SCOREBOARD_API,TIER_2_MEDIA_AGGREGATOR,https://site.web.api.espn.com/apis/site/v2/sports/football/college-football/scoreboard?dates=20251108&groups=80&limit=400,3f024b9c9f6872b247165e5297ac8788dc1bb6641e3692b61b9d5599921ba81b,TIER_1_SOURCE_STALE_FOR_SEASON
ESPN-2025-401762502,2025,REGULAR_SEASON,11,2025-11-08T19:00:00Z,1762628400,242,Rice Owls,Rice,5,UAB Blazers,UAB,24,17,7,FBS,FBS,American Conference,American Conference,False,False,Rice Stadium,Houston,TX,REGULAR_SEASON,True,False,ESPN_PUBLIC_SCOREBOARD_API,TIER_2_MEDIA_AGGREGATOR,https://site.web.api.espn.com/apis/site/v2/sports/football/college-football/scoreboard?dates=20251108&groups=80&limit=400,3f024b9c9f6872b247165e5297ac8788dc1bb6641e3692b61b9d5599921ba81b,TIER_1_SOURCE_STALE_FOR_SEASON
ESPN-2025-401752894,2025,REGULAR_SEASON,11,2025-11-08T19:30:00Z,1762630200,164,Rutgers Scarlet Knights,Rutgers,120,Maryland Terrapins,Maryland,35,20,15,FBS,FBS,Big Ten Conference,Big Ten Conference,False,False,SHI Stadium,Piscataway,NJ,REGULAR_SEASON,True,False,ESPN_PUBLIC_SCOREBOARD_API,TIER_2_MEDIA_AGGREGATOR,https://site.web.api.espn.com/apis/site/v2/sports/football/college-football/scoreboard?dates=20251108&groups=80&limit=400,3f024b9c9f6872b247165e5297ac8788dc1bb6641e3692b61b9d5599921ba81b,TIER_1_SOURCE_STALE_FOR_SEASON
ESPN-2025-401757295,2025,REGULAR_SEASON,11,2025-11-08T20:00:00Z,1762632000,48,Delaware Blue Hens,Delaware,2348,Louisiana Tech Bulldogs,Louisiana Tech,25,24,1,FBS,FBS,Conference USA,Conference USA,False,False,Delaware Stadium,Newark,DE,REGULAR_SEASON,True,False,ESPN_PUBLIC_SCOREBOARD_API,TIER_2_MEDIA_AGGREGATOR,https://site.web.api.espn.com/apis/site/v2/sports/football/college-football/scoreboard?dates=20251108&groups=80&limit=400,3f024b9c9f6872b247165e5297ac8788dc1bb6641e3692b61b9d5599921ba81b,TIER_1_SOURCE_STALE_FOR_SEASON
ESPN-2025-401757296,2025,REGULAR_SEASON,11,2025-11-08T20:00:00Z,1762632000,2393,Middle Tennessee Blue Raiders,Middle Tennessee,2229,Florida International Panthers,Florida International,30,56,-26,FBS,FBS,Conference USA,Conference USA,False,False,"Johnny ""Red"" Floyd Stadium",Murfreesboro,TN,REGULAR_SEASON,True,False,ESPN_PUBLIC_SCOREBOARD_API,TIER_2_MEDIA_AGGREGATOR,https://site.web.api.espn.com/apis/site/v2/sports/football/college-football/scoreboard?dates=20251108&groups=80&limit=400,3f024b9c9f6872b247165e5297ac8788dc1bb6641e3692b61b9d5599921ba81b,TIER_1_SOURCE_STALE_FOR_SEASON
ESPN-2025-401757297,2025,REGULAR_SEASON,11,2025-11-08T20:00:00Z,1762632000,2638,UTEP Miners,UTEP,55,Jacksonville State Gamecocks,Jacksonville State,27,30,-3,FBS,FBS,Conference USA,Conference USA,False,False,Sun Bowl,El Paso,TX,REGULAR_SEASON,True,False,ESPN_PUBLIC_SCOREBOARD_API,TIER_2_MEDIA_AGGREGATOR,https://site.web.api.espn.com/apis/site/v2/sports/football/college-football/scoreboard?dates=20251108&groups=80&limit=400,3f024b9c9f6872b247165e5297ac8788dc1bb6641e3692b61b9d5599921ba81b,TIER_1_SOURCE_STALE_FOR_SEASON
ESPN-2025-401762504,2025,REGULAR_SEASON,11,2025-11-08T20:00:00Z,1762632000,151,East Carolina Pirates,East Carolina,2429,Charlotte 49ers,Charlotte,48,22,26,FBS,FBS,American Conference,American Conference,False,False,Dowdy-Ficklen Stadium,Greenville,NC,REGULAR_SEASON,True,False,ESPN_PUBLIC_SCOREBOARD_API,TIER_2_MEDIA_AGGREGATOR,https://site.web.api.espn.com/apis/site/v2/sports/football/college-football/scoreboard?dates=20251108&groups=80&limit=400,3f024b9c9f6872b247165e5297ac8788dc1bb6641e3692b61b9d5599921ba81b,TIER_1_SOURCE_STALE_FOR_SEASON
ESPN-2025-401762505,2025,REGULAR_SEASON,11,2025-11-08T20:00:00Z,1762632000,2226,Florida Atlantic Owls,Florida Atlantic,202,Tulsa Golden Hurricane,Tulsa,40,21,19,FBS,FBS,American Conference,American Conference,False,False,Flagler Credit Union Stadium,Boca Raton,FL,REGULAR_SEASON,True,False,ESPN_PUBLIC_SCOREBOARD_API,TIER_2_MEDIA_AGGREGATOR,https://site.web.api.espn.com/apis/site/v2/sports/football/college-football/scoreboard?dates=20251108&groups=80&limit=400,3f024b9c9f6872b247165e5297ac8788dc1bb6641e3692b61b9d5599921ba81b,TIER_1_SOURCE_STALE_FOR_SEASON
ESPN-2025-401752763,2025,REGULAR_SEASON,11,2025-11-08T20:30:00Z,1762633800,142,Missouri Tigers,Missouri,245,Texas A&M Aggies,Texas A&M,17,38,-21,FBS,FBS,Southeastern Conference,Southeastern Conference,False,False,Memorial Stadium,Columbia,MO,REGULAR_SEASON,True,False,ESPN_PUBLIC_SCOREBOARD_API,TIER_2_MEDIA_AGGREGATOR,https://site.web.api.espn.com/apis/site/v2/sports/football/college-football/scoreboard?dates=20251108&groups=80&limit=400,3f024b9c9f6872b247165e5297ac8788dc1bb6641e3692b61b9d5599921ba81b,TIER_1_SOURCE_STALE_FOR_SEASON
ESPN-2025-401752898,2025,REGULAR_SEASON,11,2025-11-08T20:30:00Z,1762633800,2294,Iowa Hawkeyes,Iowa,2483,Oregon Ducks,Oregon,16,18,-2,FBS,FBS,Big Ten Conference,Big Ten Conference,False,False,Kinnick Stadium,Iowa City,IA,REGULAR_SEASON,True,False,ESPN_PUBLIC_SCOREBOARD_API,TIER_2_MEDIA_AGGREGATOR,https://site.web.api.espn.com/apis/site/v2/sports/football/college-football/scoreboard?dates=20251108&groups=80&limit=400,3f024b9c9f6872b247165e5297ac8788dc1bb6641e3692b61b9d5599921ba81b,TIER_1_SOURCE_STALE_FOR_SEASON
ESPN-2025-401754587,2025,REGULAR_SEASON,11,2025-11-08T20:30:00Z,1762633800,2390,Miami Hurricanes,Miami,183,Syracuse Orange,Syracuse,38,10,28,FBS,FBS,Atlantic Coast Conference,Atlantic Coast Conference,False,False,Hard Rock Stadium,Miami Gardens,FL,REGULAR_SEASON,True,False,ESPN_PUBLIC_SCOREBOARD_API,TIER_2_MEDIA_AGGREGATOR,https://site.web.api.espn.com/apis/site/v2/sports/football/college-football/scoreboard?dates=20251108&groups=80&limit=400,3f024b9c9f6872b247165e5297ac8788dc1bb6641e3692b61b9d5599921ba81b,TIER_1_SOURCE_STALE_FOR_SEASON
ESPN-2025-401754590,2025,REGULAR_SEASON,11,2025-11-08T20:30:00Z,1762633800,41,UConn Huskies,UConn,150,Duke Blue Devils,Duke,37,34,3,FBS,FBS,FBS Independents,Atlantic Coast Conference,False,False,Pratt & Whitney Stadium,East Hartford,CT,REGULAR_SEASON,False,False,ESPN_PUBLIC_SCOREBOARD_API,TIER_2_MEDIA_AGGREGATOR,https://site.web.api.espn.com/apis/site/v2/sports/football/college-football/scoreboard?dates=20251108&groups=80&limit=400,3f024b9c9f6872b247165e5297ac8788dc1bb6641e3692b61b9d5599921ba81b,TIER_1_SOURCE_STALE_FOR_SEASON
ESPN-2025-401756943,2025,REGULAR_SEASON,11,2025-11-08T20:30:00Z,1762633800,12,Arizona Wildcats,Arizona,2305,Kansas Jayhawks,Kansas,24,20,4,FBS,FBS,Big 12 Conference,Big 12 Conference,False,False,Casino Del Sol Stadium,Tucson,AZ,REGULAR_SEASON,True,False,ESPN_PUBLIC_SCOREBOARD_API,TIER_2_MEDIA_AGGREGATOR,https://site.web.api.espn.com/apis/site/v2/sports/football/college-football/scoreboard?dates=20251108&groups=80&limit=400,3f024b9c9f6872b247165e5297ac8788dc1bb6641e3692b61b9d5599921ba81b,TIER_1_SOURCE_STALE_FOR_SEASON
ESPN-2025-401756944,2025,REGULAR_SEASON,11,2025-11-08T20:30:00Z,1762633800,2628,TCU Horned Frogs,TCU,66,Iowa State Cyclones,Iowa State,17,20,-3,FBS,FBS,Big 12 Conference,Big 12 Conference,False,False,Amon G. Carter Stadium,Fort Worth,TX,REGULAR_SEASON,True,False,ESPN_PUBLIC_SCOREBOARD_API,TIER_2_MEDIA_AGGREGATOR,https://site.web.api.espn.com/apis/site/v2/sports/football/college-football/scoreboard?dates=20251108&groups=80&limit=400,3f024b9c9f6872b247165e5297ac8788dc1bb6641e3692b61b9d5599921ba81b,TIER_1_SOURCE_STALE_FOR_SEASON
ESPN-2025-401752764,2025,REGULAR_SEASON,11,2025-11-08T21:00:00Z,1762635600,238,Vanderbilt Commodores,Vanderbilt,2,Auburn Tigers,Auburn,45,38,7,FBS,FBS,Southeastern Conference,Southeastern Conference,False,False,FirstBank Stadium,Nashville,TN,REGULAR_SEASON,True,True,ESPN_PUBLIC_SCOREBOARD_API,TIER_2_MEDIA_AGGREGATOR,https://site.web.api.espn.com/apis/site/v2/sports/football/college-football/scoreboard?dates=20251108&groups=80&limit=400,3f024b9c9f6872b247165e5297ac8788dc1bb6641e3692b61b9d5599921ba81b,TIER_1_SOURCE_STALE_FOR_SEASON
ESPN-2025-401757298,2025,REGULAR_SEASON,11,2025-11-08T21:00:00Z,1762635600,166,New Mexico State Aggies,New Mexico State,338,Kennesaw State Owls,Kennesaw State,21,24,-3,FBS,FBS,Conference USA,Conference USA,False,False,Aggie Memorial Stadium,Las Cruces,NM,REGULAR_SEASON,True,False,ESPN_PUBLIC_SCOREBOARD_API,TIER_2_MEDIA_AGGREGATOR,https://site.web.api.espn.com/apis/site/v2/sports/football/college-football/scoreboard?dates=20251108&groups=80&limit=400,3f024b9c9f6872b247165e5297ac8788dc1bb6641e3692b61b9d5599921ba81b,TIER_1_SOURCE_STALE_FOR_SEASON
ESPN-2025-401761645,2025,REGULAR_SEASON,11,2025-11-08T21:00:00Z,1762635600,324,Coastal Carolina Chanticleers,Coastal Carolina,2247,Georgia State Panthers,Georgia State,40,27,13,FBS,FBS,Sun Belt Conference,Sun Belt Conference,False,False,Brooks Stadium (SC),Conway,SC,REGULAR_SEASON,True,False,ESPN_PUBLIC_SCOREBOARD_API,TIER_2_MEDIA_AGGREGATOR,https://site.web.api.espn.com/apis/site/v2/sports/football/college-football/scoreboard?dates=20251108&groups=80&limit=400,3f024b9c9f6872b247165e5297ac8788dc1bb6641e3692b61b9d5599921ba81b,TIER_1_SOURCE_STALE_FOR_SEASON
ESPN-2025-401752899,2025,REGULAR_SEASON,11,2025-11-08T21:30:00Z,1762637400,275,Wisconsin Badgers,Wisconsin,264,Washington Huskies,Washington,13,10,3,FBS,FBS,Big Ten Conference,Big Ten Conference,False,False,Camp Randall Stadium,Madison,WI,REGULAR_SEASON,True,False,ESPN_PUBLIC_SCOREBOARD_API,TIER_2_MEDIA_AGGREGATOR,https://site.web.api.espn.com/apis/site/v2/sports/football/college-football/scoreboard?dates=20251108&groups=80&limit=400,3f024b9c9f6872b247165e5297ac8788dc1bb6641e3692b61b9d5599921ba81b,TIER_1_SOURCE_STALE_FOR_SEASON
ESPN-2025-401754588,2025,REGULAR_SEASON,11,2025-11-08T21:30:00Z,1762637400,153,North Carolina Tar Heels,North Carolina,24,Stanford Cardinal,Stanford,20,15,5,FBS,FBS,Atlantic Coast Conference,Atlantic Coast Conference,False,False,Kenan Stadium,Chapel Hill,NC,REGULAR_SEASON,True,False,ESPN_PUBLIC_SCOREBOARD_API,TIER_2_MEDIA_AGGREGATOR,https://site.web.api.espn.com/apis/site/v2/sports/football/college-football/scoreboard?dates=20251108&groups=80&limit=400,3f024b9c9f6872b247165e5297ac8788dc1bb6641e3692b61b9d5599921ba81b,TIER_1_SOURCE_STALE_FOR_SEASON
ESPN-2025-401761648,2025,REGULAR_SEASON,11,2025-11-08T22:00:00Z,1762639200,309,Louisiana Ragin' Cajuns,Louisiana,326,Texas State Bobcats,Texas State,42,39,3,FBS,FBS,Sun Belt Conference,Sun Belt Conference,False,False,Our Lady of Lourdes Stadium,Lafayette,LA,REGULAR_SEASON,True,False,ESPN_PUBLIC_SCOREBOARD_API,TIER_2_MEDIA_AGGREGATOR,https://site.web.api.espn.com/apis/site/v2/sports/football/college-football/scoreboard?dates=20251108&groups=80&limit=400,3f024b9c9f6872b247165e5297ac8788dc1bb6641e3692b61b9d5599921ba81b,TIER_1_SOURCE_STALE_FOR_SEASON
ESPN-2025-401760406,2025,REGULAR_SEASON,11,2025-11-08T23:00:00Z,1762642800,23,San José State Spartans,San José State,2005,Air Force Falcons,Air Force,16,26,-10,FBS,FBS,Mountain West Conference,Mountain West Conference,False,False,CEFCU Stadium,San Jose,CA,REGULAR_SEASON,True,False,ESPN_PUBLIC_SCOREBOARD_API,TIER_2_MEDIA_AGGREGATOR,https://site.web.api.espn.com/apis/site/v2/sports/football/college-football/scoreboard?dates=20251108&groups=80&limit=400,3f024b9c9f6872b247165e5297ac8788dc1bb6641e3692b61b9d5599921ba81b,TIER_1_SOURCE_STALE_FOR_SEASON
ESPN-2025-401754585,2025,REGULAR_SEASON,11,2025-11-09T00:00:00Z,1762646400,97,Louisville Cardinals,Louisville,25,California Golden Bears,California,26,29,-3,FBS,FBS,Atlantic Coast Conference,Atlantic Coast Conference,False,False,L&N Federal Credit Union Stadium,Louisville,KY,REGULAR_SEASON,True,True,ESPN_PUBLIC_SCOREBOARD_API,TIER_2_MEDIA_AGGREGATOR,https://site.web.api.espn.com/apis/site/v2/sports/football/college-football/scoreboard?dates=20251108&groups=80&limit=400,3f024b9c9f6872b247165e5297ac8788dc1bb6641e3692b61b9d5599921ba81b,TIER_1_SOURCE_STALE_FOR_SEASON
ESPN-2025-401754586,2025,REGULAR_SEASON,11,2025-11-09T00:00:00Z,1762646400,228,Clemson Tigers,Clemson,52,Florida State Seminoles,Florida State,24,10,14,FBS,FBS,Atlantic Coast Conference,Atlantic Coast Conference,False,False,"Memorial Stadium (Clemson, SC)",Clemson,SC,REGULAR_SEASON,True,False,ESPN_PUBLIC_SCOREBOARD_API,TIER_2_MEDIA_AGGREGATOR,https://site.web.api.espn.com/apis/site/v2/sports/football/college-football/scoreboard?dates=20251108&groups=80&limit=400,3f024b9c9f6872b247165e5297ac8788dc1bb6641e3692b61b9d5599921ba81b,TIER_1_SOURCE_STALE_FOR_SEASON
ESPN-2025-401754589,2025,REGULAR_SEASON,11,2025-11-09T00:00:00Z,1762646400,258,Virginia Cavaliers,Virginia,154,Wake Forest Demon Deacons,Wake Forest,9,16,-7,FBS,FBS,Atlantic Coast Conference,Atlantic Coast Conference,False,False,Scott Stadium,Charlottesville,VA,REGULAR_SEASON,True,False,ESPN_PUBLIC_SCOREBOARD_API,TIER_2_MEDIA_AGGREGATOR,https://site.web.api.espn.com/apis/site/v2/sports/football/college-football/scoreboard?dates=20251108&groups=80&limit=400,3f024b9c9f6872b247165e5297ac8788dc1bb6641e3692b61b9d5599921ba81b,TIER_1_SOURCE_STALE_FOR_SEASON
ESPN-2025-401752759,2025,REGULAR_SEASON,11,2025-11-09T00:30:00Z,1762648200,333,Alabama Crimson Tide,Alabama,99,LSU Tigers,LSU,20,9,11,FBS,FBS,Southeastern Conference,Southeastern Conference,False,False,Bryant-Denny Stadium,Tuscaloosa,AL,REGULAR_SEASON,True,False,ESPN_PUBLIC_SCOREBOARD_API,TIER_2_MEDIA_AGGREGATOR,https://site.web.api.espn.com/apis/site/v2/sports/football/college-football/scoreboard?dates=20251108&groups=80&limit=400,3f024b9c9f6872b247165e5297ac8788dc1bb6641e3692b61b9d5599921ba81b,TIER_1_SOURCE_STALE_FOR_SEASON
ESPN-2025-401752760,2025,REGULAR_SEASON,11,2025-11-09T00:30:00Z,1762648200,96,Kentucky Wildcats,Kentucky,57,Florida Gators,Florida,38,7,31,FBS,FBS,Southeastern Conference,Southeastern Conference,False,False,Kroger Field,Lexington,KY,REGULAR_SEASON,True,False,ESPN_PUBLIC_SCOREBOARD_API,TIER_2_MEDIA_AGGREGATOR,https://site.web.api.espn.com/apis/site/v2/sports/football/college-football/scoreboard?dates=20251108&groups=80&limit=400,3f024b9c9f6872b247165e5297ac8788dc1bb6641e3692b61b9d5599921ba81b,TIER_1_SOURCE_STALE_FOR_SEASON
ESPN-2025-401757166,2025,REGULAR_SEASON,11,2025-11-09T00:30:00Z,1762648200,87,Notre Dame Fighting Irish,Notre Dame,2426,Navy Midshipmen,Navy,49,10,39,FBS,FBS,FBS Independents,American Conference,False,False,Notre Dame Stadium,Notre Dame,IN,REGULAR_SEASON,False,False,ESPN_PUBLIC_SCOREBOARD_API,TIER_2_MEDIA_AGGREGATOR,https://site.web.api.espn.com/apis/site/v2/sports/football/college-football/scoreboard?dates=20251108&groups=80&limit=400,3f024b9c9f6872b247165e5297ac8788dc1bb6641e3692b61b9d5599921ba81b,TIER_1_SOURCE_STALE_FOR_SEASON
ESPN-2025-401760409,2025,REGULAR_SEASON,11,2025-11-09T00:30:00Z,1762648200,328,Utah State Aggies,Utah State,2440,Nevada Wolf Pack,Nevada,51,14,37,FBS,FBS,Mountain West Conference,Mountain West Conference,False,False,Maverik Stadium,Logan,UT,REGULAR_SEASON,True,False,ESPN_PUBLIC_SCOREBOARD_API,TIER_2_MEDIA_AGGREGATOR,https://site.web.api.espn.com/apis/site/v2/sports/football/college-football/scoreboard?dates=20251108&groups=80&limit=400,3f024b9c9f6872b247165e5297ac8788dc1bb6641e3692b61b9d5599921ba81b,TIER_1_SOURCE_STALE_FOR_SEASON
ESPN-2025-401752895,2025,REGULAR_SEASON,11,2025-11-09T02:00:00Z,1762653600,26,UCLA Bruins,UCLA,158,Nebraska Cornhuskers,Nebraska,21,28,-7,FBS,FBS,Big Ten Conference,Big Ten Conference,False,False,Rose Bowl,Pasadena,CA,REGULAR_SEASON,True,False,ESPN_PUBLIC_SCOREBOARD_API,TIER_2_MEDIA_AGGREGATOR,https://site.web.api.espn.com/apis/site/v2/sports/football/college-football/scoreboard?dates=20251108&groups=80&limit=400,3f024b9c9f6872b247165e5297ac8788dc1bb6641e3692b61b9d5599921ba81b,TIER_1_SOURCE_STALE_FOR_SEASON
ESPN-2025-401760407,2025,REGULAR_SEASON,11,2025-11-09T02:30:00Z,1762655400,36,Colorado State Rams,Colorado State,2439,UNLV Rebels,UNLV,10,42,-32,FBS,FBS,Mountain West Conference,Mountain West Conference,False,False,Canvas Stadium,Fort Collins,CO,REGULAR_SEASON,True,False,ESPN_PUBLIC_SCOREBOARD_API,TIER_2_MEDIA_AGGREGATOR,https://site.web.api.espn.com/apis/site/v2/sports/football/college-football/scoreboard?dates=20251108&groups=80&limit=400,3f024b9c9f6872b247165e5297ac8788dc1bb6641e3692b61b9d5599921ba81b,TIER_1_SOURCE_STALE_FOR_SEASON
ESPN-2025-401752944,2025,REGULAR_SEASON,11,2025-11-09T03:00:00Z,1762657200,204,Oregon State Beavers,Oregon State,2534,Sam Houston Bearkats,Sam Houston,17,21,-4,FBS,FBS,Pac-12 Conference,Conference USA,False,False,Reser Stadium,Corvallis,OR,REGULAR_SEASON,False,False,ESPN_PUBLIC_SCOREBOARD_API,TIER_2_MEDIA_AGGREGATOR,https://site.web.api.espn.com/apis/site/v2/sports/football/college-football/scoreboard?dates=20251108&groups=80&limit=400,3f024b9c9f6872b247165e5297ac8788dc1bb6641e3692b61b9d5599921ba81b,TIER_1_SOURCE_STALE_FOR_SEASON
ESPN-2025-401760408,2025,REGULAR_SEASON,11,2025-11-09T04:00:00Z,1762660800,62,Hawai'i Rainbow Warriors,Hawai'i,21,San Diego State Aztecs,San Diego State,38,6,32,FBS,FBS,Mountain West Conference,Mountain West Conference,False,False,Clarence T.C. Ching Athletics Complex,Honolulu,HI,REGULAR_SEASON,True,False,ESPN_PUBLIC_SCOREBOARD_API,TIER_2_MEDIA_AGGREGATOR,https://site.web.api.espn.com/apis/site/v2/sports/football/college-football/scoreboard?dates=20251108&groups=80&limit=400,3f024b9c9f6872b247165e5297ac8788dc1bb6641e3692b61b9d5599921ba81b,TIER_1_SOURCE_STALE_FOR_SEASON
ESPN-2025-401762856,2025,REGULAR_SEASON,12,2025-11-12T00:30:00Z,1762907400,2006,Akron Zips,Akron,2309,Kent State Golden Flashes,Kent State,35,42,-7,FBS,FBS,Mid-American Conference,Mid-American Conference,False,False,InfoCision Stadium,Akron,OH,REGULAR_SEASON,True,True,ESPN_PUBLIC_SCOREBOARD_API,TIER_2_MEDIA_AGGREGATOR,https://site.web.api.espn.com/apis/site/v2/sports/football/college-football/scoreboard?dates=20251111&groups=80&limit=400,0c287805f389c75519d451008d57dcdb5c7ecc50b404e0c09d48d0b510700337,TIER_1_SOURCE_STALE_FOR_SEASON
ESPN-2025-401762857,2025,REGULAR_SEASON,12,2025-11-12T01:00:00Z,1762909200,2711,Western Michigan Broncos,Western Michigan,195,Ohio Bobcats,Ohio,17,13,4,FBS,FBS,Mid-American Conference,Mid-American Conference,False,False,Waldo Stadium,Kalamazoo,MI,REGULAR_SEASON,True,False,ESPN_PUBLIC_SCOREBOARD_API,TIER_2_MEDIA_AGGREGATOR,https://site.web.api.espn.com/apis/site/v2/sports/football/college-football/scoreboard?dates=20251111&groups=80&limit=400,0c287805f389c75519d451008d57dcdb5c7ecc50b404e0c09d48d0b510700337,TIER_1_SOURCE_STALE_FOR_SEASON
ESPN-2025-401762858,2025,REGULAR_SEASON,12,2025-11-13T00:00:00Z,1762992000,2117,Central Michigan Chippewas,Central Michigan,2084,Buffalo Bulls,Buffalo,38,19,19,FBS,FBS,Mid-American Conference,Mid-American Conference,False,False,Kelly/Shorts Stadium,Mount Pleasant,MI,REGULAR_SEASON,True,False,ESPN_PUBLIC_SCOREBOARD_API,TIER_2_MEDIA_AGGREGATOR,https://site.web.api.espn.com/apis/site/v2/sports/football/college-football/scoreboard?dates=20251112&groups=80&limit=400,50074ff4f4c6ccfb5ca7f953b33dcc8ae4697eb9783436eddf697829f4ed1b81,TIER_1_SOURCE_STALE_FOR_SEASON
ESPN-2025-401762859,2025,REGULAR_SEASON,12,2025-11-13T00:00:00Z,1762992000,113,Massachusetts Minutemen,Massachusetts,2459,Northern Illinois Huskies,Northern Illinois,3,45,-42,FBS,FBS,Mid-American Conference,Mid-American Conference,False,False,Warren McGuirk Alumni Stadium,Amherst,MA,REGULAR_SEASON,True,False,ESPN_PUBLIC_SCOREBOARD_API,TIER_2_MEDIA_AGGREGATOR,https://site.web.api.espn.com/apis/site/v2/sports/football/college-football/scoreboard?dates=20251112&groups=80&limit=400,50074ff4f4c6ccfb5ca7f953b33dcc8ae4697eb9783436eddf697829f4ed1b81,TIER_1_SOURCE_STALE_FOR_SEASON
ESPN-2025-401762860,2025,REGULAR_SEASON,12,2025-11-13T00:00:00Z,1762992000,193,Miami (OH) RedHawks,Miami (OH),2649,Toledo Rockets,Toledo,3,24,-21,FBS,FBS,Mid-American Conference,Mid-American Conference,False,False,Yager Stadium,Oxford,OH,REGULAR_SEASON,True,False,ESPN_PUBLIC_SCOREBOARD_API,TIER_2_MEDIA_AGGREGATOR,https://site.web.api.espn.com/apis/site/v2/sports/football/college-football/scoreboard?dates=20251112&groups=80&limit=400,50074ff4f4c6ccfb5ca7f953b33dcc8ae4697eb9783436eddf697829f4ed1b81,TIER_1_SOURCE_STALE_FOR_SEASON
ESPN-2025-401761649,2025,REGULAR_SEASON,12,2025-11-14T00:30:00Z,1763080200,295,Old Dominion Monarchs,Old Dominion,2653,Troy Trojans,Troy,33,0,33,FBS,FBS,Sun Belt Conference,Sun Belt Conference,False,False,S.B. Ballard Stadium,Norfolk,VA,REGULAR_SEASON,True,False,ESPN_PUBLIC_SCOREBOARD_API,TIER_2_MEDIA_AGGREGATOR,https://site.web.api.espn.com/apis/site/v2/sports/football/college-football/scoreboard?dates=20251113&groups=80&limit=400,2c4083f3dd627a22b6dc5953507f030054ec9dca033f27027dd3b8a095d11bde,TIER_1_SOURCE_STALE_FOR_SEASON
ESPN-2025-401754591,2025,REGULAR_SEASON,12,2025-11-15T00:30:00Z,1763166600,97,Louisville Cardinals,Louisville,228,Clemson Tigers,Clemson,19,20,-1,FBS,FBS,Atlantic Coast Conference,Atlantic Coast Conference,False,False,L&N Federal Credit Union Stadium,Louisville,KY,REGULAR_SEASON,True,False,ESPN_PUBLIC_SCOREBOARD_API,TIER_2_MEDIA_AGGREGATOR,https://site.web.api.espn.com/apis/site/v2/sports/football/college-football/scoreboard?dates=20251114&groups=80&limit=400,0025a22fc681655804e459e6d277fcf11dffa2c20e0157469fc3b806d639b621,TIER_1_SOURCE_STALE_FOR_SEASON
ESPN-2025-401752904,2025,REGULAR_SEASON,12,2025-11-15T02:00:00Z,1763172000,2483,Oregon Ducks,Oregon,135,Minnesota Golden Gophers,Minnesota,42,13,29,FBS,FBS,Big Ten Conference,Big Ten Conference,False,False,Autzen Stadium,Eugene,OR,REGULAR_SEASON,True,False,ESPN_PUBLIC_SCOREBOARD_API,TIER_2_MEDIA_AGGREGATOR,https://site.web.api.espn.com/apis/site/v2/sports/football/college-football/scoreboard?dates=20251114&groups=80&limit=400,0025a22fc681655804e459e6d277fcf11dffa2c20e0157469fc3b806d639b621,TIER_1_SOURCE_STALE_FOR_SEASON
ESPN-2025-401752772,2025,REGULAR_SEASON,12,2025-11-15T17:00:00Z,1763226000,245,Texas A&M Aggies,Texas A&M,2579,South Carolina Gamecocks,South Carolina,31,30,1,FBS,FBS,Southeastern Conference,Southeastern Conference,False,False,Kyle Field,College Station,TX,REGULAR_SEASON,True,False,ESPN_PUBLIC_SCOREBOARD_API,TIER_2_MEDIA_AGGREGATOR,https://site.web.api.espn.com/apis/site/v2/sports/football/college-football/scoreboard?dates=20251115&groups=80&limit=400,687babae7cbf522959b15302ae23543cf662652a3d1b83167e2a260d925d8033,TIER_1_SOURCE_STALE_FOR_SEASON
ESPN-2025-401752901,2025,REGULAR_SEASON,12,2025-11-15T17:00:00Z,1763226000,84,Indiana Hoosiers,Indiana,275,Wisconsin Badgers,Wisconsin,31,7,24,FBS,FBS,Big Ten Conference,Big Ten Conference,False,False,"Memorial Stadium (Bloomington, IN)",Bloomington,IN,REGULAR_SEASON,True,False,ESPN_PUBLIC_SCOREBOARD_API,TIER_2_MEDIA_AGGREGATOR,https://site.web.api.espn.com/apis/site/v2/sports/football/college-football/scoreboard?dates=20251115&groups=80&limit=400,687babae7cbf522959b15302ae23543cf662652a3d1b83167e2a260d925d8033,TIER_1_SOURCE_STALE_FOR_SEASON
ESPN-2025-401752905,2025,REGULAR_SEASON,12,2025-11-15T17:00:00Z,1763226000,77,Northwestern Wildcats,Northwestern,130,Michigan Wolverines,Michigan,22,24,-2,FBS,FBS,Big Ten Conference,Big Ten Conference,False,False,Wrigley Field,Chicago,IL,REGULAR_SEASON,True,False,ESPN_PUBLIC_SCOREBOARD_API,TIER_2_MEDIA_AGGREGATOR,https://site.web.api.espn.com/apis/site/v2/sports/football/college-football/scoreboard?dates=20251115&groups=80&limit=400,687babae7cbf522959b15302ae23543cf662652a3d1b83167e2a260d925d8033,TIER_1_SOURCE_STALE_FOR_SEASON
ESPN-2025-401754597,2025,REGULAR_SEASON,12,2025-11-15T17:00:00Z,1763226000,221,Pittsburgh Panthers,Pittsburgh,87,Notre Dame Fighting Irish,Notre Dame,15,37,-22,FBS,FBS,Atlantic Coast Conference,FBS Independents,False,False,Acrisure Stadium,Pittsburgh,PA,REGULAR_SEASON,False,False,ESPN_PUBLIC_SCOREBOARD_API,TIER_2_MEDIA_AGGREGATOR,https://site.web.api.espn.com/apis/site/v2/sports/football/college-football/scoreboard?dates=20251115&groups=80&limit=400,687babae7cbf522959b15302ae23543cf662652a3d1b83167e2a260d925d8033,TIER_1_SOURCE_STALE_FOR_SEASON
ESPN-2025-401756951,2025,REGULAR_SEASON,12,2025-11-15T17:00:00Z,1763226000,2132,Cincinnati Bearcats,Cincinnati,12,Arizona Wildcats,Arizona,24,30,-6,FBS,FBS,Big 12 Conference,Big 12 Conference,False,False,Nippert Stadium,Cincinnati,OH,REGULAR_SEASON,True,False,ESPN_PUBLIC_SCOREBOARD_API,TIER_2_MEDIA_AGGREGATOR,https://site.web.api.espn.com/apis/site/v2/sports/football/college-football/scoreboard?dates=20251115&groups=80&limit=400,687babae7cbf522959b15302ae23543cf662652a3d1b83167e2a260d925d8033,TIER_1_SOURCE_STALE_FOR_SEASON
ESPN-2025-401756952,2025,REGULAR_SEASON,12,2025-11-15T17:00:00Z,1763226000,197,Oklahoma State Cowboys,Oklahoma State,2306,Kansas State Wildcats,Kansas State,6,14,-8,FBS,FBS,Big 12 Conference,Big 12 Conference,False,False,Boone Pickens Stadium,Stillwater,OK,REGULAR_SEASON,True,False,ESPN_PUBLIC_SCOREBOARD_API,TIER_2_MEDIA_AGGREGATOR,https://site.web.api.espn.com/apis/site/v2/sports/football/college-football/scoreboard?dates=20251115&groups=80&limit=400,687babae7cbf522959b15302ae23543cf662652a3d1b83167e2a260d925d8033,TIER_1_SOURCE_STALE_FOR_SEASON
ESPN-2025-401757174,2025,REGULAR_SEASON,12,2025-11-15T17:00:00Z,1763226000,41,UConn Huskies,UConn,2005,Air Force Falcons,Air Force,26,16,10,FBS,FBS,FBS Independents,Mountain West Conference,False,False,Pratt & Whitney Stadium,East Hartford,CT,REGULAR_SEASON,False,False,ESPN_PUBLIC_SCOREBOARD_API,TIER_2_MEDIA_AGGREGATOR,https://site.web.api.espn.com/apis/site/v2/sports/football/college-football/scoreboard?dates=20251115&groups=80&limit=400,687babae7cbf522959b15302ae23543cf662652a3d1b83167e2a260d925d8033,TIER_1_SOURCE_STALE_FOR_SEASON
ESPN-2025-401762507,2025,REGULAR_SEASON,12,2025-11-15T17:00:00Z,1763226000,2429,Charlotte 49ers,Charlotte,2636,UTSA Roadrunners,UTSA,7,28,-21,FBS,FBS,American Conference,American Conference,False,False,Jerry Richardson Stadium,Charlotte,NC,REGULAR_SEASON,True,False,ESPN_PUBLIC_SCOREBOARD_API,TIER_2_MEDIA_AGGREGATOR,https://site.web.api.espn.com/apis/site/v2/sports/football/college-football/scoreboard?dates=20251115&groups=80&limit=400,687babae7cbf522959b15302ae23543cf662652a3d1b83167e2a260d925d8033,TIER_1_SOURCE_STALE_FOR_SEASON
ESPN-2025-401762510,2025,REGULAR_SEASON,12,2025-11-15T17:00:00Z,1763226000,2426,Navy Midshipmen,Navy,58,South Florida Bulls,South Florida,41,38,3,FBS,FBS,American Conference,American Conference,False,False,Navy-Marine Corps Memorial Stadium,Annapolis,MD,REGULAR_SEASON,True,False,ESPN_PUBLIC_SCOREBOARD_API,TIER_2_MEDIA_AGGREGATOR,https://site.web.api.espn.com/apis/site/v2/sports/football/college-football/scoreboard?dates=20251115&groups=80&limit=400,687babae7cbf522959b15302ae23543cf662652a3d1b83167e2a260d925d8033,TIER_1_SOURCE_STALE_FOR_SEASON
ESPN-2025-401762861,2025,REGULAR_SEASON,12,2025-11-15T17:00:00Z,1763226000,2050,Ball State Cardinals,Ball State,2199,Eastern Michigan Eagles,Eastern Michigan,9,24,-15,FBS,FBS,Mid-American Conference,Mid-American Conference,False,False,Scheumann Stadium,Muncie,IN,REGULAR_SEASON,True,False,ESPN_PUBLIC_SCOREBOARD_API,TIER_2_MEDIA_AGGREGATOR,https://site.web.api.espn.com/apis/site/v2/sports/football/college-football/scoreboard?dates=20251115&groups=80&limit=400,687babae7cbf522959b15302ae23543cf662652a3d1b83167e2a260d925d8033,TIER_1_SOURCE_STALE_FOR_SEASON
ESPN-2025-401752768,2025,REGULAR_SEASON,12,2025-11-15T17:45:00Z,1763228700,99,LSU Tigers,LSU,8,Arkansas Razorbacks,Arkansas,23,22,1,FBS,FBS,Southeastern Conference,Southeastern Conference,False,False,Tiger Stadium (LA),Baton Rouge,LA,REGULAR_SEASON,True,False,ESPN_PUBLIC_SCOREBOARD_API,TIER_2_MEDIA_AGGREGATOR,https://site.web.api.espn.com/apis/site/v2/sports/football/college-football/scoreboard?dates=20251115&groups=80&limit=400,687babae7cbf522959b15302ae23543cf662652a3d1b83167e2a260d925d8033,TIER_1_SOURCE_STALE_FOR_SEASON
ESPN-2025-401752945,2025,REGULAR_SEASON,12,2025-11-15T18:00:00Z,1763229600,202,Tulsa Golden Hurricane,Tulsa,204,Oregon State Beavers,Oregon State,31,14,17,FBS,FBS,American Conference,Pac-12 Conference,False,False,H. A. Chapman Stadium,Tulsa,OK,REGULAR_SEASON,False,False,ESPN_PUBLIC_SCOREBOARD_API,TIER_2_MEDIA_AGGREGATOR,https://site.web.api.espn.com/apis/site/v2/sports/football/college-football/scoreboard?dates=20251115&groups=80&limit=400,687babae7cbf522959b15302ae23543cf662652a3d1b83167e2a260d925d8033,TIER_1_SOURCE_STALE_FOR_SEASON
ESPN-2025-401756948,2025,REGULAR_SEASON,12,2025-11-15T18:00:00Z,1763229600,9,Arizona State Sun Devils,Arizona State,277,West Virginia Mountaineers,West Virginia,25,23,2,FBS,FBS,Big 12 Conference,Big 12 Conference,False,False,Mountain America Stadium,Tempe,AZ,REGULAR_SEASON,True,False,ESPN_PUBLIC_SCOREBOARD_API,TIER_2_MEDIA_AGGREGATOR,https://site.web.api.espn.com/apis/site/v2/sports/football/college-football/scoreboard?dates=20251115&groups=80&limit=400,687babae7cbf522959b15302ae23543cf662652a3d1b83167e2a260d925d8033,TIER_1_SOURCE_STALE_FOR_SEASON
ESPN-2025-401752767,2025,REGULAR_SEASON,12,2025-11-15T18:30:00Z,1763231400,96,Kentucky Wildcats,Kentucky,2635,Tennessee Tech Golden Eagles,Tennessee Tech,42,10,32,FBS,FCS,Southeastern Conference,Ohio Valley Conference,True,False,Kroger Field,Lexington,KY,REGULAR_SEASON,False,False,ESPN_PUBLIC_SCOREBOARD_API,TIER_2_MEDIA_AGGREGATOR,https://site.web.api.espn.com/apis/site/v2/sports/football/college-football/scoreboard?dates=20251115&groups=80&limit=400,687babae7cbf522959b15302ae23543cf662652a3d1b83167e2a260d925d8033,TIER_1_SOURCE_STALE_FOR_SEASON
ESPN-2025-401761651,2025,REGULAR_SEASON,12,2025-11-15T19:00:00Z,1763233200,2247,Georgia State Panthers,Georgia State,276,Marshall Thundering Herd,Marshall,18,30,-12,FBS,FBS,Sun Belt Conference,Sun Belt Conference,False,False,Center Parc Stadium,Atlanta,GA,REGULAR_SEASON,True,False,ESPN_PUBLIC_SCOREBOARD_API,TIER_2_MEDIA_AGGREGATOR,https://site.web.api.espn.com/apis/site/v2/sports/football/college-football/scoreboard?dates=20251115&groups=80&limit=400,687babae7cbf522959b15302ae23543cf662652a3d1b83167e2a260d925d8033,TIER_1_SOURCE_STALE_FOR_SEASON
ESPN-2025-401762506,2025,REGULAR_SEASON,12,2025-11-15T19:00:00Z,1763233200,5,UAB Blazers,UAB,249,North Texas Mean Green,North Texas,24,53,-29,FBS,FBS,American Conference,American Conference,False,False,Protective Stadium,Birmingham,AL,REGULAR_SEASON,True,False,ESPN_PUBLIC_SCOREBOARD_API,TIER_2_MEDIA_AGGREGATOR,https://site.web.api.espn.com/apis/site/v2/sports/football/college-football/scoreboard?dates=20251115&groups=80&limit=400,687babae7cbf522959b15302ae23543cf662652a3d1b83167e2a260d925d8033,TIER_1_SOURCE_STALE_FOR_SEASON
ESPN-2025-401757304,2025,REGULAR_SEASON,12,2025-11-15T20:00:00Z,1763236800,2623,Missouri State Bears,Missouri State,2638,UTEP Miners,UTEP,38,24,14,FBS,FBS,Conference USA,Conference USA,False,False,Robert W. Plaster Stadium,Springfield,MO,REGULAR_SEASON,True,False,ESPN_PUBLIC_SCOREBOARD_API,TIER_2_MEDIA_AGGREGATOR,https://site.web.api.espn.com/apis/site/v2/sports/football/college-football/scoreboard?dates=20251115&groups=80&limit=400,687babae7cbf522959b15302ae23543cf662652a3d1b83167e2a260d925d8033,TIER_1_SOURCE_STALE_FOR_SEASON
ESPN-2025-401760411,2025,REGULAR_SEASON,12,2025-11-15T20:00:00Z,1763236800,167,New Mexico Lobos,New Mexico,36,Colorado State Rams,Colorado State,20,17,3,FBS,FBS,Mountain West Conference,Mountain West Conference,False,False,University Stadium (NM),Albuquerque,NM,REGULAR_SEASON,True,False,ESPN_PUBLIC_SCOREBOARD_API,TIER_2_MEDIA_AGGREGATOR,https://site.web.api.espn.com/apis/site/v2/sports/football/college-football/scoreboard?dates=20251115&groups=80&limit=400,687babae7cbf522959b15302ae23543cf662652a3d1b83167e2a260d925d8033,TIER_1_SOURCE_STALE_FOR_SEASON
ESPN-2025-401752765,2025,REGULAR_SEASON,12,2025-11-15T20:30:00Z,1763238600,333,Alabama Crimson Tide,Alabama,201,Oklahoma Sooners,Oklahoma,21,23,-2,FBS,FBS,Southeastern Conference,Southeastern Conference,False,False,Bryant-Denny Stadium,Tuscaloosa,AL,REGULAR_SEASON,True,False,ESPN_PUBLIC_SCOREBOARD_API,TIER_2_MEDIA_AGGREGATOR,https://site.web.api.espn.com/apis/site/v2/sports/football/college-football/scoreboard?dates=20251115&groups=80&limit=400,687babae7cbf522959b15302ae23543cf662652a3d1b83167e2a260d925d8033,TIER_1_SOURCE_STALE_FOR_SEASON
ESPN-2025-401752903,2025,REGULAR_SEASON,12,2025-11-15T20:30:00Z,1763238600,127,Michigan State Spartans,Michigan State,213,Penn State Nittany Lions,Penn State,10,28,-18,FBS,FBS,Big Ten Conference,Big Ten Conference,False,False,Spartan Stadium,East Lansing,MI,REGULAR_SEASON,True,False,ESPN_PUBLIC_SCOREBOARD_API,TIER_2_MEDIA_AGGREGATOR,https://site.web.api.espn.com/apis/site/v2/sports/football/college-football/scoreboard?dates=20251115&groups=80&limit=400,687babae7cbf522959b15302ae23543cf662652a3d1b83167e2a260d925d8033,TIER_1_SOURCE_STALE_FOR_SEASON
ESPN-2025-401752906,2025,REGULAR_SEASON,12,2025-11-15T20:30:00Z,1763238600,356,Illinois Fighting Illini,Illinois,120,Maryland Terrapins,Maryland,24,6,18,FBS,FBS,Big Ten Conference,Big Ten Conference,False,False,Gies Memorial Stadium,Champaign,IL,REGULAR_SEASON,True,False,ESPN_PUBLIC_SCOREBOARD_API,TIER_2_MEDIA_AGGREGATOR,https://site.web.api.espn.com/apis/site/v2/sports/football/college-football/scoreboard?dates=20251115&groups=80&limit=400,687babae7cbf522959b15302ae23543cf662652a3d1b83167e2a260d925d8033,TIER_1_SOURCE_STALE_FOR_SEASON
ESPN-2025-401752907,2025,REGULAR_SEASON,12,2025-11-15T20:30:00Z,1763238600,30,USC Trojans,USC,2294,Iowa Hawkeyes,Iowa,26,21,5,FBS,FBS,Big Ten Conference,Big Ten Conference,False,False,Los Angeles Memorial Coliseum,Los Angeles,CA,REGULAR_SEASON,True,False,ESPN_PUBLIC_SCOREBOARD_API,TIER_2_MEDIA_AGGREGATOR,https://site.web.api.espn.com/apis/site/v2/sports/football/college-football/scoreboard?dates=20251115&groups=80&limit=400,687babae7cbf522959b15302ae23543cf662652a3d1b83167e2a260d925d8033,TIER_1_SOURCE_STALE_FOR_SEASON
ESPN-2025-401754592,2025,REGULAR_SEASON,12,2025-11-15T20:30:00Z,1763238600,103,Boston College Eagles,Boston College,59,Georgia Tech Yellow Jackets,Georgia Tech,34,36,-2,FBS,FBS,Atlantic Coast Conference,Atlantic Coast Conference,False,False,"Alumni Stadium (Chestnut Hill, MA)",Chestnut Hill,MA,REGULAR_SEASON,True,False,ESPN_PUBLIC_SCOREBOARD_API,TIER_2_MEDIA_AGGREGATOR,https://site.web.api.espn.com/apis/site/v2/sports/football/college-football/scoreboard?dates=20251115&groups=80&limit=400,687babae7cbf522959b15302ae23543cf662652a3d1b83167e2a260d925d8033,TIER_1_SOURCE_STALE_FOR_SEASON
ESPN-2025-401756953,2025,REGULAR_SEASON,12,2025-11-15T20:30:00Z,1763238600,2641,Texas Tech Red Raiders,Texas Tech,2116,UCF Knights,UCF,48,9,39,FBS,FBS,Big 12 Conference,Big 12 Conference,False,False,Galaxy Stadium,Lubbock,TX,REGULAR_SEASON,True,False,ESPN_PUBLIC_SCOREBOARD_API,TIER_2_MEDIA_AGGREGATOR,https://site.web.api.espn.com/apis/site/v2/sports/football/college-football/scoreboard?dates=20251115&groups=80&limit=400,687babae7cbf522959b15302ae23543cf662652a3d1b83167e2a260d925d8033,TIER_1_SOURCE_STALE_FOR_SEASON
ESPN-2025-401757303,2025,REGULAR_SEASON,12,2025-11-15T20:30:00Z,1763238600,98,Western Kentucky Hilltoppers,Western Kentucky,2393,Middle Tennessee Blue Raiders,Middle Tennessee,42,26,16,FBS,FBS,Conference USA,Conference USA,False,False,Houchens Industries-L.T. Smith Stadium,Bowling Green,KY,REGULAR_SEASON,True,False,ESPN_PUBLIC_SCOREBOARD_API,TIER_2_MEDIA_AGGREGATOR,https://site.web.api.espn.com/apis/site/v2/sports/football/college-football/scoreboard?dates=20251115&groups=80&limit=400,687babae7cbf522959b15302ae23543cf662652a3d1b83167e2a260d925d8033,TIER_1_SOURCE_STALE_FOR_SEASON
ESPN-2025-401760413,2025,REGULAR_SEASON,12,2025-11-15T20:30:00Z,1763238600,2440,Nevada Wolf Pack,Nevada,23,San José State Spartans,San José State,55,10,45,FBS,FBS,Mountain West Conference,Mountain West Conference,False,False,Mackay Stadium,Reno,NV,REGULAR_SEASON,True,False,ESPN_PUBLIC_SCOREBOARD_API,TIER_2_MEDIA_AGGREGATOR,https://site.web.api.espn.com/apis/site/v2/sports/football/college-football/scoreboard?dates=20251115&groups=80&limit=400,687babae7cbf522959b15302ae23543cf662652a3d1b83167e2a260d925d8033,TIER_1_SOURCE_STALE_FOR_SEASON
ESPN-2025-401761652,2025,REGULAR_SEASON,12,2025-11-15T20:30:00Z,1763238600,256,James Madison Dukes,James Madison,2026,App State Mountaineers,App State,58,10,48,FBS,FBS,Sun Belt Conference,Sun Belt Conference,False,False,Bridgeforth Stadium,Harrisonburg,VA,REGULAR_SEASON,True,False,ESPN_PUBLIC_SCOREBOARD_API,TIER_2_MEDIA_AGGREGATOR,https://site.web.api.espn.com/apis/site/v2/sports/football/college-football/scoreboard?dates=20251115&groups=80&limit=400,687babae7cbf522959b15302ae23543cf662652a3d1b83167e2a260d925d8033,TIER_1_SOURCE_STALE_FOR_SEASON
ESPN-2025-401761653,2025,REGULAR_SEASON,12,2025-11-15T20:30:00Z,1763238600,2433,UL Monroe Warhawks,UL Monroe,6,South Alabama Jaguars,South Alabama,14,26,-12,FBS,FBS,Sun Belt Conference,Sun Belt Conference,False,False,Malone Stadium,Monroe,LA,REGULAR_SEASON,True,False,ESPN_PUBLIC_SCOREBOARD_API,TIER_2_MEDIA_AGGREGATOR,https://site.web.api.espn.com/apis/site/v2/sports/football/college-football/scoreboard?dates=20251115&groups=80&limit=400,687babae7cbf522959b15302ae23543cf662652a3d1b83167e2a260d925d8033,TIER_1_SOURCE_STALE_FOR_SEASON
ESPN-2025-401761654,2025,REGULAR_SEASON,12,2025-11-15T20:30:00Z,1763238600,2572,Southern Miss Golden Eagles,Southern Miss,326,Texas State Bobcats,Texas State,14,41,-27,FBS,FBS,Sun Belt Conference,Sun Belt Conference,False,False,M. M. Roberts Stadium,Hattiesburg,MS,REGULAR_SEASON,True,False,ESPN_PUBLIC_SCOREBOARD_API,TIER_2_MEDIA_AGGREGATOR,https://site.web.api.espn.com/apis/site/v2/sports/football/college-football/scoreboard?dates=20251115&groups=80&limit=400,687babae7cbf522959b15302ae23543cf662652a3d1b83167e2a260d925d8033,TIER_1_SOURCE_STALE_FOR_SEASON
ESPN-2025-401754593,2025,REGULAR_SEASON,12,2025-11-15T20:35:00Z,1763238900,150,Duke Blue Devils,Duke,258,Virginia Cavaliers,Virginia,17,34,-17,FBS,FBS,Atlantic Coast Conference,Atlantic Coast Conference,False,False,Wallace Wade Stadium,Durham,NC,REGULAR_SEASON,True,False,ESPN_PUBLIC_SCOREBOARD_API,TIER_2_MEDIA_AGGREGATOR,https://site.web.api.espn.com/apis/site/v2/sports/football/college-football/scoreboard?dates=20251115&groups=80&limit=400,687babae7cbf522959b15302ae23543cf662652a3d1b83167e2a260d925d8033,TIER_1_SOURCE_STALE_FOR_SEASON
ESPN-2025-401754595,2025,REGULAR_SEASON,12,2025-11-15T20:40:00Z,1763239200,2390,Miami Hurricanes,Miami,152,NC State Wolfpack,NC State,41,7,34,FBS,FBS,Atlantic Coast Conference,Atlantic Coast Conference,False,False,Hard Rock Stadium,Miami Gardens,FL,REGULAR_SEASON,True,False,ESPN_PUBLIC_SCOREBOARD_API,TIER_2_MEDIA_AGGREGATOR,https://site.web.api.espn.com/apis/site/v2/sports/football/college-football/scoreboard?dates=20251115&groups=80&limit=400,687babae7cbf522959b15302ae23543cf662652a3d1b83167e2a260d925d8033,TIER_1_SOURCE_STALE_FOR_SEASON
ESPN-2025-401762508,2025,REGULAR_SEASON,12,2025-11-15T21:00:00Z,1763240400,151,East Carolina Pirates,East Carolina,235,Memphis Tigers,Memphis,31,27,4,FBS,FBS,American Conference,American Conference,False,False,Dowdy-Ficklen Stadium,Greenville,NC,REGULAR_SEASON,True,False,ESPN_PUBLIC_SCOREBOARD_API,TIER_2_MEDIA_AGGREGATOR,https://site.web.api.espn.com/apis/site/v2/sports/football/college-football/scoreboard?dates=20251115&groups=80&limit=400,687babae7cbf522959b15302ae23543cf662652a3d1b83167e2a260d925d8033,TIER_1_SOURCE_STALE_FOR_SEASON
ESPN-2025-401762509,2025,REGULAR_SEASON,12,2025-11-15T21:00:00Z,1763240400,2655,Tulane Green Wave,Tulane,2226,Florida Atlantic Owls,Florida Atlantic,35,24,11,FBS,FBS,American Conference,American Conference,False,False,Yulman Stadium,New Orleans,LA,REGULAR_SEASON,True,False,ESPN_PUBLIC_SCOREBOARD_API,TIER_2_MEDIA_AGGREGATOR,https://site.web.api.espn.com/apis/site/v2/sports/football/college-football/scoreboard?dates=20251115&groups=80&limit=400,687babae7cbf522959b15302ae23543cf662652a3d1b83167e2a260d925d8033,TIER_1_SOURCE_STALE_FOR_SEASON
ESPN-2025-401752771,2025,REGULAR_SEASON,12,2025-11-15T21:15:00Z,1763241300,2633,Tennessee Volunteers,Tennessee,166,New Mexico State Aggies,New Mexico State,42,9,33,FBS,FBS,Southeastern Conference,Conference USA,False,False,Neyland Stadium,Knoxville,TN,REGULAR_SEASON,False,False,ESPN_PUBLIC_SCOREBOARD_API,TIER_2_MEDIA_AGGREGATOR,https://site.web.api.espn.com/apis/site/v2/sports/football/college-football/scoreboard?dates=20251115&groups=80&limit=400,687babae7cbf522959b15302ae23543cf662652a3d1b83167e2a260d925d8033,TIER_1_SOURCE_STALE_FOR_SEASON
ESPN-2025-401754596,2025,REGULAR_SEASON,12,2025-11-15T21:30:00Z,1763242200,154,Wake Forest Demon Deacons,Wake Forest,153,North Carolina Tar Heels,North Carolina,28,12,16,FBS,FBS,Atlantic Coast Conference,Atlantic Coast Conference,False,False,Allegacy Federal Credit Union Stadium,Winston-Salem,NC,REGULAR_SEASON,True,False,ESPN_PUBLIC_SCOREBOARD_API,TIER_2_MEDIA_AGGREGATOR,https://site.web.api.espn.com/apis/site/v2/sports/football/college-football/scoreboard?dates=20251115&groups=80&limit=400,687babae7cbf522959b15302ae23543cf662652a3d1b83167e2a260d925d8033,TIER_1_SOURCE_STALE_FOR_SEASON
ESPN-2025-401757301,2025,REGULAR_SEASON,12,2025-11-15T22:00:00Z,1763244000,2229,Florida International Panthers,Florida International,2335,Liberty Flames,Liberty,34,27,7,FBS,FBS,Conference USA,Conference USA,False,False,Pitbull Stadium,Miami,FL,REGULAR_SEASON,True,True,ESPN_PUBLIC_SCOREBOARD_API,TIER_2_MEDIA_AGGREGATOR,https://site.web.api.espn.com/apis/site/v2/sports/football/college-football/scoreboard?dates=20251115&groups=80&limit=400,687babae7cbf522959b15302ae23543cf662652a3d1b83167e2a260d925d8033,TIER_1_SOURCE_STALE_FOR_SEASON
ESPN-2025-401761650,2025,REGULAR_SEASON,12,2025-11-15T23:00:00Z,1763247600,290,Georgia Southern Eagles,Georgia Southern,324,Coastal Carolina Chanticleers,Coastal Carolina,45,40,5,FBS,FBS,Sun Belt Conference,Sun Belt Conference,False,False,Allen E. Paulson Stadium,Statesboro,GA,REGULAR_SEASON,True,False,ESPN_PUBLIC_SCOREBOARD_API,TIER_2_MEDIA_AGGREGATOR,https://site.web.api.espn.com/apis/site/v2/sports/football/college-football/scoreboard?dates=20251115&groups=80&limit=400,687babae7cbf522959b15302ae23543cf662652a3d1b83167e2a260d925d8033,TIER_1_SOURCE_STALE_FOR_SEASON
ESPN-2025-401752769,2025,REGULAR_SEASON,12,2025-11-16T00:00:00Z,1763251200,145,Ole Miss Rebels,Ole Miss,57,Florida Gators,Florida,34,24,10,FBS,FBS,Southeastern Conference,Southeastern Conference,False,False,Vaught-Hemingway Stadium,Oxford,MS,REGULAR_SEASON,True,False,ESPN_PUBLIC_SCOREBOARD_API,TIER_2_MEDIA_AGGREGATOR,https://site.web.api.espn.com/apis/site/v2/sports/football/college-football/scoreboard?dates=20251115&groups=80&limit=400,687babae7cbf522959b15302ae23543cf662652a3d1b83167e2a260d925d8033,TIER_1_SOURCE_STALE_FOR_SEASON
ESPN-2025-401752902,2025,REGULAR_SEASON,12,2025-11-16T00:00:00Z,1763251200,264,Washington Huskies,Washington,2509,Purdue Boilermakers,Purdue,49,13,36,FBS,FBS,Big Ten Conference,Big Ten Conference,False,False,Husky Stadium,Seattle,WA,REGULAR_SEASON,True,False,ESPN_PUBLIC_SCOREBOARD_API,TIER_2_MEDIA_AGGREGATOR,https://site.web.api.espn.com/apis/site/v2/sports/football/college-football/scoreboard?dates=20251115&groups=80&limit=400,687babae7cbf522959b15302ae23543cf662652a3d1b83167e2a260d925d8033,TIER_1_SOURCE_STALE_FOR_SEASON
ESPN-2025-401756949,2025,REGULAR_SEASON,12,2025-11-16T00:00:00Z,1763251200,239,Baylor Bears,Baylor,254,Utah Utes,Utah,28,55,-27,FBS,FBS,Big 12 Conference,Big 12 Conference,False,False,McLane Stadium,Waco,TX,REGULAR_SEASON,True,False,ESPN_PUBLIC_SCOREBOARD_API,TIER_2_MEDIA_AGGREGATOR,https://site.web.api.espn.com/apis/site/v2/sports/football/college-football/scoreboard?dates=20251115&groups=80&limit=400,687babae7cbf522959b15302ae23543cf662652a3d1b83167e2a260d925d8033,TIER_1_SOURCE_STALE_FOR_SEASON
ESPN-2025-401757300,2025,REGULAR_SEASON,12,2025-11-16T00:00:00Z,1763251200,2534,Sam Houston Bearkats,Sam Houston,48,Delaware Blue Hens,Delaware,26,23,3,FBS,FBS,Conference USA,Conference USA,False,False,Shell Energy Stadium,Houston,TX,REGULAR_SEASON,True,False,ESPN_PUBLIC_SCOREBOARD_API,TIER_2_MEDIA_AGGREGATOR,https://site.web.api.espn.com/apis/site/v2/sports/football/college-football/scoreboard?dates=20251115&groups=80&limit=400,687babae7cbf522959b15302ae23543cf662652a3d1b83167e2a260d925d8033,TIER_1_SOURCE_STALE_FOR_SEASON
ESPN-2025-401760414,2025,REGULAR_SEASON,12,2025-11-16T00:00:00Z,1763251200,2439,UNLV Rebels,UNLV,328,Utah State Aggies,Utah State,29,26,3,FBS,FBS,Mountain West Conference,Mountain West Conference,False,False,Allegiant Stadium,Las Vegas,NV,REGULAR_SEASON,True,True,ESPN_PUBLIC_SCOREBOARD_API,TIER_2_MEDIA_AGGREGATOR,https://site.web.api.espn.com/apis/site/v2/sports/football/college-football/scoreboard?dates=20251115&groups=80&limit=400,687babae7cbf522959b15302ae23543cf662652a3d1b83167e2a260d925d8033,TIER_1_SOURCE_STALE_FOR_SEASON
ESPN-2025-401752766,2025,REGULAR_SEASON,12,2025-11-16T00:30:00Z,1763253000,61,Georgia Bulldogs,Georgia,251,Texas Longhorns,Texas,35,10,25,FBS,FBS,Southeastern Conference,Southeastern Conference,False,False,Sanford Stadium,Athens,GA,REGULAR_SEASON,True,False,ESPN_PUBLIC_SCOREBOARD_API,TIER_2_MEDIA_AGGREGATOR,https://site.web.api.espn.com/apis/site/v2/sports/football/college-football/scoreboard?dates=20251115&groups=80&limit=400,687babae7cbf522959b15302ae23543cf662652a3d1b83167e2a260d925d8033,TIER_1_SOURCE_STALE_FOR_SEASON
ESPN-2025-401752900,2025,REGULAR_SEASON,12,2025-11-16T00:30:00Z,1763253000,194,Ohio State Buckeyes,Ohio State,26,UCLA Bruins,UCLA,48,10,38,FBS,FBS,Big Ten Conference,Big Ten Conference,False,False,Ohio Stadium,Columbus,OH,REGULAR_SEASON,True,False,ESPN_PUBLIC_SCOREBOARD_API,TIER_2_MEDIA_AGGREGATOR,https://site.web.api.espn.com/apis/site/v2/sports/football/college-football/scoreboard?dates=20251115&groups=80&limit=400,687babae7cbf522959b15302ae23543cf662652a3d1b83167e2a260d925d8033,TIER_1_SOURCE_STALE_FOR_SEASON
ESPN-2025-401754594,2025,REGULAR_SEASON,12,2025-11-16T00:30:00Z,1763253000,52,Florida State Seminoles,Florida State,259,Virginia Tech Hokies,Virginia Tech,34,14,20,FBS,FBS,Atlantic Coast Conference,Atlantic Coast Conference,False,False,Doak Campbell Stadium,Tallahassee,FL,REGULAR_SEASON,True,False,ESPN_PUBLIC_SCOREBOARD_API,TIER_2_MEDIA_AGGREGATOR,https://site.web.api.espn.com/apis/site/v2/sports/football/college-football/scoreboard?dates=20251115&groups=80&limit=400,687babae7cbf522959b15302ae23543cf662652a3d1b83167e2a260d925d8033,TIER_1_SOURCE_STALE_FOR_SEASON
ESPN-2025-401752770,2025,REGULAR_SEASON,12,2025-11-16T00:45:00Z,1763253900,142,Missouri Tigers,Missouri,344,Mississippi State Bulldogs,Mississippi State,49,27,22,FBS,FBS,Southeastern Conference,Southeastern Conference,False,False,Memorial Stadium,Columbia,MO,REGULAR_SEASON,True,False,ESPN_PUBLIC_SCOREBOARD_API,TIER_2_MEDIA_AGGREGATOR,https://site.web.api.espn.com/apis/site/v2/sports/football/college-football/scoreboard?dates=20251115&groups=80&limit=400,687babae7cbf522959b15302ae23543cf662652a3d1b83167e2a260d925d8033,TIER_1_SOURCE_STALE_FOR_SEASON
ESPN-2025-401757302,2025,REGULAR_SEASON,12,2025-11-16T01:00:00Z,1763254800,55,Jacksonville State Gamecocks,Jacksonville State,338,Kennesaw State Owls,Kennesaw State,35,26,9,FBS,FBS,Conference USA,Conference USA,False,False,AmFirst Stadium,Jacksonville,AL,REGULAR_SEASON,True,False,ESPN_PUBLIC_SCOREBOARD_API,TIER_2_MEDIA_AGGREGATOR,https://site.web.api.espn.com/apis/site/v2/sports/football/college-football/scoreboard?dates=20251115&groups=80&limit=400,687babae7cbf522959b15302ae23543cf662652a3d1b83167e2a260d925d8033,TIER_1_SOURCE_STALE_FOR_SEASON
ESPN-2025-401752953,2025,REGULAR_SEASON,12,2025-11-16T03:00:00Z,1763262000,265,Washington State Cougars,Washington State,2348,Louisiana Tech Bulldogs,Louisiana Tech,28,3,25,FBS,FBS,Pac-12 Conference,Conference USA,False,False,Martin Stadium,Pullman,WA,REGULAR_SEASON,False,False,ESPN_PUBLIC_SCOREBOARD_API,TIER_2_MEDIA_AGGREGATOR,https://site.web.api.espn.com/apis/site/v2/sports/football/college-football/scoreboard?dates=20251115&groups=80&limit=400,687babae7cbf522959b15302ae23543cf662652a3d1b83167e2a260d925d8033,TIER_1_SOURCE_STALE_FOR_SEASON
ESPN-2025-401756950,2025,REGULAR_SEASON,12,2025-11-16T03:15:00Z,1763262900,252,BYU Cougars,BYU,2628,TCU Horned Frogs,TCU,44,13,31,FBS,FBS,Big 12 Conference,Big 12 Conference,False,False,LaVell Edwards Stadium,Provo,UT,REGULAR_SEASON,True,False,ESPN_PUBLIC_SCOREBOARD_API,TIER_2_MEDIA_AGGREGATOR,https://site.web.api.espn.com/apis/site/v2/sports/football/college-football/scoreboard?dates=20251115&groups=80&limit=400,687babae7cbf522959b15302ae23543cf662652a3d1b83167e2a260d925d8033,TIER_1_SOURCE_STALE_FOR_SEASON
ESPN-2025-401760410,2025,REGULAR_SEASON,12,2025-11-16T03:30:00Z,1763263800,21,San Diego State Aztecs,San Diego State,68,Boise State Broncos,Boise State,17,7,10,FBS,FBS,Mountain West Conference,Mountain West Conference,False,False,Snapdragon Stadium,San Diego,CA,REGULAR_SEASON,True,False,ESPN_PUBLIC_SCOREBOARD_API,TIER_2_MEDIA_AGGREGATOR,https://site.web.api.espn.com/apis/site/v2/sports/football/college-football/scoreboard?dates=20251115&groups=80&limit=400,687babae7cbf522959b15302ae23543cf662652a3d1b83167e2a260d925d8033,TIER_1_SOURCE_STALE_FOR_SEASON
ESPN-2025-401760412,2025,REGULAR_SEASON,12,2025-11-16T03:30:00Z,1763263800,278,Fresno State Bulldogs,Fresno State,2751,Wyoming Cowboys,Wyoming,24,3,21,FBS,FBS,Mountain West Conference,Mountain West Conference,False,False,Valley Children's Stadium,Fresno,CA,REGULAR_SEASON,True,False,ESPN_PUBLIC_SCOREBOARD_API,TIER_2_MEDIA_AGGREGATOR,https://site.web.api.espn.com/apis/site/v2/sports/football/college-football/scoreboard?dates=20251115&groups=80&limit=400,687babae7cbf522959b15302ae23543cf662652a3d1b83167e2a260d925d8033,TIER_1_SOURCE_STALE_FOR_SEASON
ESPN-2025-401762862,2025,REGULAR_SEASON,13,2025-11-19T00:00:00Z,1763510400,189,Bowling Green Falcons,Bowling Green,2006,Akron Zips,Akron,16,19,-3,FBS,FBS,Mid-American Conference,Mid-American Conference,False,False,Doyt L. Perry Stadium,Bowling Green,OH,REGULAR_SEASON,True,False,ESPN_PUBLIC_SCOREBOARD_API,TIER_2_MEDIA_AGGREGATOR,https://site.web.api.espn.com/apis/site/v2/sports/football/college-football/scoreboard?dates=20251118&groups=80&limit=400,1bca0536cdd3c48cab378900eaf30f5e9646ceb7a685b92e87243e5923cb7354,TIER_1_SOURCE_STALE_FOR_SEASON
ESPN-2025-401762864,2025,REGULAR_SEASON,13,2025-11-19T00:00:00Z,1763510400,2459,Northern Illinois Huskies,Northern Illinois,2711,Western Michigan Broncos,Western Michigan,19,35,-16,FBS,FBS,Mid-American Conference,Mid-American Conference,False,False,Huskie Stadium,Dekalb,IL,REGULAR_SEASON,True,False,ESPN_PUBLIC_SCOREBOARD_API,TIER_2_MEDIA_AGGREGATOR,https://site.web.api.espn.com/apis/site/v2/sports/football/college-football/scoreboard?dates=20251118&groups=80&limit=400,1bca0536cdd3c48cab378900eaf30f5e9646ceb7a685b92e87243e5923cb7354,TIER_1_SOURCE_STALE_FOR_SEASON
ESPN-2025-401762863,2025,REGULAR_SEASON,13,2025-11-19T00:15:00Z,1763511300,195,Ohio Bobcats,Ohio,113,Massachusetts Minutemen,Massachusetts,42,14,28,FBS,FBS,Mid-American Conference,Mid-American Conference,False,False,Peden Stadium,Athens,OH,REGULAR_SEASON,True,False,ESPN_PUBLIC_SCOREBOARD_API,TIER_2_MEDIA_AGGREGATOR,https://site.web.api.espn.com/apis/site/v2/sports/football/college-football/scoreboard?dates=20251118&groups=80&limit=400,1bca0536cdd3c48cab378900eaf30f5e9646ceb7a685b92e87243e5923cb7354,TIER_1_SOURCE_STALE_FOR_SEASON
ESPN-2025-401762865,2025,REGULAR_SEASON,13,2025-11-20T00:00:00Z,1763596800,2084,Buffalo Bulls,Buffalo,193,Miami (OH) RedHawks,Miami (OH),20,37,-17,FBS,FBS,Mid-American Conference,Mid-American Conference,False,False,Broadview Stadium,Buffalo,NY,REGULAR_SEASON,True,False,ESPN_PUBLIC_SCOREBOARD_API,TIER_2_MEDIA_AGGREGATOR,https://site.web.api.espn.com/apis/site/v2/sports/football/college-football/scoreboard?dates=20251119&groups=80&limit=400,3ab17edc6a8be6980b9aa8d94120d6bd286e452d6af19124e0dd1d12dc65ac0e,TIER_1_SOURCE_STALE_FOR_SEASON
ESPN-2025-401762866,2025,REGULAR_SEASON,13,2025-11-20T00:00:00Z,1763596800,2309,Kent State Golden Flashes,Kent State,2117,Central Michigan Chippewas,Central Michigan,16,28,-12,FBS,FBS,Mid-American Conference,Mid-American Conference,False,False,Zoeller Field at Dix Stadium,Kent,OH,REGULAR_SEASON,True,False,ESPN_PUBLIC_SCOREBOARD_API,TIER_2_MEDIA_AGGREGATOR,https://site.web.api.espn.com/apis/site/v2/sports/football/college-football/scoreboard?dates=20251119&groups=80&limit=400,3ab17edc6a8be6980b9aa8d94120d6bd286e452d6af19124e0dd1d12dc65ac0e,TIER_1_SOURCE_STALE_FOR_SEASON
ESPN-2025-401761655,2025,REGULAR_SEASON,13,2025-11-21T00:30:00Z,1763685000,2032,Arkansas State Red Wolves,Arkansas State,309,Louisiana Ragin' Cajuns,Louisiana,30,34,-4,FBS,FBS,Sun Belt Conference,Sun Belt Conference,False,False,Centennial Bank Stadium,Jonesboro,AR,REGULAR_SEASON,True,False,ESPN_PUBLIC_SCOREBOARD_API,TIER_2_MEDIA_AGGREGATOR,https://site.web.api.espn.com/apis/site/v2/sports/football/college-football/scoreboard?dates=20251120&groups=80&limit=400,4775b693242808e39938b05132f3b7bfe23bc6c9e7b3efe04fa091a9d9790a36,TIER_1_SOURCE_STALE_FOR_SEASON
ESPN-2025-401754598,2025,REGULAR_SEASON,13,2025-11-22T01:00:00Z,1763773200,152,NC State Wolfpack,NC State,52,Florida State Seminoles,Florida State,21,11,10,FBS,FBS,Atlantic Coast Conference,Atlantic Coast Conference,False,False,Carter-Finley Stadium,Raleigh,NC,REGULAR_SEASON,True,False,ESPN_PUBLIC_SCOREBOARD_API,TIER_2_MEDIA_AGGREGATOR,https://site.web.api.espn.com/apis/site/v2/sports/football/college-football/scoreboard?dates=20251121&groups=80&limit=400,13906e353f429163cb05edc2dc8cab9ce2ff9b7d4cf3ed4127318ba1f5222572,TIER_1_SOURCE_STALE_FOR_SEASON
ESPN-2025-401760418,2025,REGULAR_SEASON,13,2025-11-22T03:30:00Z,1763782200,2439,UNLV Rebels,UNLV,62,Hawai'i Rainbow Warriors,Hawai'i,38,10,28,FBS,FBS,Mountain West Conference,Mountain West Conference,False,False,Allegiant Stadium,Las Vegas,NV,REGULAR_SEASON,True,False,ESPN_PUBLIC_SCOREBOARD_API,TIER_2_MEDIA_AGGREGATOR,https://site.web.api.espn.com/apis/site/v2/sports/football/college-football/scoreboard?dates=20251121&groups=80&limit=400,13906e353f429163cb05edc2dc8cab9ce2ff9b7d4cf3ed4127318ba1f5222572,TIER_1_SOURCE_STALE_FOR_SEASON
ESPN-2025-401752778,2025,REGULAR_SEASON,13,2025-11-22T17:00:00Z,1763830800,201,Oklahoma Sooners,Oklahoma,142,Missouri Tigers,Missouri,17,6,11,FBS,FBS,Southeastern Conference,Southeastern Conference,False,False,"Memorial Stadium (Norman, OK)",Norman,OK,REGULAR_SEASON,True,False,ESPN_PUBLIC_SCOREBOARD_API,TIER_2_MEDIA_AGGREGATOR,https://site.web.api.espn.com/apis/site/v2/sports/football/college-football/scoreboard?dates=20251122&groups=80&limit=400,f69f0e88af24171a47cee32cf4190cfe27cec1d652bd0d75c97d71eb7e61cf6d,TIER_1_SOURCE_STALE_FOR_SEASON
ESPN-2025-401752781,2025,REGULAR_SEASON,13,2025-11-22T17:00:00Z,1763830800,245,Texas A&M Aggies,Texas A&M,2535,Samford Bulldogs,Samford,48,0,48,FBS,FCS,Southeastern Conference,Southern Conference,True,False,Kyle Field,College Station,TX,REGULAR_SEASON,False,False,ESPN_PUBLIC_SCOREBOARD_API,TIER_2_MEDIA_AGGREGATOR,https://site.web.api.espn.com/apis/site/v2/sports/football/college-football/scoreboard?dates=20251122&groups=80&limit=400,f69f0e88af24171a47cee32cf4190cfe27cec1d652bd0d75c97d71eb7e61cf6d,TIER_1_SOURCE_STALE_FOR_SEASON
ESPN-2025-401752909,2025,REGULAR_SEASON,13,2025-11-22T17:00:00Z,1763830800,77,Northwestern Wildcats,Northwestern,135,Minnesota Golden Gophers,Minnesota,38,35,3,FBS,FBS,Big Ten Conference,Big Ten Conference,False,False,Wrigley Field,Chicago,IL,REGULAR_SEASON,True,False,ESPN_PUBLIC_SCOREBOARD_API,TIER_2_MEDIA_AGGREGATOR,https://site.web.api.espn.com/apis/site/v2/sports/football/college-football/scoreboard?dates=20251122&groups=80&limit=400,f69f0e88af24171a47cee32cf4190cfe27cec1d652bd0d75c97d71eb7e61cf6d,TIER_1_SOURCE_STALE_FOR_SEASON
ESPN-2025-401752912,2025,REGULAR_SEASON,13,2025-11-22T17:00:00Z,1763830800,194,Ohio State Buckeyes,Ohio State,164,Rutgers Scarlet Knights,Rutgers,42,9,33,FBS,FBS,Big Ten Conference,Big Ten Conference,False,False,Ohio Stadium,Columbus,OH,REGULAR_SEASON,True,False,ESPN_PUBLIC_SCOREBOARD_API,TIER_2_MEDIA_AGGREGATOR,https://site.web.api.espn.com/apis/site/v2/sports/football/college-football/scoreboard?dates=20251122&groups=80&limit=400,f69f0e88af24171a47cee32cf4190cfe27cec1d652bd0d75c97d71eb7e61cf6d,TIER_1_SOURCE_STALE_FOR_SEASON
ESPN-2025-401754602,2025,REGULAR_SEASON,13,2025-11-22T17:00:00Z,1763830800,2567,SMU Mustangs,SMU,97,Louisville Cardinals,Louisville,38,6,32,FBS,FBS,Atlantic Coast Conference,Atlantic Coast Conference,False,False,Gerald J. Ford Stadium,Dallas,TX,REGULAR_SEASON,True,False,ESPN_PUBLIC_SCOREBOARD_API,TIER_2_MEDIA_AGGREGATOR,https://site.web.api.espn.com/apis/site/v2/sports/football/college-football/scoreboard?dates=20251122&groups=80&limit=400,f69f0e88af24171a47cee32cf4190cfe27cec1d652bd0d75c97d71eb7e61cf6d,TIER_1_SOURCE_STALE_FOR_SEASON
ESPN-2025-401754603,2025,REGULAR_SEASON,13,2025-11-22T17:00:00Z,1763830800,259,Virginia Tech Hokies,Virginia Tech,2390,Miami Hurricanes,Miami,17,34,-17,FBS,FBS,Atlantic Coast Conference,Atlantic Coast Conference,False,False,Lane Stadium,Blacksburg,VA,REGULAR_SEASON,True,False,ESPN_PUBLIC_SCOREBOARD_API,TIER_2_MEDIA_AGGREGATOR,https://site.web.api.espn.com/apis/site/v2/sports/football/college-football/scoreboard?dates=20251122&groups=80&limit=400,f69f0e88af24171a47cee32cf4190cfe27cec1d652bd0d75c97d71eb7e61cf6d,TIER_1_SOURCE_STALE_FOR_SEASON
ESPN-2025-401754606,2025,REGULAR_SEASON,13,2025-11-22T17:00:00Z,1763830800,154,Wake Forest Demon Deacons,Wake Forest,48,Delaware Blue Hens,Delaware,52,14,38,FBS,FBS,Atlantic Coast Conference,Conference USA,False,False,Allegacy Federal Credit Union Stadium,Winston-Salem,NC,REGULAR_SEASON,False,False,ESPN_PUBLIC_SCOREBOARD_API,TIER_2_MEDIA_AGGREGATOR,https://site.web.api.espn.com/apis/site/v2/sports/football/college-football/scoreboard?dates=20251122&groups=80&limit=400,f69f0e88af24171a47cee32cf4190cfe27cec1d652bd0d75c97d71eb7e61cf6d,TIER_1_SOURCE_STALE_FOR_SEASON
ESPN-2025-401756958,2025,REGULAR_SEASON,13,2025-11-22T17:00:00Z,1763830800,66,Iowa State Cyclones,Iowa State,2305,Kansas Jayhawks,Kansas,38,14,24,FBS,FBS,Big 12 Conference,Big 12 Conference,False,False,Jack Trice Stadium,Ames,IA,REGULAR_SEASON,True,False,ESPN_PUBLIC_SCOREBOARD_API,TIER_2_MEDIA_AGGREGATOR,https://site.web.api.espn.com/apis/site/v2/sports/football/college-football/scoreboard?dates=20251122&groups=80&limit=400,f69f0e88af24171a47cee32cf4190cfe27cec1d652bd0d75c97d71eb7e61cf6d,TIER_1_SOURCE_STALE_FOR_SEASON
ESPN-2025-401762512,2025,REGULAR_SEASON,13,2025-11-22T17:00:00Z,1763830800,349,Army Black Knights,Army,202,Tulsa Golden Hurricane,Tulsa,25,26,-1,FBS,FBS,American Conference,American Conference,False,False,Michie Stadium,West Point,NY,REGULAR_SEASON,True,False,ESPN_PUBLIC_SCOREBOARD_API,TIER_2_MEDIA_AGGREGATOR,https://site.web.api.espn.com/apis/site/v2/sports/football/college-football/scoreboard?dates=20251122&groups=80&limit=400,f69f0e88af24171a47cee32cf4190cfe27cec1d652bd0d75c97d71eb7e61cf6d,TIER_1_SOURCE_STALE_FOR_SEASON
ESPN-2025-401752776,2025,REGULAR_SEASON,13,2025-11-22T17:45:00Z,1763833500,61,Georgia Bulldogs,Georgia,2429,Charlotte 49ers,Charlotte,35,3,32,FBS,FBS,Southeastern Conference,American Conference,False,False,Sanford Stadium,Athens,GA,REGULAR_SEASON,False,False,ESPN_PUBLIC_SCOREBOARD_API,TIER_2_MEDIA_AGGREGATOR,https://site.web.api.espn.com/apis/site/v2/sports/football/college-football/scoreboard?dates=20251122&groups=80&limit=400,f69f0e88af24171a47cee32cf4190cfe27cec1d652bd0d75c97d71eb7e61cf6d,TIER_1_SOURCE_STALE_FOR_SEASON
ESPN-2025-401752954,2025,REGULAR_SEASON,13,2025-11-22T18:00:00Z,1763834400,256,James Madison Dukes,James Madison,265,Washington State Cougars,Washington State,24,20,4,FBS,FBS,Sun Belt Conference,Pac-12 Conference,False,False,Bridgeforth Stadium,Harrisonburg,VA,REGULAR_SEASON,False,False,ESPN_PUBLIC_SCOREBOARD_API,TIER_2_MEDIA_AGGREGATOR,https://site.web.api.espn.com/apis/site/v2/sports/football/college-football/scoreboard?dates=20251122&groups=80&limit=400,f69f0e88af24171a47cee32cf4190cfe27cec1d652bd0d75c97d71eb7e61cf6d,TIER_1_SOURCE_STALE_FOR_SEASON
ESPN-2025-401756954,2025,REGULAR_SEASON,13,2025-11-22T18:00:00Z,1763834400,12,Arizona Wildcats,Arizona,239,Baylor Bears,Baylor,41,17,24,FBS,FBS,Big 12 Conference,Big 12 Conference,False,False,Casino Del Sol Stadium,Tucson,AZ,REGULAR_SEASON,True,False,ESPN_PUBLIC_SCOREBOARD_API,TIER_2_MEDIA_AGGREGATOR,https://site.web.api.espn.com/apis/site/v2/sports/football/college-football/scoreboard?dates=20251122&groups=80&limit=400,f69f0e88af24171a47cee32cf4190cfe27cec1d652bd0d75c97d71eb7e61cf6d,TIER_1_SOURCE_STALE_FOR_SEASON
ESPN-2025-401761657,2025,REGULAR_SEASON,13,2025-11-22T18:00:00Z,1763834400,290,Georgia Southern Eagles,Georgia Southern,295,Old Dominion Monarchs,Old Dominion,10,45,-35,FBS,FBS,Sun Belt Conference,Sun Belt Conference,False,False,Allen E. Paulson Stadium,Statesboro,GA,REGULAR_SEASON,True,False,ESPN_PUBLIC_SCOREBOARD_API,TIER_2_MEDIA_AGGREGATOR,https://site.web.api.espn.com/apis/site/v2/sports/football/college-football/scoreboard?dates=20251122&groups=80&limit=400,f69f0e88af24171a47cee32cf4190cfe27cec1d652bd0d75c97d71eb7e61cf6d,TIER_1_SOURCE_STALE_FOR_SEASON
ESPN-2025-401752773,2025,REGULAR_SEASON,13,2025-11-22T19:00:00Z,1763838000,333,Alabama Crimson Tide,Alabama,2197,Eastern Illinois Panthers,Eastern Illinois,56,0,56,FBS,FCS,Southeastern Conference,Ohio Valley Conference,True,False,Bryant-Denny Stadium,Tuscaloosa,AL,REGULAR_SEASON,False,False,ESPN_PUBLIC_SCOREBOARD_API,TIER_2_MEDIA_AGGREGATOR,https://site.web.api.espn.com/apis/site/v2/sports/football/college-football/scoreboard?dates=20251122&groups=80&limit=400,f69f0e88af24171a47cee32cf4190cfe27cec1d652bd0d75c97d71eb7e61cf6d,TIER_1_SOURCE_STALE_FOR_SEASON
ESPN-2025-401752774,2025,REGULAR_SEASON,13,2025-11-22T19:00:00Z,1763838000,2,Auburn Tigers,Auburn,2382,Mercer Bears,Mercer,62,17,45,FBS,FCS,Southeastern Conference,Southern Conference,True,False,Jordan-Hare Stadium,Auburn,AL,REGULAR_SEASON,False,False,ESPN_PUBLIC_SCOREBOARD_API,TIER_2_MEDIA_AGGREGATOR,https://site.web.api.espn.com/apis/site/v2/sports/football/college-football/scoreboard?dates=20251122&groups=80&limit=400,f69f0e88af24171a47cee32cf4190cfe27cec1d652bd0d75c97d71eb7e61cf6d,TIER_1_SOURCE_STALE_FOR_SEASON
ESPN-2025-401757306,2025,REGULAR_SEASON,13,2025-11-22T19:00:00Z,1763838000,338,Kennesaw State Owls,Kennesaw State,2623,Missouri State Bears,Missouri State,41,34,7,FBS,FBS,Conference USA,Conference USA,False,False,Walens Family Field at Fifth Third Stadium,Kennesaw,GA,REGULAR_SEASON,True,False,ESPN_PUBLIC_SCOREBOARD_API,TIER_2_MEDIA_AGGREGATOR,https://site.web.api.espn.com/apis/site/v2/sports/football/college-football/scoreboard?dates=20251122&groups=80&limit=400,f69f0e88af24171a47cee32cf4190cfe27cec1d652bd0d75c97d71eb7e61cf6d,TIER_1_SOURCE_STALE_FOR_SEASON
ESPN-2025-401760419,2025,REGULAR_SEASON,13,2025-11-22T19:00:00Z,1763838000,2751,Wyoming Cowboys,Wyoming,2440,Nevada Wolf Pack,Nevada,7,13,-6,FBS,FBS,Mountain West Conference,Mountain West Conference,False,False,War Memorial Stadium,Laramie,WY,REGULAR_SEASON,True,False,ESPN_PUBLIC_SCOREBOARD_API,TIER_2_MEDIA_AGGREGATOR,https://site.web.api.espn.com/apis/site/v2/sports/football/college-football/scoreboard?dates=20251122&groups=80&limit=400,f69f0e88af24171a47cee32cf4190cfe27cec1d652bd0d75c97d71eb7e61cf6d,TIER_1_SOURCE_STALE_FOR_SEASON
ESPN-2025-401762867,2025,REGULAR_SEASON,13,2025-11-22T19:00:00Z,1763838000,2649,Toledo Rockets,Toledo,2050,Ball State Cardinals,Ball State,38,9,29,FBS,FBS,Mid-American Conference,Mid-American Conference,False,False,Glass Bowl,Toledo,OH,REGULAR_SEASON,True,False,ESPN_PUBLIC_SCOREBOARD_API,TIER_2_MEDIA_AGGREGATOR,https://site.web.api.espn.com/apis/site/v2/sports/football/college-football/scoreboard?dates=20251122&groups=80&limit=400,f69f0e88af24171a47cee32cf4190cfe27cec1d652bd0d75c97d71eb7e61cf6d,TIER_1_SOURCE_STALE_FOR_SEASON
ESPN-2025-401761656,2025,REGULAR_SEASON,13,2025-11-22T19:30:00Z,1763839800,2026,App State Mountaineers,App State,276,Marshall Thundering Herd,Marshall,26,24,2,FBS,FBS,Sun Belt Conference,Sun Belt Conference,False,False,Kidd Brewer Stadium,Boone,NC,REGULAR_SEASON,True,False,ESPN_PUBLIC_SCOREBOARD_API,TIER_2_MEDIA_AGGREGATOR,https://site.web.api.espn.com/apis/site/v2/sports/football/college-football/scoreboard?dates=20251122&groups=80&limit=400,f69f0e88af24171a47cee32cf4190cfe27cec1d652bd0d75c97d71eb7e61cf6d,TIER_1_SOURCE_STALE_FOR_SEASON
ESPN-2025-401757175,2025,REGULAR_SEASON,13,2025-11-22T20:00:00Z,1763841600,2226,Florida Atlantic Owls,Florida Atlantic,41,UConn Huskies,UConn,45,48,-3,FBS,FBS,American Conference,FBS Independents,False,False,Flagler Credit Union Stadium,Boca Raton,FL,REGULAR_SEASON,False,False,ESPN_PUBLIC_SCOREBOARD_API,TIER_2_MEDIA_AGGREGATOR,https://site.web.api.espn.com/apis/site/v2/sports/football/college-football/scoreboard?dates=20251122&groups=80&limit=400,f69f0e88af24171a47cee32cf4190cfe27cec1d652bd0d75c97d71eb7e61cf6d,TIER_1_SOURCE_STALE_FOR_SEASON
ESPN-2025-401757307,2025,REGULAR_SEASON,13,2025-11-22T20:00:00Z,1763841600,2348,Louisiana Tech Bulldogs,Louisiana Tech,2335,Liberty Flames,Liberty,34,28,6,FBS,FBS,Conference USA,Conference USA,False,False,Joe Aillet Stadium,Ruston,LA,REGULAR_SEASON,True,True,ESPN_PUBLIC_SCOREBOARD_API,TIER_2_MEDIA_AGGREGATOR,https://site.web.api.espn.com/apis/site/v2/sports/football/college-football/scoreboard?dates=20251122&groups=80&limit=400,f69f0e88af24171a47cee32cf4190cfe27cec1d652bd0d75c97d71eb7e61cf6d,TIER_1_SOURCE_STALE_FOR_SEASON
ESPN-2025-401757308,2025,REGULAR_SEASON,13,2025-11-22T20:00:00Z,1763841600,2393,Middle Tennessee Blue Raiders,Middle Tennessee,2534,Sam Houston Bearkats,Sam Houston,31,17,14,FBS,FBS,Conference USA,Conference USA,False,False,"Johnny ""Red"" Floyd Stadium",Murfreesboro,TN,REGULAR_SEASON,True,False,ESPN_PUBLIC_SCOREBOARD_API,TIER_2_MEDIA_AGGREGATOR,https://site.web.api.espn.com/apis/site/v2/sports/football/college-football/scoreboard?dates=20251122&groups=80&limit=400,f69f0e88af24171a47cee32cf4190cfe27cec1d652bd0d75c97d71eb7e61cf6d,TIER_1_SOURCE_STALE_FOR_SEASON
ESPN-2025-401757309,2025,REGULAR_SEASON,13,2025-11-22T20:00:00Z,1763841600,2638,UTEP Miners,UTEP,166,New Mexico State Aggies,New Mexico State,31,34,-3,FBS,FBS,Conference USA,Conference USA,False,False,Sun Bowl,El Paso,TX,REGULAR_SEASON,True,False,ESPN_PUBLIC_SCOREBOARD_API,TIER_2_MEDIA_AGGREGATOR,https://site.web.api.espn.com/apis/site/v2/sports/football/college-football/scoreboard?dates=20251122&groups=80&limit=400,f69f0e88af24171a47cee32cf4190cfe27cec1d652bd0d75c97d71eb7e61cf6d,TIER_1_SOURCE_STALE_FOR_SEASON
ESPN-2025-401762511,2025,REGULAR_SEASON,13,2025-11-22T20:00:00Z,1763841600,5,UAB Blazers,UAB,58,South Florida Bulls,South Florida,18,48,-30,FBS,FBS,American Conference,American Conference,False,False,Protective Stadium,Birmingham,AL,REGULAR_SEASON,True,False,ESPN_PUBLIC_SCOREBOARD_API,TIER_2_MEDIA_AGGREGATOR,https://site.web.api.espn.com/apis/site/v2/sports/football/college-football/scoreboard?dates=20251122&groups=80&limit=400,f69f0e88af24171a47cee32cf4190cfe27cec1d652bd0d75c97d71eb7e61cf6d,TIER_1_SOURCE_STALE_FOR_SEASON
ESPN-2025-401752780,2025,REGULAR_SEASON,13,2025-11-22T20:30:00Z,1763843400,251,Texas Longhorns,Texas,8,Arkansas Razorbacks,Arkansas,52,37,15,FBS,FBS,Southeastern Conference,Southeastern Conference,False,False,DKR-Texas Memorial Stadium,Austin,TX,REGULAR_SEASON,True,False,ESPN_PUBLIC_SCOREBOARD_API,TIER_2_MEDIA_AGGREGATOR,https://site.web.api.espn.com/apis/site/v2/sports/football/college-football/scoreboard?dates=20251122&groups=80&limit=400,f69f0e88af24171a47cee32cf4190cfe27cec1d652bd0d75c97d71eb7e61cf6d,TIER_1_SOURCE_STALE_FOR_SEASON
ESPN-2025-401752782,2025,REGULAR_SEASON,13,2025-11-22T20:30:00Z,1763843400,238,Vanderbilt Commodores,Vanderbilt,96,Kentucky Wildcats,Kentucky,45,17,28,FBS,FBS,Southeastern Conference,Southeastern Conference,False,False,FirstBank Stadium,Nashville,TN,REGULAR_SEASON,True,False,ESPN_PUBLIC_SCOREBOARD_API,TIER_2_MEDIA_AGGREGATOR,https://site.web.api.espn.com/apis/site/v2/sports/football/college-football/scoreboard?dates=20251122&groups=80&limit=400,f69f0e88af24171a47cee32cf4190cfe27cec1d652bd0d75c97d71eb7e61cf6d,TIER_1_SOURCE_STALE_FOR_SEASON
ESPN-2025-401752911,2025,REGULAR_SEASON,13,2025-11-22T20:30:00Z,1763843400,2483,Oregon Ducks,Oregon,30,USC Trojans,USC,42,27,15,FBS,FBS,Big Ten Conference,Big Ten Conference,False,False,Autzen Stadium,Eugene,OR,REGULAR_SEASON,True,False,ESPN_PUBLIC_SCOREBOARD_API,TIER_2_MEDIA_AGGREGATOR,https://site.web.api.espn.com/apis/site/v2/sports/football/college-football/scoreboard?dates=20251122&groups=80&limit=400,f69f0e88af24171a47cee32cf4190cfe27cec1d652bd0d75c97d71eb7e61cf6d,TIER_1_SOURCE_STALE_FOR_SEASON
ESPN-2025-401752913,2025,REGULAR_SEASON,13,2025-11-22T20:30:00Z,1763843400,2294,Iowa Hawkeyes,Iowa,127,Michigan State Spartans,Michigan State,20,17,3,FBS,FBS,Big Ten Conference,Big Ten Conference,False,False,Kinnick Stadium,Iowa City,IA,REGULAR_SEASON,True,False,ESPN_PUBLIC_SCOREBOARD_API,TIER_2_MEDIA_AGGREGATOR,https://site.web.api.espn.com/apis/site/v2/sports/football/college-football/scoreboard?dates=20251122&groups=80&limit=400,f69f0e88af24171a47cee32cf4190cfe27cec1d652bd0d75c97d71eb7e61cf6d,TIER_1_SOURCE_STALE_FOR_SEASON
ESPN-2025-401754600,2025,REGULAR_SEASON,13,2025-11-22T20:30:00Z,1763843400,153,North Carolina Tar Heels,North Carolina,150,Duke Blue Devils,Duke,25,32,-7,FBS,FBS,Atlantic Coast Conference,Atlantic Coast Conference,False,False,Kenan Stadium,Chapel Hill,NC,REGULAR_SEASON,True,False,ESPN_PUBLIC_SCOREBOARD_API,TIER_2_MEDIA_AGGREGATOR,https://site.web.api.espn.com/apis/site/v2/sports/football/college-football/scoreboard?dates=20251122&groups=80&limit=400,f69f0e88af24171a47cee32cf4190cfe27cec1d652bd0d75c97d71eb7e61cf6d,TIER_1_SOURCE_STALE_FOR_SEASON
ESPN-2025-401754604,2025,REGULAR_SEASON,13,2025-11-22T20:30:00Z,1763843400,87,Notre Dame Fighting Irish,Notre Dame,183,Syracuse Orange,Syracuse,70,7,63,FBS,FBS,FBS Independents,Atlantic Coast Conference,False,False,Notre Dame Stadium,Notre Dame,IN,REGULAR_SEASON,False,False,ESPN_PUBLIC_SCOREBOARD_API,TIER_2_MEDIA_AGGREGATOR,https://site.web.api.espn.com/apis/site/v2/sports/football/college-football/scoreboard?dates=20251122&groups=80&limit=400,f69f0e88af24171a47cee32cf4190cfe27cec1d652bd0d75c97d71eb7e61cf6d,TIER_1_SOURCE_STALE_FOR_SEASON
ESPN-2025-401757305,2025,REGULAR_SEASON,13,2025-11-22T20:30:00Z,1763843400,2229,Florida International Panthers,Florida International,55,Jacksonville State Gamecocks,Jacksonville State,27,21,6,FBS,FBS,Conference USA,Conference USA,False,False,Pitbull Stadium,Miami,FL,REGULAR_SEASON,True,False,ESPN_PUBLIC_SCOREBOARD_API,TIER_2_MEDIA_AGGREGATOR,https://site.web.api.espn.com/apis/site/v2/sports/football/college-football/scoreboard?dates=20251122&groups=80&limit=400,f69f0e88af24171a47cee32cf4190cfe27cec1d652bd0d75c97d71eb7e61cf6d,TIER_1_SOURCE_STALE_FOR_SEASON
ESPN-2025-401761658,2025,REGULAR_SEASON,13,2025-11-22T20:30:00Z,1763843400,6,South Alabama Jaguars,South Alabama,2572,Southern Miss Golden Eagles,Southern Miss,42,35,7,FBS,FBS,Sun Belt Conference,Sun Belt Conference,False,False,Hancock Whitney Stadium,Mobile,AL,REGULAR_SEASON,True,False,ESPN_PUBLIC_SCOREBOARD_API,TIER_2_MEDIA_AGGREGATOR,https://site.web.api.espn.com/apis/site/v2/sports/football/college-football/scoreboard?dates=20251122&groups=80&limit=400,f69f0e88af24171a47cee32cf4190cfe27cec1d652bd0d75c97d71eb7e61cf6d,TIER_1_SOURCE_STALE_FOR_SEASON
ESPN-2025-401762513,2025,REGULAR_SEASON,13,2025-11-22T20:30:00Z,1763843400,2636,UTSA Roadrunners,UTSA,151,East Carolina Pirates,East Carolina,58,24,34,FBS,FBS,American Conference,American Conference,False,False,Alamodome,San Antonio,TX,REGULAR_SEASON,True,False,ESPN_PUBLIC_SCOREBOARD_API,TIER_2_MEDIA_AGGREGATOR,https://site.web.api.espn.com/apis/site/v2/sports/football/college-football/scoreboard?dates=20251122&groups=80&limit=400,f69f0e88af24171a47cee32cf4190cfe27cec1d652bd0d75c97d71eb7e61cf6d,TIER_1_SOURCE_STALE_FOR_SEASON
ESPN-2025-401762515,2025,REGULAR_SEASON,13,2025-11-22T20:45:00Z,1763844300,218,Temple Owls,Temple,2655,Tulane Green Wave,Tulane,13,37,-24,FBS,FBS,American Conference,American Conference,False,False,Lincoln Financial Field,Philadelphia,PA,REGULAR_SEASON,True,False,ESPN_PUBLIC_SCOREBOARD_API,TIER_2_MEDIA_AGGREGATOR,https://site.web.api.espn.com/apis/site/v2/sports/football/college-football/scoreboard?dates=20251122&groups=80&limit=400,f69f0e88af24171a47cee32cf4190cfe27cec1d652bd0d75c97d71eb7e61cf6d,TIER_1_SOURCE_STALE_FOR_SEASON
ESPN-2025-401752914,2025,REGULAR_SEASON,13,2025-11-22T21:00:00Z,1763845200,120,Maryland Terrapins,Maryland,130,Michigan Wolverines,Michigan,20,45,-25,FBS,FBS,Big Ten Conference,Big Ten Conference,False,False,SECU Stadium,College Park,MD,REGULAR_SEASON,True,False,ESPN_PUBLIC_SCOREBOARD_API,TIER_2_MEDIA_AGGREGATOR,https://site.web.api.espn.com/apis/site/v2/sports/football/college-football/scoreboard?dates=20251122&groups=80&limit=400,f69f0e88af24171a47cee32cf4190cfe27cec1d652bd0d75c97d71eb7e61cf6d,TIER_1_SOURCE_STALE_FOR_SEASON
ESPN-2025-401756957,2025,REGULAR_SEASON,13,2025-11-22T21:00:00Z,1763845200,248,Houston Cougars,Houston,2628,TCU Horned Frogs,TCU,14,17,-3,FBS,FBS,Big 12 Conference,Big 12 Conference,False,False,TDECU Stadium,Houston,TX,REGULAR_SEASON,True,False,ESPN_PUBLIC_SCOREBOARD_API,TIER_2_MEDIA_AGGREGATOR,https://site.web.api.espn.com/apis/site/v2/sports/football/college-football/scoreboard?dates=20251122&groups=80&limit=400,f69f0e88af24171a47cee32cf4190cfe27cec1d652bd0d75c97d71eb7e61cf6d,TIER_1_SOURCE_STALE_FOR_SEASON
ESPN-2025-401756959,2025,REGULAR_SEASON,13,2025-11-22T21:00:00Z,1763845200,2116,UCF Knights,UCF,197,Oklahoma State Cowboys,Oklahoma State,17,14,3,FBS,FBS,Big 12 Conference,Big 12 Conference,False,False,Acrisure Bounce House,Orlando,FL,REGULAR_SEASON,True,False,ESPN_PUBLIC_SCOREBOARD_API,TIER_2_MEDIA_AGGREGATOR,https://site.web.api.espn.com/apis/site/v2/sports/football/college-football/scoreboard?dates=20251122&groups=80&limit=400,f69f0e88af24171a47cee32cf4190cfe27cec1d652bd0d75c97d71eb7e61cf6d,TIER_1_SOURCE_STALE_FOR_SEASON
ESPN-2025-401756960,2025,REGULAR_SEASON,13,2025-11-22T21:00:00Z,1763845200,254,Utah Utes,Utah,2306,Kansas State Wildcats,Kansas State,51,47,4,FBS,FBS,Big 12 Conference,Big 12 Conference,False,False,Rice-Eccles Stadium,Salt Lake City,UT,REGULAR_SEASON,True,False,ESPN_PUBLIC_SCOREBOARD_API,TIER_2_MEDIA_AGGREGATOR,https://site.web.api.espn.com/apis/site/v2/sports/football/college-football/scoreboard?dates=20251122&groups=80&limit=400,f69f0e88af24171a47cee32cf4190cfe27cec1d652bd0d75c97d71eb7e61cf6d,TIER_1_SOURCE_STALE_FOR_SEASON
ESPN-2025-401761660,2025,REGULAR_SEASON,13,2025-11-22T21:00:00Z,1763845200,2653,Troy Trojans,Troy,2247,Georgia State Panthers,Georgia State,31,19,12,FBS,FBS,Sun Belt Conference,Sun Belt Conference,False,False,Veterans Memorial Stadium (AL),Troy,AL,REGULAR_SEASON,True,False,ESPN_PUBLIC_SCOREBOARD_API,TIER_2_MEDIA_AGGREGATOR,https://site.web.api.espn.com/apis/site/v2/sports/football/college-football/scoreboard?dates=20251122&groups=80&limit=400,f69f0e88af24171a47cee32cf4190cfe27cec1d652bd0d75c97d71eb7e61cf6d,TIER_1_SOURCE_STALE_FOR_SEASON
ESPN-2025-401752779,2025,REGULAR_SEASON,13,2025-11-22T21:15:00Z,1763846100,2579,South Carolina Gamecocks,South Carolina,324,Coastal Carolina Chanticleers,Coastal Carolina,51,7,44,FBS,FBS,Southeastern Conference,Sun Belt Conference,False,False,Williams-Brice Stadium,Columbia,SC,REGULAR_SEASON,False,False,ESPN_PUBLIC_SCOREBOARD_API,TIER_2_MEDIA_AGGREGATOR,https://site.web.api.espn.com/apis/site/v2/sports/football/college-football/scoreboard?dates=20251122&groups=80&limit=400,f69f0e88af24171a47cee32cf4190cfe27cec1d652bd0d75c97d71eb7e61cf6d,TIER_1_SOURCE_STALE_FOR_SEASON
ESPN-2025-401754605,2025,REGULAR_SEASON,13,2025-11-22T21:30:00Z,1763847000,228,Clemson Tigers,Clemson,231,Furman Paladins,Furman,45,10,35,FBS,FCS,Atlantic Coast Conference,Southern Conference,True,False,"Memorial Stadium (Clemson, SC)",Clemson,SC,REGULAR_SEASON,False,False,ESPN_PUBLIC_SCOREBOARD_API,TIER_2_MEDIA_AGGREGATOR,https://site.web.api.espn.com/apis/site/v2/sports/football/college-football/scoreboard?dates=20251122&groups=80&limit=400,f69f0e88af24171a47cee32cf4190cfe27cec1d652bd0d75c97d71eb7e61cf6d,TIER_1_SOURCE_STALE_FOR_SEASON
ESPN-2025-401761659,2025,REGULAR_SEASON,13,2025-11-22T22:00:00Z,1763848800,326,Texas State Bobcats,Texas State,2433,UL Monroe Warhawks,UL Monroe,31,14,17,FBS,FBS,Sun Belt Conference,Sun Belt Conference,False,False,UFCU Stadium,San Marcos,TX,REGULAR_SEASON,True,False,ESPN_PUBLIC_SCOREBOARD_API,TIER_2_MEDIA_AGGREGATOR,https://site.web.api.espn.com/apis/site/v2/sports/football/college-football/scoreboard?dates=20251122&groups=80&limit=400,f69f0e88af24171a47cee32cf4190cfe27cec1d652bd0d75c97d71eb7e61cf6d,TIER_1_SOURCE_STALE_FOR_SEASON
ESPN-2025-401752908,2025,REGULAR_SEASON,13,2025-11-23T00:00:00Z,1763856000,213,Penn State Nittany Lions,Penn State,158,Nebraska Cornhuskers,Nebraska,37,10,27,FBS,FBS,Big Ten Conference,Big Ten Conference,False,False,Beaver Stadium,University Park,PA,REGULAR_SEASON,True,False,ESPN_PUBLIC_SCOREBOARD_API,TIER_2_MEDIA_AGGREGATOR,https://site.web.api.espn.com/apis/site/v2/sports/football/college-football/scoreboard?dates=20251122&groups=80&limit=400,f69f0e88af24171a47cee32cf4190cfe27cec1d652bd0d75c97d71eb7e61cf6d,TIER_1_SOURCE_STALE_FOR_SEASON
ESPN-2025-401754601,2025,REGULAR_SEASON,13,2025-11-23T00:00:00Z,1763856000,59,Georgia Tech Yellow Jackets,Georgia Tech,221,Pittsburgh Panthers,Pittsburgh,28,42,-14,FBS,FBS,Atlantic Coast Conference,Atlantic Coast Conference,False,False,Bobby Dodd Stadium,Atlanta,GA,REGULAR_SEASON,True,False,ESPN_PUBLIC_SCOREBOARD_API,TIER_2_MEDIA_AGGREGATOR,https://site.web.api.espn.com/apis/site/v2/sports/football/college-football/scoreboard?dates=20251122&groups=80&limit=400,f69f0e88af24171a47cee32cf4190cfe27cec1d652bd0d75c97d71eb7e61cf6d,TIER_1_SOURCE_STALE_FOR_SEASON
ESPN-2025-401760415,2025,REGULAR_SEASON,13,2025-11-23T00:00:00Z,1763856000,2005,Air Force Falcons,Air Force,167,New Mexico Lobos,New Mexico,3,20,-17,FBS,FBS,Mountain West Conference,Mountain West Conference,False,False,Falcon Stadium,USAF Academy,CO,REGULAR_SEASON,True,False,ESPN_PUBLIC_SCOREBOARD_API,TIER_2_MEDIA_AGGREGATOR,https://site.web.api.espn.com/apis/site/v2/sports/football/college-football/scoreboard?dates=20251122&groups=80&limit=400,f69f0e88af24171a47cee32cf4190cfe27cec1d652bd0d75c97d71eb7e61cf6d,TIER_1_SOURCE_STALE_FOR_SEASON
ESPN-2025-401760416,2025,REGULAR_SEASON,13,2025-11-23T00:00:00Z,1763856000,68,Boise State Broncos,Boise State,36,Colorado State Rams,Colorado State,49,21,28,FBS,FBS,Mountain West Conference,Mountain West Conference,False,False,Albertsons Stadium,Boise,ID,REGULAR_SEASON,True,False,ESPN_PUBLIC_SCOREBOARD_API,TIER_2_MEDIA_AGGREGATOR,https://site.web.api.espn.com/apis/site/v2/sports/football/college-football/scoreboard?dates=20251122&groups=80&limit=400,f69f0e88af24171a47cee32cf4190cfe27cec1d652bd0d75c97d71eb7e61cf6d,TIER_1_SOURCE_STALE_FOR_SEASON
ESPN-2025-401752775,2025,REGULAR_SEASON,13,2025-11-23T00:30:00Z,1763857800,57,Florida Gators,Florida,2633,Tennessee Volunteers,Tennessee,11,31,-20,FBS,FBS,Southeastern Conference,Southeastern Conference,False,False,Ben Hill Griffin Stadium,Gainesville,FL,REGULAR_SEASON,True,False,ESPN_PUBLIC_SCOREBOARD_API,TIER_2_MEDIA_AGGREGATOR,https://site.web.api.espn.com/apis/site/v2/sports/football/college-football/scoreboard?dates=20251122&groups=80&limit=400,f69f0e88af24171a47cee32cf4190cfe27cec1d652bd0d75c97d71eb7e61cf6d,TIER_1_SOURCE_STALE_FOR_SEASON
ESPN-2025-401752915,2025,REGULAR_SEASON,13,2025-11-23T00:30:00Z,1763857800,275,Wisconsin Badgers,Wisconsin,356,Illinois Fighting Illini,Illinois,27,10,17,FBS,FBS,Big Ten Conference,Big Ten Conference,False,False,Camp Randall Stadium,Madison,WI,REGULAR_SEASON,True,False,ESPN_PUBLIC_SCOREBOARD_API,TIER_2_MEDIA_AGGREGATOR,https://site.web.api.espn.com/apis/site/v2/sports/football/college-football/scoreboard?dates=20251122&groups=80&limit=400,f69f0e88af24171a47cee32cf4190cfe27cec1d652bd0d75c97d71eb7e61cf6d,TIER_1_SOURCE_STALE_FOR_SEASON
ESPN-2025-401754599,2025,REGULAR_SEASON,13,2025-11-23T00:30:00Z,1763857800,24,Stanford Cardinal,Stanford,25,California Golden Bears,California,31,10,21,FBS,FBS,Atlantic Coast Conference,Atlantic Coast Conference,False,False,Stanford Stadium,Stanford,CA,REGULAR_SEASON,True,False,ESPN_PUBLIC_SCOREBOARD_API,TIER_2_MEDIA_AGGREGATOR,https://site.web.api.espn.com/apis/site/v2/sports/football/college-football/scoreboard?dates=20251122&groups=80&limit=400,f69f0e88af24171a47cee32cf4190cfe27cec1d652bd0d75c97d71eb7e61cf6d,TIER_1_SOURCE_STALE_FOR_SEASON
ESPN-2025-401762514,2025,REGULAR_SEASON,13,2025-11-23T00:30:00Z,1763857800,242,Rice Owls,Rice,249,North Texas Mean Green,North Texas,24,56,-32,FBS,FBS,American Conference,American Conference,False,False,Rice Stadium,Houston,TX,REGULAR_SEASON,True,False,ESPN_PUBLIC_SCOREBOARD_API,TIER_2_MEDIA_AGGREGATOR,https://site.web.api.espn.com/apis/site/v2/sports/football/college-football/scoreboard?dates=20251122&groups=80&limit=400,f69f0e88af24171a47cee32cf4190cfe27cec1d652bd0d75c97d71eb7e61cf6d,TIER_1_SOURCE_STALE_FOR_SEASON
ESPN-2025-401752777,2025,REGULAR_SEASON,13,2025-11-23T00:45:00Z,1763858700,99,LSU Tigers,LSU,98,Western Kentucky Hilltoppers,Western Kentucky,13,10,3,FBS,FBS,Southeastern Conference,Conference USA,False,False,Tiger Stadium (LA),Baton Rouge,LA,REGULAR_SEASON,False,False,ESPN_PUBLIC_SCOREBOARD_API,TIER_2_MEDIA_AGGREGATOR,https://site.web.api.espn.com/apis/site/v2/sports/football/college-football/scoreboard?dates=20251122&groups=80&limit=400,f69f0e88af24171a47cee32cf4190cfe27cec1d652bd0d75c97d71eb7e61cf6d,TIER_1_SOURCE_STALE_FOR_SEASON
ESPN-2025-401756955,2025,REGULAR_SEASON,13,2025-11-23T01:00:00Z,1763859600,2132,Cincinnati Bearcats,Cincinnati,252,BYU Cougars,BYU,14,26,-12,FBS,FBS,Big 12 Conference,Big 12 Conference,False,False,Nippert Stadium,Cincinnati,OH,REGULAR_SEASON,True,False,ESPN_PUBLIC_SCOREBOARD_API,TIER_2_MEDIA_AGGREGATOR,https://site.web.api.espn.com/apis/site/v2/sports/football/college-football/scoreboard?dates=20251122&groups=80&limit=400,f69f0e88af24171a47cee32cf4190cfe27cec1d652bd0d75c97d71eb7e61cf6d,TIER_1_SOURCE_STALE_FOR_SEASON
ESPN-2025-401756956,2025,REGULAR_SEASON,13,2025-11-23T01:00:00Z,1763859600,38,Colorado Buffaloes,Colorado,9,Arizona State Sun Devils,Arizona State,17,42,-25,FBS,FBS,Big 12 Conference,Big 12 Conference,False,False,Folsom Field,Boulder,CO,REGULAR_SEASON,True,False,ESPN_PUBLIC_SCOREBOARD_API,TIER_2_MEDIA_AGGREGATOR,https://site.web.api.espn.com/apis/site/v2/sports/football/college-football/scoreboard?dates=20251122&groups=80&limit=400,f69f0e88af24171a47cee32cf4190cfe27cec1d652bd0d75c97d71eb7e61cf6d,TIER_1_SOURCE_STALE_FOR_SEASON
ESPN-2025-401752910,2025,REGULAR_SEASON,13,2025-11-23T03:30:00Z,1763868600,26,UCLA Bruins,UCLA,264,Washington Huskies,Washington,14,48,-34,FBS,FBS,Big Ten Conference,Big Ten Conference,False,False,Rose Bowl,Pasadena,CA,REGULAR_SEASON,True,False,ESPN_PUBLIC_SCOREBOARD_API,TIER_2_MEDIA_AGGREGATOR,https://site.web.api.espn.com/apis/site/v2/sports/football/college-football/scoreboard?dates=20251122&groups=80&limit=400,f69f0e88af24171a47cee32cf4190cfe27cec1d652bd0d75c97d71eb7e61cf6d,TIER_1_SOURCE_STALE_FOR_SEASON
ESPN-2025-401760417,2025,REGULAR_SEASON,13,2025-11-23T03:30:00Z,1763868600,278,Fresno State Bulldogs,Fresno State,328,Utah State Aggies,Utah State,17,28,-11,FBS,FBS,Mountain West Conference,Mountain West Conference,False,False,Valley Children's Stadium,Fresno,CA,REGULAR_SEASON,True,False,ESPN_PUBLIC_SCOREBOARD_API,TIER_2_MEDIA_AGGREGATOR,https://site.web.api.espn.com/apis/site/v2/sports/football/college-football/scoreboard?dates=20251122&groups=80&limit=400,f69f0e88af24171a47cee32cf4190cfe27cec1d652bd0d75c97d71eb7e61cf6d,TIER_1_SOURCE_STALE_FOR_SEASON
ESPN-2025-401760420,2025,REGULAR_SEASON,13,2025-11-23T03:30:00Z,1763868600,21,San Diego State Aztecs,San Diego State,23,San José State Spartans,San José State,25,3,22,FBS,FBS,Mountain West Conference,Mountain West Conference,False,False,Snapdragon Stadium,San Diego,CA,REGULAR_SEASON,True,False,ESPN_PUBLIC_SCOREBOARD_API,TIER_2_MEDIA_AGGREGATOR,https://site.web.api.espn.com/apis/site/v2/sports/football/college-football/scoreboard?dates=20251122&groups=80&limit=400,f69f0e88af24171a47cee32cf4190cfe27cec1d652bd0d75c97d71eb7e61cf6d,TIER_1_SOURCE_STALE_FOR_SEASON
ESPN-2025-401762868,2025,REGULAR_SEASON,14,2025-11-25T21:30:00Z,1764106200,113,Massachusetts Minutemen,Massachusetts,189,Bowling Green Falcons,Bowling Green,14,45,-31,FBS,FBS,Mid-American Conference,Mid-American Conference,False,False,Warren McGuirk Alumni Stadium,Amherst,MA,REGULAR_SEASON,True,False,ESPN_PUBLIC_SCOREBOARD_API,TIER_2_MEDIA_AGGREGATOR,https://site.web.api.espn.com/apis/site/v2/sports/football/college-football/scoreboard?dates=20251125&groups=80&limit=400,54d279e72f23ba59dac52d036bc04ac6d93c26ddf39a5df5f681227e6c884e0d,TIER_1_SOURCE_STALE_FOR_SEASON
ESPN-2025-401762869,2025,REGULAR_SEASON,14,2025-11-26T00:30:00Z,1764117000,2199,Eastern Michigan Eagles,Eastern Michigan,2711,Western Michigan Broncos,Western Michigan,21,31,-10,FBS,FBS,Mid-American Conference,Mid-American Conference,False,False,Rynearson Stadium,Ypsilanti,MI,REGULAR_SEASON,True,False,ESPN_PUBLIC_SCOREBOARD_API,TIER_2_MEDIA_AGGREGATOR,https://site.web.api.espn.com/apis/site/v2/sports/football/college-football/scoreboard?dates=20251125&groups=80&limit=400,54d279e72f23ba59dac52d036bc04ac6d93c26ddf39a5df5f681227e6c884e0d,TIER_1_SOURCE_STALE_FOR_SEASON
ESPN-2025-401762516,2025,REGULAR_SEASON,14,2025-11-28T00:30:00Z,1764289800,235,Memphis Tigers,Memphis,2426,Navy Midshipmen,Navy,17,28,-11,FBS,FBS,American Conference,American Conference,False,False,Simmons Bank Liberty Stadium,Memphis,TN,REGULAR_SEASON,True,False,ESPN_PUBLIC_SCOREBOARD_API,TIER_2_MEDIA_AGGREGATOR,https://site.web.api.espn.com/apis/site/v2/sports/football/college-football/scoreboard?dates=20251127&groups=80&limit=400,c6b006f52981ed714ba405f881ad8cf75c9ace67cb141298806d2b31db753090,TIER_1_SOURCE_STALE_FOR_SEASON
ESPN-2025-401752788,2025,REGULAR_SEASON,14,2025-11-28T17:00:00Z,1764349200,344,Mississippi State Bulldogs,Mississippi State,145,Ole Miss Rebels,Ole Miss,19,38,-19,FBS,FBS,Southeastern Conference,Southeastern Conference,False,False,Davis Wade Stadium,Starkville,MS,REGULAR_SEASON,True,False,ESPN_PUBLIC_SCOREBOARD_API,TIER_2_MEDIA_AGGREGATOR,https://site.web.api.espn.com/apis/site/v2/sports/football/college-football/scoreboard?dates=20251128&groups=80&limit=400,ca3a79c2b25f4356997697a09762671c3577448eb58b50e202a46b565311dfe0,TIER_1_SOURCE_STALE_FOR_SEASON
ESPN-2025-401752916,2025,REGULAR_SEASON,14,2025-11-28T17:00:00Z,1764349200,158,Nebraska Cornhuskers,Nebraska,2294,Iowa Hawkeyes,Iowa,16,40,-24,FBS,FBS,Big Ten Conference,Big Ten Conference,False,False,"Memorial Stadium (Lincoln, NE)",Lincoln,NE,REGULAR_SEASON,True,False,ESPN_PUBLIC_SCOREBOARD_API,TIER_2_MEDIA_AGGREGATOR,https://site.web.api.espn.com/apis/site/v2/sports/football/college-football/scoreboard?dates=20251128&groups=80&limit=400,ca3a79c2b25f4356997697a09762671c3577448eb58b50e202a46b565311dfe0,TIER_1_SOURCE_STALE_FOR_SEASON
ESPN-2025-401756964,2025,REGULAR_SEASON,14,2025-11-28T17:00:00Z,1764349200,2305,Kansas Jayhawks,Kansas,254,Utah Utes,Utah,21,31,-10,FBS,FBS,Big 12 Conference,Big 12 Conference,False,False,David Booth Kansas Memorial Stadium,Lawrence,KS,REGULAR_SEASON,True,False,ESPN_PUBLIC_SCOREBOARD_API,TIER_2_MEDIA_AGGREGATOR,https://site.web.api.espn.com/apis/site/v2/sports/football/college-football/scoreboard?dates=20251128&groups=80&limit=400,ca3a79c2b25f4356997697a09762671c3577448eb58b50e202a46b565311dfe0,TIER_1_SOURCE_STALE_FOR_SEASON
ESPN-2025-401762870,2025,REGULAR_SEASON,14,2025-11-28T17:00:00Z,1764349200,2084,Buffalo Bulls,Buffalo,195,Ohio Bobcats,Ohio,26,31,-5,FBS,FBS,Mid-American Conference,Mid-American Conference,False,False,Broadview Stadium,Buffalo,NY,REGULAR_SEASON,True,False,ESPN_PUBLIC_SCOREBOARD_API,TIER_2_MEDIA_AGGREGATOR,https://site.web.api.espn.com/apis/site/v2/sports/football/college-football/scoreboard?dates=20251128&groups=80&limit=400,ca3a79c2b25f4356997697a09762671c3577448eb58b50e202a46b565311dfe0,TIER_1_SOURCE_STALE_FOR_SEASON
ESPN-2025-401762871,2025,REGULAR_SEASON,14,2025-11-28T17:00:00Z,1764349200,2459,Northern Illinois Huskies,Northern Illinois,2309,Kent State Golden Flashes,Kent State,31,35,-4,FBS,FBS,Mid-American Conference,Mid-American Conference,False,False,Huskie Stadium,Dekalb,IL,REGULAR_SEASON,True,False,ESPN_PUBLIC_SCOREBOARD_API,TIER_2_MEDIA_AGGREGATOR,https://site.web.api.espn.com/apis/site/v2/sports/football/college-football/scoreboard?dates=20251128&groups=80&limit=400,ca3a79c2b25f4356997697a09762671c3577448eb58b50e202a46b565311dfe0,TIER_1_SOURCE_STALE_FOR_SEASON
ESPN-2025-401760421,2025,REGULAR_SEASON,14,2025-11-28T20:00:00Z,1764360000,36,Colorado State Rams,Colorado State,2005,Air Force Falcons,Air Force,21,42,-21,FBS,FBS,Mountain West Conference,Mountain West Conference,False,False,Canvas Stadium,Fort Collins,CO,REGULAR_SEASON,True,False,ESPN_PUBLIC_SCOREBOARD_API,TIER_2_MEDIA_AGGREGATOR,https://site.web.api.espn.com/apis/site/v2/sports/football/college-football/scoreboard?dates=20251128&groups=80&limit=400,ca3a79c2b25f4356997697a09762671c3577448eb58b50e202a46b565311dfe0,TIER_1_SOURCE_STALE_FOR_SEASON
ESPN-2025-401752786,2025,REGULAR_SEASON,14,2025-11-28T20:30:00Z,1764361800,59,Georgia Tech Yellow Jackets,Georgia Tech,61,Georgia Bulldogs,Georgia,9,16,-7,FBS,FBS,Atlantic Coast Conference,Southeastern Conference,False,True,Mercedes-Benz Stadium,Atlanta,GA,REGULAR_SEASON,False,False,ESPN_PUBLIC_SCOREBOARD_API,TIER_2_MEDIA_AGGREGATOR,https://site.web.api.espn.com/apis/site/v2/sports/football/college-football/scoreboard?dates=20251128&groups=80&limit=400,ca3a79c2b25f4356997697a09762671c3577448eb58b50e202a46b565311dfe0,TIER_1_SOURCE_STALE_FOR_SEASON
ESPN-2025-401760426,2025,REGULAR_SEASON,14,2025-11-28T20:30:00Z,1764361800,167,New Mexico Lobos,New Mexico,21,San Diego State Aztecs,San Diego State,23,17,6,FBS,FBS,Mountain West Conference,Mountain West Conference,False,False,University Stadium (NM),Albuquerque,NM,REGULAR_SEASON,True,True,ESPN_PUBLIC_SCOREBOARD_API,TIER_2_MEDIA_AGGREGATOR,https://site.web.api.espn.com/apis/site/v2/sports/football/college-football/scoreboard?dates=20251128&groups=80&limit=400,ca3a79c2b25f4356997697a09762671c3577448eb58b50e202a46b565311dfe0,TIER_1_SOURCE_STALE_FOR_SEASON
ESPN-2025-401762442,2025,REGULAR_SEASON,14,2025-11-28T20:30:00Z,1764361800,249,North Texas Mean Green,North Texas,218,Temple Owls,Temple,52,25,27,FBS,FBS,American Conference,American Conference,False,False,DATCU Stadium,Denton,TX,REGULAR_SEASON,True,False,ESPN_PUBLIC_SCOREBOARD_API,TIER_2_MEDIA_AGGREGATOR,https://site.web.api.espn.com/apis/site/v2/sports/football/college-football/scoreboard?dates=20251128&groups=80&limit=400,ca3a79c2b25f4356997697a09762671c3577448eb58b50e202a46b565311dfe0,TIER_1_SOURCE_STALE_FOR_SEASON
ESPN-2025-401760422,2025,REGULAR_SEASON,14,2025-11-28T21:00:00Z,1764363600,328,Utah State Aggies,Utah State,68,Boise State Broncos,Boise State,24,25,-1,FBS,FBS,Mountain West Conference,Mountain West Conference,False,False,Maverik Stadium,Logan,UT,REGULAR_SEASON,True,False,ESPN_PUBLIC_SCOREBOARD_API,TIER_2_MEDIA_AGGREGATOR,https://site.web.api.espn.com/apis/site/v2/sports/football/college-football/scoreboard?dates=20251128&groups=80&limit=400,ca3a79c2b25f4356997697a09762671c3577448eb58b50e202a46b565311dfe0,TIER_1_SOURCE_STALE_FOR_SEASON
ESPN-2025-401752792,2025,REGULAR_SEASON,14,2025-11-29T00:30:00Z,1764376200,251,Texas Longhorns,Texas,245,Texas A&M Aggies,Texas A&M,27,17,10,FBS,FBS,Southeastern Conference,Southeastern Conference,False,False,DKR-Texas Memorial Stadium,Austin,TX,REGULAR_SEASON,True,False,ESPN_PUBLIC_SCOREBOARD_API,TIER_2_MEDIA_AGGREGATOR,https://site.web.api.espn.com/apis/site/v2/sports/football/college-football/scoreboard?dates=20251128&groups=80&limit=400,ca3a79c2b25f4356997697a09762671c3577448eb58b50e202a46b565311dfe0,TIER_1_SOURCE_STALE_FOR_SEASON
ESPN-2025-401752924,2025,REGULAR_SEASON,14,2025-11-29T00:30:00Z,1764376200,2509,Purdue Boilermakers,Purdue,84,Indiana Hoosiers,Indiana,3,56,-53,FBS,FBS,Big Ten Conference,Big Ten Conference,False,False,Ross-Ade Stadium,West Lafayette,IN,REGULAR_SEASON,True,False,ESPN_PUBLIC_SCOREBOARD_API,TIER_2_MEDIA_AGGREGATOR,https://site.web.api.espn.com/apis/site/v2/sports/football/college-football/scoreboard?dates=20251128&groups=80&limit=400,ca3a79c2b25f4356997697a09762671c3577448eb58b50e202a46b565311dfe0,TIER_1_SOURCE_STALE_FOR_SEASON
ESPN-2025-401756961,2025,REGULAR_SEASON,14,2025-11-29T02:00:00Z,1764381600,9,Arizona State Sun Devils,Arizona State,12,Arizona Wildcats,Arizona,7,23,-16,FBS,FBS,Big 12 Conference,Big 12 Conference,False,False,Mountain America Stadium,Tempe,AZ,REGULAR_SEASON,True,False,ESPN_PUBLIC_SCOREBOARD_API,TIER_2_MEDIA_AGGREGATOR,https://site.web.api.espn.com/apis/site/v2/sports/football/college-football/scoreboard?dates=20251128&groups=80&limit=400,ca3a79c2b25f4356997697a09762671c3577448eb58b50e202a46b565311dfe0,TIER_1_SOURCE_STALE_FOR_SEASON
ESPN-2025-401752787,2025,REGULAR_SEASON,14,2025-11-29T17:00:00Z,1764435600,97,Louisville Cardinals,Louisville,96,Kentucky Wildcats,Kentucky,41,0,41,FBS,FBS,Atlantic Coast Conference,Southeastern Conference,False,False,L&N Federal Credit Union Stadium,Louisville,KY,REGULAR_SEASON,False,False,ESPN_PUBLIC_SCOREBOARD_API,TIER_2_MEDIA_AGGREGATOR,https://site.web.api.espn.com/apis/site/v2/sports/football/college-football/scoreboard?dates=20251129&groups=80&limit=400,3033f9d0614bfac094a12d1dfb63d172e70c667cec196d4d1d50c97fbee6cea8,TIER_1_SOURCE_STALE_FOR_SEASON
ESPN-2025-401752790,2025,REGULAR_SEASON,14,2025-11-29T17:00:00Z,1764435600,2579,South Carolina Gamecocks,South Carolina,228,Clemson Tigers,Clemson,14,28,-14,FBS,FBS,Southeastern Conference,Atlantic Coast Conference,False,False,Williams-Brice Stadium,Columbia,SC,REGULAR_SEASON,False,False,ESPN_PUBLIC_SCOREBOARD_API,TIER_2_MEDIA_AGGREGATOR,https://site.web.api.espn.com/apis/site/v2/sports/football/college-football/scoreboard?dates=20251129&groups=80&limit=400,3033f9d0614bfac094a12d1dfb63d172e70c667cec196d4d1d50c97fbee6cea8,TIER_1_SOURCE_STALE_FOR_SEASON
ESPN-2025-401752921,2025,REGULAR_SEASON,14,2025-11-29T17:00:00Z,1764435600,130,Michigan Wolverines,Michigan,194,Ohio State Buckeyes,Ohio State,9,27,-18,FBS,FBS,Big Ten Conference,Big Ten Conference,False,False,Michigan Stadium,Ann Arbor,MI,REGULAR_SEASON,True,False,ESPN_PUBLIC_SCOREBOARD_API,TIER_2_MEDIA_AGGREGATOR,https://site.web.api.espn.com/apis/site/v2/sports/football/college-football/scoreboard?dates=20251129&groups=80&limit=400,3033f9d0614bfac094a12d1dfb63d172e70c667cec196d4d1d50c97fbee6cea8,TIER_1_SOURCE_STALE_FOR_SEASON
ESPN-2025-401754611,2025,REGULAR_SEASON,14,2025-11-29T17:00:00Z,1764435600,221,Pittsburgh Panthers,Pittsburgh,2390,Miami Hurricanes,Miami,7,38,-31,FBS,FBS,Atlantic Coast Conference,Atlantic Coast Conference,False,False,Acrisure Stadium,Pittsburgh,PA,REGULAR_SEASON,True,False,ESPN_PUBLIC_SCOREBOARD_API,TIER_2_MEDIA_AGGREGATOR,https://site.web.api.espn.com/apis/site/v2/sports/football/college-football/scoreboard?dates=20251129&groups=80&limit=400,3033f9d0614bfac094a12d1dfb63d172e70c667cec196d4d1d50c97fbee6cea8,TIER_1_SOURCE_STALE_FOR_SEASON
ESPN-2025-401756962,2025,REGULAR_SEASON,14,2025-11-29T17:00:00Z,1764435600,239,Baylor Bears,Baylor,248,Houston Cougars,Houston,24,31,-7,FBS,FBS,Big 12 Conference,Big 12 Conference,False,False,McLane Stadium,Waco,TX,REGULAR_SEASON,True,False,ESPN_PUBLIC_SCOREBOARD_API,TIER_2_MEDIA_AGGREGATOR,https://site.web.api.espn.com/apis/site/v2/sports/football/college-football/scoreboard?dates=20251129&groups=80&limit=400,3033f9d0614bfac094a12d1dfb63d172e70c667cec196d4d1d50c97fbee6cea8,TIER_1_SOURCE_STALE_FOR_SEASON
ESPN-2025-401756965,2025,REGULAR_SEASON,14,2025-11-29T17:00:00Z,1764435600,2306,Kansas State Wildcats,Kansas State,38,Colorado Buffaloes,Colorado,24,14,10,FBS,FBS,Big 12 Conference,Big 12 Conference,False,False,Bill Snyder Family Stadium,Manhattan,KS,REGULAR_SEASON,True,False,ESPN_PUBLIC_SCOREBOARD_API,TIER_2_MEDIA_AGGREGATOR,https://site.web.api.espn.com/apis/site/v2/sports/football/college-football/scoreboard?dates=20251129&groups=80&limit=400,3033f9d0614bfac094a12d1dfb63d172e70c667cec196d4d1d50c97fbee6cea8,TIER_1_SOURCE_STALE_FOR_SEASON
ESPN-2025-401756966,2025,REGULAR_SEASON,14,2025-11-29T17:00:00Z,1764435600,197,Oklahoma State Cowboys,Oklahoma State,66,Iowa State Cyclones,Iowa State,13,20,-7,FBS,FBS,Big 12 Conference,Big 12 Conference,False,False,Boone Pickens Stadium,Stillwater,OK,REGULAR_SEASON,True,False,ESPN_PUBLIC_SCOREBOARD_API,TIER_2_MEDIA_AGGREGATOR,https://site.web.api.espn.com/apis/site/v2/sports/football/college-football/scoreboard?dates=20251129&groups=80&limit=400,3033f9d0614bfac094a12d1dfb63d172e70c667cec196d4d1d50c97fbee6cea8,TIER_1_SOURCE_STALE_FOR_SEASON
ESPN-2025-401756968,2025,REGULAR_SEASON,14,2025-11-29T17:00:00Z,1764435600,277,West Virginia Mountaineers,West Virginia,2641,Texas Tech Red Raiders,Texas Tech,0,49,-49,FBS,FBS,Big 12 Conference,Big 12 Conference,False,False,Milan Puskar Stadium,Morgantown,WV,REGULAR_SEASON,True,False,ESPN_PUBLIC_SCOREBOARD_API,TIER_2_MEDIA_AGGREGATOR,https://site.web.api.espn.com/apis/site/v2/sports/football/college-football/scoreboard?dates=20251129&groups=80&limit=400,3033f9d0614bfac094a12d1dfb63d172e70c667cec196d4d1d50c97fbee6cea8,TIER_1_SOURCE_STALE_FOR_SEASON
ESPN-2025-401762519,2025,REGULAR_SEASON,14,2025-11-29T17:00:00Z,1764435600,2226,Florida Atlantic Owls,Florida Atlantic,151,East Carolina Pirates,East Carolina,3,42,-39,FBS,FBS,American Conference,American Conference,False,False,Flagler Credit Union Stadium,Boca Raton,FL,REGULAR_SEASON,True,False,ESPN_PUBLIC_SCOREBOARD_API,TIER_2_MEDIA_AGGREGATOR,https://site.web.api.espn.com/apis/site/v2/sports/football/college-football/scoreboard?dates=20251129&groups=80&limit=400,3033f9d0614bfac094a12d1dfb63d172e70c667cec196d4d1d50c97fbee6cea8,TIER_1_SOURCE_STALE_FOR_SEASON
ESPN-2025-401762872,2025,REGULAR_SEASON,14,2025-11-29T17:00:00Z,1764435600,2117,Central Michigan Chippewas,Central Michigan,2649,Toledo Rockets,Toledo,3,21,-18,FBS,FBS,Mid-American Conference,Mid-American Conference,False,False,Kelly/Shorts Stadium,Mount Pleasant,MI,REGULAR_SEASON,True,False,ESPN_PUBLIC_SCOREBOARD_API,TIER_2_MEDIA_AGGREGATOR,https://site.web.api.espn.com/apis/site/v2/sports/football/college-football/scoreboard?dates=20251129&groups=80&limit=400,3033f9d0614bfac094a12d1dfb63d172e70c667cec196d4d1d50c97fbee6cea8,TIER_1_SOURCE_STALE_FOR_SEASON
ESPN-2025-401762875,2025,REGULAR_SEASON,14,2025-11-29T17:00:00Z,1764435600,193,Miami (OH) RedHawks,Miami (OH),2050,Ball State Cardinals,Ball State,45,24,21,FBS,FBS,Mid-American Conference,Mid-American Conference,False,False,Yager Stadium,Oxford,OH,REGULAR_SEASON,True,False,ESPN_PUBLIC_SCOREBOARD_API,TIER_2_MEDIA_AGGREGATOR,https://site.web.api.espn.com/apis/site/v2/sports/football/college-football/scoreboard?dates=20251129&groups=80&limit=400,3033f9d0614bfac094a12d1dfb63d172e70c667cec196d4d1d50c97fbee6cea8,TIER_1_SOURCE_STALE_FOR_SEASON
ESPN-2025-401756963,2025,REGULAR_SEASON,14,2025-11-29T18:00:00Z,1764439200,252,BYU Cougars,BYU,2116,UCF Knights,UCF,41,21,20,FBS,FBS,Big 12 Conference,Big 12 Conference,False,False,LaVell Edwards Stadium,Provo,UT,REGULAR_SEASON,True,False,ESPN_PUBLIC_SCOREBOARD_API,TIER_2_MEDIA_AGGREGATOR,https://site.web.api.espn.com/apis/site/v2/sports/football/college-football/scoreboard?dates=20251129&groups=80&limit=400,3033f9d0614bfac094a12d1dfb63d172e70c667cec196d4d1d50c97fbee6cea8,TIER_1_SOURCE_STALE_FOR_SEASON
ESPN-2025-401757310,2025,REGULAR_SEASON,14,2025-11-29T18:00:00Z,1764439200,48,Delaware Blue Hens,Delaware,2638,UTEP Miners,UTEP,61,31,30,FBS,FBS,Conference USA,Conference USA,False,False,Delaware Stadium,Newark,DE,REGULAR_SEASON,True,False,ESPN_PUBLIC_SCOREBOARD_API,TIER_2_MEDIA_AGGREGATOR,https://site.web.api.espn.com/apis/site/v2/sports/football/college-football/scoreboard?dates=20251129&groups=80&limit=400,3033f9d0614bfac094a12d1dfb63d172e70c667cec196d4d1d50c97fbee6cea8,TIER_1_SOURCE_STALE_FOR_SEASON
ESPN-2025-401757311,2025,REGULAR_SEASON,14,2025-11-29T18:00:00Z,1764439200,2534,Sam Houston Bearkats,Sam Houston,2229,Florida International Panthers,Florida International,16,56,-40,FBS,FBS,Conference USA,Conference USA,False,False,Shell Energy Stadium,Houston,TX,REGULAR_SEASON,True,False,ESPN_PUBLIC_SCOREBOARD_API,TIER_2_MEDIA_AGGREGATOR,https://site.web.api.espn.com/apis/site/v2/sports/football/college-football/scoreboard?dates=20251129&groups=80&limit=400,3033f9d0614bfac094a12d1dfb63d172e70c667cec196d4d1d50c97fbee6cea8,TIER_1_SOURCE_STALE_FOR_SEASON
ESPN-2025-401761663,2025,REGULAR_SEASON,14,2025-11-29T18:30:00Z,1764441000,276,Marshall Thundering Herd,Marshall,290,Georgia Southern Eagles,Georgia Southern,19,24,-5,FBS,FBS,Sun Belt Conference,Sun Belt Conference,False,False,Joan C. Edwards Stadium,Huntington,WV,REGULAR_SEASON,True,False,ESPN_PUBLIC_SCOREBOARD_API,TIER_2_MEDIA_AGGREGATOR,https://site.web.api.espn.com/apis/site/v2/sports/football/college-football/scoreboard?dates=20251129&groups=80&limit=400,3033f9d0614bfac094a12d1dfb63d172e70c667cec196d4d1d50c97fbee6cea8,TIER_1_SOURCE_STALE_FOR_SEASON
ESPN-2025-401757312,2025,REGULAR_SEASON,14,2025-11-29T19:00:00Z,1764442800,55,Jacksonville State Gamecocks,Jacksonville State,98,Western Kentucky Hilltoppers,Western Kentucky,37,34,3,FBS,FBS,Conference USA,Conference USA,False,False,AmFirst Stadium,Jacksonville,AL,REGULAR_SEASON,True,False,ESPN_PUBLIC_SCOREBOARD_API,TIER_2_MEDIA_AGGREGATOR,https://site.web.api.espn.com/apis/site/v2/sports/football/college-football/scoreboard?dates=20251129&groups=80&limit=400,3033f9d0614bfac094a12d1dfb63d172e70c667cec196d4d1d50c97fbee6cea8,TIER_1_SOURCE_STALE_FOR_SEASON
ESPN-2025-401757314,2025,REGULAR_SEASON,14,2025-11-29T19:00:00Z,1764442800,2623,Missouri State Bears,Missouri State,2348,Louisiana Tech Bulldogs,Louisiana Tech,30,42,-12,FBS,FBS,Conference USA,Conference USA,False,False,Robert W. Plaster Stadium,Springfield,MO,REGULAR_SEASON,True,False,ESPN_PUBLIC_SCOREBOARD_API,TIER_2_MEDIA_AGGREGATOR,https://site.web.api.espn.com/apis/site/v2/sports/football/college-football/scoreboard?dates=20251129&groups=80&limit=400,3033f9d0614bfac094a12d1dfb63d172e70c667cec196d4d1d50c97fbee6cea8,TIER_1_SOURCE_STALE_FOR_SEASON
ESPN-2025-401761664,2025,REGULAR_SEASON,14,2025-11-29T19:00:00Z,1764442800,295,Old Dominion Monarchs,Old Dominion,2247,Georgia State Panthers,Georgia State,27,10,17,FBS,FBS,Sun Belt Conference,Sun Belt Conference,False,False,S.B. Ballard Stadium,Norfolk,VA,REGULAR_SEASON,True,False,ESPN_PUBLIC_SCOREBOARD_API,TIER_2_MEDIA_AGGREGATOR,https://site.web.api.espn.com/apis/site/v2/sports/football/college-football/scoreboard?dates=20251129&groups=80&limit=400,3033f9d0614bfac094a12d1dfb63d172e70c667cec196d4d1d50c97fbee6cea8,TIER_1_SOURCE_STALE_FOR_SEASON
ESPN-2025-401761661,2025,REGULAR_SEASON,14,2025-11-29T19:30:00Z,1764444600,2026,App State Mountaineers,App State,2032,Arkansas State Red Wolves,Arkansas State,29,30,-1,FBS,FBS,Sun Belt Conference,Sun Belt Conference,False,False,Kidd Brewer Stadium,Boone,NC,REGULAR_SEASON,True,False,ESPN_PUBLIC_SCOREBOARD_API,TIER_2_MEDIA_AGGREGATOR,https://site.web.api.espn.com/apis/site/v2/sports/football/college-football/scoreboard?dates=20251129&groups=80&limit=400,3033f9d0614bfac094a12d1dfb63d172e70c667cec196d4d1d50c97fbee6cea8,TIER_1_SOURCE_STALE_FOR_SEASON
ESPN-2025-401754608,2025,REGULAR_SEASON,14,2025-11-29T20:00:00Z,1764446400,183,Syracuse Orange,Syracuse,103,Boston College Eagles,Boston College,12,34,-22,FBS,FBS,Atlantic Coast Conference,Atlantic Coast Conference,False,False,JMA Wireless Dome,Syracuse,NY,REGULAR_SEASON,True,False,ESPN_PUBLIC_SCOREBOARD_API,TIER_2_MEDIA_AGGREGATOR,https://site.web.api.espn.com/apis/site/v2/sports/football/college-football/scoreboard?dates=20251129&groups=80&limit=400,3033f9d0614bfac094a12d1dfb63d172e70c667cec196d4d1d50c97fbee6cea8,TIER_1_SOURCE_STALE_FOR_SEASON
ESPN-2025-401757315,2025,REGULAR_SEASON,14,2025-11-29T20:00:00Z,1764446400,166,New Mexico State Aggies,New Mexico State,2393,Middle Tennessee Blue Raiders,Middle Tennessee,24,31,-7,FBS,FBS,Conference USA,Conference USA,False,False,Aggie Memorial Stadium,Las Cruces,NM,REGULAR_SEASON,True,True,ESPN_PUBLIC_SCOREBOARD_API,TIER_2_MEDIA_AGGREGATOR,https://site.web.api.espn.com/apis/site/v2/sports/football/college-football/scoreboard?dates=20251129&groups=80&limit=400,3033f9d0614bfac094a12d1dfb63d172e70c667cec196d4d1d50c97fbee6cea8,TIER_1_SOURCE_STALE_FOR_SEASON
ESPN-2025-401761665,2025,REGULAR_SEASON,14,2025-11-29T20:00:00Z,1764446400,309,Louisiana Ragin' Cajuns,Louisiana,2433,UL Monroe Warhawks,UL Monroe,30,27,3,FBS,FBS,Sun Belt Conference,Sun Belt Conference,False,False,Our Lady of Lourdes Stadium,Lafayette,LA,REGULAR_SEASON,True,True,ESPN_PUBLIC_SCOREBOARD_API,TIER_2_MEDIA_AGGREGATOR,https://site.web.api.espn.com/apis/site/v2/sports/football/college-football/scoreboard?dates=20251129&groups=80&limit=400,3033f9d0614bfac094a12d1dfb63d172e70c667cec196d4d1d50c97fbee6cea8,TIER_1_SOURCE_STALE_FOR_SEASON
ESPN-2025-401761667,2025,REGULAR_SEASON,14,2025-11-29T20:00:00Z,1764446400,326,Texas State Bobcats,Texas State,6,South Alabama Jaguars,South Alabama,49,26,23,FBS,FBS,Sun Belt Conference,Sun Belt Conference,False,False,UFCU Stadium,San Marcos,TX,REGULAR_SEASON,True,False,ESPN_PUBLIC_SCOREBOARD_API,TIER_2_MEDIA_AGGREGATOR,https://site.web.api.espn.com/apis/site/v2/sports/football/college-football/scoreboard?dates=20251129&groups=80&limit=400,3033f9d0614bfac094a12d1dfb63d172e70c667cec196d4d1d50c97fbee6cea8,TIER_1_SOURCE_STALE_FOR_SEASON
ESPN-2025-401762517,2025,REGULAR_SEASON,14,2025-11-29T20:00:00Z,1764446400,202,Tulsa Golden Hurricane,Tulsa,5,UAB Blazers,UAB,24,31,-7,FBS,FBS,American Conference,American Conference,False,False,H. A. Chapman Stadium,Tulsa,OK,REGULAR_SEASON,True,False,ESPN_PUBLIC_SCOREBOARD_API,TIER_2_MEDIA_AGGREGATOR,https://site.web.api.espn.com/apis/site/v2/sports/football/college-football/scoreboard?dates=20251129&groups=80&limit=400,3033f9d0614bfac094a12d1dfb63d172e70c667cec196d4d1d50c97fbee6cea8,TIER_1_SOURCE_STALE_FOR_SEASON
ESPN-2025-401752783,2025,REGULAR_SEASON,14,2025-11-29T20:30:00Z,1764448200,8,Arkansas Razorbacks,Arkansas,142,Missouri Tigers,Missouri,17,31,-14,FBS,FBS,Southeastern Conference,Southeastern Conference,False,False,Donald W. Reynolds Razorback Stadium,Fayetteville,AR,REGULAR_SEASON,True,False,ESPN_PUBLIC_SCOREBOARD_API,TIER_2_MEDIA_AGGREGATOR,https://site.web.api.espn.com/apis/site/v2/sports/football/college-football/scoreboard?dates=20251129&groups=80&limit=400,3033f9d0614bfac094a12d1dfb63d172e70c667cec196d4d1d50c97fbee6cea8,TIER_1_SOURCE_STALE_FOR_SEASON
ESPN-2025-401752789,2025,REGULAR_SEASON,14,2025-11-29T20:30:00Z,1764448200,201,Oklahoma Sooners,Oklahoma,99,LSU Tigers,LSU,17,13,4,FBS,FBS,Southeastern Conference,Southeastern Conference,False,False,"Memorial Stadium (Norman, OK)",Norman,OK,REGULAR_SEASON,True,False,ESPN_PUBLIC_SCOREBOARD_API,TIER_2_MEDIA_AGGREGATOR,https://site.web.api.espn.com/apis/site/v2/sports/football/college-football/scoreboard?dates=20251129&groups=80&limit=400,3033f9d0614bfac094a12d1dfb63d172e70c667cec196d4d1d50c97fbee6cea8,TIER_1_SOURCE_STALE_FOR_SEASON
ESPN-2025-401752791,2025,REGULAR_SEASON,14,2025-11-29T20:30:00Z,1764448200,2633,Tennessee Volunteers,Tennessee,238,Vanderbilt Commodores,Vanderbilt,24,45,-21,FBS,FBS,Southeastern Conference,Southeastern Conference,False,False,Neyland Stadium,Knoxville,TN,REGULAR_SEASON,True,False,ESPN_PUBLIC_SCOREBOARD_API,TIER_2_MEDIA_AGGREGATOR,https://site.web.api.espn.com/apis/site/v2/sports/football/college-football/scoreboard?dates=20251129&groups=80&limit=400,3033f9d0614bfac094a12d1dfb63d172e70c667cec196d4d1d50c97fbee6cea8,TIER_1_SOURCE_STALE_FOR_SEASON
ESPN-2025-401752917,2025,REGULAR_SEASON,14,2025-11-29T20:30:00Z,1764448200,264,Washington Huskies,Washington,2483,Oregon Ducks,Oregon,14,26,-12,FBS,FBS,Big Ten Conference,Big Ten Conference,False,False,Husky Stadium,Seattle,WA,REGULAR_SEASON,True,False,ESPN_PUBLIC_SCOREBOARD_API,TIER_2_MEDIA_AGGREGATOR,https://site.web.api.espn.com/apis/site/v2/sports/football/college-football/scoreboard?dates=20251129&groups=80&limit=400,3033f9d0614bfac094a12d1dfb63d172e70c667cec196d4d1d50c97fbee6cea8,TIER_1_SOURCE_STALE_FOR_SEASON
ESPN-2025-401752918,2025,REGULAR_SEASON,14,2025-11-29T20:30:00Z,1764448200,135,Minnesota Golden Gophers,Minnesota,275,Wisconsin Badgers,Wisconsin,17,7,10,FBS,FBS,Big Ten Conference,Big Ten Conference,False,False,Huntington Bank Stadium,Minneapolis,MN,REGULAR_SEASON,True,False,ESPN_PUBLIC_SCOREBOARD_API,TIER_2_MEDIA_AGGREGATOR,https://site.web.api.espn.com/apis/site/v2/sports/football/college-football/scoreboard?dates=20251129&groups=80&limit=400,3033f9d0614bfac094a12d1dfb63d172e70c667cec196d4d1d50c97fbee6cea8,TIER_1_SOURCE_STALE_FOR_SEASON
ESPN-2025-401752920,2025,REGULAR_SEASON,14,2025-11-29T20:30:00Z,1764448200,164,Rutgers Scarlet Knights,Rutgers,213,Penn State Nittany Lions,Penn State,36,40,-4,FBS,FBS,Big Ten Conference,Big Ten Conference,False,False,SHI Stadium,Piscataway,NJ,REGULAR_SEASON,True,False,ESPN_PUBLIC_SCOREBOARD_API,TIER_2_MEDIA_AGGREGATOR,https://site.web.api.espn.com/apis/site/v2/sports/football/college-football/scoreboard?dates=20251129&groups=80&limit=400,3033f9d0614bfac094a12d1dfb63d172e70c667cec196d4d1d50c97fbee6cea8,TIER_1_SOURCE_STALE_FOR_SEASON
ESPN-2025-401754610,2025,REGULAR_SEASON,14,2025-11-29T20:30:00Z,1764448200,150,Duke Blue Devils,Duke,154,Wake Forest Demon Deacons,Wake Forest,49,32,17,FBS,FBS,Atlantic Coast Conference,Atlantic Coast Conference,False,False,Wallace Wade Stadium,Durham,NC,REGULAR_SEASON,True,False,ESPN_PUBLIC_SCOREBOARD_API,TIER_2_MEDIA_AGGREGATOR,https://site.web.api.espn.com/apis/site/v2/sports/football/college-football/scoreboard?dates=20251129&groups=80&limit=400,3033f9d0614bfac094a12d1dfb63d172e70c667cec196d4d1d50c97fbee6cea8,TIER_1_SOURCE_STALE_FOR_SEASON
ESPN-2025-401756967,2025,REGULAR_SEASON,14,2025-11-29T20:30:00Z,1764448200,2628,TCU Horned Frogs,TCU,2132,Cincinnati Bearcats,Cincinnati,45,23,22,FBS,FBS,Big 12 Conference,Big 12 Conference,False,False,Amon G. Carter Stadium,Fort Worth,TX,REGULAR_SEASON,True,False,ESPN_PUBLIC_SCOREBOARD_API,TIER_2_MEDIA_AGGREGATOR,https://site.web.api.espn.com/apis/site/v2/sports/football/college-football/scoreboard?dates=20251129&groups=80&limit=400,3033f9d0614bfac094a12d1dfb63d172e70c667cec196d4d1d50c97fbee6cea8,TIER_1_SOURCE_STALE_FOR_SEASON
ESPN-2025-401757313,2025,REGULAR_SEASON,14,2025-11-29T20:30:00Z,1764448200,2335,Liberty Flames,Liberty,338,Kennesaw State Owls,Kennesaw State,42,48,-6,FBS,FBS,Conference USA,Conference USA,False,False,Williams Stadium (VA),Lynchburg,VA,REGULAR_SEASON,True,True,ESPN_PUBLIC_SCOREBOARD_API,TIER_2_MEDIA_AGGREGATOR,https://site.web.api.espn.com/apis/site/v2/sports/football/college-football/scoreboard?dates=20251129&groups=80&limit=400,3033f9d0614bfac094a12d1dfb63d172e70c667cec196d4d1d50c97fbee6cea8,TIER_1_SOURCE_STALE_FOR_SEASON
ESPN-2025-401761666,2025,REGULAR_SEASON,14,2025-11-29T20:30:00Z,1764448200,2572,Southern Miss Golden Eagles,Southern Miss,2653,Troy Trojans,Troy,18,28,-10,FBS,FBS,Sun Belt Conference,Sun Belt Conference,False,False,M. M. Roberts Stadium,Hattiesburg,MS,REGULAR_SEASON,True,False,ESPN_PUBLIC_SCOREBOARD_API,TIER_2_MEDIA_AGGREGATOR,https://site.web.api.espn.com/apis/site/v2/sports/football/college-football/scoreboard?dates=20251129&groups=80&limit=400,3033f9d0614bfac094a12d1dfb63d172e70c667cec196d4d1d50c97fbee6cea8,TIER_1_SOURCE_STALE_FOR_SEASON
ESPN-2025-401762441,2025,REGULAR_SEASON,14,2025-11-29T20:30:00Z,1764448200,2636,UTSA Roadrunners,UTSA,349,Army Black Knights,Army,24,27,-3,FBS,FBS,American Conference,American Conference,False,False,Alamodome,San Antonio,TX,REGULAR_SEASON,True,False,ESPN_PUBLIC_SCOREBOARD_API,TIER_2_MEDIA_AGGREGATOR,https://site.web.api.espn.com/apis/site/v2/sports/football/college-football/scoreboard?dates=20251129&groups=80&limit=400,3033f9d0614bfac094a12d1dfb63d172e70c667cec196d4d1d50c97fbee6cea8,TIER_1_SOURCE_STALE_FOR_SEASON
ESPN-2025-401761662,2025,REGULAR_SEASON,14,2025-11-29T20:45:00Z,1764449100,324,Coastal Carolina Chanticleers,Coastal Carolina,256,James Madison Dukes,James Madison,10,59,-49,FBS,FBS,Sun Belt Conference,Sun Belt Conference,False,False,Brooks Stadium (SC),Conway,SC,REGULAR_SEASON,True,False,ESPN_PUBLIC_SCOREBOARD_API,TIER_2_MEDIA_AGGREGATOR,https://site.web.api.espn.com/apis/site/v2/sports/football/college-football/scoreboard?dates=20251129&groups=80&limit=400,3033f9d0614bfac094a12d1dfb63d172e70c667cec196d4d1d50c97fbee6cea8,TIER_1_SOURCE_STALE_FOR_SEASON
ESPN-2025-401752785,2025,REGULAR_SEASON,14,2025-11-29T21:30:00Z,1764451800,57,Florida Gators,Florida,52,Florida State Seminoles,Florida State,40,21,19,FBS,FBS,Southeastern Conference,Atlantic Coast Conference,False,False,Ben Hill Griffin Stadium,Gainesville,FL,REGULAR_SEASON,False,False,ESPN_PUBLIC_SCOREBOARD_API,TIER_2_MEDIA_AGGREGATOR,https://site.web.api.espn.com/apis/site/v2/sports/football/college-football/scoreboard?dates=20251129&groups=80&limit=400,3033f9d0614bfac094a12d1dfb63d172e70c667cec196d4d1d50c97fbee6cea8,TIER_1_SOURCE_STALE_FOR_SEASON
ESPN-2025-401752946,2025,REGULAR_SEASON,14,2025-11-29T23:30:00Z,1764459000,265,Washington State Cougars,Washington State,204,Oregon State Beavers,Oregon State,32,8,24,FBS,FBS,Pac-12 Conference,Pac-12 Conference,False,False,Martin Stadium,Pullman,WA,REGULAR_SEASON,True,False,ESPN_PUBLIC_SCOREBOARD_API,TIER_2_MEDIA_AGGREGATOR,https://site.web.api.espn.com/apis/site/v2/sports/football/college-football/scoreboard?dates=20251129&groups=80&limit=400,3033f9d0614bfac094a12d1dfb63d172e70c667cec196d4d1d50c97fbee6cea8,TIER_1_SOURCE_STALE_FOR_SEASON
ESPN-2025-401752923,2025,REGULAR_SEASON,14,2025-11-30T00:00:00Z,1764460800,127,Michigan State Spartans,Michigan State,120,Maryland Terrapins,Maryland,38,28,10,FBS,FBS,Big Ten Conference,Big Ten Conference,False,True,Ford Field,Detroit,MI,REGULAR_SEASON,True,False,ESPN_PUBLIC_SCOREBOARD_API,TIER_2_MEDIA_AGGREGATOR,https://site.web.api.espn.com/apis/site/v2/sports/football/college-football/scoreboard?dates=20251129&groups=80&limit=400,3033f9d0614bfac094a12d1dfb63d172e70c667cec196d4d1d50c97fbee6cea8,TIER_1_SOURCE_STALE_FOR_SEASON
ESPN-2025-401754613,2025,REGULAR_SEASON,14,2025-11-30T00:00:00Z,1764460800,258,Virginia Cavaliers,Virginia,259,Virginia Tech Hokies,Virginia Tech,27,7,20,FBS,FBS,Atlantic Coast Conference,Atlantic Coast Conference,False,False,Scott Stadium,Charlottesville,VA,REGULAR_SEASON,True,False,ESPN_PUBLIC_SCOREBOARD_API,TIER_2_MEDIA_AGGREGATOR,https://site.web.api.espn.com/apis/site/v2/sports/football/college-football/scoreboard?dates=20251129&groups=80&limit=400,3033f9d0614bfac094a12d1dfb63d172e70c667cec196d4d1d50c97fbee6cea8,TIER_1_SOURCE_STALE_FOR_SEASON
ESPN-2025-401762520,2025,REGULAR_SEASON,14,2025-11-30T00:00:00Z,1764460800,58,South Florida Bulls,South Florida,242,Rice Owls,Rice,52,3,49,FBS,FBS,American Conference,American Conference,False,False,Raymond James Stadium,Tampa,FL,REGULAR_SEASON,True,False,ESPN_PUBLIC_SCOREBOARD_API,TIER_2_MEDIA_AGGREGATOR,https://site.web.api.espn.com/apis/site/v2/sports/football/college-football/scoreboard?dates=20251129&groups=80&limit=400,3033f9d0614bfac094a12d1dfb63d172e70c667cec196d4d1d50c97fbee6cea8,TIER_1_SOURCE_STALE_FOR_SEASON
ESPN-2025-401752784,2025,REGULAR_SEASON,14,2025-11-30T00:30:00Z,1764462600,2,Auburn Tigers,Auburn,333,Alabama Crimson Tide,Alabama,20,27,-7,FBS,FBS,Southeastern Conference,Southeastern Conference,False,False,Jordan-Hare Stadium,Auburn,AL,REGULAR_SEASON,True,False,ESPN_PUBLIC_SCOREBOARD_API,TIER_2_MEDIA_AGGREGATOR,https://site.web.api.espn.com/apis/site/v2/sports/football/college-football/scoreboard?dates=20251129&groups=80&limit=400,3033f9d0614bfac094a12d1dfb63d172e70c667cec196d4d1d50c97fbee6cea8,TIER_1_SOURCE_STALE_FOR_SEASON
ESPN-2025-401752919,2025,REGULAR_SEASON,14,2025-11-30T00:30:00Z,1764462600,30,USC Trojans,USC,26,UCLA Bruins,UCLA,29,10,19,FBS,FBS,Big Ten Conference,Big Ten Conference,False,False,Los Angeles Memorial Coliseum,Los Angeles,CA,REGULAR_SEASON,True,False,ESPN_PUBLIC_SCOREBOARD_API,TIER_2_MEDIA_AGGREGATOR,https://site.web.api.espn.com/apis/site/v2/sports/football/college-football/scoreboard?dates=20251129&groups=80&limit=400,3033f9d0614bfac094a12d1dfb63d172e70c667cec196d4d1d50c97fbee6cea8,TIER_1_SOURCE_STALE_FOR_SEASON
ESPN-2025-401752922,2025,REGULAR_SEASON,14,2025-11-30T00:30:00Z,1764462600,356,Illinois Fighting Illini,Illinois,77,Northwestern Wildcats,Northwestern,20,13,7,FBS,FBS,Big Ten Conference,Big Ten Conference,False,False,Gies Memorial Stadium,Champaign,IL,REGULAR_SEASON,True,False,ESPN_PUBLIC_SCOREBOARD_API,TIER_2_MEDIA_AGGREGATOR,https://site.web.api.espn.com/apis/site/v2/sports/football/college-football/scoreboard?dates=20251129&groups=80&limit=400,3033f9d0614bfac094a12d1dfb63d172e70c667cec196d4d1d50c97fbee6cea8,TIER_1_SOURCE_STALE_FOR_SEASON
ESPN-2025-401754612,2025,REGULAR_SEASON,14,2025-11-30T00:30:00Z,1764462600,152,NC State Wolfpack,NC State,153,North Carolina Tar Heels,North Carolina,42,19,23,FBS,FBS,Atlantic Coast Conference,Atlantic Coast Conference,False,False,Carter-Finley Stadium,Raleigh,NC,REGULAR_SEASON,True,False,ESPN_PUBLIC_SCOREBOARD_API,TIER_2_MEDIA_AGGREGATOR,https://site.web.api.espn.com/apis/site/v2/sports/football/college-football/scoreboard?dates=20251129&groups=80&limit=400,3033f9d0614bfac094a12d1dfb63d172e70c667cec196d4d1d50c97fbee6cea8,TIER_1_SOURCE_STALE_FOR_SEASON
ESPN-2025-401762518,2025,REGULAR_SEASON,14,2025-11-30T00:30:00Z,1764462600,2655,Tulane Green Wave,Tulane,2429,Charlotte 49ers,Charlotte,27,0,27,FBS,FBS,American Conference,American Conference,False,False,Yulman Stadium,New Orleans,LA,REGULAR_SEASON,True,False,ESPN_PUBLIC_SCOREBOARD_API,TIER_2_MEDIA_AGGREGATOR,https://site.web.api.espn.com/apis/site/v2/sports/football/college-football/scoreboard?dates=20251129&groups=80&limit=400,3033f9d0614bfac094a12d1dfb63d172e70c667cec196d4d1d50c97fbee6cea8,TIER_1_SOURCE_STALE_FOR_SEASON
ESPN-2025-401754609,2025,REGULAR_SEASON,14,2025-11-30T01:00:00Z,1764464400,25,California Golden Bears,California,2567,SMU Mustangs,SMU,38,35,3,FBS,FBS,Atlantic Coast Conference,Atlantic Coast Conference,False,False,California Memorial Stadium,Berkeley,CA,REGULAR_SEASON,True,False,ESPN_PUBLIC_SCOREBOARD_API,TIER_2_MEDIA_AGGREGATOR,https://site.web.api.espn.com/apis/site/v2/sports/football/college-football/scoreboard?dates=20251129&groups=80&limit=400,3033f9d0614bfac094a12d1dfb63d172e70c667cec196d4d1d50c97fbee6cea8,TIER_1_SOURCE_STALE_FOR_SEASON
ESPN-2025-401760425,2025,REGULAR_SEASON,14,2025-11-30T02:00:00Z,1764468000,2440,Nevada Wolf Pack,Nevada,2439,UNLV Rebels,UNLV,17,42,-25,FBS,FBS,Mountain West Conference,Mountain West Conference,False,False,Mackay Stadium,Reno,NV,REGULAR_SEASON,True,False,ESPN_PUBLIC_SCOREBOARD_API,TIER_2_MEDIA_AGGREGATOR,https://site.web.api.espn.com/apis/site/v2/sports/football/college-football/scoreboard?dates=20251129&groups=80&limit=400,3033f9d0614bfac094a12d1dfb63d172e70c667cec196d4d1d50c97fbee6cea8,TIER_1_SOURCE_STALE_FOR_SEASON
ESPN-2025-401754614,2025,REGULAR_SEASON,14,2025-11-30T03:30:00Z,1764473400,24,Stanford Cardinal,Stanford,87,Notre Dame Fighting Irish,Notre Dame,20,49,-29,FBS,FBS,Atlantic Coast Conference,FBS Independents,False,False,Stanford Stadium,Stanford,CA,REGULAR_SEASON,False,False,ESPN_PUBLIC_SCOREBOARD_API,TIER_2_MEDIA_AGGREGATOR,https://site.web.api.espn.com/apis/site/v2/sports/football/college-football/scoreboard?dates=20251129&groups=80&limit=400,3033f9d0614bfac094a12d1dfb63d172e70c667cec196d4d1d50c97fbee6cea8,TIER_1_SOURCE_STALE_FOR_SEASON
ESPN-2025-401760423,2025,REGULAR_SEASON,14,2025-11-30T03:30:00Z,1764473400,23,San José State Spartans,San José State,278,Fresno State Bulldogs,Fresno State,14,41,-27,FBS,FBS,Mountain West Conference,Mountain West Conference,False,False,CEFCU Stadium,San Jose,CA,REGULAR_SEASON,True,False,ESPN_PUBLIC_SCOREBOARD_API,TIER_2_MEDIA_AGGREGATOR,https://site.web.api.espn.com/apis/site/v2/sports/football/college-football/scoreboard?dates=20251129&groups=80&limit=400,3033f9d0614bfac094a12d1dfb63d172e70c667cec196d4d1d50c97fbee6cea8,TIER_1_SOURCE_STALE_FOR_SEASON
ESPN-2025-401760424,2025,REGULAR_SEASON,14,2025-11-30T04:00:00Z,1764475200,62,Hawai'i Rainbow Warriors,Hawai'i,2751,Wyoming Cowboys,Wyoming,27,7,20,FBS,FBS,Mountain West Conference,Mountain West Conference,False,False,Clarence T.C. Ching Athletics Complex,Honolulu,HI,REGULAR_SEASON,True,False,ESPN_PUBLIC_SCOREBOARD_API,TIER_2_MEDIA_AGGREGATOR,https://site.web.api.espn.com/apis/site/v2/sports/football/college-football/scoreboard?dates=20251129&groups=80&limit=400,3033f9d0614bfac094a12d1dfb63d172e70c667cec196d4d1d50c97fbee6cea8,TIER_1_SOURCE_STALE_FOR_SEASON
ESPN-2025-401777325,2025,REGULAR_SEASON,15,2025-12-06T00:00:00Z,1764979200,55,Jacksonville State Gamecocks,Jacksonville State,338,Kennesaw State Owls,Kennesaw State,15,19,-4,FBS,FBS,Conference USA,Conference USA,False,False,AmFirst Stadium,Jacksonville,AL,REGULAR_SEASON:Conference USA Championship,False,False,ESPN_PUBLIC_SCOREBOARD_API,TIER_2_MEDIA_AGGREGATOR,https://site.web.api.espn.com/apis/site/v2/sports/football/college-football/scoreboard?dates=20251205&groups=80&limit=400,2171ed3c1fdf7b6f25de49a61b6c698fdcebedf7e3f1175e78d8bda66a4df501,TIER_1_SOURCE_STALE_FOR_SEASON
ESPN-2025-401777352,2025,REGULAR_SEASON,15,2025-12-06T00:00:00Z,1764979200,256,James Madison Dukes,James Madison,2653,Troy Trojans,Troy,31,14,17,FBS,FBS,Sun Belt Conference,Sun Belt Conference,False,False,Bridgeforth Stadium,Harrisonburg,VA,REGULAR_SEASON:Sun Belt Championship,False,False,ESPN_PUBLIC_SCOREBOARD_API,TIER_2_MEDIA_AGGREGATOR,https://site.web.api.espn.com/apis/site/v2/sports/football/college-football/scoreboard?dates=20251205&groups=80&limit=400,2171ed3c1fdf7b6f25de49a61b6c698fdcebedf7e3f1175e78d8bda66a4df501,TIER_1_SOURCE_STALE_FOR_SEASON
ESPN-2025-401777324,2025,REGULAR_SEASON,15,2025-12-06T01:00:00Z,1764982800,2655,Tulane Green Wave,Tulane,249,North Texas Mean Green,North Texas,34,21,13,FBS,FBS,American Conference,American Conference,False,False,Yulman Stadium,New Orleans,LA,REGULAR_SEASON:American Championship,False,False,ESPN_PUBLIC_SCOREBOARD_API,TIER_2_MEDIA_AGGREGATOR,https://site.web.api.espn.com/apis/site/v2/sports/football/college-football/scoreboard?dates=20251205&groups=80&limit=400,2171ed3c1fdf7b6f25de49a61b6c698fdcebedf7e3f1175e78d8bda66a4df501,TIER_1_SOURCE_STALE_FOR_SEASON
ESPN-2025-401777326,2025,REGULAR_SEASON,15,2025-12-06T01:00:00Z,1764982800,68,Boise State Broncos,Boise State,2439,UNLV Rebels,UNLV,38,21,17,FBS,FBS,Mountain West Conference,Mountain West Conference,False,False,Albertsons Stadium,Boise,ID,REGULAR_SEASON:Mountain West Championship,False,False,ESPN_PUBLIC_SCOREBOARD_API,TIER_2_MEDIA_AGGREGATOR,https://site.web.api.espn.com/apis/site/v2/sports/football/college-football/scoreboard?dates=20251205&groups=80&limit=400,2171ed3c1fdf7b6f25de49a61b6c698fdcebedf7e3f1175e78d8bda66a4df501,TIER_1_SOURCE_STALE_FOR_SEASON
ESPN-2025-401777327,2025,REGULAR_SEASON,15,2025-12-06T17:00:00Z,1765040400,2641,Texas Tech Red Raiders,Texas Tech,252,BYU Cougars,BYU,34,7,27,FBS,FBS,Big 12 Conference,Big 12 Conference,False,True,AT&T Stadium,Arlington,TX,REGULAR_SEASON:Big 12 Championship,False,False,ESPN_PUBLIC_SCOREBOARD_API,TIER_2_MEDIA_AGGREGATOR,https://site.web.api.espn.com/apis/site/v2/sports/football/college-football/scoreboard?dates=20251206&groups=80&limit=400,cffb0ee434877da479b0da9f174196cb79ea389464f006ce564017decef35d04,TIER_1_SOURCE_STALE_FOR_SEASON
ESPN-2025-401777329,2025,REGULAR_SEASON,15,2025-12-06T17:00:00Z,1765040400,2711,Western Michigan Broncos,Western Michigan,193,Miami (OH) RedHawks,Miami (OH),23,13,10,FBS,FBS,Mid-American Conference,Mid-American Conference,False,True,Ford Field,Detroit,MI,REGULAR_SEASON:MAC Championship,False,False,ESPN_PUBLIC_SCOREBOARD_API,TIER_2_MEDIA_AGGREGATOR,https://site.web.api.espn.com/apis/site/v2/sports/football/college-football/scoreboard?dates=20251206&groups=80&limit=400,cffb0ee434877da479b0da9f174196cb79ea389464f006ce564017decef35d04,TIER_1_SOURCE_STALE_FOR_SEASON
ESPN-2025-401777351,2025,REGULAR_SEASON,15,2025-12-06T21:00:00Z,1765054800,333,Alabama Crimson Tide,Alabama,61,Georgia Bulldogs,Georgia,7,28,-21,FBS,FBS,Southeastern Conference,Southeastern Conference,False,True,Mercedes-Benz Stadium,Atlanta,GA,REGULAR_SEASON:SEC Championship,False,False,ESPN_PUBLIC_SCOREBOARD_API,TIER_2_MEDIA_AGGREGATOR,https://site.web.api.espn.com/apis/site/v2/sports/football/college-football/scoreboard?dates=20251206&groups=80&limit=400,cffb0ee434877da479b0da9f174196cb79ea389464f006ce564017decef35d04,TIER_1_SOURCE_STALE_FOR_SEASON
ESPN-2025-401777328,2025,REGULAR_SEASON,15,2025-12-07T01:00:00Z,1765069200,258,Virginia Cavaliers,Virginia,150,Duke Blue Devils,Duke,20,27,-7,FBS,FBS,Atlantic Coast Conference,Atlantic Coast Conference,False,True,Bank of America Stadium,Charlotte,NC,REGULAR_SEASON:ACC Championship,False,True,ESPN_PUBLIC_SCOREBOARD_API,TIER_2_MEDIA_AGGREGATOR,https://site.web.api.espn.com/apis/site/v2/sports/football/college-football/scoreboard?dates=20251206&groups=80&limit=400,cffb0ee434877da479b0da9f174196cb79ea389464f006ce564017decef35d04,TIER_1_SOURCE_STALE_FOR_SEASON
ESPN-2025-401777353,2025,REGULAR_SEASON,15,2025-12-07T01:00:00Z,1765069200,194,Ohio State Buckeyes,Ohio State,84,Indiana Hoosiers,Indiana,10,13,-3,FBS,FBS,Big Ten Conference,Big Ten Conference,False,True,Lucas Oil Stadium,Indianapolis,IN,REGULAR_SEASON:Big Ten Championship,False,False,ESPN_PUBLIC_SCOREBOARD_API,TIER_2_MEDIA_AGGREGATOR,https://site.web.api.espn.com/apis/site/v2/sports/football/college-football/scoreboard?dates=20251206&groups=80&limit=400,cffb0ee434877da479b0da9f174196cb79ea389464f006ce564017decef35d04,TIER_1_SOURCE_STALE_FOR_SEASON
ESPN-2025-401762521,2025,REGULAR_SEASON,16,2025-12-13T20:00:00Z,1765656000,2426,Navy Midshipmen,Navy,349,Army Black Knights,Army,17,16,1,FBS,FBS,American Conference,American Conference,False,True,M&T Bank Stadium,Baltimore,MD,REGULAR_SEASON,False,False,ESPN_PUBLIC_SCOREBOARD_API,TIER_2_MEDIA_AGGREGATOR,https://site.web.api.espn.com/apis/site/v2/sports/football/college-football/scoreboard?dates=20251213&groups=80&limit=400,606ded0c67e3b6d9f416c0e05af9b9c660faa05e9b7a35d5140e590fd5147e76,TIER_1_SOURCE_STALE_FOR_SEASON
ESPN-2025-401778302,2025,POSTSEASON,1,2025-12-14T01:00:00Z,1765674000,264,Washington Huskies,Washington,68,Boise State Broncos,Boise State,38,10,28,FBS,FBS,Big Ten Conference,Mountain West Conference,False,True,SoFi Stadium,Inglewood,CA,POSTSEASON:Bucked Up LA Bowl,False,False,ESPN_PUBLIC_SCOREBOARD_API,TIER_2_MEDIA_AGGREGATOR,https://site.web.api.espn.com/apis/site/v2/sports/football/college-football/scoreboard?dates=20251213&groups=80&limit=400,606ded0c67e3b6d9f416c0e05af9b9c660faa05e9b7a35d5140e590fd5147e76,TIER_1_SOURCE_STALE_FOR_SEASON
ESPN-2025-401778303,2025,POSTSEASON,1,2025-12-17T02:00:00Z,1765936800,55,Jacksonville State Gamecocks,Jacksonville State,2653,Troy Trojans,Troy,17,13,4,FBS,FBS,Conference USA,Sun Belt Conference,False,True,Cramton Bowl,Montgomery,AL,POSTSEASON:IS4S Salute to Veterans Bowl,False,False,ESPN_PUBLIC_SCOREBOARD_API,TIER_2_MEDIA_AGGREGATOR,https://site.web.api.espn.com/apis/site/v2/sports/football/college-football/scoreboard?dates=20251216&groups=80&limit=400,aa21f67331840db5899c2c09585852df3b5c98016c7bf3ff421432a76a24b0ee,TIER_1_SOURCE_STALE_FOR_SEASON
ESPN-2025-401778304,2025,POSTSEASON,1,2025-12-17T22:00:00Z,1766008800,58,South Florida Bulls,South Florida,295,Old Dominion Monarchs,Old Dominion,10,24,-14,FBS,FBS,American Conference,Sun Belt Conference,False,True,Camping World Stadium,Orlando,FL,POSTSEASON:StaffDNA Cure Bowl,False,False,ESPN_PUBLIC_SCOREBOARD_API,TIER_2_MEDIA_AGGREGATOR,https://site.web.api.espn.com/apis/site/v2/sports/football/college-football/scoreboard?dates=20251217&groups=80&limit=400,8ce43a80c1dd7596c032d005e14212ee44c5ea4fcc18aff76116fe53b3f44342,TIER_1_SOURCE_STALE_FOR_SEASON
ESPN-2025-401778305,2025,POSTSEASON,1,2025-12-18T01:40:00Z,1766022000,48,Delaware Blue Hens,Delaware,309,Louisiana Ragin' Cajuns,Louisiana,20,13,7,FBS,FBS,Conference USA,Sun Belt Conference,False,True,Hancock Whitney Stadium,Mobile,AL,POSTSEASON:68 Ventures Bowl,False,False,ESPN_PUBLIC_SCOREBOARD_API,TIER_2_MEDIA_AGGREGATOR,https://site.web.api.espn.com/apis/site/v2/sports/football/college-football/scoreboard?dates=20251217&groups=80&limit=400,8ce43a80c1dd7596c032d005e14212ee44c5ea4fcc18aff76116fe53b3f44342,TIER_1_SOURCE_STALE_FOR_SEASON
ESPN-2025-401838053,2025,POSTSEASON,1,2025-12-19T02:00:00Z,1766109600,2032,Arkansas State Red Wolves,Arkansas State,2623,Missouri State Bears,Missouri State,34,28,6,FBS,FBS,Sun Belt Conference,Conference USA,False,True,Ford Center At The Star,Frisco,TX,POSTSEASON:Xbox Bowl,False,False,ESPN_PUBLIC_SCOREBOARD_API,TIER_2_MEDIA_AGGREGATOR,https://site.web.api.espn.com/apis/site/v2/sports/football/college-football/scoreboard?dates=20251218&groups=80&limit=400,300dfec6ee08168bbca6bef08560a2f38b9a4819923572f94f7c9651d4e53e4c,TIER_1_SOURCE_STALE_FOR_SEASON
ESPN-2025-401778306,2025,POSTSEASON,1,2025-12-19T16:00:00Z,1766160000,2711,Western Michigan Broncos,Western Michigan,338,Kennesaw State Owls,Kennesaw State,41,6,35,FBS,FBS,Mid-American Conference,Conference USA,False,True,Brooks Stadium (SC),Conway,SC,POSTSEASON:Myrtle Beach Bowl,False,False,ESPN_PUBLIC_SCOREBOARD_API,TIER_2_MEDIA_AGGREGATOR,https://site.web.api.espn.com/apis/site/v2/sports/football/college-football/scoreboard?dates=20251219&groups=80&limit=400,94dfc8f3a2cff44fd707b877459963b97ee4150773b478dfcc3ea3db25663c81,TIER_1_SOURCE_STALE_FOR_SEASON
ESPN-2025-401778307,2025,POSTSEASON,1,2025-12-19T19:30:00Z,1766172600,152,NC State Wolfpack,NC State,235,Memphis Tigers,Memphis,31,7,24,FBS,FBS,Atlantic Coast Conference,American Conference,False,True,Raymond James Stadium,Tampa,FL,POSTSEASON:Union Home Mortgage Gasparilla Bowl,False,False,ESPN_PUBLIC_SCOREBOARD_API,TIER_2_MEDIA_AGGREGATOR,https://site.web.api.espn.com/apis/site/v2/sports/football/college-football/scoreboard?dates=20251219&groups=80&limit=400,94dfc8f3a2cff44fd707b877459963b97ee4150773b478dfcc3ea3db25663c81,TIER_1_SOURCE_STALE_FOR_SEASON
ESPN-2025-401779840,2025,POSTSEASON,1,2025-12-20T01:00:00Z,1766192400,201,Oklahoma Sooners,Oklahoma,333,Alabama Crimson Tide,Alabama,24,34,-10,FBS,FBS,Southeastern Conference,Southeastern Conference,False,False,"Memorial Stadium (Norman, OK)",Norman,OK,POSTSEASON:College Football Playoff First Round Game,False,False,ESPN_PUBLIC_SCOREBOARD_API,TIER_2_MEDIA_AGGREGATOR,https://site.web.api.espn.com/apis/site/v2/sports/football/college-football/scoreboard?dates=20251219&groups=80&limit=400,94dfc8f3a2cff44fd707b877459963b97ee4150773b478dfcc3ea3db25663c81,TIER_1_SOURCE_STALE_FOR_SEASON
ESPN-2025-401779841,2025,POSTSEASON,1,2025-12-20T17:00:00Z,1766250000,245,Texas A&M Aggies,Texas A&M,2390,Miami Hurricanes,Miami,3,10,-7,FBS,FBS,Southeastern Conference,Atlantic Coast Conference,False,False,Kyle Field,College Station,TX,POSTSEASON:College Football Playoff First Round Game,False,False,ESPN_PUBLIC_SCOREBOARD_API,TIER_2_MEDIA_AGGREGATOR,https://site.web.api.espn.com/apis/site/v2/sports/football/college-football/scoreboard?dates=20251220&groups=80&limit=400,ba5292a41a4fecc94bab4d5b6ea9da4bce2bd0e648c26fe9fefd6d8d59f843af,TIER_1_SOURCE_STALE_FOR_SEASON
ESPN-2025-401779842,2025,POSTSEASON,1,2025-12-20T20:30:00Z,1766262600,145,Ole Miss Rebels,Ole Miss,2655,Tulane Green Wave,Tulane,41,10,31,FBS,FBS,Southeastern Conference,American Conference,False,False,Vaught-Hemingway Stadium,Oxford,MS,POSTSEASON:College Football Playoff First Round Game,False,False,ESPN_PUBLIC_SCOREBOARD_API,TIER_2_MEDIA_AGGREGATOR,https://site.web.api.espn.com/apis/site/v2/sports/football/college-football/scoreboard?dates=20251220&groups=80&limit=400,ba5292a41a4fecc94bab4d5b6ea9da4bce2bd0e648c26fe9fefd6d8d59f843af,TIER_1_SOURCE_STALE_FOR_SEASON
ESPN-2025-401779843,2025,POSTSEASON,1,2025-12-21T00:30:00Z,1766277000,2483,Oregon Ducks,Oregon,256,James Madison Dukes,James Madison,51,34,17,FBS,FBS,Big Ten Conference,Sun Belt Conference,False,False,Autzen Stadium,Eugene,OR,POSTSEASON:College Football Playoff First Round Game,False,False,ESPN_PUBLIC_SCOREBOARD_API,TIER_2_MEDIA_AGGREGATOR,https://site.web.api.espn.com/apis/site/v2/sports/football/college-football/scoreboard?dates=20251220&groups=80&limit=400,ba5292a41a4fecc94bab4d5b6ea9da4bce2bd0e648c26fe9fefd6d8d59f843af,TIER_1_SOURCE_STALE_FOR_SEASON
ESPN-2025-401778308,2025,POSTSEASON,1,2025-12-22T19:00:00Z,1766430000,328,Utah State Aggies,Utah State,265,Washington State Cougars,Washington State,21,34,-13,FBS,FBS,Mountain West Conference,Pac-12 Conference,False,True,Albertsons Stadium,Boise,ID,POSTSEASON:Famous Idaho Potato Bowl,False,False,ESPN_PUBLIC_SCOREBOARD_API,TIER_2_MEDIA_AGGREGATOR,https://site.web.api.espn.com/apis/site/v2/sports/football/college-football/scoreboard?dates=20251222&groups=80&limit=400,e31334aee3a7eccdc529304f1b15071490bbee0b7512bc2e17e1788d75170c35,TIER_1_SOURCE_STALE_FOR_SEASON
ESPN-2025-401778309,2025,POSTSEASON,1,2025-12-23T19:00:00Z,1766516400,97,Louisville Cardinals,Louisville,2649,Toledo Rockets,Toledo,27,22,5,FBS,FBS,Atlantic Coast Conference,Mid-American Conference,False,True,Flagler Credit Union Stadium,Boca Raton,FL,POSTSEASON:Bush's Boca Raton Bowl,False,False,ESPN_PUBLIC_SCOREBOARD_API,TIER_2_MEDIA_AGGREGATOR,https://site.web.api.espn.com/apis/site/v2/sports/football/college-football/scoreboard?dates=20251223&groups=80&limit=400,dcf6f3701b588273e32c605c70c8dd743548b8fdba5f22b73d72dc8258c132ff,TIER_1_SOURCE_STALE_FOR_SEASON
ESPN-2025-401778310,2025,POSTSEASON,1,2025-12-23T22:30:00Z,1766529000,2572,Southern Miss Golden Eagles,Southern Miss,98,Western Kentucky Hilltoppers,Western Kentucky,16,27,-11,FBS,FBS,Sun Belt Conference,Conference USA,False,True,Caesars Superdome,New Orleans,LA,POSTSEASON:New Orleans Bowl,False,False,ESPN_PUBLIC_SCOREBOARD_API,TIER_2_MEDIA_AGGREGATOR,https://site.web.api.espn.com/apis/site/v2/sports/football/college-football/scoreboard?dates=20251223&groups=80&limit=400,dcf6f3701b588273e32c605c70c8dd743548b8fdba5f22b73d72dc8258c132ff,TIER_1_SOURCE_STALE_FOR_SEASON
ESPN-2025-401778311,2025,POSTSEASON,1,2025-12-24T02:00:00Z,1766541600,195,Ohio Bobcats,Ohio,2439,UNLV Rebels,UNLV,17,10,7,FBS,FBS,Mid-American Conference,Mountain West Conference,False,True,Ford Center At The Star,Frisco,TX,POSTSEASON:Scooter's Coffee Frisco Bowl,False,False,ESPN_PUBLIC_SCOREBOARD_API,TIER_2_MEDIA_AGGREGATOR,https://site.web.api.espn.com/apis/site/v2/sports/football/college-football/scoreboard?dates=20251223&groups=80&limit=400,dcf6f3701b588273e32c605c70c8dd743548b8fdba5f22b73d72dc8258c132ff,TIER_1_SOURCE_STALE_FOR_SEASON
ESPN-2025-401778312,2025,POSTSEASON,1,2025-12-25T01:00:00Z,1766624400,62,Hawai'i Rainbow Warriors,Hawai'i,25,California Golden Bears,California,35,31,4,FBS,FBS,Mountain West Conference,Atlantic Coast Conference,False,False,Clarence T.C. Ching Athletics Complex,Honolulu,HI,POSTSEASON:Sheraton Hawaiʻi Bowl,False,False,ESPN_PUBLIC_SCOREBOARD_API,TIER_2_MEDIA_AGGREGATOR,https://site.web.api.espn.com/apis/site/v2/sports/football/college-football/scoreboard?dates=20251224&groups=80&limit=400,c405b35dfab407aa9aa34eb456fb3421b8988fac520accfe80ac9bb8ecf513c8,TIER_1_SOURCE_STALE_FOR_SEASON
ESPN-2025-401778313,2025,POSTSEASON,1,2025-12-26T18:00:00Z,1766772000,77,Northwestern Wildcats,Northwestern,2117,Central Michigan Chippewas,Central Michigan,34,7,27,FBS,FBS,Big Ten Conference,Mid-American Conference,False,True,Ford Field,Detroit,MI,POSTSEASON:GameAbove Sports Bowl,False,False,ESPN_PUBLIC_SCOREBOARD_API,TIER_2_MEDIA_AGGREGATOR,https://site.web.api.espn.com/apis/site/v2/sports/football/college-football/scoreboard?dates=20251226&groups=80&limit=400,d875130cd4f41a89e3bb28926e330936b70dd32e6bffdf4161c09e5360cbcea0,TIER_1_SOURCE_STALE_FOR_SEASON
ESPN-2025-401778314,2025,POSTSEASON,1,2025-12-26T21:30:00Z,1766784600,135,Minnesota Golden Gophers,Minnesota,167,New Mexico Lobos,New Mexico,20,17,3,FBS,FBS,Big Ten Conference,Mountain West Conference,False,True,Chase Field,Phoenix,AZ,POSTSEASON:Rate Bowl,False,True,ESPN_PUBLIC_SCOREBOARD_API,TIER_2_MEDIA_AGGREGATOR,https://site.web.api.espn.com/apis/site/v2/sports/football/college-football/scoreboard?dates=20251226&groups=80&limit=400,d875130cd4f41a89e3bb28926e330936b70dd32e6bffdf4161c09e5360cbcea0,TIER_1_SOURCE_STALE_FOR_SEASON
ESPN-2025-401778315,2025,POSTSEASON,1,2025-12-27T01:00:00Z,1766797200,2636,UTSA Roadrunners,UTSA,2229,Florida International Panthers,Florida International,57,20,37,FBS,FBS,American Conference,Conference USA,False,True,Gerald J. Ford Stadium,Dallas,TX,POSTSEASON:SERVPRO First Responder Bowl,False,False,ESPN_PUBLIC_SCOREBOARD_API,TIER_2_MEDIA_AGGREGATOR,https://site.web.api.espn.com/apis/site/v2/sports/football/college-football/scoreboard?dates=20251226&groups=80&limit=400,d875130cd4f41a89e3bb28926e330936b70dd32e6bffdf4161c09e5360cbcea0,TIER_1_SOURCE_STALE_FOR_SEASON
ESPN-2025-401778316,2025,POSTSEASON,1,2025-12-27T16:00:00Z,1766851200,151,East Carolina Pirates,East Carolina,221,Pittsburgh Panthers,Pittsburgh,23,17,6,FBS,FBS,American Conference,Atlantic Coast Conference,False,True,Navy-Marine Corps Memorial Stadium,Annapolis,MD,POSTSEASON:Go Bowling Military Bowl,False,False,ESPN_PUBLIC_SCOREBOARD_API,TIER_2_MEDIA_AGGREGATOR,https://site.web.api.espn.com/apis/site/v2/sports/football/college-football/scoreboard?dates=20251227&groups=80&limit=400,2aac50d095a1036c5a44643cafdf13d594ae4d53a427bf00c8b31ca98dcdc873,TIER_1_SOURCE_STALE_FOR_SEASON
ESPN-2025-401778317,2025,POSTSEASON,1,2025-12-27T17:00:00Z,1766854800,228,Clemson Tigers,Clemson,213,Penn State Nittany Lions,Penn State,10,22,-12,FBS,FBS,Atlantic Coast Conference,Big Ten Conference,False,True,Yankee Stadium,Bronx,NY,POSTSEASON:Bad Boy Mowers Pinstripe Bowl,False,False,ESPN_PUBLIC_SCOREBOARD_API,TIER_2_MEDIA_AGGREGATOR,https://site.web.api.espn.com/apis/site/v2/sports/football/college-football/scoreboard?dates=20251227&groups=80&limit=400,2aac50d095a1036c5a44643cafdf13d594ae4d53a427bf00c8b31ca98dcdc873,TIER_1_SOURCE_STALE_FOR_SEASON
ESPN-2025-401778318,2025,POSTSEASON,1,2025-12-27T19:15:00Z,1766862900,349,Army Black Knights,Army,41,UConn Huskies,UConn,41,16,25,FBS,FBS,American Conference,FBS Independents,False,True,Fenway Park,Boston,MA,POSTSEASON:Wasabi Fenway Bowl,False,False,ESPN_PUBLIC_SCOREBOARD_API,TIER_2_MEDIA_AGGREGATOR,https://site.web.api.espn.com/apis/site/v2/sports/football/college-football/scoreboard?dates=20251227&groups=80&limit=400,2aac50d095a1036c5a44643cafdf13d594ae4d53a427bf00c8b31ca98dcdc873,TIER_1_SOURCE_STALE_FOR_SEASON
ESPN-2025-401778319,2025,POSTSEASON,1,2025-12-27T20:40:00Z,1766868000,252,BYU Cougars,BYU,59,Georgia Tech Yellow Jackets,Georgia Tech,25,21,4,FBS,FBS,Big 12 Conference,Atlantic Coast Conference,False,True,Camping World Stadium,Orlando,FL,POSTSEASON:Pop-Tarts Bowl,False,False,ESPN_PUBLIC_SCOREBOARD_API,TIER_2_MEDIA_AGGREGATOR,https://site.web.api.espn.com/apis/site/v2/sports/football/college-football/scoreboard?dates=20251227&groups=80&limit=400,2aac50d095a1036c5a44643cafdf13d594ae4d53a427bf00c8b31ca98dcdc873,TIER_1_SOURCE_STALE_FOR_SEASON
ESPN-2025-401778320,2025,POSTSEASON,1,2025-12-27T21:30:00Z,1766871000,278,Fresno State Bulldogs,Fresno State,193,Miami (OH) RedHawks,Miami (OH),18,3,15,FBS,FBS,Mountain West Conference,Mid-American Conference,False,True,Casino Del Sol Stadium,Tucson,AZ,POSTSEASON:Snoop Dogg Arizona Bowl,False,False,ESPN_PUBLIC_SCOREBOARD_API,TIER_2_MEDIA_AGGREGATOR,https://site.web.api.espn.com/apis/site/v2/sports/football/college-football/scoreboard?dates=20251227&groups=80&limit=400,2aac50d095a1036c5a44643cafdf13d594ae4d53a427bf00c8b31ca98dcdc873,TIER_1_SOURCE_STALE_FOR_SEASON
ESPN-2025-401778321,2025,POSTSEASON,1,2025-12-27T22:45:00Z,1766875500,21,San Diego State Aztecs,San Diego State,249,North Texas Mean Green,North Texas,47,49,-2,FBS,FBS,Mountain West Conference,American Conference,False,True,University Stadium (NM),Albuquerque,NM,POSTSEASON:Isleta New Mexico Bowl,False,False,ESPN_PUBLIC_SCOREBOARD_API,TIER_2_MEDIA_AGGREGATOR,https://site.web.api.espn.com/apis/site/v2/sports/football/college-football/scoreboard?dates=20251227&groups=80&limit=400,2aac50d095a1036c5a44643cafdf13d594ae4d53a427bf00c8b31ca98dcdc873,TIER_1_SOURCE_STALE_FOR_SEASON
ESPN-2025-401778322,2025,POSTSEASON,1,2025-12-28T00:30:00Z,1766881800,142,Missouri Tigers,Missouri,258,Virginia Cavaliers,Virginia,7,13,-6,FBS,FBS,Southeastern Conference,Atlantic Coast Conference,False,True,EverBank Stadium,Jacksonville,FL,POSTSEASON:TaxSlayer Gator Bowl,False,False,ESPN_PUBLIC_SCOREBOARD_API,TIER_2_MEDIA_AGGREGATOR,https://site.web.api.espn.com/apis/site/v2/sports/football/college-football/scoreboard?dates=20251227&groups=80&limit=400,2aac50d095a1036c5a44643cafdf13d594ae4d53a427bf00c8b31ca98dcdc873,TIER_1_SOURCE_STALE_FOR_SEASON
ESPN-2025-401778323,2025,POSTSEASON,1,2025-12-28T02:20:00Z,1766888400,248,Houston Cougars,Houston,99,LSU Tigers,LSU,38,35,3,FBS,FBS,Big 12 Conference,Southeastern Conference,False,True,Reliant Stadium,Houston,TX,POSTSEASON:Kinder's Texas Bowl,False,False,ESPN_PUBLIC_SCOREBOARD_API,TIER_2_MEDIA_AGGREGATOR,https://site.web.api.espn.com/apis/site/v2/sports/football/college-football/scoreboard?dates=20251227&groups=80&limit=400,2aac50d095a1036c5a44643cafdf13d594ae4d53a427bf00c8b31ca98dcdc873,TIER_1_SOURCE_STALE_FOR_SEASON
ESPN-2025-401778324,2025,POSTSEASON,1,2025-12-29T19:00:00Z,1767034800,2026,App State Mountaineers,App State,290,Georgia Southern Eagles,Georgia Southern,10,29,-19,FBS,FBS,Sun Belt Conference,Sun Belt Conference,False,True,Protective Stadium,Birmingham,AL,POSTSEASON:JLab Birmingham Bowl,False,False,ESPN_PUBLIC_SCOREBOARD_API,TIER_2_MEDIA_AGGREGATOR,https://site.web.api.espn.com/apis/site/v2/sports/football/college-football/scoreboard?dates=20251229&groups=80&limit=400,dbe3170f4e3a110d9f2c6183fa30e944dfb12f2b7ec4ee26fee02d9796502054,TIER_1_SOURCE_STALE_FOR_SEASON
ESPN-2025-401778325,2025,POSTSEASON,1,2025-12-30T19:00:00Z,1767121200,2348,Louisiana Tech Bulldogs,Louisiana Tech,324,Coastal Carolina Chanticleers,Coastal Carolina,23,14,9,FBS,FBS,Conference USA,Sun Belt Conference,False,True,Independence Stadium,Shreveport,LA,POSTSEASON:Radiance Technologies Independence Bowl,False,False,ESPN_PUBLIC_SCOREBOARD_API,TIER_2_MEDIA_AGGREGATOR,https://site.web.api.espn.com/apis/site/v2/sports/football/college-football/scoreboard?dates=20251230&groups=80&limit=400,59de03714cc6be2ddd5cdaf85e478c65a19533029e7c7211d1a4088f027ac075,TIER_1_SOURCE_STALE_FOR_SEASON
ESPN-2025-401778326,2025,POSTSEASON,1,2025-12-30T22:30:00Z,1767133800,356,Illinois Fighting Illini,Illinois,2633,Tennessee Volunteers,Tennessee,30,28,2,FBS,FBS,Big Ten Conference,Southeastern Conference,False,True,Nissan Stadium,Nashville,TN,POSTSEASON:Liberty Mutual Music City Bowl,False,False,ESPN_PUBLIC_SCOREBOARD_API,TIER_2_MEDIA_AGGREGATOR,https://site.web.api.espn.com/apis/site/v2/sports/football/college-football/scoreboard?dates=20251230&groups=80&limit=400,59de03714cc6be2ddd5cdaf85e478c65a19533029e7c7211d1a4088f027ac075,TIER_1_SOURCE_STALE_FOR_SEASON
ESPN-2025-401778327,2025,POSTSEASON,1,2025-12-31T02:00:00Z,1767146400,2628,TCU Horned Frogs,TCU,30,USC Trojans,USC,30,27,3,FBS,FBS,Big 12 Conference,Big Ten Conference,False,True,Alamodome,San Antonio,TX,POSTSEASON:Valero Alamo Bowl,False,True,ESPN_PUBLIC_SCOREBOARD_API,TIER_2_MEDIA_AGGREGATOR,https://site.web.api.espn.com/apis/site/v2/sports/football/college-football/scoreboard?dates=20251230&groups=80&limit=400,59de03714cc6be2ddd5cdaf85e478c65a19533029e7c7211d1a4088f027ac075,TIER_1_SOURCE_STALE_FOR_SEASON
ESPN-2025-401778328,2025,POSTSEASON,1,2025-12-31T17:00:00Z,1767200400,238,Vanderbilt Commodores,Vanderbilt,2294,Iowa Hawkeyes,Iowa,27,34,-7,FBS,FBS,Southeastern Conference,Big Ten Conference,False,True,Raymond James Stadium,Tampa,FL,POSTSEASON:ReliaQuest Bowl,False,False,ESPN_PUBLIC_SCOREBOARD_API,TIER_2_MEDIA_AGGREGATOR,https://site.web.api.espn.com/apis/site/v2/sports/football/college-football/scoreboard?dates=20251231&groups=80&limit=400,8d397531fae527b62be38d267a7ca54aad98b996dd2fc8abba73dda1c4920d94,TIER_1_SOURCE_STALE_FOR_SEASON
ESPN-2025-401778329,2025,POSTSEASON,1,2025-12-31T19:00:00Z,1767207600,150,Duke Blue Devils,Duke,9,Arizona State Sun Devils,Arizona State,42,39,3,FBS,FBS,Atlantic Coast Conference,Big 12 Conference,False,True,Sun Bowl,El Paso,TX,POSTSEASON:Tony the Tiger Sun Bowl,False,False,ESPN_PUBLIC_SCOREBOARD_API,TIER_2_MEDIA_AGGREGATOR,https://site.web.api.espn.com/apis/site/v2/sports/football/college-football/scoreboard?dates=20251231&groups=80&limit=400,8d397531fae527b62be38d267a7ca54aad98b996dd2fc8abba73dda1c4920d94,TIER_1_SOURCE_STALE_FOR_SEASON
ESPN-2025-401778330,2025,POSTSEASON,1,2025-12-31T20:00:00Z,1767211200,251,Texas Longhorns,Texas,130,Michigan Wolverines,Michigan,41,27,14,FBS,FBS,Southeastern Conference,Big Ten Conference,False,True,Camping World Stadium,Orlando,FL,POSTSEASON:Cheez-It Citrus Bowl,False,False,ESPN_PUBLIC_SCOREBOARD_API,TIER_2_MEDIA_AGGREGATOR,https://site.web.api.espn.com/apis/site/v2/sports/football/college-football/scoreboard?dates=20251231&groups=80&limit=400,8d397531fae527b62be38d267a7ca54aad98b996dd2fc8abba73dda1c4920d94,TIER_1_SOURCE_STALE_FOR_SEASON
ESPN-2025-401778331,2025,POSTSEASON,1,2025-12-31T20:30:00Z,1767213000,254,Utah Utes,Utah,158,Nebraska Cornhuskers,Nebraska,44,22,22,FBS,FBS,Big 12 Conference,Big Ten Conference,False,True,Allegiant Stadium,Las Vegas,NV,POSTSEASON:SRS Distribution Las Vegas Bowl,False,False,ESPN_PUBLIC_SCOREBOARD_API,TIER_2_MEDIA_AGGREGATOR,https://site.web.api.espn.com/apis/site/v2/sports/football/college-football/scoreboard?dates=20251231&groups=80&limit=400,8d397531fae527b62be38d267a7ca54aad98b996dd2fc8abba73dda1c4920d94,TIER_1_SOURCE_STALE_FOR_SEASON
ESPN-2025-401769070,2025,POSTSEASON,1,2026-01-01T00:30:00Z,1767227400,194,Ohio State Buckeyes,Ohio State,2390,Miami Hurricanes,Miami,14,24,-10,FBS,FBS,Big Ten Conference,Atlantic Coast Conference,False,True,AT&T Stadium,Arlington,TX,POSTSEASON:College Football Playoff Quarterfinal at the Goodyear Cotton Bowl Classic,False,False,ESPN_PUBLIC_SCOREBOARD_API,TIER_2_MEDIA_AGGREGATOR,https://site.web.api.espn.com/apis/site/v2/sports/football/college-football/scoreboard?dates=20251231&groups=80&limit=400,8d397531fae527b62be38d267a7ca54aad98b996dd2fc8abba73dda1c4920d94,TIER_1_SOURCE_STALE_FOR_SEASON
ESPN-2025-401769071,2025,POSTSEASON,1,2026-01-01T17:00:00Z,1767286800,2641,Texas Tech Red Raiders,Texas Tech,2483,Oregon Ducks,Oregon,0,23,-23,FBS,FBS,Big 12 Conference,Big Ten Conference,False,True,Hard Rock Stadium,Miami Gardens,FL,POSTSEASON:College Football Playoff Quarterfinal at the Capital One Orange Bowl,False,False,ESPN_PUBLIC_SCOREBOARD_API,TIER_2_MEDIA_AGGREGATOR,https://site.web.api.espn.com/apis/site/v2/sports/football/college-football/scoreboard?dates=20260101&groups=80&limit=400,6739fea634dae3c38b95758fef07bd9194fa9e98fd120993acd5b46d28d7d80c,TIER_1_SOURCE_STALE_FOR_SEASON
ESPN-2025-401769072,2025,POSTSEASON,1,2026-01-01T21:00:00Z,1767301200,84,Indiana Hoosiers,Indiana,333,Alabama Crimson Tide,Alabama,38,3,35,FBS,FBS,Big Ten Conference,Southeastern Conference,False,True,Rose Bowl,Pasadena,CA,POSTSEASON:College Football Playoff Quarterfinal at the Rose Bowl Presented by Prudential,False,False,ESPN_PUBLIC_SCOREBOARD_API,TIER_2_MEDIA_AGGREGATOR,https://site.web.api.espn.com/apis/site/v2/sports/football/college-football/scoreboard?dates=20260101&groups=80&limit=400,6739fea634dae3c38b95758fef07bd9194fa9e98fd120993acd5b46d28d7d80c,TIER_1_SOURCE_STALE_FOR_SEASON
ESPN-2025-401769073,2025,POSTSEASON,1,2026-01-02T01:00:00Z,1767315600,61,Georgia Bulldogs,Georgia,145,Ole Miss Rebels,Ole Miss,34,39,-5,FBS,FBS,Southeastern Conference,Southeastern Conference,False,True,Caesars Superdome,New Orleans,LA,POSTSEASON:College Football Playoff Quarterfinal at the Allstate Sugar Bowl,False,False,ESPN_PUBLIC_SCOREBOARD_API,TIER_2_MEDIA_AGGREGATOR,https://site.web.api.espn.com/apis/site/v2/sports/football/college-football/scoreboard?dates=20260101&groups=80&limit=400,6739fea634dae3c38b95758fef07bd9194fa9e98fd120993acd5b46d28d7d80c,TIER_1_SOURCE_STALE_FOR_SEASON
ESPN-2025-401778332,2025,POSTSEASON,1,2026-01-02T18:00:00Z,1767376800,326,Texas State Bobcats,Texas State,242,Rice Owls,Rice,41,10,31,FBS,FBS,Sun Belt Conference,American Conference,False,True,Amon G. Carter Stadium,Fort Worth,TX,POSTSEASON:Lockheed Martin Armed Forces Bowl,False,False,ESPN_PUBLIC_SCOREBOARD_API,TIER_2_MEDIA_AGGREGATOR,https://site.web.api.espn.com/apis/site/v2/sports/football/college-football/scoreboard?dates=20260102&groups=80&limit=400,4c3e1490c91084dfe8ca90f73ba467128e52b53292d1b5dfee7b3d200dd4f167,TIER_1_SOURCE_STALE_FOR_SEASON
ESPN-2025-401778333,2025,POSTSEASON,1,2026-01-02T21:30:00Z,1767389400,2132,Cincinnati Bearcats,Cincinnati,2426,Navy Midshipmen,Navy,13,35,-22,FBS,FBS,Big 12 Conference,American Conference,False,True,Simmons Bank Liberty Stadium,Memphis,TN,POSTSEASON:AutoZone Liberty Bowl,False,False,ESPN_PUBLIC_SCOREBOARD_API,TIER_2_MEDIA_AGGREGATOR,https://site.web.api.espn.com/apis/site/v2/sports/football/college-football/scoreboard?dates=20260102&groups=80&limit=400,4c3e1490c91084dfe8ca90f73ba467128e52b53292d1b5dfee7b3d200dd4f167,TIER_1_SOURCE_STALE_FOR_SEASON
ESPN-2025-401778334,2025,POSTSEASON,1,2026-01-03T01:00:00Z,1767402000,344,Mississippi State Bulldogs,Mississippi State,154,Wake Forest Demon Deacons,Wake Forest,29,43,-14,FBS,FBS,Southeastern Conference,Atlantic Coast Conference,False,True,Bank of America Stadium,Charlotte,NC,POSTSEASON:Duke's Mayo Bowl,False,False,ESPN_PUBLIC_SCOREBOARD_API,TIER_2_MEDIA_AGGREGATOR,https://site.web.api.espn.com/apis/site/v2/sports/football/college-football/scoreboard?dates=20260102&groups=80&limit=400,4c3e1490c91084dfe8ca90f73ba467128e52b53292d1b5dfee7b3d200dd4f167,TIER_1_SOURCE_STALE_FOR_SEASON
ESPN-2025-401831583,2025,POSTSEASON,1,2026-01-03T01:00:00Z,1767402000,2567,SMU Mustangs,SMU,12,Arizona Wildcats,Arizona,24,19,5,FBS,FBS,Atlantic Coast Conference,Big 12 Conference,False,True,Snapdragon Stadium,San Diego,CA,POSTSEASON:Trust & Will Holiday Bowl,False,False,ESPN_PUBLIC_SCOREBOARD_API,TIER_2_MEDIA_AGGREGATOR,https://site.web.api.espn.com/apis/site/v2/sports/football/college-football/scoreboard?dates=20260102&groups=80&limit=400,4c3e1490c91084dfe8ca90f73ba467128e52b53292d1b5dfee7b3d200dd4f167,TIER_1_SOURCE_STALE_FOR_SEASON
ESPN-2025-401769075,2025,POSTSEASON,1,2026-01-09T00:30:00Z,1767918600,145,Ole Miss Rebels,Ole Miss,2390,Miami Hurricanes,Miami,27,31,-4,FBS,FBS,Southeastern Conference,Atlantic Coast Conference,False,True,State Farm Stadium,Glendale,AZ,POSTSEASON:College Football Playoff Semifinal at the Vrbo Fiesta Bowl,False,False,ESPN_PUBLIC_SCOREBOARD_API,TIER_2_MEDIA_AGGREGATOR,https://site.web.api.espn.com/apis/site/v2/sports/football/college-football/scoreboard?dates=20260108&groups=80&limit=400,adf1e0d64c8e52b85a24bbb6cd0051d146ab6cb719f21ee03efb3f588ae0cca8,TIER_1_SOURCE_STALE_FOR_SEASON
ESPN-2025-401769074,2025,POSTSEASON,1,2026-01-10T00:30:00Z,1768005000,84,Indiana Hoosiers,Indiana,2483,Oregon Ducks,Oregon,56,22,34,FBS,FBS,Big Ten Conference,Big Ten Conference,False,True,Mercedes-Benz Stadium,Atlanta,GA,POSTSEASON:College Football Playoff Semifinal at the Chick-fil-A Peach Bowl,False,False,ESPN_PUBLIC_SCOREBOARD_API,TIER_2_MEDIA_AGGREGATOR,https://site.web.api.espn.com/apis/site/v2/sports/football/college-football/scoreboard?dates=20260109&groups=80&limit=400,8590b7801edbcf19d6c63c38e632aa329eb8b1d5afbd9ea434e40f54f7d46e40,TIER_1_SOURCE_STALE_FOR_SEASON
ESPN-2025-401769076,2025,POSTSEASON,1,2026-01-20T00:30:00Z,1768869000,84,Indiana Hoosiers,Indiana,2390,Miami Hurricanes,Miami,27,21,6,FBS,FBS,Big Ten Conference,Atlantic Coast Conference,False,False,Hard Rock Stadium,Miami Gardens,FL,POSTSEASON:College Football Playoff National Championship Presented by AT&T,False,False,ESPN_PUBLIC_SCOREBOARD_API,TIER_2_MEDIA_AGGREGATOR,https://site.web.api.espn.com/apis/site/v2/sports/football/college-football/scoreboard?dates=20260119&groups=80&limit=400,c2504c9239a162c25f7b7a15b54e7d7a1081aabc08136c484f6d4789c79ce2cc,TIER_1_SOURCE_STALE_FOR_SEASON
